word,id,date,text,author_id,term_meaning,term_category,usage_context,is_ironic,annotation_notes
mozzie,7292051847,2010-01-02,freaking mozzie bites on my feet.,20403542,mosquito,animals,self_description,false,
mozzie,7294481999,2010-01-02,@matt_dasilva What's a mozzie and why is it in your bathroom? Do you have to feed it?,18021817,mosquito,animals,casual_conversation,false,Straightforward interpersonal question about what mozzie means.
mozzie,7295087591,2010-01-02,"Ok, screw this...these are defin8ly not mozzie bites. These bites are HUGE...Or was I bitten by an obese, bi-polar mosquito? Sigh!",43563720,mosquito,animals,self_description,false,
mozzie,7295148060,2010-01-02,"Ha ha RT @Boity:  screw this...these are defin8ly not mozzie bites.These bites are HUGE...Or was I bitten by an obese, bi-polar mosquito?",34614212,mosquito,animals,self_description,false,
mozzie,7295335840,2010-01-02,O.M.G I HAVE SO MANY MOZZIE BITES ON MY LEGS OMGGGGGGGG!!! :'(,46359102,mosquito,animals,self_description,false,
mozzie,7295661744,2010-01-02,"Hope these sandalwood anti-mozzie sticks work, because the mozzies are finding me tasty tonight",1591341,mosquito,animals,self_description,false,
mozzie,7295746427,2010-01-02,"so many mozzie bites, I will never hand model again. #fb",85812919,mosquito,animals,self_description,false,
mozzie,7297167538,2010-01-02,Eyes heavy... sleep ready to pounce.....all because a mozzie robbed me of my zzzzz's last night...,40855704,mosquito,animals,self_description,false,
mozzie,7297214651,2010-01-02,@CarmenSisson 'Mozzie' is 'mosquito'. They're always found in the bathroom. Don't know why.,19198034,mosquito,animals,commenting,false,
mozzie,7299028117,2010-01-02,itchy itchy mozzie bites D:,25606033,mosquito,animals,self_description,false,
mozzie,7355001604,2010-01-04,".@lesliecoffee My teeth hurt if I opened my mouth outside today, it was so cold. Definitely no mozzie probs!",8731752,mosquito,animals,commenting,false,
mozzie,7358457168,2010-01-04,I want school because there's mozzie sticks,25739256,mosquito,animals,commenting,false,
mozzie,7363379403,2010-01-04,@Tige13 stupid me! forgot! and the floor is littered with mozzie carcasses luv..i'm hunting and killing manually! *sigh*  #oldschool,52325273,mosquito,animals,commenting,false,
mozzie,7364393362,2010-01-04,Ow. Mozzie bites all over my hand.,14979581,mosquito,animals,self_description,false,
mozzie,7364770113,2010-01-04,One lone mozzie...he is determined to disturb my sleep...,90985736,mosquito,animals,self_description,false,
mozzie,7365481887,2010-01-04,Oh and when i was typing that tweet a mozzie went across my phone! Now i don't know where it is!,28570424,mosquito,animals,self_description,false,
mozzie,7367263821,2010-01-04,@WifeOfJoeJonas aw that really suckx. i think mozzie love me! thats my only reason for hating summer tho!,49570440,mosquito,animals,commenting,false,
mozzie,7368593957,2010-01-04,Stupid mozzie flying around my head.,14365945,mosquito,animals,self_description,false,
mozzie,7370231295,2010-01-04,And there is a mozzie buzzing around my head. I'm going to lose it very soon.,15595796,mosquito,animals,self_description,false,Immediate first-person state report about a mozzie buzzing around.
mozzie,7375609231,2010-01-04,@Sweet_Rose you?? by Mozzie,16638143,mosquito,animals,commenting,false,
mozzie,7674530729,2010-01-12,@natalietrain What the fuck is a 'mozzie'? You crazy Aussie's and your slang.,15731987,mosquito,animals,casual_conversation,false,
mozzie,7674678735,2010-01-12,"""mozzie"" is significantly more attractive than ""skeeter"" ...therefore I should move to Australia?",26926940,mosquito,animals,commenting,true,Irony audit: Clear playful hyperbole about mozzie vs skeeter.
mozzie,7674754054,2010-01-12,@natalietran What the heck is a mozzie?,14940168,mosquito,animals,casual_conversation,false,
mozzie,7675129485,2010-01-12,@natalietran a mozzie? is that like an aussie mosquito?,41885041,mosquito,animals,casual_conversation,false,
mozzie,7675876937,2010-01-12,@natalietran what in the world is a mozzie?,45911444,mosquito,animals,commenting,false,
mozzie,7676210835,2010-01-12,@natalietran mozzie? explain? do you mean mouse? KILL IT!,14324736,mosquito,animals,casual_conversation,false,
mozzie,7676331381,2010-01-12,@natalietran what is a mozzie?? :O,24089015,mosquito,animals,casual_conversation,false,
mozzie,7677920790,2010-01-12,"@natalietran for the sake of my curiosity and subsequently all cats by proxy, what is a mozzie? and what did it do to incur your wrath?",22627091,mosquito,animals,casual_conversation,false,
mozzie,7678050911,2010-01-12,@taskmaster57 hey there mozzie....,50993906,mosquito,animals,commenting,false,
mozzie,7682117219,2010-01-12,"Slept slightly better last night than I have since arriving in Syd. Mozzie bites less itchy today, thank goodness.",771528,mosquito,animals,self_description,false,
mozzie,8146172192,2010-01-24,"the mozzie bites i got last week are still itchy as hell, when are they going to go away :(",27848243,mosquito,animals,self_description,false,
mozzie,8146664591,2010-01-24,i have HEAPS of mozzie bites. and sandfly bites. and i think a spitfire may have attacked me... :S,25802133,mosquito,animals,self_description,false,
mozzie,8146962856,2010-01-24,woke up this morning with 6 mozzie bites. T_T,23143910,mosquito,animals,self_description,false,
mozzie,8147028495,2010-01-24,I think I have fleas... Or a very aggresive Mozzie.,97409858,mosquito,animals,commenting,false,
mozzie,8147452121,2010-01-24,@brentwarhurst ugh mozzie came over here and bit me. Three mozzie bites in a row!,6883032,mosquito,animals,self_description,false,
mozzie,8147785938,2010-01-24,Have a mozzie flying around my room. Have decided to cover myself in aeroguard and hope the little thing keeps it's distance,15747466,mosquito,animals,self_description,false,
mozzie,8147911175,2010-01-24,"@gustodian not threatened for my safety no. More sad that I will happily kill a mozzie, and I hate killing animals.",15747466,mosquito,animals,commenting,false,
mozzie,8149961223,2010-01-24,"@garthk I remember your tweet about flicking a mozzie off your keyboard with your finger, getting blood on the '4' key =)",15750041,mosquito,animals,commenting,false,
mozzie,8157429917,2010-01-24,"Yassus!  fell asleep on the couch, woke up one big mozzie bite, whole body!",41639618,mosquito,animals,self_description,false,Current physical state after waking with a big mozzie bite.
mozzie,8160280643,2010-01-24,Watching #thegoodwife from a couple weeks ago. Looks like the Florricks could use Mozzie's help too.,79337200,mosquito,animals,television_reference,false,"White Collar character reference, not animal use."
mozzie,8184262099,2010-01-25,Boyf bought me a mozzie net on the weekend. Fabulously Out of Africa. Altho' ruined it by pulling zaps at the Mozzies on the other side :P,16129005,mosquito,animals,self_description,false,
mozzie,8185137948,2010-01-25,Been feeding the mosquito in my room until fat fat. Ahhhh another mozzie bite. I need ridsect gooodnightttttt,74336053,mosquito,animals,commenting,false,
mozzie,8186839763,2010-01-25,i got bit by a mozzie and it itches :(,104387935,mosquito,animals,self_description,false,
mozzie,8190760496,2010-01-25,Covered in mozzie bites & itchy as... But a fabulous night with friends still!,37383704,mosquito,animals,self_description,false,
mozzie,8192692290,2010-01-25,@sarlouise The aloevera Vaseline lip balm is great for mozzie bites.,9587832,mosquito,animals,self_description,false,
mozzie,8193204378,2010-01-25,RT @robynhobson: Interesting warning for goldfish purchasing mozzie mats !  http://tweetphoto.com/9559779,25468432,mosquito,animals,article_sharing,false,
mozzie,8194455016,2010-01-25,"Yey, just in time for Australia Day, I get a mozzie bite on my ass in the shape of Australia, oh joy",17288478,mosquito,animals,humor,true,
mozzie,8203146401,2010-01-25,Slept hardly any winks last night due to a persistent buzzing mozzie who sounded like he was driving a motorbike on my pillow. Unsplatable,6740322,mosquito,animals,self_description,true,Irony audit: Comic exaggeration about mozzie sounding like a motorbike.
mozzie,8204663299,2010-01-25,Who needs work when you could be munching on mozzie sticks with your bros! (@ Characters - Kendall) http://4sq.com/6JMFaT,14268307,mosquito,animals,casual_conversation,false,"Foursquare-style check-in, not article sharing."
mozzie,8205785967,2010-01-25,RT @robynhobson: Interesting warning for goldfish purchasing mozzie mats !  http://tweetphoto.com/9559779 -pumps pump it into their water,70153612,mosquito,animals,article_sharing,false,
mozzie,8449376186,2010-01-31,@HayleyWestenra because of a mozzie? how would she react to a spider? :P,72821119,mosquito,animals,commenting,false,
mozzie,8449392140,2010-01-31,"@BiancaJWood I have scars from mozzie bites, I used to make them into huge scabs! Not so much any more tho, too busy to stop & scratch :-P",26405710,mosquito,animals,self_description,false,
mozzie,8452258382,2010-01-31,These mozzie bites are shitting me,22458387,mosquito,animals,self_description,false,
mozzie,8454079905,2010-01-31,RT @Sugadeaux: Well I guess its not really summer until you get a mozzie bite on the buttcheek.,52817990,mosquito,animals,commenting,false,
mozzie,8455941872,2010-01-31,Watching last week's White Collar... lol.. LOVE MOZZIE!,44381697,mosquito,animals,television_reference,false,White Collar/Mozzie TV-character reference.
mozzie,8455962372,2010-01-31,@4_ever_or_never mindarie there is a fucking mozzie buzzing around my head D:,105454550,mosquito,animals,commenting,false,
mozzie,8456856957,2010-01-31,"Mozzie: ""Handle? Right. Like a doorknob."" .. hehehehhehe",44381697,mosquito,animals,commenting,false,
mozzie,8463707676,2010-01-31,"Moved on to White Collar ""Hard Sell""  Mozzie is absolutely hilarious...""You want me shirtless!!!""",28030983,mosquito,animals,television_reference,false,White Collar/Mozzie TV-character reference.
mozzie,8465217532,2010-01-31,@julieerawr nope mozzie bite free,65582448,mosquito,animals,commenting,false,
mozzie,8467890625,2010-01-31,I saw a bloody mozzie earlier...please don't bug me?,48557174,mosquito,animals,commenting,false,
mozzie,8559736499,2010-02-02,"@jeffeastin umm..i dont drink so i dont play but whenever mozzie has an alias..the word ""trust"" is said...P reminds N he can go back to jail",29623867,mosquito,animals,commenting,false,
mozzie,8559755279,2010-02-02,@jeffeastin Mozzie impersonates a law enforcement officer - drink!,31433640,mosquito,animals,commenting,false,
mozzie,8559833318,2010-02-02,"@jeffeastin Every time Mozzie does something illegal, you take a shot.",39770974,mosquito,animals,commenting,false,
mozzie,8560629349,2010-02-02,@jeffeastin  Hm.  Neal shoots his cuffs.   Shot.  Mozzie tries to get Neal to do a crime.  Shot.  Peter grins at a Neal con.  Shot.,30393,mosquito,animals,commenting,false,
mozzie,8560648263,2010-02-02,"@WhiteCollarUSA Every time mozzie calls peter ""suit"" take a shot",42294854,mosquito,animals,commenting,false,
mozzie,8562279433,2010-02-02,I can't wait to see Mozzie looking like a crazy person on tonight's White Collar...even though I'm watching #Lost instead...,27137884,mosquito,animals,commenting,false,
mozzie,8564860166,2010-02-03,@jeffeastin http://twitpic.com/10zte7 - The only scenes better than Neal-Peter scenes are Neal-Mozzie scenes. And the only thing better than,79337200,mosquito,animals,commenting,false,
mozzie,8568291648,2010-02-03,Twice in a row I've been bitten by a mozzie on my lips.,58843791,mosquito,animals,self_description,false,Direct first-person bite-state report.
mozzie,8571578719,2010-02-03,"Oh, Mozzie.  You are not a people person, but I love you anyway.  #whitecollar",80735964,mosquito,animals,commenting,false,
mozzie,8573959472,2010-02-03,just got four... FOUR ... mosquito bites from some #$*)#(*%)*$)#($ mozzie under my desk. #nothappyjan,14058782,mosquito,animals,commenting,false,
mozzie,9611383397,2010-02-25,"lulz, what does Mozzie even do all day when he's not with Neal? #WhiteCollar",109058776,mosquito,animals,commenting,false,
mozzie,9611392841,2010-02-25,"Mozzie: ""Of course, I have perfect recall."" #WhiteCollar",109058776,mosquito,animals,commenting,false,
mozzie,9612168717,2010-02-25,uhmmmm guys... i just killed this mozzie that had bitten me and its weird.. i was wondering how does malaria mozzie looks like?,34973403,mosquito,animals,commenting,false,
mozzie,9612444907,2010-02-25,@freshprnz HA! Thanks for the app tips. Style.com and mozzie repeller   - SOLD! :-),23539436,mosquito,animals,commenting,false,
mozzie,9614443668,2010-02-25,why isn't it friday yet? why is it always so hard to wake up? why do i have mozzie bites on my ankles? these are life's difficult questions.,17293887,mosquito,animals,self_description,false,
mozzie,9615354842,2010-02-25,@polkadotcupcake I'm with ya! I have mozzie bites all over the damn show - probably at least 20 of them all down my leg and around my waist.,81816570,mosquito,animals,self_description,false,
mozzie,9618000954,2010-02-25,"went outside to spray, prune, feed and water lime trees at mozzie feeding time.I can't believe what happened to me in 5 minutes! itchywelts.",36641038,mosquito,animals,self_description,false,Direct first-person bite/itch state report.
mozzie,9618358239,2010-02-25,itchy mozzie welts were maybe to distract me from the pain of seeing labor labour #7:30report,36641038,mosquito,animals,commenting,false,
mozzie,9619767624,2010-02-25,Cant believe i got a freaking mozzie bite on my forehead!,25668518,mosquito,animals,self_description,false,Direct first-person bite state report.
mozzie,9619882817,2010-02-25,i'm being attacked by a persistent mozzie & I have a freakin huge huntsman spider in my room. Argh!,19573120,mosquito,animals,commenting,false,
mozzie,9840032727,2010-03-01,Mozzie bite on my butt. Commando-trained buzzers!,42208099,mosquito,animals,self_description,false,Direct first-person bite state report.
mozzie,9842758309,2010-03-01,@jenbishopsydney Wouldn't you love to be able to bite a Mozzie back - just once.,19385311,mosquito,animals,commenting,false,
mozzie,9844518813,2010-03-01,Back down south and I've just been bitten at least 20 times by a mozzie.  Welcome to Spring.,103560220,mosquito,animals,self_description,false,Direct first-person bite state report.
mozzie,9844542662,2010-03-01,u know u starting to take ur new hobby 2 seriously when you chasing a mozzie around at 00:20 to take some interesting low light photos of it,23917318,mosquito,animals,commenting,false,
mozzie,9849135582,2010-03-02,@happymissy just had a pepperoni n mozzie thin crust pizza. nothing fancy....,19245518,mosquito,animals,commenting,false,
mozzie,9852851746,2010-03-02,@belindaang Morning! No mozzie bites today? :p,24650758,mosquito,animals,self_description,false,
mozzie,9861928757,2010-03-02,@steffiekua mozzie or you?,118578551,mosquito,animals,commenting,false,
mozzie,9863898646,2010-03-02,@UsabilityNinja Got your mozzie spray?,39128606,mosquito,animals,commenting,false,
mozzie,9866393748,2010-03-02,ah... mozzie bites EVERYWHERE. they all ganged up on me in like five minutes! D:,27547500,mosquito,animals,self_description,false,
mozzie,9867276605,2010-03-02,mozzies suck ass! jus ended up with like 10 billion mozzie bites D:,76574546,mosquito,animals,self_description,false,
mozzie,10297467147,2010-03-11,@Viridiann i only rmb being bitten by mozzie in my sleep... woke up and saw blood stain on my hand... so i killed the attacker i suppose =D,24489158,mosquito,animals,commenting,false,
mozzie,10298762281,2010-03-11,Aiyo mozzie bite on inner thigh. Wearing pants so hard to scratch yo,14753401,mosquito,animals,self_description,false,Direct first-person bite state report.
mozzie,10299107411,2010-03-11,"Time to get the mozzie spray out!: If you live in the Hunter region, you will need to take precautions against mo... http://bit.ly/cfhQsE",94189223,mosquito,animals,article_sharing,false,
mozzie,10299560557,2010-03-11,"iPrime News: Time to get the mozzie spray out!: If you live in the Hunter region, you will need to take precautio... http://bit.ly/dCHNOw",51992815,mosquito,animals,article_sharing,false,
mozzie,10300638880,2010-03-11,"Time to get the mozzie spray out!: If you live in the Hunter region, you will need to take precautions against mo... http://bit.ly/d2XmkF",54171027,mosquito,animals,article_sharing,false,
mozzie,10300638992,2010-03-11,"Time to get the mozzie spray out!: If you live in the Hunter region, you will need to take precautions against mo... http://bit.ly/9ZIcgm",94189223,mosquito,animals,article_sharing,false,
mozzie,10300707482,2010-03-11,"RT @iprimenewcastle: Time to get the mozzie spray out!: If you live in the Hunter region, guard against mozzies - http://bit.ly/d2XmkF",24338449,mosquito,animals,article_sharing,false,
mozzie,10301208472,2010-03-11,@teresaconaty i wouldn't have anyone else as my mozzie but you.,14610790,mosquito,animals,commenting,false,
mozzie,10302052110,2010-03-11,@WCwriters For the funny - the exchange between Mozzie and Neal about the Italian Consulate...They do prison just fine ask Galileo,79620754,mosquito,animals,commenting,false,
mozzie,10309114384,2010-03-11,"RT @hunternewsfeed: iPrime News: Time to get the mozzie spray out!: If you live in the Hunter region, you will need to take precautio... ...",78187403,mosquito,animals,article_sharing,false,News-style mozzie precaution link share.
mozzie,10330386363,2010-03-11,COE of @delvestaxis  Mozzie getting the bus home from Consett while her taxi in garage  http://twitpic.com/17xl17,18716042,mosquito,animals,commenting,false,
mozzie,10330950128,2010-03-11,"http://twitvid.com/AF41E - COE Mozzie having to get bus from Consett,you don't have to ring @delvestaxis #delvestaxisthecreditcrunchtaxis",18716042,mosquito,animals,commenting,false,
mozzie,10334251253,2010-03-11,I duno why my finger is very very very itchy at the moment. there is not mozzie bite leh. Then why.,26643097,mosquito,animals,commenting,false,
mozzie,10335234974,2010-03-11,http://twitpic.com/17xl17 - You don't have to do a Mozzie and bus it. Ring Delves Taxis #delvestaxisthecreditcrunchtaxis,18716042,mosquito,animals,commenting,false,
mozzie,10335905001,2010-03-11,argh! mozzie attack!,27596351,mosquito,animals,commenting,false,
mozzie,10337396589,2010-03-11,Caught up on #WhiteCollar. I want to hug Mozzie now.,58334779,mosquito,animals,television_reference,false,White Collar/Mozzie TV-character reference.
mozzie,10338821956,2010-03-11,Junior Mozzie magic added to South Pacific squad http://bit.ly/aTjjL7,35432259,mosquito,animals,article_sharing,false,
mozzie,10345662046,2010-03-12,Woke up with two mozzie bites on my face... FML,28471734,mosquito,animals,self_description,false,
mozzie,10346573855,2010-03-12,"@asexiness I sent you my home address, but I live at home and my dad is like Mozzie-level paranoid.",79337200,mosquito,animals,commenting,false,
mozzie,10347047018,2010-03-12,love is conditionally unconditional. like how i don't love a mozzie because it hurts me.,10446462,mosquito,animals,commenting,false,
mozzie,11023224625,2010-03-25,My mozzie biten ankle is now mahoosive. I shall call it a mankle! Off to get antibiotics from the doc!,19928439,mosquito,animals,self_description,false,Direct first-person bite/swelling state report.
mozzie,11023616754,2010-03-25,"Morning everyone, right today will be better then yesterday but I've been awake all night with a mozzie bite on my foot..can't walk today :(",19484492,mosquito,animals,self_description,false,Direct first-person sleeplessness/bite state report.
mozzie,11024954389,2010-03-25,caladryl lotion & a green zapper to reduce my mozzie legs from this swelling =[,23412136,mosquito,animals,commenting,false,
mozzie,11025582636,2010-03-25,me = 7 mozzie bites in half an hour,33181658,mosquito,animals,self_description,false,
mozzie,11026660628,2010-03-25,"Crap. Have craving for long john silvers and/or seafood. Dear #AdCrew , seafood dinner soonish? I'm cleared of mozzie disease. ~ Jo",18546558,mosquito,animals,commenting,false,
mozzie,11026691805,2010-03-25,"@Plattattack Heyyy :) Not much, just got home from anakie. I'm like covered in mozzie bites :/ hahaha. Wbu?",104656619,mosquito,animals,self_description,false,
mozzie,11027388474,2010-03-25,I jusy got a mozzie bite on a mozzie bite - double whammy!!,27607739,mosquito,animals,commenting,false,
mozzie,11034832205,2010-03-25,I can hear a Mozzie. :/,37157363,mosquito,animals,commenting,false,
mozzie,11035047987,2010-03-25,"Damn you, mozzie(s). I've got two bites on my left leg and it's so fuck itchy. I know my blood is tasty but ask for permission 1st can? :)",105460573,mosquito,animals,commenting,false,
mozzie,11035717466,2010-03-25,fkin mozzie alert. them mozzies at it again,73616327,mosquito,animals,commenting,false,
mozzie,12585621075,2010-04-21,RT @BuzzTour: We are at Lerner Hall on the Columbia campus.  You have to be a student to get in but Mozzie's outside if you want to stop ...,37845794,mosquito,animals,commenting,false,
mozzie,12588031601,2010-04-21,Mozzie bites! Itchy itchy scratchy scratchy..,14522819,mosquito,animals,self_description,false,
mozzie,12589726307,2010-04-21,"woken by pesky mozzie; now being kept awake by mozzie repellent odour & overactive brain. think most others are asleep, Twitter seems quiet",68963,mosquito,animals,self_description,false,Current-state sleep disruption from mozzie and repellant.
mozzie,12591128112,2010-04-21,@aplusk We have a new shoe line Mozzie short for mosquito - Part of profits go to Africa to buy Mozzie nets! jadaandjon.com,67234345,mosquito,animals,advertising_spam,false,Product promotion for shoe line.
mozzie,12591755041,2010-04-21,Why so many mozzie bites on me?!,95456786,mosquito,animals,self_description,false,
mozzie,12594803822,2010-04-21,Mosquitoes love u? Join the 'Mozzie Magnet' club! My Top-5 Mosquito Attacks http://su.pr/1P2pmn,20993726,mosquito,animals,commenting,false,
mozzie,12595732113,2010-04-21,@greyias They can't meet! MW is stuck in Miami and NC is confined to NY! But I found a link. Case-&gt;MW-&gt;Barry-&gt;Mozzie-&gt;Neal-&gt;Peter-&gt;Sam.,66798761,mosquito,animals,commenting,false,
mozzie,12595976522,2010-04-21,RT @velvetescape: Mosquitoes love u? Join the 'Mozzie Magnet' club! My Top-5 Mosquito Attacks http://su.pr/1P2pmn,29085593,mosquito,animals,commenting,false,
mozzie,12597469018,2010-04-21,"@greyias Mozzie will never waste an opportunity and pokes and prods Neal. Neal refuses: Peter, anklet, parole, not fond of jailfood.",66798761,mosquito,animals,commenting,false,
mozzie,12599687150,2010-04-21,"had great big gnat/mozzie bite on my leg since Saturday, it's hot, red, itchy and painful , making my leg hurt! Should I be worried? #meh",6338742,mosquito,animals,commenting,false,
mozzie,12823042253,2010-04-25,"Dear mozzie in my room, fuck off I wanna sleep",26483735,mosquito,animals,commenting,false,
mozzie,12830249934,2010-04-25,@nene8142 Mozzie!!  bet she had a blast!,16638143,mosquito,animals,commenting,false,
mozzie,12843602902,2010-04-25,@katylyn89 Neal's Gus equivalent would actually be Mozzie.,79337200,mosquito,animals,commenting,false,
mozzie,12843892936,2010-04-25,"@katylyn89 Oh, in Front Man though, when Neal & Mozzie were pretending to fight.",79337200,mosquito,animals,commenting,false,
mozzie,12846853852,2010-04-25,@evangelineleong dunno.. Some mozzie...? )):,81383245,mosquito,animals,commenting,false,
mozzie,12850363038,2010-04-25,Huge mozzie bite on the toe!,91969868,mosquito,animals,commenting,false,
mozzie,12854671661,2010-04-26,@Wil_Anderson pimp #endmalaria! 1 kid dies/30sec Give $10 to mozzie nets at http://hope140.org/endmalaria & @CaseFoundation doubles ur $,126236062,mosquito,animals,advertising_spam,false,Donation solicitation / CTA.
mozzie,12855705952,2010-04-26,Just took photo of my leg n huge mozzie bite it looks funny!! Check out veinage lol http://tweetphoto.com/19962556,31268948,mosquito,animals,self_description,false,Sharing the speaker's own bite photo rather than article sharing.
mozzie,12857304317,2010-04-26,Lots of mozzie bites frm ubin )):,72341669,mosquito,animals,self_description,false,
mozzie,12857526965,2010-04-26,"Downpour heightens mozzie fears
http://is.gd/bHQD6",58361690,mosquito,animals,commenting,false,
mozzie,12867972425,2010-04-26,You know there are some mozzie bites that are just a red spot but your itchy fingers just gotta scratch it. And now i got a swollen bite.,17237596,mosquito,animals,self_description,false,
mozzie,12869705133,2010-04-26,@execva Disappointing that. Mr 11 does have 22 mozzie bites though. Do we consider them a two up injury. LOL,29366671,mosquito,animals,self_description,false,
mozzie,12869976031,2010-04-26,@mermaidss cos I dunno wat is mozzie!! LoL!!!,94370341,mosquito,animals,commenting,false,
mozzie,12869998091,2010-04-26,RT @Fabian_ng: @mermaidss cos I dunno wat is mozzie!! LoL!!! ( =.= ),100488858,mosquito,animals,commenting,false,
mozzie,12871331348,2010-04-26,found a mozzie bite relief cream that actually works. not only does it stop bites from itching it stops swelling too. I'm completely amazed,103555996,mosquito,animals,commenting,false,
mozzie,12872122158,2010-04-26,@chrispycon currently she needs no support for those mozzie bites!,14172826,mosquito,animals,self_description,false,
mozzie,13008723692,2010-04-28,RT @annecurtissmith: Hahaha. Wow... And she gets annoyed that I say mozzie! What a way to make Tita Gloria proud :p RT @luckymanzano: (c ...,25657879,mosquito,animals,commenting,false,
mozzie,13017662668,2010-04-28,@Jenjen_RN Let's call her Mozzie! She ZZZzzzz and bites like it! Sorry i'm bad. Just don't get it why she's being hatred to you.,108185772,mosquito,animals,commenting,false,
mozzie,13017849322,2010-04-28,stil itching the remnants from yesterday's mozzie bite mark [wretched mozzie that still bit me just before dying... gaaaaah]....,757605,mosquito,animals,commenting,false,
mozzie,13017982030,2010-04-28,"@anniedizonRN haha!! i like the name!!! mozzie!! hahaha!!she looks lyk one too!!! u off today?Me, nancy and jenin are going to Allen Outlet.",30040305,mosquito,animals,commenting,false,
mozzie,13018198784,2010-04-28,@anniedizonRN hell yea!! and maybe u can help me pull 'mozzie's' hair! hehe...,30040305,mosquito,animals,commenting,false,
mozzie,13023396686,2010-04-28,Fck sake! Barce has to cheat to win the 2nd leg??? Was not even a slap. A mozzie wont die from that touch. Pathetic!! Unfckgprofessional!,47912916,mosquito,animals,commenting,false,
mozzie,13031842782,2010-04-28,RT @annecurtissmith: Ang annoying! I have a mozzie bite on my cheek ☹,134478326,mosquito,animals,commenting,false,
mozzie,13033915668,2010-04-28,Donated 3 mozzie nets to UNICEF http://bit.ly/9IuiY5 because every sunrise will be Malaria Day for many #endmalaria,23409102,mosquito,animals,article_sharing,false,
mozzie,13045663068,2010-04-29,"@jgrace The mozzies were still attacking like crazy in Brisbane a couple of days ago. I've been to Townsville in the summer, mozzie HELL!",42389741,mosquito,animals,commenting,false,
mozzie,13052079686,2010-04-29,"I swear, I'm like mozzie feed.",39545235,mosquito,animals,commenting,false,
mozzie,13849254855,2010-05-12,ahh fuck mozzie bit my boob NAAARGHH,81275679,mosquito,animals,commenting,false,
mozzie,13850781803,2010-05-12,there's a ultra big mozzie bite on my face,98103944,mosquito,animals,commenting,false,
mozzie,13857433574,2010-05-12,EH WHAT. Blackboard crashed my Mozzie. -.-,92523815,mosquito,animals,commenting,false,
mozzie,13857698745,2010-05-12,Dear Husband @bpurnama32 is crazy proud that M1 can kill a mozzie with her foot - while sleeping!!,34240648,mosquito,animals,commenting,false,
mozzie,13858574483,2010-05-12,"@aliceandjeff http://twitpic.com/1n5wu5 - Fun, joy and laughter :D Or do we get to see another side of Mozzie in",36309832,mosquito,animals,commenting,false,
mozzie,13860264550,2010-05-12,Mozzie and the dinosaur! http://tweetphoto.com/22122209,111626222,mosquito,animals,article_sharing,false,
mozzie,13861611260,2010-05-12,Mozzie @ the petting zoo! http://tweetphoto.com/22125252,111626222,mosquito,animals,commenting,false,"Photo/share about Mozzie at the petting zoo, not article sharing."
mozzie,13868064377,2010-05-12,its official! the mosquitoes are coming out to play and there shall be a mozzie massacre going down in my bedroom tonight.,114317589,mosquito,animals,commenting,false,
mozzie,13872612963,2010-05-12,@hockeyvaughnfan I think you'll love 'Free Fall' and 'Bad Judgment'. There's some great Mozzie stuff in those eps.,18347016,mosquito,animals,commenting,false,
mozzie,13875951253,2010-05-12,@aliceandjeff http://twitpic.com/1n5wu5 - Hooray for Mozzie!,79337200,mosquito,animals,television_reference,false,White Collar/Mozzie TV-character reference.
mozzie,13880670435,2010-05-13,@lingual resura of the anti-mozzie perfume?,136697408,mosquito,animals,self_description,false,
mozzie,13886540756,2010-05-13,Theres's a Sex & the City 2 ad & they just showed Willie Garson in glasses w/ white frames & I called out MOZZIE!,79337200,mosquito,animals,commenting,false,
mozzie,13888065924,2010-05-13,wahlaueh i got mozzie bite jus sitting in the office.,11966082,mosquito,animals,commenting,false,
mozzie,13900949773,2010-05-13,"When insomnia strikes? I reply with...WHITE COLLAR! 'You don't have a lab, you have a storage unit.' &lt;3 Neal and Mozzie",53326894,mosquito,animals,commenting,false,
mozzie,14308399560,2010-05-19,"Mozzie count in double figures already, probably around 20. Must leave Fens, I've never know anywhere with so many insects, not just mozzies",101997497,mosquito,animals,commenting,false,
mozzie,14308954760,2010-05-19,@bubzbeauty http://twitpic.com/1p6meu - Looks painful... and I didn't know Mozzie bites are painful!,47289261,mosquito,animals,self_description,false,
mozzie,14312955825,2010-05-19,RT @BuzzTour: Check out this pic of Mozzie hanging out with some couch potatoes!   http://tweetphoto.com/23072155,39514461,mosquito,animals,article_sharing,false,
mozzie,14315048650,2010-05-19,@prmros  (sorry) that we have no anti-mozzie machines plugged in/bought when am trying to sleep/shops shut.  Aaargh!,21226279,mosquito,animals,self_description,false,
mozzie,14319352153,2010-05-19,@eyot_jon And those damn mosquitoes. DIE YOU MOZZIE BASTARDS,60101380,mosquito,animals,commenting,false,
mozzie,14333680921,2010-05-20,One of Mozzie's favorite books: http://yfrog.com/0go3jmj,22725042,mosquito,animals,commenting,false,
mozzie,14333683031,2010-05-20,"@kavonlyn @cheryuting lyn, you should thank my ___? =X haha okok i'll have fun there! will tell you all how many mozzie bites i get haha!",63031777,mosquito,animals,self_description,false,
mozzie,14334390782,2010-05-20,"@LexiMc Goodness, who's the hottie in the blue suit behind Mozzie?",5982222,mosquito,animals,commenting,false,
mozzie,14338848439,2010-05-20,Freaking mozzie .. where did you come from? Rare appearance! Get the hell out you vampire sucking my precious blood.,99273523,mosquito,animals,commenting,false,
mozzie,14343008027,2010-05-20,@olivercoey I am hoping that the temp will go below 0 - that would kill all the mozzie eggs and we'll get a mozzie free summer in Lapland!,18461142,mosquito,animals,commenting,false,
mozzie,14348319785,2010-05-20,Opened our balcony door to let some air in and enjoy this sunny day. Then killed a mozzie in the kitchen. There goes that idea! Door closed.,13766202,mosquito,animals,commenting,false,
mozzie,14349558595,2010-05-20,"@CAPTAIN_JAC 86 mozzie bites, poor jacqui!",32793140,mosquito,animals,self_description,false,
mozzie,14359385064,2010-05-20,@itsrpattzbaby yup :) and a mozzie just hit me a good one. *itch*,103612757,mosquito,animals,commenting,false,
mozzie,14377485248,2010-05-20,So @CutyLinda85 and I just met Willie Garson. Mozzie. Stanford. So random. So perfect.,15999746,mosquito,animals,commenting,false,
mozzie,14392640250,2010-05-21,"Dang mozzie, why are they always out in the morning =:(",145783137,mosquito,animals,commenting,false,
mozzie,14393639346,2010-05-21,My Mozzie bites. Feeling the pain. Got some stronger cream. Hopeing it works!! #thisisnotmyideaofaholiday http://twitpic.com/1pip7m,73357341,mosquito,animals,self_description,false,
mozzie,14406198955,2010-05-21,"Check out Neal, Mozzie and Tim! RT@LexiMc:This one makes me smile http://yfrog.com/g485oj",114833239,mosquito,animals,commenting,false,
mozzie,14406245310,2010-05-21,"RT @WCwriters: Check out Neal, Mozzie and Tim! RT@LexiMc:This one makes me smile http://yfrog.com/g485oj #whitecollar",18514303,mosquito,animals,commenting,false,
mozzie,14406324923,2010-05-21,"@WCwriters is there a reason that's Neal, Mozzie, and Tim instead of Peter? Is Tim just that much cooler?",5882452,mosquito,animals,commenting,false,
mozzie,14407104559,2010-05-21,@EyeOfVictoria which app r u using..tried so many for blackberry..now on Ubertwitter.. Good luck with mozzie bites-have a fab day x,30651377,mosquito,animals,self_description,false,
mozzie,15546479974,2010-06-06,@southportlush cheeky mozzie!! Xxx,20041513,mosquito,animals,commenting,false,
mozzie,15550741155,2010-06-06,@WorldWithoutEnd same happened to me after a mozzie bite on eyelid. Woke up looking like I'd gone a round with Frank Bruno.,49308804,mosquito,animals,commenting,false,
mozzie,15552665882,2010-06-06,Oh great a mozzie in my room...so not cool :(,67799498,mosquito,animals,commenting,false,
mozzie,15553057303,2010-06-06,Take that mozzie!,67799498,mosquito,animals,commenting,false,
mozzie,15554831158,2010-06-06,@PammChan so mozzie made u horny ? Got help me buy screen protector not???,142321208,mosquito,animals,commenting,false,
mozzie,15571768669,2010-06-06,"@PAULNEWBERY I'd do pretty well at it myself at the moment, im all swelled up from mozzie bites!! Hehehe",19862373,mosquito,animals,self_description,false,
mozzie,15575476098,2010-06-06,"Wish u all a safe tornado , mozzie, free evening/ night im off to bed. ;) ciao",24149537,mosquito,animals,commenting,false,
mozzie,15576496557,2010-06-06,"RT @WCwriters: RT @LexiMc A very cute shot of Diane Farr in character as Gina, the apple of Mozzie's eye: http://yfrog.com/j6w3qnj",28389962,mosquito,animals,commenting,false,
mozzie,15580267068,2010-06-06,"Hot, hot day in Umbria, I'm shattered from the hard work, sitting here counting mozzie bites, never had problems wth them till this summer",20098890,mosquito,animals,self_description,false,
mozzie,15583588678,2010-06-06,"@trevslovelyface :s I practically bathed in mozzie repellent. I wear it in England, even though I don't tend to get bitten!",60101380,mosquito,animals,commenting,false,
mozzie,16300153079,2010-06-16,Hurrah! Estonia are world mozzie swatting champions http://bit.ly/bUQcyK,16454344,mosquito,animals,article_sharing,false,
mozzie,16300172580,2010-06-16,Those Vuvuzela are starting to sound like a very large mozzie flying around the stadium. #worldcup,39724359,mosquito,animals,self_description,false,
mozzie,16300694256,2010-06-16,I hate the mozzie buzzing sound of the horns local pple use in the WC matches supa irritating.. why didn't they juz ban it!,100175644,mosquito,animals,commenting,false,
mozzie,16301235304,2010-06-16,MOSQUITO BITE? poooo.. i haven't seen a mozzie in ages,107435132,mosquito,animals,commenting,false,
mozzie,16304321783,2010-06-16,@damana Rare double-barrelled mozzie. :),6126712,mosquito,animals,commenting,false,
mozzie,16312192483,2010-06-16,fucking mozzie bites.,43687530,mosquito,animals,self_description,false,
mozzie,16328935990,2010-06-16,"is it still 1,nil ,?  catching bits on radio  Mozzie watching midsomer murders  #manormouse #creditcrunchtaxis",18716042,mosquito,animals,commenting,false,
mozzie,16329427165,2010-06-16,My awesome-ness cause me to have many mozzie bited:|,127442824,mosquito,animals,commenting,false,
mozzie,16333444877,2010-06-16,@stefanabingdon omg i actually do! mozzie bitesss :S x,121729973,mosquito,animals,self_description,false,
mozzie,16342503369,2010-06-16,@debkhan on it. C u mozzie x,23924208,mosquito,animals,commenting,false,
mozzie,16364005304,2010-06-17,@meimichan Reading fic? I'm trying to think of a good movie to watch also and one mozzie has been attacking me and I'm too slow to get it :(,25644194,mosquito,animals,commenting,false,
mozzie,16364696899,2010-06-17,Peer reviewed whack a mozzie: http://wp.me/p7y4l-5nt,71869296,mosquito,animals,commenting,false,
mozzie,16365203913,2010-06-17,RT @wattsupwiththat: Peer reviewed whack a mozzie: http://bit.ly/9J1Czl,16073596,mosquito,animals,article_sharing,false,
mozzie,16365485117,2010-06-17,@carolxq haha y u atract mozzie?,89224274,mosquito,animals,commenting,false,
mozzie,16365542001,2010-06-17,RT @wattsupwiththat: Peer reviewed whack a mozzie: http://wp.me/p7y4l-5nt,20850341,mosquito,animals,commenting,false,
mozzie,16366330525,2010-06-17,@callwoeunice But i am not overweight nor sweaty or pregnant! I always get mozzie bites!!,115092013,mosquito,animals,self_description,false,
mozzie,16367064768,2010-06-17,Watts Up With That: Peer reviewed whack a mozzie http://bit.ly/c1TS0J,93784527,mosquito,animals,article_sharing,false,
mozzie,16368548735,2010-06-17,@blissified IDK. D: HAHAHAHA. I just killed a mozzie. Trying to send you a picture of it but failing. D:,14786448,mosquito,animals,commenting,false,
mozzie,16370306414,2010-06-17,Got the Mozzie! Stupid thing landed in my coffee though. #iwasenjoyingthat http://twitpic.com/1xgx5a,41500581,mosquito,animals,commenting,false,
mozzie,16372515281,2010-06-17,"if I put a bandaid on my mozzie bite, do you think it will stop itchingg :)",93386592,mosquito,animals,commenting,false,
mozzie,17041229287,2010-06-25,"argh.. after not getting bitten, i get bitten on the ass by a fucking gay mozzie.",11880142,mosquito,animals,commenting,false,
mozzie,17044974904,2010-06-25,"@WhiteCollarUSA Will we also find out why Mozzie is called Mozzie? In Australia ""mozzie"" is short for a mosquito :D",25003195,mosquito,animals,commenting,false,
mozzie,17048921278,2010-06-25,Hate waking up to find ive been savaged by a mozzie in the most annoying spot!!more annoying is the 10 layers of skin ive scratched off !!,62740091,mosquito,animals,self_description,false,Current physical-state report after being savaged by a mozzie.
mozzie,17052545936,2010-06-25,Problem with this weather is that the mozzies are out in force. I am mozzie buffet :(,19475829,mosquito,animals,commenting,false,
mozzie,17055591225,2010-06-26,Long pyjamas and insect repellent spray.... Try and attack me now mozzie fukers,35452092,mosquito,animals,commenting,false,
mozzie,17056831634,2010-06-26,@SimonvanKempen what in the world is a mozzie?!?!?! lol,139665428,mosquito,animals,commenting,false,
mozzie,17058528909,2010-06-26,@SimonvanKempen what's a mozzie?,138070716,mosquito,animals,commenting,false,
mozzie,17059288313,2010-06-26,what a great saturday to wake up smackin dead a stoopid mozzie & sneezin too much in a row .urgh,98547883,mosquito,animals,commenting,false,
mozzie,17059568693,2010-06-26,"r.i.p at least u die in glory with that blood of O onit, mozzie",98547883,mosquito,animals,commenting,false,
mozzie,17060012215,2010-06-26,A mosquito RT @pinkbikerbabe: @SimonvanKempen what's a mozzie?,43628400,mosquito,animals,commenting,false,
mozzie,17142895493,2010-06-27,So the mozzie decided to give me two bloody huge mozzie bites on my thigh. GREAT,46591440,mosquito,animals,self_description,false,
mozzie,17146883648,2010-06-27,"Got two mozzie bites from
Friday and I seem to have scratched one to death in the night, looks manky... :-/",19901218,mosquito,animals,self_description,false,
mozzie,17149751460,2010-06-27,First mozzie bite of the year. UGH.,16858425,mosquito,animals,commenting,false,
mozzie,17149795215,2010-06-27,@shinytuppence I seem to have shoulders like a teenage boy. Only mine are mozzie bites not pimples,21024323,mosquito,animals,self_description,false,
mozzie,17151412725,2010-06-27,"@SharynShearer hehe, I woke up to sounds of @profpieface shrieking downstairs as was being attacked by a mozzie then I saw bats in my room!",45336838,mosquito,animals,commenting,false,
mozzie,17152023451,2010-06-27,oww mozzie bites um my leg all i want to do is itch :(,160034136,mosquito,animals,self_description,false,
mozzie,17152606765,2010-06-27,Reading Midge and Mozzie Spray Reviews @Review_Centre http://bit.ly/9YeyiQ,17751139,mosquito,animals,article_sharing,false,
mozzie,17154220832,2010-06-27,Got tonsillitis - Dallas work trip off :( Now conjunctivitis and allergic swelling of mozzie bites on face. But all ok if Eng win #believe,59072452,mosquito,animals,self_description,false,
mozzie,17154531621,2010-06-27,"the 

dog quote today for Andrea ""bit by a mozzie on the end of your nose?  No matter how deformed u look your dog will still love you""!",134258801,mosquito,animals,self_description,false,
mozzie,17158234997,2010-06-27,@AliceKaberry we had to give our iodine back &i just used plain boots mozzie repellent. Everyone ended up getting bit someway or another..,22514366,mosquito,animals,commenting,false,
mozzie,17369355034,2010-06-29,@clogsilk I would probably be less scared if there was a burglar in my room than if there was a mozzie!,20461593,mosquito,animals,commenting,false,
mozzie,17373660569,2010-06-30,Bzzzzzzzzzzzzzz  God damn mozzie in my bedroom,20999347,mosquito,animals,commenting,false,
mozzie,17374592599,2010-06-30,Q:||The animal responsible for most human deaths worldwi... A:Hahahaha at the pickle one. xDI knew about the mozzie ... http://4ms.me/bZTce5,45525287,mosquito,animals,commenting,false,
mozzie,17374715851,2010-06-30,Same here. Nightmare! RT @joannahmharvey: Bzzzzzzzzzzzzzz  God damn mozzie in my bedroom,53794190,mosquito,animals,commenting,false,
mozzie,17374731282,2010-06-30,@ElizabethSOfan  a mozzie what is it,18408835,mosquito,animals,commenting,false,
mozzie,17380266838,2010-06-30,"@littleladylove so...my sammy dictionary is not complete yet...but I'm guessing a ""mozzie"" is a mosquito?",15460230,mosquito,animals,commenting,false,
mozzie,17383826287,2010-06-30,Taking my mozzie bites to Osaka,21074448,mosquito,animals,self_description,false,
mozzie,17389665427,2010-06-30,"warne888: Goodnight all,another pet hate when you drift off to sleep, you her bzzzzzzz bloody mozzie,It&#039;s so http://url4.eu/59viz",154094804,mosquito,animals,commenting,false,
mozzie,17391932742,2010-06-30,"""Mozzie"" en Freaky Friday xDD",29848588,mosquito,animals,commenting,false,
mozzie,17392428420,2010-06-30,Surely one mozzie bite shouldn't make my whole lower leg red and itchy???? :-/,20754686,mosquito,animals,commenting,false,
mozzie,17555420633,2010-07-02,has 3 mozzie bites on her bottom. Le sigh,18901078,mosquito,animals,self_description,false,
mozzie,17556463518,2010-07-02,13 mozzie bites and counting...go Andy go!!,41559266,mosquito,animals,self_description,false,
mozzie,17558858849,2010-07-02,"And the bites? RT @capnkroaker: Woken up with three nasty mozzie bites. Itching like crazy. Red, yellow and angry looking. Nice.",39562211,mosquito,animals,self_description,false,
mozzie,17558926375,2010-07-02,"I went to MCC with intentions of shopping like a wild thing, I ended up buying two pillows, new linen & mozzie repellent. Am I getting old?",14599462,mosquito,animals,commenting,false,
mozzie,17561409150,2010-07-02,Fuck why did a mozzie have to bite me on the elbow gragh.,14273602,mosquito,animals,commenting,false,
mozzie,17561575230,2010-07-02,@ShaolinTiger take lighter burn the mozzie bite. hahaha,12122562,mosquito,animals,commenting,false,
mozzie,17575054635,2010-07-02,"Mozzie to Neal: ""You're letting the pantsuit use you to get to Wilkes?!"" Love it...""pantsuit""=Agent Rice, ""suit""=Burke #WhiteCollarFrontMan",25003195,mosquito,animals,commenting,false,
mozzie,17579099275,2010-07-02,"More luv from our friends RT @WhiteCollarUSA: Check out Poptimal.com's ""Meet Willie / Meet Mozzie"" feature: http://ow.ly/24Gxo ^PP",116353302,mosquito,animals,commenting,false,
mozzie,17586446518,2010-07-02,Willie Garson Discusses the Second Season of White Collar - The actor who portrays Mozzie tal... http://www.movieweb.com/news/NEgBbgghqy6Rji,19044019,mosquito,animals,commenting,false,
mozzie,18067583849,2010-07-08,@HollyIMerriday you'll see a good amount of Mozzie in episode 2 and Garson just shines. He's. just. so. FUN.,15680708,mosquito,animals,commenting,false,
mozzie,18068337551,2010-07-08,A mozzie woke me up at 3.47am and it has kept me up kept me up since then.,147156297,mosquito,animals,self_description,false,Current sleep-disruption state report.
mozzie,18071732503,2010-07-08,"Checking out ""Willie Garson: Mozzie's Alter-ego"" on USA Fans' Character Playground: http://ning.it/cpqKtv",24036318,mosquito,animals,commenting,false,
mozzie,18072036520,2010-07-08,Emma 1 Buzzy annoying mozzie in her room 0,39531798,mosquito,animals,commenting,false,
mozzie,18075070883,2010-07-09,Darn mozzie in my room keeping me awake!,48182261,mosquito,animals,commenting,false,
mozzie,18075496951,2010-07-09,"""It was a very lovely Franzia from early OCTOBER!"" Mozzie #WhiteCollar #BookofHours",79337200,mosquito,animals,commenting,false,
mozzie,18088397753,2010-07-09,Come check out the @BuzzTour at the Houston Children's	Museum  from 10am - 6pm tomorrow and meet Mozzie the mosquito!,111626222,mosquito,animals,commenting,false,
mozzie,18089128290,2010-07-09,off for a whle...gotta go get some mozzie spray,28758013,mosquito,animals,commenting,false,
mozzie,18089510928,2010-07-09,RT @BuzzTour: Come check out the @BuzzTour at the Houston Children's	Museum  from 10am - 6pm tomorrow and meet Mozzie the mosquito!,21003050,mosquito,animals,commenting,false,
mozzie,18089922921,2010-07-09,"@HollyIMerriday wonder when they're gonna do the flashback episode? How Peter arrested Neal first time round, how Mozzie & Neal met maybe?",25003195,mosquito,animals,commenting,false,
mozzie,18414152946,2010-07-13,Operation scratch the mozzie bites begins now,45336838,mosquito,animals,self_description,false,
mozzie,18415333034,2010-07-13,"""Oh don't tell me how to keep a woman, Blue Eyes!"" -Mozzie #whitecollar",15993328,mosquito,animals,commenting,false,
mozzie,18416348888,2010-07-13,"Spent half the night in a fight to the death duel with nature, like Arnie in Predator, before finally putting  that mozzie to the sword",16681453,mosquito,animals,commenting,false,
mozzie,18416739898,2010-07-13,Covered in mozzie bites that need to fuck right off. Except for the two on my back like Scully had in ep1 X-Files. They can stay.,15796410,mosquito,animals,self_description,false,
mozzie,18421631246,2010-07-13,Neal: Mozzie.. ur not a Ninja. Mozzie: and thats exactly what i want u 2 believe... XD,88704277,mosquito,animals,commenting,false,
mozzie,18424410951,2010-07-13,Mozzie's had a party last night here :/,17237340,mosquito,animals,commenting,false,
mozzie,18425589041,2010-07-13,Omona! I has a mozzie bite between my toes!! &gt;.&lt; GAH! *scratches*,5853842,mosquito,animals,commenting,false,
mozzie,18425946957,2010-07-13,"Bottom bracket gone in morning so found bikeshop, got it replaced + chain & gear clean. Camped 50km later in beautiful lakeside mozzie hell!",14830477,mosquito,animals,commenting,false,
mozzie,18438857965,2010-07-13,"""Willie Garson Shares a Peek at his Alter-Ego Mozzie on White Collar"" http://bit.ly/aUHBIS (via @NiceGirlsTV) #WhiteCollar #USAnetwork #tv",67635390,mosquito,animals,article_sharing,false,
mozzie,18441393862,2010-07-13,"@fashionpunk08 HAHAHA I think so too, I tried to upload a pic of chan but it failed too. LOL. ooh mozzie. haha.",59720073,mosquito,animals,commenting,false,
mozzie,18502903455,2010-07-14,@WhiteCollarUSA absolutley LOVED!!! I love how Mozzie uses words I've never heard of! Sobriquet?!? Who talks like that?!? Best show!!,21726755,mosquito,animals,commenting,false,
mozzie,18503122659,2010-07-14,"@WCwriters amazing episode guys! I love the way you handled Neals recovery, the way he hides it and only Peter and Mozzie realize it.",53326894,mosquito,animals,commenting,false,
mozzie,18504265815,2010-07-14,"@TanyaHuff Oh no! Blood loss (from mozzie bites), as well as a damaged ankle. What news on the ankle?",76026008,mosquito,animals,self_description,false,
mozzie,18505675631,2010-07-14,"""I saw a mockingbird in the park.""-- Mozzie.  lol  #whitecollar",53448358,mosquito,animals,commenting,false,
mozzie,18507842250,2010-07-14,"ahahahahaha i love Mozzie, he is my hero xD",25455380,mosquito,animals,commenting,false,
mozzie,18510235779,2010-07-14,@SharifAtkins @Marsha_Thomason @jeffeastin AMAZING white collar episode last night! I love Mozzie and his voice changer! Great start!,20734688,mosquito,animals,commenting,false,
mozzie,18510263359,2010-07-14,"medicine has yet to set in.. D: on top of this, my body is populated by mozzie bites; there's even on on the sole of my foot! wtf?!",25291109,mosquito,animals,self_description,false,
mozzie,18510938123,2010-07-14,"RT @rockytopphil: ""Though we cannot change the direction of the wind, we can adjust our sails"" (Mozzie on White Collar)",28140097,mosquito,animals,commenting,false,
mozzie,18512035791,2010-07-14,"@jeffeastin Thank YOU! Great to have #WhiteCollar back. Enjoyed bank heists, and particularly the Peter/Mozzie teamwork.",38662956,mosquito,animals,commenting,false,
mozzie,18512156028,2010-07-14,@TedOnTV Enjoyed #WhiteCollar last night. Cool heists and dye pack escape at the end. Peter and Mozzie were hysterical.,38662956,mosquito,animals,commenting,false,
mozzie,19117739886,2010-07-22,Mozzie chokes TV presenter on air: A Taiwanese television presenter was hospitalised after a mosquito ... http://bit.ly/bbeW4K #News #World,33112274,mosquito,animals,article_sharing,false,
mozzie,19118720205,2010-07-22,over 200 mozzie bites in 17 days thats just a little rediculous!! thank god there is no maleria here!,88878430,mosquito,animals,self_description,false,
mozzie,19216160731,2010-07-22,@TheAmandaWoods Good lord. See that's why I stick to print. If a mozzie finds its way in worst thing that happens is an unfinished sentence.,17250722,mosquito,animals,commenting,false,
mozzie,19216841682,2010-07-22,@WhiteCollarUSA Hi to Willie G! :) Great Mozzie scenes last night on #WhiteCollar!,79337200,mosquito,animals,commenting,false,
mozzie,19216915624,2010-07-22,Hoping to see a 3D re-enactment of this pretty soon: http://www.smh.com.au/world/mozzie-chokes-tv-presenter-on-air-20100722-10ls0.html,16920160,mosquito,animals,commenting,false,
mozzie,19217024392,2010-07-22,http://www.straitstimes.com/BreakingNews/Asia/Story/STIStory_556246.html newscaster choke on mozzie! FHL!,66348395,mosquito,animals,commenting,false,
mozzie,19218155828,2010-07-22,I would love to see Mozzie from #WhiteCollar & Dr Tom from #BeingErica get into a quote-off!,15840482,mosquito,animals,commenting,false,
mozzie,19218658185,2010-07-22,#fd10ls0 http://smh.com.au/world-10ls0.html Must've been a mozzie from the mainland!,19756185,mosquito,animals,commenting,false,
mozzie,19219859364,2010-07-22,@WhiteCollarUSA Mozzie rocks!,19305647,mosquito,animals,commenting,false,
mozzie,19403692732,2010-07-24,@CrystalLadi You'll need LOTS of mozzie repellant. If you bring the spray on type it also works to get the leeches to drop off your legs.,22033463,mosquito,animals,commenting,false,
mozzie,19403764209,2010-07-24,need to stop scratching those damn mozzie bites!!!! ARGH. #fb,54803166,mosquito,animals,self_description,false,
mozzie,19404054063,2010-07-24,@tomafg  lots of new mozzie nets sent to pacific also had design flaw of too-big holes - only protected from mutant giant mozzies,150210524,mosquito,animals,self_description,false,
mozzie,19406451131,2010-07-24,@Tyrannical_Hobo Sigh. Very relaxing. You got your mozzie repellent by the way? Fierce buggers up there I find x,53620512,mosquito,animals,commenting,false,
mozzie,19413945799,2010-07-24,"@J_Ennis get yourself eating raw garlic, that'll keep the mozzie's away! Good Luck Jess, hope to have the same celebration we had in Berlin!",122658772,mosquito,animals,commenting,false,
mozzie,19415670651,2010-07-24,Waiting for the peeps who are taking 4ever. And getting feed by ants and mozzie :'(,44351202,mosquito,animals,commenting,false,
mozzie,19420437803,2010-07-24,i hate mozzie bites. i've got 6 from yesterday. :(,59993063,mosquito,animals,self_description,false,
mozzie,19425796728,2010-07-24,Comic-Con 2010: White Collar Press Room: Poptimal.comGarson (Sex and the City) bases Mozzie on the scam artist che... http://bit.ly/abynYz,156249633,mosquito,animals,article_sharing,false,
mozzie,19427091496,2010-07-24,"Took cousin's dog for walk yesterday . Forgot insect repellent. Bitten - probably mozzie. Usual reaction - arm swollen, hot & itchy :-(",70514015,mosquito,animals,self_description,false,Current physical-state report about swelling/itching.
mozzie,19427124739,2010-07-24,I got two mozzie bites on each of my leg . Super itchy zz...,80883954,mosquito,animals,self_description,false,
mozzie,20521294457,2010-08-07,Mozzie is cute and unexpectedly badass XD #WhiteCollar,45978090,mosquito,animals,commenting,false,
mozzie,20523061112,2010-08-07,hey thanks for the tips on mozzie bites! I am a 'Bill' too :D You two are a cack! @karenfrommentor @marisabirns,23896993,mosquito,animals,casual_conversation,false,Interpersonal thanks/advice exchange.
mozzie,20524062465,2010-08-07,After watching two seasons of White Collar I am only just now realizing Mozzie is Stanford from Sex and the City lol,102751756,mosquito,animals,commenting,false,
mozzie,20525684293,2010-08-07,RT @WhiteCollarUSA: RT @allisontoner: @Poptimal White Collar Review: It's All About Mozzie http://poptimal.com/?p=42569,170718067,mosquito,animals,commenting,false,
mozzie,20529106205,2010-08-07,": 
Airdate: 3 August 2010 
Summary: Mozzie puts himself in a vulnerable position when he comes to Peter and Neal f... http://bit.ly/b82N4j",171139223,mosquito,animals,article_sharing,false,
mozzie,20537071885,2010-08-07,@emizdoodles mozzie bites????,28994998,mosquito,animals,self_description,false,
mozzie,20540738475,2010-08-07,I just realised that a mozzie kissed me on my cheek. Now it freakin' has a bump on it. -_- kns..,25794569,mosquito,animals,commenting,false,
mozzie,20544733594,2010-08-07,@scientist_no_1 You have mozzie groupies??,20691366,mosquito,animals,commenting,false,
mozzie,20544793542,2010-08-07,You better believe it! Lol RT “@catvgale: @scientist_no_1 You have mozzie groupies??”,23297570,mosquito,animals,casual_conversation,false,Reply banter about mozzie groupies.
mozzie,20544962036,2010-08-07,@scientist_no_1 You're a mozzie slayer! Any luck with red mites? Little buggers are eating my hens alive!,173441845,mosquito,animals,commenting,false,
mozzie,20584930264,2010-08-07,"@brathor Should have had your Mozzie Spray. What happened to ""Be Prepared!""",26806102,mosquito,animals,commenting,false,
mozzie,20593454134,2010-08-08,"Quick run w/ the Dag... Not for fitness, rather, because no mozzie repellant",17770715,mosquito,animals,commenting,false,
mozzie,20595416135,2010-08-08,"@bulletthrough COMING TO GET YOU, ATTACK~~~~~~ NO NOT YET, STILL HAVEN'T FINISHED WATCHING COFFEE HOUSE!! omg mozzie lmao I'm dying ahahhaha",43166682,mosquito,animals,commenting,false,
mozzie,20596063203,2010-08-08,@enigma731 Nooooo!!!! He almost starves but House steps in at the last moment and saves him. You can't keep a good mozzie down!,62085969,mosquito,animals,commenting,false,
mozzie,20598113680,2010-08-08,Mad Cow Mozzie http://toys.newsthis.com/rockets/mad-cow-mozzie,150662314,mosquito,animals,commenting,false,
mozzie,20603103326,2010-08-08,"@ChelzKaye My fave scene was when Mozzie met Neal on the elevator I disguise. ""Of course we know that little guy"" says Jones :)",25003195,mosquito,animals,commenting,false,
mozzie,20613523555,2010-08-08,@bumpadeedle YOU NEED TO SEE IT. last episode mozzie was a motherfucking hero it was awesome. and peter rushed to save neal.  win all round,63056137,mosquito,animals,commenting,false,
mozzie,20613771277,2010-08-08,reason why my boob has been so itchy lately...i have a mozzie bite on it. damn perverted mosquitos,106979865,mosquito,animals,commenting,false,
mozzie,20619170413,2010-08-08,"I am so tempted to steal Mozzie's style. Probably wouldn't be able to pull it off, but it's worth a shot.",21954249,mosquito,animals,commenting,false,
mozzie,20619649419,2010-08-08,"How on earth did the little mozzie feckers bite me through my clothes, granted skimpy frock but....how did they get through material?!",18879643,mosquito,animals,commenting,false,
mozzie,20862762571,2010-08-11,@christinelive and idk when she's gonna come back for good of her having a baby and all lol! Hopefully soon though! I love her and mozzie!,20943448,mosquito,animals,commenting,false,
mozzie,20863379295,2010-08-11,"""Paranoid is a skill, the secret to logevity"" ~ Mozzie.",35049375,mosquito,animals,commenting,false,
mozzie,20863470306,2010-08-11,Starting to worry that the mozzie bites on my ankle are actually the plague.,20321525,mosquito,animals,self_description,false,
mozzie,20863614098,2010-08-11,"RT @jeffeastin: #WhiteCollar drinking game: Drink every time Mozzie quotes. Take a shot whenever anyone says ""Kate."" Take a cab home.",53607938,mosquito,animals,commenting,false,
mozzie,20863953711,2010-08-11,@Androlyn Peter & Neal officially adopt Neal. Mozzie moves into the attic.,114833239,mosquito,animals,commenting,false,
mozzie,20864152326,2010-08-11,@strongarm333 Mozzie getting an anklet has never been discussed by us.,114833239,mosquito,animals,commenting,false,
mozzie,20864490129,2010-08-11,"@WCwriters FYI, I never heard any rumors re: Mozzie & anklet (and I'm glad &lt;g&gt;). Wonder where they came from?!?",94853765,mosquito,animals,commenting,false,
mozzie,20867371583,2010-08-11,@evonnz 2 mozzie bites combined and became super poisonous. Hahaha.,21556397,mosquito,animals,self_description,false,
mozzie,20869635424,2010-08-11,Feeling a little lob-sided with one fat ear!   A Mozzie bit it last night.,20555838,mosquito,animals,commenting,false,
mozzie,20870028481,2010-08-11,"@jeffeastin I figure while Mozzie knows the veritas is in the vino, he's still pining after Gina and lookimg for just the right bottle.",72471261,mosquito,animals,commenting,false,
mozzie,21533962405,2010-08-19,"Guess it could've been @alisonbowie.., xx RT @webstables: @TweetingTimesEd you sure it was a mozzie... Xx",100214396,mosquito,animals,commenting,false,
mozzie,21534910028,2010-08-19,Wanna see something gruesome? This is what a single mozzie bite has done to my elbow... I've about a dozen of these! X http://bit.ly/cFWY4r,40027805,mosquito,animals,article_sharing,false,
mozzie,21536699976,2010-08-19,"@WhiteCollarUSA a bit late, but great episode guys! I loved Mozzie ♥",169777876,mosquito,animals,commenting,false,
mozzie,21545422509,2010-08-19,"Wh....SHOULDER TO SHOULDER.  &lt;3333  I love this.  Also, MOZZIE!  &lt;333 http://twitpic.com/2g258g",83608448,mosquito,animals,commenting,false,
mozzie,21551182609,2010-08-19,@WCwriters Eep! One more.  I was wondering if Mozzie visited Neal in prison when he was there the first time around.,84349216,mosquito,animals,commenting,false,
mozzie,21554025522,2010-08-19,aand they are spraying the mozzie thingy,77488110,mosquito,animals,commenting,false,
mozzie,21561871611,2010-08-19,Camping in the Lakes was amazing but the midge and mozzie bites definitely aren't :( #itchy,37905662,mosquito,animals,self_description,false,
mozzie,21562281226,2010-08-19,"@darlingsaila Mozzie is friggin hilarious. I love him to bits, the panic attack about all the badges was so funny! :D",23420145,mosquito,animals,commenting,false,
mozzie,21565575683,2010-08-19,"Anti mozzie stuff: Only a couple of weeks until we head off now, and got trousers, shirts, boots, anti-malarials, deet http://bit.ly/c9pcOf",51682206,mosquito,animals,article_sharing,false,
mozzie,22235950991,2010-08-27,"I love Mozzie's amusement with his ""mi casa es suit casa"" line. #WhiteCollar",79337200,mosquito,animals,commenting,false,
mozzie,22236121985,2010-08-27,"RT @HollyIMerriday: I love Mozzie's amusement with his ""mi casa es suit casa"" line. #WhiteCollar",88704277,mosquito,animals,commenting,false,
mozzie,22236164298,2010-08-27,"‎""Never trust someone who spells their name with dollar signs on their license plate"" - Willie Garson (""Mozzie"" from White Collar)",49884828,mosquito,animals,commenting,false,
mozzie,22236566492,2010-08-27,"wow.. Kate, Alex, Neal before he got arrested, Peter before he arrested Neal, and Mozzie w/ hair all in 1 episode?! thats so epic!! :)",88704277,mosquito,animals,commenting,false,
mozzie,22236574700,2010-08-27,Liz:Is Neal involved in this? Mozzie:He is but he doesnt know it. Which is part of the problem. But we've done more with less.  #whitecollar,127757414,mosquito,animals,commenting,false,
mozzie,22236694112,2010-08-27,#mozzie is freaking awsome!,129277603,mosquito,animals,commenting,false,
mozzie,22236731783,2010-08-27,RT @Lag111: #mozzie is freaking awsome!,88704277,mosquito,animals,commenting,false,
mozzie,22236742320,2010-08-27,RT @johnsonemilyp: There's no phone here!  Tuesday has no phones!  #mozzie,129277603,mosquito,animals,commenting,false,
mozzie,22236822402,2010-08-27,"RT @Awesome_Klara: - ""I call it Tuesday."" - ""Why?"" - ""Because I'm usually here on Wednesdays."" #Mozzie #WhiteCollar",88704277,mosquito,animals,commenting,false,
mozzie,22315313800,2010-08-28,Forgot to tell u guys i was inches away from Neal+Mozzie yesterday when i accidentally walked thru the set #whitecollar,75450030,mosquito,animals,commenting,false,
mozzie,22315816616,2010-08-28,"@debarouchi he is!  I didn't watch it last season, but I think I'll rent it to get caught up.  I really like Mozzie too.",39996262,mosquito,animals,commenting,false,
mozzie,22318217390,2010-08-28,There is no better feeling than scratching a Mozzie bite but there is no worse feeling when u realise u made it bleed :-(,37531241,mosquito,animals,commenting,false,
mozzie,22319079919,2010-08-28,Mozzie moves in mysterious ways. Check that. Mysterious ways are confused by Mozzie. And likely part of a conspiracy. #White_Collar,14426374,mosquito,animals,commenting,false,
mozzie,22319597403,2010-08-28,Mozzie's on SG-1!!!!!!!!!! I just love when my fandoms cross over. #SG1 #WhiteCollar,18616847,mosquito,animals,commenting,false,
mozzie,22320623821,2010-08-28,@SmileAsYouSin OMG YES! I loved Mozzie going to date night instead...and his little hideaway...,74924617,mosquito,animals,commenting,false,
mozzie,22320950653,2010-08-28,"It's offical, I've named my car Mozzie, a.k.a. Dante Havershum!!! mostly because I beat it up today and it hurt to call it Neal. :(",35082905,mosquito,animals,commenting,false,
mozzie,22321647906,2010-08-28,@kenziecaffrey @HollyIMerriday And Mozzie with HAIR!!! :D,25003195,mosquito,animals,commenting,false,
mozzie,22328174119,2010-08-28,"""MOZZIE!"" ""JOHNNNNN!"" ""You're not naked! :D"" ""D&lt;""",18997103,mosquito,animals,commenting,false,
mozzie,22329153890,2010-08-28,NO MOZZIE DONT CRASH ON ME ALL MY PRECIOUS UNBOOKMARKED TABS,90605189,mosquito,animals,commenting,false,
mozzie,24169349134,2010-09-11,Paranoia is a skill. The secret to longevity. -- Mozzie (White Collar),32313975,mosquito,animals,commenting,false,
mozzie,24169932141,2010-09-11,@RenesmeePF *giggles* fank you. *huggles @EmilyHalePF* moozie maxie bitted Ember... Looks @RenesmeePF maxi was mozzie's doggie,182970179,mosquito,animals,commenting,false,
mozzie,24170208531,2010-09-11,"@ChelzKaye I completly get your point... no matter what people say, for me Mozzie was a very important character ...",14889131,mosquito,animals,commenting,false,
mozzie,24172236984,2010-09-11,"@wannastartanew @boudiccadays I'm immune to the effects of mozzie bites. They can bite all day long, and I'm still welt-free #justsayin",21552376,mosquito,animals,self_description,false,
mozzie,24172414026,2010-09-11,"@WCWriters No frickin' way!!!!! i really hope ""the donkey"" is kate and not MoZZIE!!! What would #WhiteCollar be w/o Moz?!?",87812139,mosquito,animals,commenting,false,
mozzie,24172681291,2010-09-11,they killed mozzie! O.O #whitecollar,41971916,mosquito,animals,commenting,false,
mozzie,24175724814,2010-09-11,@awkwardstory fff and i love mozzie too.  that show is brill cos you can like pretty much every character D;,63056137,mosquito,animals,commenting,false,
mozzie,24180412147,2010-09-11,@Joann_Chu Any anti mozzie you can get? Or burn incense in the bathroom?,113360539,mosquito,animals,commenting,false,
mozzie,24184194646,2010-09-11,"@fap_girl yesss but I am so not cool enough to be Neal, and I have glasses so I assume I am Mozzie",14447522,mosquito,animals,commenting,false,
mozzie,24187344313,2010-09-11,How the hell did I get a mozzie bite on my pinkie right at this moment? o_O Invisible mozzies... creepy.,18670279,mosquito,animals,commenting,false,
mozzie,24892603312,2010-09-19,RT @jeffeastin: Mozzie facebook page? Cool. http://liten.be//38lTO,78263129,mosquito,animals,commenting,false,
mozzie,24892711835,2010-09-19,"Yay! The guy who plays Mozzie on White Collar, willie garson, is on celebrity ghost stories! :)",25140267,mosquito,animals,commenting,false,
mozzie,24894035976,2010-09-19,NOT MOZZIE. White Collar you disappoint me.,137137119,mosquito,animals,commenting,false,
mozzie,24898412698,2010-09-19,@jeffeastin Please tell me mozzie isn't lying bloodied in a NYC park for the next 4 months?!,15623845,mosquito,animals,commenting,false,
mozzie,24899777983,2010-09-19,6 mozzie bites on my thighs 2 on my waist. Fml,49916489,mosquito,animals,self_description,false,
mozzie,24900658011,2010-09-19,RT @MattBomerFan: Neal rewards Mozzie for being the best sidekick ever. http://twitpic.com/2ppjek,188205170,mosquito,animals,commenting,false,
mozzie,24901332071,2010-09-19,MOZZIE'S DEAD! NOOOOOOOOO! :( #whitecollar,3134801,mosquito,animals,commenting,false,
mozzie,24905026172,2010-09-19,Mozzie guys came to check as I was leaving the house urghhh. Found mozzies breeding in the bin.,29992549,mosquito,animals,commenting,false,
mozzie,24908507148,2010-09-19,Not mozzie!!!,7811632,mosquito,animals,commenting,false,
mozzie,24911266405,2010-09-19,i'm going to miss whitecollar and oh no mozzie =/,105621692,mosquito,animals,commenting,false,
mozzie,25671062882,2010-09-27,@Sexy_Mozzie I do try. Its just i dont have anything interesting happening my side. Sorry :(,29649160,mosquito,animals,commenting,false,
mozzie,25671997440,2010-09-27,"@Sexy_Mozzie Lol, kk. Sounds fun. You start ^^",29649160,mosquito,animals,commenting,false,
mozzie,25672276748,2010-09-27,@ThisIsCorey @JoannaMagdziarz Come summer time I'll be telling the mozzie's to fuck off.,23027410,mosquito,animals,commenting,false,
mozzie,25672442568,2010-09-27,@Mumskip ahaha I thought I saw something up there! Amazing. I think I tried to hurt a mozzie with it!,16937318,mosquito,animals,commenting,false,
mozzie,25674512178,2010-09-27,@Sexy_Mozzie Your 'conculsions' about everything is just a indication on how you really act. Night.,29649160,mosquito,animals,commenting,false,
mozzie,25674871521,2010-09-27,@Sexy_Mozzie Go get naked with your CT friend!!!,29649160,mosquito,animals,commenting,false,
mozzie,25674924296,2010-09-27,"OMG FUCK OFF MOZZIE BITES, MY FOOT IS DYING. I WANT TO CRY.",25606033,mosquito,animals,self_description,false,
mozzie,25676207844,2010-09-27,Covered in mozzie bites D:,27192830,mosquito,animals,self_description,false,
mozzie,25676727099,2010-09-27,@Brainrotting The mozzie bites.. I missed the Rastaman as I wents to sleep.,23885712,mosquito,animals,self_description,false,
mozzie,25676793857,2010-09-27,HE KILLED MOZZIE NOOOOOOOOOOOO BUT MOZZIE WAS THE BEST CHARACTER ON THE STUPID SHOW.,27610018,mosquito,animals,commenting,false,
mozzie,26555260591,2010-10-06,@tuaggy But first I need to get enough mozzies right? Haha. No I dun haf mozzie spray. I use my hands rmb? Lol ^ 0 ^,36293111,mosquito,animals,commenting,false,
mozzie,26557363735,2010-10-06,@tuaggy *Two thumbs up* Good job friend. We can start a squash-mozzie-to-pancakes company. Haha.. ^ o ^,36293111,mosquito,animals,commenting,false,
mozzie,26558701158,2010-10-06,"Mozzie, do not die ; _ ; #WhiteCollar",189509771,mosquito,animals,commenting,false,
mozzie,26561810895,2010-10-06,my mozzie bite is huaaaaaage.,177181278,mosquito,animals,commenting,false,
mozzie,26568415482,2010-10-06,"@WhiteCollarUSA Mozzie talking bobblehead, poster of Neal shirtless, FBI handcuffs.",24118101,mosquito,animals,commenting,false,
mozzie,26573520163,2010-10-06,"Just counted more than 30 mozzie bites on my left leg alone, think i must have been bitten a hundred times... http://fb.me/IEDlDn2c",76193804,mosquito,animals,self_description,false,
mozzie,26573634851,2010-10-06,"Just
 counted more than 30 mozzie bites on my left leg alone, think i must 
have been bitten a hundred times... http://fb.me/IJ4Ow5Qn",76193804,mosquito,animals,self_description,false,
mozzie,26574275019,2010-10-06,Haha mozzie has a kid http://yfrog.com/1ndv3fj,47511284,mosquito,animals,commenting,false,
mozzie,26574410210,2010-10-06,"@nbcstore @WhiteCollarUSA mugs, hoodies, an anklet, wallets lol...  maybe something with an awesome Mozzie quote ;)",17066502,mosquito,animals,commenting,false,
mozzie,26575989177,2010-10-06,I have 15 mozzie bites on my legs and are so itchy! Going to get the vinegar.,153934655,mosquito,animals,self_description,false,
mozzie,27875732142,2010-10-19,"Queenslanders help!! I checked room last night, no mozzies, but I awoke to dozens of itchy tiny non mozzie bites! Another insect?",11704152,mosquito,animals,self_description,false,
mozzie,27876199406,2010-10-19,how the feck do i get a mozzie bite now - its mid bluddy october ?,1047171,mosquito,animals,commenting,false,
mozzie,27878615835,2010-10-19,#Mozzie and 'Squirril' .... Best buds :) http://twitpic.com/2z43io,62300285,mosquito,animals,commenting,false,
mozzie,27882229282,2010-10-20,got the mozzie's bites,86047875,mosquito,animals,commenting,false,
mozzie,27882267368,2010-10-20,"And I so got up at an unearthly hour today, not after getting up at 2, 430 den 730-gg, no thanks to said mozzie. Sighhh.",153833374,mosquito,animals,commenting,false,
mozzie,27882734145,2010-10-20,"@bettiwettiwoo Mozzie picked up a groin injury v SA in Adelaide. Recovery is coming along nicely, so hopefully not too far away :)",186286647,mosquito,animals,commenting,false,
mozzie,27883923446,2010-10-20,"RT @CricketNSWBlues: @bettiwettiwoo Mozzie picked up a groin injury v SA in Adelaide. Recovery is coming along nicely, so hopefully not  ...",10375012,mosquito,animals,commenting,false,
mozzie,27889633067,2010-10-20,@nearcephei yaaa bring the whole thing :P. i'm itching. my whole wrist has swell up from the massive 3 mozzie bites &gt;.&lt;,37573763,mosquito,animals,self_description,false,
mozzie,27890041905,2010-10-20,@jeffeastin It would have been interesting to see Tom Bosley as Mozzie's dad.,199919741,mosquito,animals,commenting,false,
mozzie,27983789582,2010-10-21,@valshopaholic Yep :) Tho I haven't been on there for awhile lol I need to rewatch for more Mozzie quotes,25644194,mosquito,animals,commenting,false,
mozzie,27989460820,2010-10-21,Mozzie plague worst ever recorded in Top End: Top End residents are being urged to cover up as the Northern Territ... http://bit.ly/d9bUKo,32882388,mosquito,animals,article_sharing,false,
mozzie,27989460977,2010-10-21,ABC News Online - Mozzie plague worst ever recorded in Top End: Top End residents are being urged to cover up as t... http://bit.ly/dc7Loc,20750902,mosquito,animals,article_sharing,false,
mozzie,27989508927,2010-10-21,I thk I bumped into alot of thgs the past week or so. damn alot of bruises. n the number of mozzie bite marks.. fuyohhh damn chun ar!!! =_=,34542722,mosquito,animals,commenting,false,
mozzie,27989927325,2010-10-21,RT @RES911CUE: Mozzie plague worst ever recorded in Top End: Top End residents are being urged to cover up as the Northern Territ... htt ...,186100299,mosquito,animals,commenting,false,
mozzie,27994453415,2010-10-21,I ve 10 mozzie bites n still counting.. :(,16540619,mosquito,animals,self_description,false,
mozzie,27996000885,2010-10-21,Mozzie plague worst ever recorded in Top End http://dlvr.it/7JstH,78187403,mosquito,animals,commenting,false,
mozzie,27997299502,2010-10-21,Fucking unwelcome guests - mozzie bastards  - kept me up for a long while in the nyt,22748022,mosquito,animals,commenting,false,
mozzie,27999347687,2010-10-21,I have turrets from randomly hitting myself cause of the stupid mozzie bites :/,186993103,mosquito,animals,self_description,false,
mozzie,416733055684609,2010-11-05,mozzie got me on the leg - under my pants. little fucker.,19000950,mosquito,animals,commenting,false,
mozzie,422728389627904,2010-11-05,i wish this mozzie bite on my ass would kindly F off,184037702,mosquito,animals,commenting,false,
mozzie,436809867730944,2010-11-05,Mozzie bites suck :( so does scratching them til you bleed..Haha..never happened to me but sure it would suck..,109527102,mosquito,animals,self_description,false,
mozzie,445544954593280,2010-11-05,i wanna no the story behind Mozzie getting kicked out of boy scouts... lolz,88704277,mosquito,animals,commenting,false,
mozzie,463271190597633,2010-11-05,Wet start to mozzie season so far but cool weather keeping populations low. Some interesting diversity...if mozzie taxonomy is your game!,194871638,mosquito,animals,commenting,false,
mozzie,479612857491456,2010-11-05,Just got invited to go on Holiday in Mozzie in April... wooo hooo! Lets home I can!,41118477,mosquito,animals,commenting,false,
mozzie,480832376545280,2010-11-05,Ok anyone wanna lend me R5000 for my mozzie trip?? I pay back with interest?,41118477,mosquito,animals,commenting,false,
mozzie,511919224004608,2010-11-05,"Evening all,just got back from Athletics got eaten alive by mozzies once again,the mozzie spray didn't stop them either.",23539762,mosquito,animals,commenting,false,
mozzie,518890681536512,2010-11-05,Looks like Im going to be able to go Mozzie in April!!!! Excited is not the word!,41118477,mosquito,animals,commenting,false,
mozzie,823711192059905,2010-11-06,@cloudcontrol i need one of those electric badminton racquet mozzie swatter things! :P and a compact one for my car..,27406158,mosquito,animals,commenting,false,
mozzie,841988320534529,2010-11-06,"@atiqah02 I would've thought your OTP was Peter/Neal, lol. PETER/ELIZABETH/NEAL/MOZZIE = OT4 &lt;3",28314526,mosquito,animals,commenting,false,
mozzie,852961068584960,2010-11-06,Anyone got any mozzie bite tips? owwwww,23395026,mosquito,animals,commenting,false,
mozzie,899617906491392,2010-11-06,What started off as mozzie bites are multiplying and making a princess feel headachy & lethargic. Anyone wanna have a stab #drinthehouse?,35477338,mosquito,animals,self_description,false,
mozzie,915534908493824,2010-11-06,"Oh, just seen this, hope you're ok & its not the Boland air :( @prncessjacalini What started as mozzie bite is making a princess headachy...",45160512,mosquito,animals,commenting,false,
mozzie,936377243930625,2010-11-06,I have a mosquito bite on a very odd place. Not sure how a mozzie got there,32349755,mosquito,animals,commenting,false,
mozzie,937177634574336,2010-11-06,@_lilone LOL mozzie?,44118078,mosquito,animals,commenting,false,
mozzie,953093302784000,2010-11-06,"It may sound cruel, but with each mozzie flying around that I manage to slap with my bare hands.. Oh, the satisfaction.",17386800,mosquito,animals,self_description,false,
mozzie,964749919526914,2010-11-06,oh @ihatekatstacks i hate u slut to bad ur being trown out l0l like the rat that u is fuc u n wat u going thru n tell mozzie hes a bitch 2,66702068,mosquito,animals,commenting,false,
mozzie,975686189719552,2010-11-06,lotz of mozzie..,24356038,mosquito,animals,commenting,false,
mozzie,3038340932706305,2010-11-12,oh fck! mozzie in my room! D:,105086975,mosquito,animals,commenting,false,
mozzie,3056501946056704,2010-11-12,Dear Mozzie flying near my face... The end is near...,139329703,mosquito,animals,commenting,false,
mozzie,3058941219049472,2010-11-12,when is White Collar coming back??!!! I miss Mozzie,124513277,mosquito,animals,commenting,false,
mozzie,3077885619347456,2010-11-12,@i_heart_nando but didn't want to be unsociable earlier. Now have to duck into mozzie net!,25003195,mosquito,animals,self_description,false,
mozzie,3080191475716096,2010-11-12,"@valshopaholic lol, my first thought when i read that was Mozzie mozzie, not insect mozzie, hahaha!",26472217,mosquito,animals,commenting,false,
mozzie,3082620300689408,2010-11-12,@EbonyHampl Now that's a muscular mozzie!,80733809,mosquito,animals,commenting,false,
mozzie,3083686887038977,2010-11-12,@i_heart_nando haha I'm trapped in Mozzie's net! :) Haven't watched youtube. Would cost me a fortune on data roaming!,25003195,mosquito,animals,commenting,false,
mozzie,3094409339994112,2010-11-12,Bloody mozzie in my room I can hear you ya little bugger!!,61914492,mosquito,animals,commenting,false,
mozzie,3095965112205313,2010-11-12,hate mozzie,14361462,mosquito,animals,commenting,false,
mozzie,3182851365281793,2010-11-12,Mozzie! My first one seen this Summer. Crafty little bastards!,19958280,mosquito,animals,commenting,false,
mozzie,7810093731020801,2010-11-25,My leg has been attacked by a mozzie. Just one leg. Just my leg. Why mine?,46097939,mosquito,animals,commenting,false,
mozzie,7823383240646657,2010-11-25,@feedingsheep Idk! Like cool leh! If you see a mozzie sucking next time try!,40866695,mosquito,animals,commenting,false,
mozzie,7831744396926977,2010-11-25,There is a mozzie in my room and I can't get it! Where's Keanu when I need him =[,21832321,mosquito,animals,commenting,false,
mozzie,7854641257652225,2010-11-25,@Lev22 @KeshniGovender @eenees lol..I will send them off in mozzie cabs or better yet let them walk as they wanted..hahaha #youngdrivers,142655238,mosquito,animals,commenting,false,
mozzie,7865766279913472,2010-11-25,"I wish for Mozzie this year;) ""Dear Santa...""",76677343,mosquito,animals,commenting,false,
mozzie,7866795205595136,2010-11-25,Want to wear skirt with no stockings to work today but my legs are so scarred from mozzie bites I think I'll opt with full-body cover. Boo.,11040012,mosquito,animals,self_description,false,
mozzie,7872825327091713,2010-11-25,Can this mozzie bite me already so it die! I cnt sleep wit al this noise. #deathby tjatjarag mosquito,33485018,mosquito,animals,commenting,false,
mozzie,7876848943898624,2010-11-25,just found another 4 mozzie bites on my arms. this s getting rediculous,28943601,mosquito,animals,self_description,false,
mozzie,7900412036259840,2010-11-25,I have a mozzie bite on my forehead and it's ITCHY!,14979839,mosquito,animals,commenting,false,
mozzie,7901043463561216,2010-11-25,"@purringgirl go to Aussie disposals and ask for the ""mosquito click"". It's the quickest way to get rid of mozzie itching.",158521669,mosquito,animals,commenting,false,
mozzie,11412671861628928,2010-12-05,anyone know any good mosquito bite remedies? must be appropriate to cure 140 mozzie bites over two legs...,28943601,mosquito,animals,self_description,false,
mozzie,11413666490490880,2010-12-05,taylor swift | book depository | mozzie bites | south park | home town | short stack | far out | http://happn.in/melbs/05dec10-10pm/,32202851,mosquito,animals,self_description,false,
mozzie,11414045089341440,2010-12-05,@RhiannaJudkins You just set the trend for 'mozzie bites' on @happn_in_melbs | http://happn.in/melbs/05dec10-10pm/,55672473,mosquito,animals,self_description,false,
mozzie,11421027632418816,2010-12-05,"@threesandsevens twas fun, tho i slept all day and am now wide awake :( also, i'm COVERED in fucking mozzie bites. ugh. Beers soon for sure!",19696256,mosquito,animals,self_description,false,
mozzie,11428352946606080,2010-12-05,The small mozzie bite on my feet is so irritating.,39935975,mosquito,animals,commenting,false,
mozzie,11431692526948352,2010-12-05,Why am I having so many mozzie bites. Damn you mosquito!,79678839,mosquito,animals,self_description,false,
mozzie,11432285228236800,2010-12-05,Can't sleep. So tired. So very tired. Generally wired and there's a mozzie in my room somewhere that keeps divebombing past my ears. Fecker.,16835338,mosquito,animals,commenting,false,
mozzie,11436819077926912,2010-12-05,The mozzie wanna kiss u uh *mwahh* RT @vczx: Seriously? mosquito bite on my lips?!?!?!,40634372,mosquito,animals,commenting,false,
mozzie,11439108421320704,2010-12-05,@ceciliaa11 same! I got damn lot of mozzie bites :(( itchy ttm,73130160,mosquito,animals,self_description,false,
mozzie,11444190646894592,2010-12-05,@ceciliaa11 haha no leh I got all of them in hall! I live in 22nd floor no mozzie haha,73130160,mosquito,animals,commenting,false,
mozzie,16204118053883904,2010-12-18,"I feel like i have a disease right now, so many mozzie bites on me.",140036401,mosquito,animals,self_description,false,
mozzie,16215971077300224,2010-12-18,I can hear the fucker but not see him #mozzie,23425944,mosquito,animals,commenting,false,
mozzie,16218216581828608,2010-12-18,@AMG133 why did God make them? #mozzie,226124961,mosquito,animals,commenting,false,
mozzie,16219339359256576,2010-12-18,"Satan's answer to a butterfly methinks RT @SheilaRicci: @AMG133 why did God make them?  #mozzie""",66974112,mosquito,animals,commenting,false,
mozzie,16221001276719104,2010-12-18,@shauntheprawn26 @AMG133 ssssshhhhh watching and have tabard  #mozzie,226124961,mosquito,animals,commenting,false,
mozzie,16221699636723712,2010-12-18,Been bitten by something other than a mozzie! Have bumps all over! Bring on the calamine lotion! Oooh! That feels better already!,187449210,mosquito,animals,commenting,false,
mozzie,16221912317296640,2010-12-18,Australian slang word of the day: mozzie- a mosquito. I hate those things...,29124049,mosquito,animals,commenting,false,
mozzie,16223641909854208,2010-12-18,They sound like they're fucking harmonizing.plus a big ass moth to add bass!! #mozzie #MusicOfTheNight,66974112,mosquito,animals,commenting,false,
mozzie,16233118201552896,2010-12-18,I just killed a mozzie in mid flight. Move. Over. Bear. Grylls.,18239694,mosquito,animals,commenting,false,
mozzie,16236000074272768,2010-12-18,"@jeffeastin just watched ""White Colar"" season two, episode 9 and... wow. Poor Mozzie! D:",97912650,mosquito,animals,commenting,false,
skeeter,7819945398,2010-01-16,Hockey is so lame they aren't even for fake hipsters...(a very upset skeeter...chuck must pay),60714838,mosquito,animals,casual_conversation,false,Handle/name/pet use rather than animal sense.
skeeter,7820437599,2010-01-16,RT @IamTLewis: #whathappento Cousin Skeeter???,33304504,mosquito,animals,television_reference,false,TV-title/character use rather than animal sense.
skeeter,7820451903,2010-01-16,#whathappenedto Doug.....& skeeter(lol...thats one hellofva name..lmao),43844871,mosquito,animals,television_reference,false,TV-title/character use rather than animal sense.
skeeter,7820942019,2010-01-16,SAVE $4.00 - Skeeter Defeater 12014706 Cylinder Refill Unit (CRU) 2-Pack $21.99 http://dealnay.com/50475 #home_improvement #offer,79654055,mosquito,animals,advertising_spam,false,
skeeter,7822660489,2010-01-16,@NemoDiddy: #whathappenedto Doug.....& skeeter(lol...thats one hellofva name..lmao).... You gotta fuck wut doug.,47416746,mosquito,animals,television_reference,false,TV-title/character use rather than animal sense.
skeeter,7822662095,2010-01-16,@NemoDiddy: #whathappenedto Doug.....& skeeter(lol...thats one hellofva name..lmao).... You gotta fuck wit doug.,47416746,mosquito,animals,television_reference,false,TV-title/character use rather than animal sense.
skeeter,7823385928,2010-01-16,Seattle: Torbie - Large - Adult - Female - Cat - Skeeter - Please Contact (Arlington) http://bit.ly/5Y6vQU #Kijiji #Pets,61651752,mosquito,animals,advertising_spam,false,
skeeter,7825735897,2010-01-16,Skeeter Davis - My Last Date (With You) - 08:06 AM visit www.RadioTAGr.com/WWLG to TAG this song,41670381,mosquito,animals,music_discussion,false,Proper-name artist use rather than animal sense.
skeeter,7826376960,2010-01-16,Skeeter Davis - I Can't Stay Mad At You - 08:36 AM visit www.RadioTAGr.com/WVCR to TAG this song,36049005,mosquito,animals,music_discussion,false,Proper-name artist use rather than animal sense.
skeeter,7976895707,2010-01-20,Now playing: The End Of The World by Skeeter Davis  #nowplaying,103395223,mosquito,animals,music_discussion,false,Proper-name artist use rather than animal sense.
skeeter,7977619713,2010-01-20,Off werk... About to order some lemon pepper wings... Yum yum eat em up ( skeeter's lil brother's voice),28483349,mosquito,animals,commenting,false,
skeeter,7977964733,2010-01-20,"""We aint friends and I aint skeeter but ill hit you wit my dougie, gotta new pet porkChoppa, What's up Mr. Funny?"" @vohngree",63072015,mosquito,animals,television_reference,false,TV-title/character use rather than animal sense.
skeeter,7978401143,2010-01-20,"RT @xdentalxtremist Travel writer of the year Bob Howells on human sacrifice: his own, via trusty Peruvian skeeter remedy. http://tinyurl.co",16531097,mosquito,animals,commenting,false,
skeeter,7978470488,2010-01-20,@LifeWithKayla hahahaha yu so lame cousin skeeter lmao!,74322541,mosquito,animals,television_reference,false,TV-title/character use rather than animal sense.
skeeter,7979144042,2010-01-20,who remembers megan good on cousin skeeter lmao,31014092,mosquito,animals,television_reference,false,TV-title/character use rather than animal sense.
skeeter,7980372370,2010-01-20,"Whoa whoa, dude bros call me skeeter bro- athf",90261351,mosquito,animals,commenting,false,
skeeter,7981397013,2010-01-20,"@G4Casino I missed it then. if they can't take the heat, then they need 2 take their ass 2 bed lol mulan? Oh here we go again cousin skeeter",48572936,mosquito,animals,television_reference,false,TV-title/character use rather than animal sense.
skeeter,7994083054,2010-01-20,For sale: 2003 Skeeter Bass Boat For Sale http://bit.ly/85qAL8 posted on @Oodle,17917666,mosquito,animals,advertising_spam,false,
skeeter,7994787365,2010-01-20,I want to be friends with someone named Skeeter.,3927401,mosquito,animals,casual_conversation,false,Proper-name/nickname use rather than animal sense.
skeeter,7997126505,2010-01-20,"Skeeter Davis ""The Closest Thing To Love I've Ever Seen"" (The Louisiana Hayride Archives)",21063464,mosquito,animals,music_discussion,false,Proper-name artist use rather than animal sense.
skeeter,7998032885,2010-01-20,1989 skeeter boat and trailer (springvalley) $3800 http://twelio.com/b1f5mc #boats #sale,83790921,mosquito,animals,advertising_spam,false,
skeeter,7998608295,2010-01-20,Skeeter Davis. The End of the World. { http://bit.ly/5aIH9j },13262222,mosquito,animals,music_discussion,false,Proper-name artist use rather than animal sense.
skeeter,7998794475,2010-01-20,Skeeter Davis -- The End Of The World http://www.youtube.com/watch?v=Qgcy-V6YIuI via @A_Sevik,66698647,mosquito,animals,music_discussion,false,Proper-name artist use rather than animal sense.
skeeter,7999173110,2010-01-20,RT @iMarcATL: @Just4Design @marleythbadgirl yall follow monte --&gt; @MaseratiMistah&lt; is that baby SKEETER off of Doug Funny on Nickelodeon,67225686,mosquito,animals,television_reference,false,TV-title/character use rather than animal sense.
skeeter,8002015957,2010-01-20,And Cousin Skeeter & Clarissa Explains It All ..,30345590,mosquito,animals,television_reference,false,TV-title/character use rather than animal sense.
skeeter,8002033879,2010-01-20,"The Secret World of Alex Mack, Beetleborgs, Are You Afraid of the Dark, All That, Skeeter, Kenan..., Moesha, Power Rangers, Smart Guy...",22072021,mosquito,animals,television_reference,false,TV-title/character use rather than animal sense.
skeeter,8440749532,2010-01-31,#90stweets OMG Cousin Skeeter on!!!,40584039,mosquito,animals,television_reference,false,TV-title/character use rather than animal sense.
skeeter,8440791739,2010-01-31,RT @Zh3LLz    #90stweet cousin skeeter &lt;&lt;=== that was tha shit tho,64803070,mosquito,animals,television_reference,false,TV-title/character use rather than animal sense.
skeeter,8440820811,2010-01-31,RT @TaffySeduxM3: Oh shit... Cousin skeeter comin on #90stweet,27517035,mosquito,animals,television_reference,false,TV-title/character use rather than animal sense.
skeeter,8440830717,2010-01-31,RT @LiveFromTheQB: #90stweet watchin cousin skeeter,75668762,mosquito,animals,television_reference,false,TV-title/character use rather than animal sense.
skeeter,8440849517,2010-01-31,RT @AyeTeaKayCee: #90'sTweet my cousin Skeeter,21988519,mosquito,animals,television_reference,false,TV-title/character use rather than animal sense.
skeeter,8440871130,2010-01-31,#90stweet fuck i missed Cousin Skeeter,25864248,mosquito,animals,television_reference,false,TV-title/character use rather than animal sense.
skeeter,8440875245,2010-01-31,RT @iamDjwhite: RT @TaffySeduxM3: Oh shit... Cousin skeeter comin on #90stweet,59978201,mosquito,animals,television_reference,false,TV-title/character use rather than animal sense.
skeeter,8440877068,2010-01-31,RT @ThatCrazyBoyJr: #90stweet Cousin Skeeter -- that wass my show !!!,28999269,mosquito,animals,television_reference,false,TV-title/character use rather than animal sense.
skeeter,8440877238,2010-01-31,@Alexdrummerboy u kno u look lik skeeter off of Doug.lmao,35260643,mosquito,animals,television_reference,false,TV-title/character use rather than animal sense.
skeeter,8440877333,2010-01-31,#90stweet aww shit yall cousin skeeter finna come on,35902864,mosquito,animals,television_reference,false,TV-title/character use rather than animal sense.
skeeter,8567482236,2010-02-03,"@jimmysmithtrain Skeeter, Patti Mayonaise, respectively",19939984,mosquito,animals,commenting,false,
skeeter,8569318519,2010-02-03,A Big Twitter Related Trend to Watch. http://bit.ly/3ISX1a (via @SkeeterHansen) Follow Skeeter for important Twitter information!,71598162,mosquito,animals,advertising_spam,false,
skeeter,8569503091,2010-02-03,@MjBadAzz  nah u look like cuzzin skeeter..or that dude arnez from one on one lol,19844961,mosquito,animals,humor,true,
skeeter,8569755449,2010-02-03,RT @thenamesquan @MjBadAzz nah u look like cuzzin skeeter..or that dude arnez from one on one lol &lt;~damn bro! ha!,28191498,mosquito,animals,humor,true,
skeeter,8570963117,2010-02-03,At @lissettebagtas's house getting some work done and playing with Skeeter.,33716853,mosquito,animals,casual_conversation,false,Handle/name/pet use rather than animal sense.
skeeter,8571231104,2010-02-03,@lissbagtas what's that smell? skeeter's fart? or something? lol,33716853,mosquito,animals,casual_conversation,false,Handle/name/pet use rather than animal sense.
skeeter,8571707958,2010-02-03,Skeeter Davis - My Last Date (With You) http://yes.com/~vIAZ,29431181,mosquito,animals,music_discussion,false,Proper-name artist use rather than animal sense.
skeeter,8571883244,2010-02-03,@SkoolboyReg91 that 2   & cousin skeeter,69196195,mosquito,animals,television_reference,false,TV-title/character use rather than animal sense.
skeeter,8572444580,2010-02-03,KUNM (abq): My Last Date (With You) - Skeeter Davis.:  http://bit.ly/akLWBg,22936047,mosquito,animals,music_discussion,false,Proper-name artist use rather than animal sense.
skeeter,9227096444,2010-02-17,"They aint bee-stung, they skeeter-sucked!",20113297,mosquito,animals,commenting,false,
skeeter,9227793421,2010-02-17,"Crazy Busy sory, let me catch up since I have an extra hour Today..LOL Thx Ole Henry..oh it confused every1 horses,Danes,Skeeter n"" ME Aha!",40061015,mosquito,animals,humor,true,
skeeter,9231992707,2010-02-17,@nuno_skeeter awesome if you can re tweet them so we can spread them they wi start on Thursday,38458450,mosquito,animals,casual_conversation,false,Handle/name/pet use rather than animal sense.
skeeter,9232252308,2010-02-17,Vote For Skeeter in the @HumaneSociety's Spay Day Pet Photo Contest! #spayday http://bit.ly/aqdq1P,38511116,mosquito,animals,advertising_spam,false,
skeeter,9233211857,2010-02-17,@MeaganGood when you did cousin skeeter. And to talk to u Via Twitter is amazing.. Thank u!!,27540462,mosquito,animals,television_reference,false,TV-title/character use rather than animal sense.
skeeter,9233377702,2010-02-17,@SkeeterHansen Thanks so much for the mention Skeeter!,15916406,mosquito,animals,casual_conversation,false,Handle/name/pet use rather than animal sense.
skeeter,9234065122,2010-02-17,"@Chantified Hi Chanty, Good morning and happy Wed. I hope you have a blessed day. Lets connect soon. Skeeter",17980871,mosquito,animals,commenting,false,
skeeter,9234186541,2010-02-17,"@mysimplepc Hi Gary, thanks for all the Rt's. You have a great day my friend, lets connect soon. Skeeter",17980871,mosquito,animals,commenting,false,
skeeter,9234256493,2010-02-17,"Hope everyone enjoyed their Mardi Gras. We're looking forward to our back to back AM appointments, and meeting Plum, Skeeter and Pep Pep.",14451829,mosquito,animals,commenting,false,
skeeter,9238433209,2010-02-17,"@stephdill haha, yeah I remember Bobby! I think his real muppet name is supposed to be Skeeter. P.S. What is ""PE""? Physical Education?",21258736,mosquito,animals,commenting,false,
skeeter,9464788109,2010-02-22,"@NotHarryJr I mean, more official than Rita Skeeter's article in the paper today.  I shudder to think how they got the photos.",63493914,mosquito,animals,commenting,false,
skeeter,9464862803,2010-02-22,"@LusciousM1954 Lessee, Batshit set a bridge on fire, skeeter molested percy and my kittehs saved him and now im drinking wif Dumbledore",115876094,mosquito,animals,commenting,false,
skeeter,9465574564,2010-02-22,@TakeaDTOR desk top head ass laptop head ass torpido head ass blasttttt offffff boi look lyke cuzin skeeter,109472807,mosquito,animals,commenting,false,
skeeter,9465939563,2010-02-22,""" skeeter frm doug lookin nigga """,103113745,mosquito,animals,television_reference,false,TV-title/character use rather than animal sense.
skeeter,9466429003,2010-02-22,"♫ There's a skeeter on your tweeter, smack it OFF ♫ I'm a start callin Twitter haters 'Skeeters'. Gotta get smacked OFF. Yup!",26440673,mosquito,animals,commenting,false,
skeeter,9467124877,2010-02-22,Hey @SlimGudz216 do u think @DUBO216 look like cuzn skeeter?? Or is it just me! & u kinda resemble Doug Funny! Ctfu ok I quit,58447167,mosquito,animals,television_reference,false,TV-title/character use rather than animal sense.
skeeter,9467190419,2010-02-22,Me & my drink #wegotogetherlike Albert & costello Magic & Kareem or Penn & Teller shit Kenan & Kel skeeter & Doug...yea like that!!!!,29442511,mosquito,animals,television_reference,false,TV-title/character use rather than animal sense.
skeeter,9467686821,2010-02-22,Nick needs to hurry up and release Cousin Skeeter on DVD. In all seriousness.,71930473,mosquito,animals,television_reference,false,TV-title/character use rather than animal sense.
skeeter,9467853372,2010-02-22,I still don't see why twiggas said I use to look like cousin skeeter!!!!,43373046,mosquito,animals,television_reference,false,TV-title/character use rather than animal sense.
skeeter,9469304809,2010-02-22,im netz &gt;&gt; Girls “End of the World” (Skeeter Davis Cover) http://bit.ly/an31RW,20060864,mosquito,animals,music_discussion,false,Proper-name artist use rather than animal sense.
skeeter,9595466885,2010-02-24,"MOYC Fundraiser ""Help Katy Hayes"" at Skeeter's in Kingwood, TX March 4 http://bit.ly/helpKatyHayes posted by @kingwoodtx #helpkatyhayes",16522995,mosquito,animals,commenting,false,
skeeter,9595510719,2010-02-24,Q:What was your favorite TV show as a child? A:Rugrats...Hey Arnold...Cousin Skeeter http://formspring.me/KingDre09/q/221267427,34794412,mosquito,animals,television_reference,false,TV-title/character use rather than animal sense.
skeeter,9595785776,2010-02-24,Ok I was Watchin Doug Last Night.. Nd #uEver Wonder Wat Race Skeeter Was.. Cuz I Could've Swore He was Black,72260868,mosquito,animals,television_reference,false,TV-title/character use rather than animal sense.
skeeter,9595886728,2010-02-24,RT @KevnGOTgroupies: Ok I was Watchin Doug Last Night.. Nd #uEver Wonder Wat Race Skeeter Was.. Cuz I Could've Swore He was Black,28498352,mosquito,animals,television_reference,false,TV-title/character use rather than animal sense.
skeeter,9596267773,2010-02-24,RT @CLTForSale: #Charlotte 2003 ZX 250 Skeeter bass boat (rutherfordton) $20000 http://bit.ly/c5WLXK #For #Sale #NC,74667731,mosquito,animals,advertising_spam,false,
skeeter,9596334197,2010-02-24,"RT @katrinazworld: 3 cartoon characters i'd let smash Skeeter from Doug, the grinch, and Milo from Pepper Ann----LMAO not HE-MAN",39725108,mosquito,animals,television_reference,false,TV-title/character use rather than animal sense.
skeeter,9596515685,2010-02-24,"RT @kikzaholic: if i fucked ya cousin and skeeted, would i b cousin skeeter",20552339,mosquito,animals,television_reference,false,TV-title/character use rather than animal sense.
skeeter,9596746838,2010-02-24,Chalkie wasRT @KevnGOTgroupies: Ok I was Watchin Doug Last Night.. Nd #uEver Wonder Wat Race Skeeter Was.. Cuz I Could've Swore He was Black,37748537,mosquito,animals,television_reference,false,TV-title/character use rather than animal sense.
skeeter,9596937257,2010-02-24,#NP 702 - STEELO . .  I MISS COUSIN SKEETER OHDEEE THOU . . THA WAS MY SHOWW,45453306,mosquito,animals,television_reference,false,TV-title/character use rather than animal sense.
skeeter,9597587959,2010-02-24,RT @Just_Syd #uever saw me and @SykoSyd drunk acting like steppers? Lmaoo #purecomedy &lt; funny shit wacka and cousin skeeter lmao jk,52768945,mosquito,animals,television_reference,false,TV-title/character use rather than animal sense.
skeeter,9679009716,2010-02-26,Taking a shower then headin out to make a snow family with my Skeeter & Scooter :) Can't wait!!!,18247500,mosquito,animals,commenting,false,
skeeter,9679718160,2010-02-26,"@willowstream Good morning Anne, Thanks for the tweets. I see you are in the spa business. You have a great weekend. Skeeter",17980871,mosquito,animals,commenting,false,
skeeter,9680578377,2010-02-26,@terrasworld @Joce_Joce The good Ol'days. Come to think of it. You two remind me of Cousin Skeeter and Pochahontas.,99162968,mosquito,animals,television_reference,false,TV-title/character use rather than animal sense.
skeeter,9680596682,2010-02-26,hey arnold...cousin skeeter all da throwback cartoons are all #thingswewantback,59289218,mosquito,animals,television_reference,false,TV-title/character use rather than animal sense.
skeeter,9680857541,2010-02-26,@SkeeterHansen Hi Skeeter (nice to see you visit here) and you're really talking to your friend Lois Geller,16224559,mosquito,animals,casual_conversation,false,Handle/name/pet use rather than animal sense.
skeeter,9681006304,2010-02-26,RT @JaSsmiiiNe: Follow my Skeeter!!!! --&gt; @TislarmB&lt;~~ pause,20893072,mosquito,animals,commenting,false,
skeeter,9683790523,2010-02-26,@missrerebaby I WILL SLAP THE TASTE OUT YO MOUTH SKEETER,90986261,mosquito,animals,commenting,false,
skeeter,9683999818,2010-02-26,#nowplaying The End Of The World by Skeeter Davis,44306849,mosquito,animals,music_discussion,false,Proper-name artist use rather than animal sense.
skeeter,9684443090,2010-02-26,#thingwewantback Cousin Skeeter,30550413,mosquito,animals,television_reference,false,TV-title/character use rather than animal sense.
skeeter,9684669215,2010-02-26,Skeeter Davis - End Of The World http://yes.com/~vNHY,29427092,mosquito,animals,music_discussion,false,Proper-name artist use rather than animal sense.
skeeter,9825635068,2010-03-01,@FlyBridges I SWEAR IF MUTHA FUCKAS UNFOLLOW ME BECAUSE OF DIS PIC IMA BE MAD AS SHIT.. IMA ROAST SKEETER PAN DOE..,28102108,mosquito,animals,commenting,false,
skeeter,9826254724,2010-03-01,"@SkeeterHansen Skeeter, thanks for all you do for others! Hope your day is great!",15916406,mosquito,animals,casual_conversation,false,Handle/name/pet use rather than animal sense.
skeeter,9827419030,2010-03-01,"Skeeter's never wrong! RT @SkeeterHansen: Check out & follow @markhundley...Speaker, Author, Psychotherapist, Life Transition Specialist",23139852,mosquito,animals,casual_conversation,false,Handle/name/pet use rather than animal sense.
skeeter,9827521503,2010-03-01,Just listed: 2006 Skeeter SK 190 http://tinyurl.com/yld8hnq used boats and more,106602256,mosquito,animals,advertising_spam,false,
skeeter,9827830183,2010-03-01,On the first day of MARCH it RAINED... Auntie Skeeter said it best... Im ready to recieve my blessings :),100413252,mosquito,animals,commenting,false,
skeeter,9828076672,2010-03-01,@SkeeterHansen tnx Skeeter. I appreciate the plug,14596145,mosquito,animals,casual_conversation,false,Handle/name/pet use rather than animal sense.
skeeter,9828183954,2010-03-01,"#kidmemories catch-a-girl get-a-girl (fast a**), n****  knock, hide'n'go seek, nickelodeon, cousin skeeter, the bomb pop man, penny candy",23414168,mosquito,animals,television_reference,false,TV-title/character use rather than animal sense.
skeeter,9829383791,2010-03-01,RT @lileddiehurdle Buff niggas aint in nomo. Yall stop tryna show off...!!!! Skinny niggas on deck!! &lt;gyab lookin like skeeter from doug,59625123,mosquito,animals,television_reference,false,TV-title/character use rather than animal sense.
skeeter,9830386799,2010-03-01,"@skeeterpan, why the choice of name?? is your real name skeeter? :)",110773331,mosquito,animals,commenting,false,
skeeter,10047679431,2010-03-05,@bad_skeeter sorry to hear things are not going too well. Also been dealing with some stuff too...but it can always be worse. Glad its not,15008659,mosquito,animals,commenting,false,
skeeter,10047779006,2010-03-05,"@PrettyBoyShiemz &lt; Look fake , you look drawn , Cousin Skeeter , Face from nickoloden, you look like the crazy nigga from shottas, Ty digs",80350580,mosquito,animals,television_reference,false,TV-title/character use rather than animal sense.
skeeter,10048298551,2010-03-05,RT @DrizzyDris25: #random i miss that show cousin skeeter.. dat was my nig.. back when meagan good was a nobody..-she still is,29413813,mosquito,animals,television_reference,false,TV-title/character use rather than animal sense.
skeeter,10048340308,2010-03-05,Shots for Skeeter 2nite! =) RT @HollywoodsWorld My hedgehog died today...I really dnt take death well @KillaCamilli buy me a drink!!!,45072398,mosquito,animals,commenting,false,
skeeter,10048520300,2010-03-05,R.I.P the bestest pet hedgehog ever Skeeter (aka Bitches aka Skeet Skeet Muthafucka)....we'll miss u!!!,45072398,mosquito,animals,commenting,false,
skeeter,10048640651,2010-03-05,"@Real_Skeeter nahh . . i forgot to ask about that . and yeah , ive got a whole wall imma hang posters and frame magazines/album covers on",29616405,mosquito,animals,commenting,false,
skeeter,10048746873,2010-03-06,"@Real_Skeeter yeeuh . i tear out the covers/pages , since the actual magazine aint worth shit . With album covers im making a collage",29616405,mosquito,animals,commenting,false,
skeeter,10048966436,2010-03-06,"@Real_Skeeter yeaah , as have i . im waiting until @CurrenSy_Spittas album to drop , and imma let that finish it .",29616405,mosquito,animals,commenting,false,
skeeter,10049026346,2010-03-06,Free breakfast and museum visits in Free Stuff Friday: Thanks to Cheap Eats for this next yummy freebie. If you join Skeeter's Mesquit...,79010447,mosquito,animals,commenting,false,
skeeter,10049070141,2010-03-06,"@Real_Skeeter Smooth stripes , Paper planes , Live Nights , and Teenage fame =  2010 in a nutshell . You smell .?",29616405,mosquito,animals,commenting,false,
skeeter,10408114843,2010-03-13,The high-pitched whiz of a skeeter in my ear - the reminder - #disease lingers in #Haiti - only a matter of time for many,73050109,mosquito,animals,commenting,false,
skeeter,10409370678,2010-03-13,"Twitter, twatter, tweeter, skeeter.",122577676,mosquito,animals,commenting,false,
skeeter,10409544620,2010-03-13,watching cousin skeeter,40494521,mosquito,animals,television_reference,false,TV-title/character use rather than animal sense.
skeeter,10409635156,2010-03-13,i forgot how ghetto Cousin Skeeter theme song was,40494521,mosquito,animals,television_reference,false,TV-title/character use rather than animal sense.
skeeter,10411001433,2010-03-13,@AmberNoRose naw im gud on da clubn... Popcorn koolaid n movie ova here n u noe wat FUK u with yo megan good from cousin skeeter lookn azz,80228887,mosquito,animals,television_reference,false,TV-title/character use rather than animal sense.
skeeter,10411414584,2010-03-13,#whoremembers cousin skeeter,75173270,mosquito,animals,television_reference,false,TV-title/character use rather than animal sense.
skeeter,10413186040,2010-03-13,RT @Quonito  iight cousin skeeter!! ..go smack slacker!!,51242434,mosquito,animals,television_reference,false,TV-title/character use rather than animal sense.
skeeter,10413701725,2010-03-13,Can a man be a squiter. Some young land called me that cause I produce more nut than normal. She called me skeeter pan,21789732,mosquito,animals,commenting,false,
skeeter,10413769151,2010-03-13,RT @Brooklynbrnboss: RT @Quonito  iight cousin skeeter!! ..go smack slacker!!....killl u look like lil bill like (cont) http://tl.gd/g4m7n,114663326,mosquito,animals,television_reference,false,TV-title/character use rather than animal sense.
skeeter,10413808979,2010-03-13,my boy skeeter goin in right now,47713002,mosquito,animals,commenting,false,
skeeter,11766162341,2010-04-07,"@rrickey having been skeeter-free downtown for the better part of 10 years, it's unexpected.",14324058,mosquito,animals,commenting,false,
skeeter,11766719406,2010-04-07,"today we have the nomad veg. burg, skeeter peak wrap (feta artichoke cream chz spread, red peps, lettuce and lemon vin dressing)",17823896,mosquito,animals,commenting,false,
skeeter,11767638386,2010-04-07,"This nigga said I look like Wendy, off the Wendy's sign! Hahahahaha OKAY I got you cousin skeeter",89826035,mosquito,animals,television_reference,false,TV-title/character use rather than animal sense.
skeeter,11768683162,2010-04-07,skeeter houses otherwise known as decorative birdhouses plant pokes sold & relisted http://bit.ly/bblAzl,17300243,mosquito,animals,commenting,false,
skeeter,11768714619,2010-04-07,@captain_fuck I remember them! They were dope and their song was turned into the Cousin Skeeter theme song!,24758397,mosquito,animals,television_reference,false,TV-title/character use rather than animal sense.
skeeter,11768975421,2010-04-07,RT @captain_fuck: @LiloNoni Cousin Skeeter!«Yup! Tht was the show! 90s kid tv was bomb,24758397,mosquito,animals,television_reference,false,TV-title/character use rather than animal sense.
skeeter,11769644399,2010-04-07,Haha wow RT @iStatusQueen #randomthought ...if you think about it...Pollen isn't anything bt flower sperm.....hmm talk about a messy skeeter,42791337,mosquito,animals,commenting,false,
skeeter,11769765540,2010-04-07,Skeeter Slap Herrrrrrrr Lmao,111487016,mosquito,animals,humor,true,
skeeter,11769795162,2010-04-07,I agree wit my wife skeeter and after runnnn,111487016,mosquito,animals,commenting,false,
skeeter,11770337917,2010-04-07,1998 Skeeter Great Fishing Or Hunting boat (vallejo benicia) $2200 http://twelio.com/o2xpbf #boats #sale,83790921,mosquito,animals,advertising_spam,false,
skeeter,11841647671,2010-04-08,"@letbake all that, kennan & kell, & my COUSIN SKEETER! omg #goodtimes :)",38918123,mosquito,animals,television_reference,false,TV-title/character use rather than animal sense.
skeeter,11841914562,2010-04-08,#mypornonameis Skeeter,30606883,mosquito,animals,commenting,false,
skeeter,11842071050,2010-04-08,RT @BrianBShynin: #mypornonameis Skeeter&lt; lol,23250396,mosquito,animals,humor,true,
skeeter,11842852523,2010-04-08,@MjShaw13 SKEETER!!!,36279397,mosquito,animals,commenting,false,
skeeter,11843727093,2010-04-08,Founders Al Ferretti and Skeeter Hansen Launch ... - PRLog (free press release): media marketing. “This is an incr... http://bit.ly/cpcBjE,38978753,mosquito,animals,commenting,false,
skeeter,11844814308,2010-04-08,#catrickpassels - When is the next big prank between skeeter and amir? - jakeandamir live on http://livestream.com/collegehumorcom,26298593,mosquito,animals,commenting,false,
skeeter,11845505247,2010-04-08,I used #Shazam to discover The End Of The World by Skeeter Davis http://www.shazam.com/music/web/track?id=48312051,19494831,mosquito,animals,music_discussion,false,Proper-name artist use rather than animal sense.
skeeter,11846803673,2010-04-08,JUx got thru watchnx cousin skeeter lx,76803295,mosquito,animals,television_reference,false,TV-title/character use rather than animal sense.
skeeter,11847356940,2010-04-08,While I prefer Julie London's cover of 'The end of the world' to Skeeter Davis' original.,2877,mosquito,animals,music_discussion,false,Proper-name artist use rather than animal sense.
skeeter,12047628222,2010-04-12,"#youremember kenan and kel, and cousin skeeter!?! Megan had that gap n her teeth lol but it was all good!!",73664598,mosquito,animals,television_reference,false,TV-title/character use rather than animal sense.
skeeter,12047634530,2010-04-12,"RT @Jceezy8sixty: #YouRemember legends of da hidden temple, ahhh real monsters, all that, pete and pete, cuzin skeeter, doug....",52546138,mosquito,animals,television_reference,false,TV-title/character use rather than animal sense.
skeeter,12047885670,2010-04-12,Click here to see photos of the Annual Skeeter Employee Tournament.  http://www.facebook.com/album.php?aid=20616&id=112541638760253,76765052,mosquito,animals,commenting,false,
skeeter,12048196034,2010-04-12,"that reminds me, I should do something with the skeeter pee.",6145322,mosquito,animals,commenting,false,
skeeter,12048359867,2010-04-12,@rob_holliday lol to funi I was jst thinkin bout u gotcha ;) skeeter has water worms and food so she should be good,104362539,mosquito,animals,humor,true,
skeeter,12048622343,2010-04-12,#YouRemember cousin skeeter came on nick at night,23232080,mosquito,animals,television_reference,false,TV-title/character use rather than animal sense.
skeeter,12048937506,2010-04-12,#iremember cousin skeeter,57838969,mosquito,animals,television_reference,false,TV-title/character use rather than animal sense.
skeeter,12049021907,2010-04-12,RT @Cuzo_Skeeter: Who else up here at tha skoolhouse?!?I aint bout 2 go home yet... In tha cafe wit my music...&lt;--go home loser,40387113,mosquito,animals,commenting,false,
skeeter,12049023876,2010-04-12,RT @too_thick_coop: #iremember cousin skeeter&lt;me 2,130725631,mosquito,animals,television_reference,false,TV-title/character use rather than animal sense.
skeeter,12049040267,2010-04-12,@Cuzo_Skeeter AHA I Had A Professor Like That. Just Had To Take Over In There. lol How Did You Do On The Quiz.?,27168627,mosquito,animals,humor,true,
skeeter,12611190997,2010-04-22,"Jenna Fisher (Pam from the office) in slither, ""Oh sorry there chief, there's a skeeter in here drivin' me bonkers!""",86474633,mosquito,animals,commenting,false,
skeeter,12611231308,2010-04-22,@TheJohnTucker u talkin to to Meagan Good & shit like the fuck is good w/ that u tryna be cousin skeeter & shit,22804650,mosquito,animals,television_reference,false,TV-title/character use rather than animal sense.
skeeter,12612532374,2010-04-22,@ChefKour oh i haven't even been keeping up...i hope Kat and Skeeter took care of it,71671245,mosquito,animals,commenting,false,
skeeter,12612597517,2010-04-22,"RT @Dis it just me, or does #drakesface look like skeeter's off doug!",74748652,mosquito,animals,television_reference,false,TV-title/character use rather than animal sense.
skeeter,12613550256,2010-04-22,@Cuzo_Skeeter loser what pic editor u got on yo phone,23723384,mosquito,animals,commenting,false,
skeeter,12613686391,2010-04-22,@Cuzo_Skeeter fine Sucker,23723384,mosquito,animals,commenting,false,
skeeter,12614085281,2010-04-22,CousiN Skeeter playin games... I'm tryna get these OState Maxes II go wit my OState Bball Shorts,91492216,mosquito,animals,television_reference,false,TV-title/character use rather than animal sense.
skeeter,12614592656,2010-04-22,"Said Meagan Good when she was on Cousin Skeeter, she got lame with Fame lol wow",63786766,mosquito,animals,television_reference,false,TV-title/character use rather than animal sense.
skeeter,12614716169,2010-04-22,"RT @Desithestar: Said Meagan Good when she was on Cousin Skeeter, she got lame with Fame lol wow « #DEAD",74296938,mosquito,animals,television_reference,false,TV-title/character use rather than animal sense.
skeeter,12614786292,2010-04-22,#90stvshow Cousin Skeeter,64324864,mosquito,animals,television_reference,false,TV-title/character use rather than animal sense.
skeeter,12893749753,2010-04-26,Chillin wiff my niqqas in mrs.holland class.textually activee wiff my niqqa skeeter.ready teww qo teww 5th period.hit me upp.,71694191,mosquito,animals,commenting,false,
skeeter,12896091618,2010-04-26,@Quitty1 You wackkkk. Stop talking Lil Skeeter looking ass,27501013,mosquito,animals,commenting,false,
skeeter,12896920405,2010-04-26,RT @QuayyVaOnDemand: @Quitty1 You wackkkk. Stop talking Lil Skeeter looking ass«word Stewie lil sister throwin shots 2day,42747737,mosquito,animals,commenting,false,
skeeter,12898182620,2010-04-26,LOL BOOO u so cornyyyy RT @Quitty1: RT @QuayyVaOnDemand: @Quitty1 You wackkkk. Stop talking Lil Skeeter looking (cont) http://tl.gd/11kilf,27501013,mosquito,animals,humor,true,
skeeter,12898611895,2010-04-26,Skeeter Senses: Sweating it out to find a new mosquito repellant. http://ow.ly/1DhVu,24235302,mosquito,animals,commenting,false,
skeeter,12899063127,2010-04-26,#classicshows cousin skeeter,26674011,mosquito,animals,television_reference,false,TV-title/character use rather than animal sense.
skeeter,12899128520,2010-04-26,RT @_IWINULOSE: #classicshows cousin skeeter,38553843,mosquito,animals,television_reference,false,TV-title/character use rather than animal sense.
skeeter,12899248064,2010-04-26,I miss the #classicshows RT @_IWINULOSE: #classicshows cousin skeeter,41927175,mosquito,animals,television_reference,false,TV-title/character use rather than animal sense.
skeeter,12899301489,2010-04-26,RT @SimpleJames: RT @_IWINULOSE: #classicshows cousin skeeter,108234500,mosquito,animals,television_reference,false,TV-title/character use rather than animal sense.
skeeter,13595149271,2010-05-08,relocated temporarily west with a very sloooooooow little pooter. and missing my skeeter. air travel: overrated.,15423691,mosquito,animals,commenting,false,
skeeter,13595256174,2010-05-08,Skeeter is the homie. @iPikMyNoseOnKam,22565245,mosquito,animals,commenting,false,
skeeter,13595311064,2010-05-08,"@iPikMyNoseOnKam eyy! thass my shit, &&' pipi longstockins, my cousin skeeter &&' the weekenders. lol what you know about that?",108072068,mosquito,animals,television_reference,false,TV-title/character use rather than animal sense.
skeeter,13595697794,2010-05-08,"We are sitting here listening to Music havin a couple of drinks and laughing our butts off,talkin Nascar,etc!@Skeeter_Marie is my fiance!",70249077,mosquito,animals,commenting,false,
skeeter,13596165513,2010-05-08,"#FF @tobychristie70  @SD80MAC @Skeeter_Marie @TrackSmackNet  @TheLeadLap  and everyone else who follows me,all good ppl,Nascar fans,etc",70249077,mosquito,animals,commenting,false,
skeeter,13596523803,2010-05-08,"Features: Meet Skeeter, a playful papillon: Skeeter is the pet of Deonia Copeland. http://bit.ly/9S66xT",14834379,mosquito,animals,commenting,false,
skeeter,13596845163,2010-05-08,@MsElvisFrshly yeah but Skeeter was a nigga tho just hung with the white boy doug,25150064,mosquito,animals,television_reference,false,TV-title/character use rather than animal sense.
skeeter,13596862184,2010-05-08,@RealJahStreetz skeeter was a nigga,25150064,mosquito,animals,commenting,false,
skeeter,13597042840,2010-05-08,someone said skeeters was biting their balls so i said they had skeeter balls tell me if u  have had skeeter balls,124384928,mosquito,animals,commenting,false,
skeeter,13599653708,2010-05-08,Holy cow the kid from Cousin Skeeter is in this week's episode of NCIS. That's a surreal thing to see on a Saturday,91580695,mosquito,animals,television_reference,false,TV-title/character use rather than animal sense.
skeeter,14537057135,2010-05-23,"@dmcox hey! your itchy gel came in handy again, thx! got a skeeter bite the other day that was driving me nuts and used the gel!",4958911,mosquito,animals,commenting,false,
skeeter,14538271786,2010-05-23,RT @skeeter_dope28 so what is the top played song on your itunes? - FDM x Nothing,47385498,mosquito,animals,commenting,false,
skeeter,14538538219,2010-05-23,Morrissey! Morrissey!!! Skeeter!! Haha!,20300541,mosquito,animals,commenting,false,
skeeter,14539888247,2010-05-23,I think I'm going to watch cousin skeeter episodes on youtube...,103957098,mosquito,animals,television_reference,false,TV-title/character use rather than animal sense.
skeeter,14540052868,2010-05-23,Meagan Good was soooooooooo weak on cousin skeeter.....she could've still gotten the cack tho.,103957098,mosquito,animals,television_reference,false,TV-title/character use rather than animal sense.
skeeter,14540085501,2010-05-23,I just got skeeter on by this fenis.  http://twitpic.com/1q94qg,19610463,mosquito,animals,commenting,false,
skeeter,14540421434,2010-05-23,hahaha skeeter bug !! RT @shiggz Had a blast with my skeeter bug @princessjasminn lmao,55490422,mosquito,animals,humor,true,
skeeter,14540732009,2010-05-23,"LDRS Rocket Inventory: High Power: Squat, 3"" Goblin, & Monster Snitch (all ready). Night flier: Night Skeeter (in .. http://htxt.it/l/VGUKIL",17937402,mosquito,animals,commenting,false,
skeeter,14541614606,2010-05-23,anybody remember the name of cousin skeeter cousin? #randomtweet,62375526,mosquito,animals,television_reference,false,TV-title/character use rather than animal sense.
skeeter,14542871887,2010-05-23,RT @jadasurismom: @UrManzFav_Perv &lt;what happened«just had to fuck skeeter up lmao nd when u come in grab my (cont) http://tl.gd/1eh0ql,99248751,mosquito,animals,humor,true,
skeeter,15023626449,2010-05-30,@Skeeter_Nawg LMAO at @NAWGAHYDE video!!!,110500685,mosquito,animals,humor,true,
skeeter,15025225651,2010-05-30,@imsojazzy91.U realy need to.Cuz I bet you if dey did. it wuld have hela ppl watchn itCuz I knw I stil b watchn cousin skeeter on my vhs lol,135018163,mosquito,animals,television_reference,false,TV-title/character use rather than animal sense.
skeeter,15027195017,2010-05-30,@JamaicanHoney lmao ok skeeter,25183507,mosquito,animals,humor,true,
skeeter,15029019564,2010-05-30,"The End Of the World, Skeeter Davis ♫ http://blip.fm/~r943u",16894338,mosquito,animals,music_discussion,false,Proper-name artist use rather than animal sense.
skeeter,15029283865,2010-05-30,"@ashwinpande With all the talking to ""Doug"", I'm imagining that it's Skeeter saying all this. #doug #beets",36637946,mosquito,animals,television_reference,false,TV-title/character use rather than animal sense.
skeeter,15031084963,2010-05-30,From the blog: Skeeter playing at the pb hole 6-Aetna http://tinyurl.com/367dpx2,146378368,mosquito,animals,commenting,false,
skeeter,15031601341,2010-05-30,@DrekBoyd boy get us beat up cousin skeeter looking ass on.,123130115,mosquito,animals,television_reference,false,TV-title/character use rather than animal sense.
skeeter,15033991146,2010-05-30,"I wanna watch rugrats, cousin skeeter, and the wild thornberrys. If I had that ish on dvd I'd be watchin it n blowin treese",22503993,mosquito,animals,television_reference,false,TV-title/character use rather than animal sense.
skeeter,15034187816,2010-05-30,"RT @MidwestBadGirl: I wanna watch rugrats, cousin skeeter, and the wild thornberrys. If I had that ish on dvd (cont) http://tl.gd/1iop1o",54346056,mosquito,animals,television_reference,false,TV-title/character use rather than animal sense.
skeeter,15035798280,2010-05-30,Skeeter&#39;s Fine Crafts: Tips from Toe Buddy &quot;Keeping your toes pretty!&quot; http://surl.name/2j3b,116078213,mosquito,animals,commenting,false,
skeeter,16008292800,2010-06-12,RT @Pierre_INCT_ niggas said: skeeter u be givin bitches ur all... u dumb ass hell..&gt;&gt; I hate when my niggas is right /// #Subtweet,32343845,mosquito,animals,commenting,false,
skeeter,16008307852,2010-06-12,Default4Default(: Mayneeee i haven&#39;t seeen my cousin Skeeter in yearsss xD,94081667,mosquito,animals,television_reference,false,TV-title/character use rather than animal sense.
skeeter,16008686312,2010-06-12,@Silver_Skeeter Lol Oh for real? Miss me?,98022503,mosquito,animals,humor,true,
skeeter,16009657348,2010-06-12,@Silver_Skeeter x] Aww I miss yooh too shmexy! How's your vaca so far,98022503,mosquito,animals,commenting,false,
skeeter,16010585063,2010-06-12,@Silver_Skeeter Thanks for clearing that up!LOL it sound crazy on tv!,19349514,mosquito,animals,humor,true,
skeeter,16010930535,2010-06-12,@Silver_Skeeter Lol. Nope! You're going to have to wait until september! :),98022503,mosquito,animals,humor,true,
skeeter,16011844237,2010-06-12,@Silver_Skeeter how about u come 2 btree!,31251911,mosquito,animals,commenting,false,
skeeter,16011921673,2010-06-12,@Silver_Skeeter ayeeeee that party lastnight,27528196,mosquito,animals,commenting,false,
skeeter,16013469196,2010-06-12,"#wheniwaslittle Nickelodeon had good shows like Clarissa explains it all, hey Arnold, All That, Cousin Skeeter, Taina etc...good ole times",119591355,mosquito,animals,television_reference,false,TV-title/character use rather than animal sense.
skeeter,16282173131,2010-06-16,"and was i the only one who felt that skeeter was jiggaboo coon...i mean he rapped on sight, was blue, daddy was mean as hell, had a big nose",28113308,mosquito,animals,commenting,false,
skeeter,16282500606,2010-06-16,@Skeeter_94 lol shut up.....u the one that need 2 b sleep,111956383,mosquito,animals,humor,true,
skeeter,16283073175,2010-06-16,@SkeeterWurld808 hello skeeter I think you forgot to click the follow Tra'Nisha B. Button lol,38609797,mosquito,animals,humor,true,
skeeter,16283416273,2010-06-16,@ChristieDuPree Maybe its not really a beetle but actually Rita Skeeter...,29787851,mosquito,animals,commenting,false,
skeeter,16283548701,2010-06-16,#NowFollowin my buddy =======&gt;@skeeter_dope28&lt;====#TeamFollowBack How u been sweetie havent talke 2 u in a min hope all is well wit u,155928672,mosquito,animals,commenting,false,
skeeter,16283719840,2010-06-16,@skeeter_dope28 Thats whats up how u n the MRS. doing n how was your school year 4 ya,155928672,mosquito,animals,commenting,false,
skeeter,16284252104,2010-06-16,#HoesOnMyDick cuz i look like cousin skeeter,24614800,mosquito,animals,television_reference,false,TV-title/character use rather than animal sense.
skeeter,16284622830,2010-06-16,"Meagan Good, I like her and all but she is only good for old school tv shows like Cousin Skeeter. Lol.",29092695,mosquito,animals,television_reference,false,TV-title/character use rather than animal sense.
skeeter,16284962316,2010-06-16,"#random but skeeter from doug was a black guy. i mean he rapped on sight, was blue, his daddy was mean as hell, and he had a big nose.",38885912,mosquito,animals,television_reference,false,TV-title/character use rather than animal sense.
skeeter,16285336789,2010-06-16,Man ... I really really Miss Ron... #Skeeter!!,67650117,mosquito,animals,commenting,false,
skeeter,18003096190,2010-07-08,RT @Bree_Spells: RT @nayriceEmani: @ClarkDinkins89 nah...that's you and skeeter lol&lt;skeeter be sleep! Lmao,113226618,mosquito,animals,humor,true,
skeeter,18003112417,2010-07-08,"'She won't knock, won't ring no bells. Just float that 'skeeter' up in the air. Patty's home'. #NickelodeonAfterDark",129281888,mosquito,animals,commenting,false,
skeeter,18003180934,2010-07-08,@CornchipCoffee Bats are awesome. They are the ultimate skeeter-eaters.,21569189,mosquito,animals,commenting,false,
skeeter,18003183997,2010-07-08,RT @MrNikeTee:A friend of mine inspired me to be skeeter valentine for halloween lol&gt;&gt; YAY!!! we all should the be cast of doug lmao,24768423,mosquito,animals,television_reference,false,TV-title/character use rather than animal sense.
skeeter,18003261705,2010-07-08,RT: @MrNikeTee A friend of mine inspired me to be skeeter valentine for halloween lol &lt;&lt; mayne that used 2 be the show ! #onesaturdaymorning,23510711,mosquito,animals,humor,true,
skeeter,18003371428,2010-07-08,.@wanderlust6 Nahmean?! Her and dude from Cousin Skeeter JUST had they first kiss,111354044,mosquito,animals,television_reference,false,TV-title/character use rather than animal sense.
skeeter,18003657892,2010-07-08,"@gmillzstayfly lmao, yeah yeah. So I've been told skeeter",54146880,mosquito,animals,humor,true,
skeeter,18004168314,2010-07-08,RT @Silver_Skeeter: RT @NateThellen2 RT @3rdworldBhavior: Attn: all those who thought (hoped) that the Celtics would fall apart -suck it.,155626792,mosquito,animals,commenting,false,
skeeter,18004538761,2010-07-08,same reason a parent would name their son skeeter RT @vicbamBam    Why would a parent ever name their daughter Mona?,33338584,mosquito,animals,commenting,false,
skeeter,18004925622,2010-07-08,@Silver_Skeeter melo isn't going there. nuggets aren't gonna let that happen,22583263,mosquito,animals,commenting,false,
skeeter,19545068198,2010-07-26,"Rt @STR8JACKET_AVE #UnsolvedMysteries WHY DID THEY TAKE ""COUSIN SKEETER"" OFF OF T.V??_ (smh THAT WAS MY SHIT LOL) - O U 2 !!",37777918,mosquito,animals,television_reference,false,TV-title/character use rather than animal sense.
skeeter,19545176873,2010-07-26,"@printgirl08 nothing beats a vodka gimlet( whatever that is) consumed with the aroma of citronella all around..well, unless yer a skeeter..",128106178,mosquito,animals,commenting,false,
skeeter,19545240006,2010-07-26,"RT @BedroomBodyRae_ Rt @STR8JACKET_AVE #UnsolvedMysteries WHY DID THEY TAKE ""COUSIN SKEETER"" OFF OF T.V??_(smh THAT WAS MY SHIT LOL)-O U 2!!",70217948,mosquito,animals,television_reference,false,TV-title/character use rather than animal sense.
skeeter,19545404316,2010-07-26,"i Fcks w| The OlD B.E.T ; && The OlD TeenNick .. Amanda Show , All That , Cousin Skeeter , Type Shit !",37777918,mosquito,animals,television_reference,false,TV-title/character use rather than animal sense.
skeeter,19545828321,2010-07-26,Photo: Remember in Muppet Babies Scooter had a twin sister Skeeter? Apparently she’s back in some new Muppets... http://tumblr.com/xtve7u5z9,14761259,mosquito,animals,commenting,false,
skeeter,19545987300,2010-07-26,these damn skeeter bites are killing me . erghh i better not break out :[  . shower numero dos cause i'm itchy .,128087925,mosquito,animals,commenting,false,
skeeter,19546028522,2010-07-26,"""glock 10 ill have you lookin like cousin skeeter"" -Lil B",146745658,mosquito,animals,television_reference,false,TV-title/character use rather than animal sense.
skeeter,19547056026,2010-07-26,"@buzzardbob theres a skeeter on my peter whack it off, whack it off. Theres a dozen on my cousin you can hear them bastards buzzin..",71897057,mosquito,animals,commenting,false,
skeeter,19548372349,2010-07-26,"listening to ""Chicken Wilson &amp; Skeeter Hinton Myrtle Avenue Stomp"" ♫ http://blip.fm/~u07pq",43335098,mosquito,animals,commenting,false,
skeeter,19548974600,2010-07-26,"RT @jonathansh3lton: Here's one that slipped by Skeeter the vigilant proofreader at Wrangler, Inc.   http://yfrog.com/jkyicj",14211378,mosquito,animals,commenting,false,
skeeter,19815736354,2010-07-29,I hate rita skeeter! Lmfao,109199484,mosquito,animals,commenting,false,
skeeter,19819416485,2010-07-29,#NiggazDontRemember: Cousin Skeeter,28184158,mosquito,animals,television_reference,false,TV-title/character use rather than animal sense.
skeeter,19819639740,2010-07-29,“@babyfromthe80s: #NiggazDontRemember: Cousin Skeeter”&lt;---who dont remember my son kousin skeeter,28592093,mosquito,animals,television_reference,false,TV-title/character use rather than animal sense.
skeeter,19820580079,2010-07-29,Machine Head and iced coffe. I got skeeter bites all over my legs. #ihatesummer sup@jaybirdsworld,98438793,mosquito,animals,commenting,false,
skeeter,19821189991,2010-07-29,Was watching cartoons just a while ago. What happened to the good shit.  Doug and hey Arnold.  And my brother and me. And cousin skeeter.,132577658,mosquito,animals,television_reference,false,TV-title/character use rather than animal sense.
skeeter,19822770526,2010-07-29,@mond105 @skeeter @Improbableodds @caroleinfl Good morning Skeet have fun Mond and Improb enjoy work and I am going for intervew shortley !!,134978649,mosquito,animals,commenting,false,
skeeter,19822829519,2010-07-29,@skeeter226 Morning skeeter-know u r excited. Sent you a message.You be carelful and have fun. @TaylorRHicks @Lillmbo Soul patrol on the way,48202830,mosquito,animals,commenting,false,
skeeter,19823396450,2010-07-29,Lol he'll yeahRT @babyfromthe80s: #NiggazDontRemember: Cousin Skeeter,27163527,mosquito,animals,television_reference,false,TV-title/character use rather than animal sense.
skeeter,19825164381,2010-07-29,Fox 2 news just played the cousin skeeter theme song as their background music Lmao,95969820,mosquito,animals,television_reference,false,TV-title/character use rather than animal sense.
skeeter,20278062954,2010-08-04,NOTE TO SELF: draw Skeeter @Avenkuroe's on the flight tomorrow.,123763308,mosquito,animals,commenting,false,
skeeter,20279830603,2010-08-04,"I used to have a big crush on Meghan Goode when she was on ""Cousin Skeeter"" #the90s",114886151,mosquito,animals,television_reference,false,TV-title/character use rather than animal sense.
skeeter,20280860047,2010-08-04,Skeeter @YFN_GUDDA,116870022,mosquito,animals,commenting,false,
skeeter,20281146332,2010-08-04,OMG I'm being eaten alive by some kind of skeeter in here! I have like 4 bites...grahhhh! *itchy dance*,15478999,mosquito,animals,commenting,false,
skeeter,20281275183,2010-08-04,I wish I had Rita Skeeter's magical quil so it could write up this damned assignment for me.,74407102,mosquito,animals,commenting,false,
skeeter,20282369708,2010-08-04,@onlyvicky yu didnt like skeeter?,66754261,mosquito,animals,commenting,false,
skeeter,20282505441,2010-08-04,#np: cousin skeeter theme song :),135023757,mosquito,animals,television_reference,false,TV-title/character use rather than animal sense.
skeeter,20282906968,2010-08-04,City seeks skeeter-control program changes - http://fwix.com/a/73_d0347335c3,105275628,mosquito,animals,article_sharing,false,Linked news share about skeeter-control program changes.
skeeter,20283247551,2010-08-04,City seeks skeeter-control program changes: The City of Winnipeg has filed its application for change.. http://bit.ly/d6FZOa #winnipeg,17164841,mosquito,animals,commenting,false,
skeeter,20285193811,2010-08-04,"Skeeter in action
http://www.southpark.de/clips/sp_vid_151316/ http://fb.me/EvYp0Gur",57722747,mosquito,animals,commenting,false,
skeeter,20498920716,2010-08-06,RT @MaJor_M Really twitter who looks better lauren london or meagan good?????? -- Meagan Good Since Cousin Skeeter !,26633004,mosquito,animals,television_reference,false,TV-title/character use rather than animal sense.
skeeter,20499040041,2010-08-06,#agreed RT @GodChild_Jiggz: RT @MaJor_M Really twitter who looks better lauren london or meagan good????--Meagan Good Since Cousin Skeeter !,73316031,mosquito,animals,television_reference,false,TV-title/character use rather than animal sense.
skeeter,20499450092,2010-08-06,New Skeeter Fish And Ski - http://bit.ly/do3j6Z #tags,175433315,mosquito,animals,commenting,false,
skeeter,20499451106,2010-08-06,Like New Skeeter Bass Fishing Boat Zx250 - http://bit.ly/cr04Bl #tags,175433315,mosquito,animals,commenting,false,
skeeter,20499451839,2010-08-06,2008 Skeeter Sx 180 Is In Like New Condition - http://bit.ly/aw3ZAB #tags,175433315,mosquito,animals,commenting,false,
skeeter,20500060216,2010-08-06,"watching rugrats.!!!! soooo happy, now all they need is cousin skeeter.!",175469215,mosquito,animals,television_reference,false,TV-title/character use rather than animal sense.
skeeter,20500169181,2010-08-06,@ojesed_ Rita Skeeter.,173687100,mosquito,animals,commenting,false,
skeeter,20500884470,2010-08-06,"There's a skeeter in my apt, and he done bit me ugh!!!!!",102602737,mosquito,animals,commenting,false,
skeeter,20502694234,2010-08-06,WON - Rita Skeeter,64781558,mosquito,animals,commenting,false,
skeeter,20502917885,2010-08-06,1999 Skeeter Bass Boat Skeeter Boat Zx202c Dual Console - http://bit.ly/9LcKud #tags,175433315,mosquito,animals,commenting,false,
skeeter,20660419622,2010-08-08,A Miracle for Skeeter - Loving Cat Needs a New Home on eBay Classifieds Miami http://miami.ebayclassifieds.com/v/5188443 #eBayClassifieds,12657772,mosquito,animals,commenting,false,
skeeter,20661106535,2010-08-08,"danq i miss old shows like all that,cousin skeeter and keenan&kel
All Alone",125454253,mosquito,animals,television_reference,false,TV-title/character use rather than animal sense.
skeeter,20661208884,2010-08-08,More action from http://skeeter.whowants.it/. I want this!!!! : Weather Station with Thermom... from @FindPerfectGift,89688671,mosquito,animals,advertising_spam,false,Gift/product listing link.
skeeter,20661296506,2010-08-08,Yup! That's what I always thought too! Hahaha RT @FoxytheHousecat: @biancacerise he said skeeter was secretly black!!!! Lmao!!!!,26057344,mosquito,animals,humor,true,
skeeter,20662821487,2010-08-08,@RxDeHart it's a skeeter hotspot,30871298,mosquito,animals,commenting,false,
skeeter,20663796387,2010-08-08,"I spent time with Skeeter, a beagle/dachshund yesterday--he rocks! Playful & sweet. Loves cuddling. Check him out: http://ht.ly/2mH3c #pets",50335366,mosquito,animals,commenting,false,
skeeter,20664290190,2010-08-08,"I'm at Skeeter Barnes in Kearney, NE http://gowal.la/r/21v4Z",76514895,mosquito,animals,commenting,false,
skeeter,20664860493,2010-08-09,@ButtaFlyyBeauty damn wat are you doin to get that many skeeter bites,26431200,mosquito,animals,commenting,false,
skeeter,20665109259,2010-08-09,Miami: A Miracle for Skeeter - Loving Cat Needs a New Home - Free (Miami) http://bit.ly/asDbFj #eBC #Pets,126785376,mosquito,animals,commenting,false,
skeeter,20667235765,2010-08-09,@iSHMAEl_PAiD I told you me and skeeter went thursday?,24471197,mosquito,animals,commenting,false,
skeeter,22170848079,2010-08-26,DC Skeeter Full-Zip Hooded Reversible Sweatshirt - Men's - $26.99 - 60% off. http://bit.ly/cdwhiskeymil,137877728,mosquito,animals,commenting,false,
skeeter,22171178150,2010-08-26,Me & Skeeter tried to catch u b4 u left last night&lt;=RT @willpowerpacker: What a night last night. ATL Premiere was the BEST yet!! #TAKERS,17930529,mosquito,animals,commenting,false,
skeeter,22171586394,2010-08-26,"[Whiskey Militia] DC Skeeter Full-Zip Hooded Reversible Sweatshirt - Men's - $26.99 (Reg. $67.95): 
							
      ... http://bit.ly/beLyuY",18016033,mosquito,animals,advertising_spam,false,Product listing link.
skeeter,22172141255,2010-08-26,Kat Stacks looks like Skeeter from the Doug cartoon,45639331,mosquito,animals,television_reference,false,TV-title/character use rather than animal sense.
skeeter,22173590852,2010-08-26,@Skeeter_Fly no sweetie its still trending,26151697,mosquito,animals,commenting,false,
skeeter,22178737658,2010-08-26,@lilduval aye u lil cousin skeeter lookin muh fuka... #FollowMeNigga,171232613,mosquito,animals,television_reference,false,TV-title/character use rather than animal sense.
skeeter,22179012534,2010-08-26,2006 Skeeter 18FT SX190 Bass Boat (Arenzville) - $6770 http://tinyurl.com/2bn7t2s,138211817,mosquito,animals,commenting,false,
skeeter,22179067391,2010-08-26,CLICK FOR DETAILS &gt;&gt; http://schmap.it/ct7sy4 HAPPY HOUND WINE & LIQUORS OFFICIAL PENNY DROP OFF SITE FOR SKEETER BEATERS &lt;&lt; PLEASE RT,124513780,mosquito,animals,commenting,false,
skeeter,22182619595,2010-08-26,i got a skeeter bite on my 3rd toe =-(,81001573,mosquito,animals,commenting,false,
skeeter,22183173182,2010-08-26,Idk y that's hella funny how u said it! But I'm laffn. Sry! Lol RT @LacyB28 i got a skeeter bite on my 3rd toe =-(,42719451,mosquito,animals,humor,true,
skeeter,22495426419,2010-08-30,RT @NEily0: @JO_nii I'm sure u remember your role in cousin skeeter this is u at ur prime  http://tweetphoto.com/42289901&lt;lmaooooo,24610030,mosquito,animals,television_reference,false,TV-title/character use rather than animal sense.
skeeter,22495479944,2010-08-30,@friedriches uncle skeeter & skeeticus,21055716,mosquito,animals,commenting,false,
skeeter,22496419287,2010-08-30,"Skeeter buzzing arnd my lamp has now landed on the repellent on my desk & is staring at me, as if to say he'll always be king no matter what",45196534,mosquito,animals,self_description,false,Immediate first-person description of a skeeter buzzing around the lamp.
skeeter,22496522040,2010-08-30,cheeln with bryan skeeter.,168613910,mosquito,animals,commenting,false,
skeeter,22496847531,2010-08-30,@skeeter_dope28 it was okay how was ures,178845904,mosquito,animals,commenting,false,
skeeter,22497827848,2010-08-30,"My best friend lost her cat to lymphoma this weekend. He was such a sweetheart. RIP Skeeter. Now everyone, go home and hug your pet.",162132371,mosquito,animals,commenting,false,
skeeter,22498326741,2010-08-30,Why is my brother listening to the theme song for cousin skeeter lol,77275847,mosquito,animals,television_reference,false,TV-title/character use rather than animal sense.
skeeter,22499729788,2010-08-30,LOL. Watching a Fairies little toon. A ladybug's named Skeeter (x,46565523,mosquito,animals,casual_conversation,false,Proper-name/nickname use rather than animal sense.
skeeter,22500762467,2010-08-30,Click For Details --&gt; http://schmap.it/ct7sy4 HAPPY HOUND WINE & LIQUORS OFFICIAL PENNY DROP OFF SITE FOR SKEETER BEATERS,124513780,mosquito,animals,commenting,false,
skeeter,22502613983,2010-08-30,#Walt Cousin Skeeter lookin assGeorge Bush hairlineJazzy Jeff lookin ass,108178808,mosquito,animals,television_reference,false,TV-title/character use rather than animal sense.
skeeter,22805419989,2010-09-02,"Patti Mayonnaise played a bunch of sports, then Skeeter said ""honk honk"" #andthenihitmydoug",5529402,mosquito,animals,television_reference,false,TV-title/character use rather than animal sense.
skeeter,22805569237,2010-09-02,I beat my skeeter #andthenihitmydougie,177485593,mosquito,animals,television_reference,false,TV-title/character use rather than animal sense.
skeeter,22806036736,2010-09-02,"After getting mad that I wouldn't let him buy a game from the App store Gavin said to me, ""quit being a skeeter Chauncey Billups."". WTF?!?!",19718219,mosquito,animals,commenting,false,
skeeter,22811217696,2010-09-02,@skeeter_dope28 its okay . Becuz I had to have it done b4 today because of school,172505079,mosquito,animals,commenting,false,
skeeter,22811319489,2010-09-02,@MeredithBklyn And now I'm obsessed with coming up with the perfect cast. Wouldn't Chloe Sevigny be awesome as Skeeter?,23104258,mosquito,animals,commenting,false,
skeeter,22811784446,2010-09-02,@JenDienst Emma Stone is playing Skeeter. I don't get it either. http://www.imdb.com/title/tt1454029/,172952784,mosquito,animals,commenting,false,
skeeter,22812061915,2010-09-02,"@Cuzn_Skeeter @YungTynf fuck with the money it get ugly like(insert name) lol
Ru Paul lmaoo",23709375,mosquito,animals,humor,true,
skeeter,22813101895,2010-09-02,Throw me one in there 2! “@skeeter_dope28: imma pray for her... she needs it.”,112586741,mosquito,animals,commenting,false,
skeeter,22813218420,2010-09-02,"Seriously, why hasn't Bill Bellamy been tried for War Crimes for his role in the production of Cousin Skeeter?",24326012,mosquito,animals,television_reference,false,TV-title/character use rather than animal sense.
skeeter,22813975111,2010-09-02,RT @Skeeter_Nawg: killer photo shoot last night w/our fav photog' @labargephoto,18962844,mosquito,animals,commenting,false,
skeeter,23948354755,2010-09-08,RT @skeeter_dope: this is gonna be a long semester in this class brah!! this hoe is rude as shit! Dick slap dat hoe,179989167,mosquito,animals,commenting,false,
skeeter,23948361520,2010-09-08,@damnsonitspeter good looks young skeeter!,37277792,mosquito,animals,commenting,false,
skeeter,23948604618,2010-09-08,@andreadisaster Wouldn't Skeeter on muppet babies say that?  Goody goody gumdrops?,15715545,mosquito,animals,commenting,false,
skeeter,23949546851,2010-09-08,@skeeter_dope. Lol sorry,179989167,mosquito,animals,humor,true,
skeeter,23950660886,2010-09-08,Skeeter renews its partnership of BASS fishing tournaments ...: Bass fishing boat manufacturer Skeeter Boats has a... http://bit.ly/b6Kzmb,93975170,mosquito,animals,advertising_spam,false,
skeeter,23950850407,2010-09-08,RT @itsbabysupahead: luuuuv skeet in my face! are u kidding just call me skeeter!...u be clowin,87439641,mosquito,animals,commenting,false,
skeeter,23952598129,2010-09-08,@bless_jem. Aight i'm just playing with this cousin skeeter look alike,33180550,mosquito,animals,television_reference,false,TV-title/character use rather than animal sense.
skeeter,23953599709,2010-09-08,@Skeeter_Ray1017 boy stop posting that video mess,28729151,mosquito,animals,commenting,false,
skeeter,23953697930,2010-09-08,@skeeter_dope. Lol I'm not lol,179989167,mosquito,animals,humor,true,
skeeter,23954291990,2010-09-08,You look like Cousin Skeeter boy,64625238,mosquito,animals,television_reference,false,TV-title/character use rather than animal sense.
skeeter,24070935904,2010-09-10,@iReneePiink Lmao I said him cause my hair was curly. But I did look like Cousin Skeeter,19057981,mosquito,animals,television_reference,false,TV-title/character use rather than animal sense.
skeeter,24071829554,2010-09-10,"lik legends of da hidden temple, my brotha & me, all that, are u afraid of da dark, my cousin skeeter (wen megan good had fuckd up teeth) ?",78150099,mosquito,animals,television_reference,false,TV-title/character use rather than animal sense.
skeeter,24073255409,2010-09-10,RT @otokoyaku: UTENA IS DOUG FUNNIE ANTHY IS SKEETER VALENTINE CHUCHU IS PORKCHOP YOU CAN'T UNSEE IT. #wearewatchingUtenabtw,16974648,mosquito,animals,television_reference,false,TV-title/character use rather than animal sense.
skeeter,24073880346,2010-09-10,A mosquito landed on my cleavage and I instinctively slapped it as hard as I could. Hand print on boob = ouch. I did get the skeeter though!,32433636,mosquito,animals,commenting,false,
skeeter,24074168245,2010-09-10,@otokoyaku Skeeter had a lot more narrative agency though. Haha Juri is totally Judy,8277632,mosquito,animals,commenting,false,
skeeter,24077607965,2010-09-10,RT @SantaCruzSPCA: PLS #RT!! Skeeter is 100% LOVE http://t.co/Hhz3olM and has basically grown up in the shelter. his bro got adopted. PL ...,95529978,mosquito,animals,advertising_spam,false,Shelter plea / promotional adoption push.
skeeter,24079072015,2010-09-10,@eyebrowpower  wait when did doug and skeeter kiss,42586843,mosquito,animals,television_reference,false,TV-title/character use rather than animal sense.
skeeter,24079427043,2010-09-10,@Streeter2Cool skeeter wat up cuz?? Lol,97610319,mosquito,animals,humor,true,
skeeter,24654662755,2010-09-16,I just realised (upon seeing a dead mozzie) that this year has been remarkably skeeter free. Probably helped that our garden isn't a swamp.,61484587,mosquito,animals,commenting,false,
skeeter,24660356369,2010-09-16,"RT @TaylorHicksNews: http://twitvid.com/OR935 - Taylor Hicks singing The Deal at the Infinity Music Hall, Norfolk, CT 9-15-10_from Skeeter",21481867,mosquito,animals,commenting,false,
skeeter,24660939018,2010-09-16,@TyScott101 and cousin skeeter lol,142034090,mosquito,animals,television_reference,false,TV-title/character use rather than animal sense.
skeeter,24661892311,2010-09-16,#cartoonsiwillneverforget my cousin skeeter (I mean he was a puppet) does that make him a cartoon?,65369234,mosquito,animals,television_reference,false,TV-title/character use rather than animal sense.
skeeter,24663280532,2010-09-16,@truebiD good :) so how are you ? is Skeeter still alive ?,82545842,mosquito,animals,commenting,false,
skeeter,24667995260,2010-09-16,Before this class the muppets and cousin skeeter were the only puppets I found interesting,120935343,mosquito,animals,television_reference,false,TV-title/character use rather than animal sense.
skeeter,24668224135,2010-09-16,Your bitch like cousin skeeter..,183839653,mosquito,animals,television_reference,false,TV-title/character use rather than animal sense.
skeeter,24668266684,2010-09-16,RT @Levi_pheen: Your bitch like cousin skeeter..,101175295,mosquito,animals,television_reference,false,TV-title/character use rather than animal sense.
skeeter,24669433326,2010-09-16,"A new Training Mission starts today, and SKEETER has already uploaded a video about it! Check out how you can help... http://fb.me/HsggP5dG",37737439,mosquito,animals,commenting,false,
skeeter,24669640970,2010-09-16,Og Skeeter Rabbit. De arrepiar. The music was in the hearts and the moves where from the real. http://www.youtube.com/watch?v=cG7w4oPUKtQ,109091954,mosquito,animals,commenting,false,
skeeter,25286633574,2010-09-23,LMAO!!!! RT @Aftashok: Skeeter's real name was Mosquito Valentine - TELL me that didnt sound like some pimp ?,34779623,mosquito,animals,humor,true,
skeeter,25286643892,2010-09-23,RT @Aftashok: Skeeter's real name was Mosquito Valentine - TELL me that didnt sound like some pimp ?,139533777,mosquito,animals,commenting,false,
skeeter,25286693999,2010-09-23,Lmao RT @Aftashok Skeeter's real name was Mosquito Valentine - TELL me that didnt sound like some pimp ?,21112073,mosquito,animals,humor,true,
skeeter,25286867245,2010-09-23,From Doug? --&gt; RT @BeeMichelle: RT @ImTheMint: LMAO!!!! RT @Aftashok: Skeeter's real name was Mosquito (cont) http://tl.gd/65nvf6,121353257,mosquito,animals,television_reference,false,TV-title/character use rather than animal sense.
skeeter,25287123617,2010-09-23,@DARLINGDONT WANNA JUDGE? MY FIRST OBSESSION EVER WAS MUPPET BABIES OK? I HAD A CRUSH ON SKEETER. ....SHE'S A CARTOON. AND A CHICK.,26127789,mosquito,animals,commenting,false,
skeeter,25288697381,2010-09-23,"Naughty mind.. RT @brenanaaa: hahaha, his name is skeeter c:",81454485,mosquito,animals,commenting,false,
skeeter,25288945285,2010-09-23,COUSIN SKEETER!!!!!,54361676,mosquito,animals,television_reference,false,TV-title/character use rather than animal sense.
skeeter,25289005091,2010-09-23,Lmfao ! RT @MzMightyMouse: COUSIN SKEETER!!!!!,116337684,mosquito,animals,television_reference,false,TV-title/character use rather than animal sense.
skeeter,25289069851,2010-09-23,Gotta admit that show kinda worked my nerves but the light skin dude was sexy lol RT @MzMightyMouse: COUSIN SKEETER!!!!!,191749623,mosquito,animals,television_reference,false,TV-title/character use rather than animal sense.
skeeter,25289094832,2010-09-23,@katetotheskies show kinda worked my nerves but the light skin dude was sexy lol RT MzMightyMouse: COUSIN SKEETER!!!!! http://p.lga.li/aYlSj,193949021,mosquito,animals,television_reference,false,TV-title/character use rather than animal sense.
skeeter,25333071096,2010-09-23,Nickelus F- Remember Me (Prod. By Stefan Skeeter) http://dlvr.it/5nw6j,90538173,mosquito,animals,commenting,false,
skeeter,25333279511,2010-09-23,@_todofandehp rita skeeter,191638217,mosquito,animals,commenting,false,
skeeter,25333309232,2010-09-23,@_todofandehp Skeeter Deathly Hallows Trailer,116068635,mosquito,animals,commenting,false,
skeeter,25333312716,2010-09-23,@_todofandehp rita skeeter  Deathly Hallows Trailer #AccioNovember,191638217,mosquito,animals,commenting,false,
skeeter,25333340739,2010-09-23,YHTN: Nickelus F- Remember Me (Prod. By Stefan Skeeter) http://bit.ly/dcuITJ,42544304,mosquito,animals,commenting,false,
skeeter,25333340834,2010-09-23,YouHeardThatNew: Nickelus F- Remember Me (Prod. By Stefan Skeeter): Here’s some unreleased material from Nick’s Se... http://bit.ly/dcuITJ,47061634,mosquito,animals,commenting,false,
skeeter,25334341914,2010-09-23,@skeeter_dope it sure don't LOL,22839400,mosquito,animals,humor,true,
skeeter,25334460757,2010-09-23,RT @Skeeter_Ray1017 RT @Tyga: Performing.. 10/1 - Albany - Sneaky Pete's!!!,41946131,mosquito,animals,commenting,false,
skeeter,25334746595,2010-09-23,Played the new halo reach with ya boy skeeter last night taking the campaign mode down one alien at a time,182883793,mosquito,animals,commenting,false,
skeeter,25335612603,2010-09-23,"@Skeeter_Ray1017 lmaoo ohkay , those will work too ( ;",41946131,mosquito,animals,humor,true,
skeeter,25721669124,2010-09-27,"skeeter also noted by @trabasack  as ""disambiguous""",67694277,mosquito,animals,commenting,false,
skeeter,25722095367,2010-09-27,Skeeter MultiSpecies Fishing Boat (Hoffman Estates) $3300 http://twelio.com/ipnlim #boats #sale,83790921,mosquito,animals,advertising_spam,false,
skeeter,25724129243,2010-09-27,Ok its official: I need a personal assistant or one the pen like Rita Skeeter that writes everything that's in my head.,15076151,mosquito,animals,commenting,false,
skeeter,25727657915,2010-09-27,@Anchaver skeeter! (Red neck voice),62110116,mosquito,animals,commenting,false,
skeeter,25728525212,2010-09-27,RT @Lambo_DntSweatM: Ayo @BardaStar this nigga @lilduval look like Cousin Skeeter haaaa,25910102,mosquito,animals,television_reference,false,TV-title/character use rather than animal sense.
skeeter,25730036529,2010-09-27,RT @BardaStar: RT @Lambo_DntSweatM: Ayo @BardaStar this nigga @lilduval look like Cousin Skeeter haaaa,44620554,mosquito,animals,television_reference,false,TV-title/character use rather than animal sense.
skeeter,25730823313,2010-09-27,@Arnold_SnapBack u look like kangaroo jack lmaooooo u look like skeeter off of doug lmaoooo,145505896,mosquito,animals,television_reference,false,TV-title/character use rather than animal sense.
skeeter,25731198017,2010-09-27,Smhhhhhhh sparkage Lmao RT @SBspitta_Mikey @Arnold_SnapBack u look like kangaroo jack lmaooooo u look like skeeter off of doug lmaoooo,90445605,mosquito,animals,television_reference,false,TV-title/character use rather than animal sense.
skeeter,25733589141,2010-09-27,@Skeeter_Ray1017 Is dat bit straight,170569938,mosquito,animals,commenting,false,
skeeter,25849309662,2010-09-29,"RT @iBeCrazyBabie: yall remember the 1998 nickelodeon show ""cousin skeeter"" #gooddays",39091574,mosquito,animals,television_reference,false,TV-title/character use rather than animal sense.
skeeter,25851179933,2010-09-29,"""Didn't Patty and Skeeter date?"" ""Idk i feel like Doug and Skeeter tag teamed her.""",34386769,mosquito,animals,television_reference,false,TV-title/character use rather than animal sense.
skeeter,25851248693,2010-09-29,@NoahDoe fuck that. U been claimed since. Back in the day on cousin Skeeter. Its wraps on dat cuh,27578258,mosquito,animals,television_reference,false,TV-title/character use rather than animal sense.
skeeter,25851316510,2010-09-29,"""There's a skeeter on my peter wack it off, wack it off!""",152373983,mosquito,animals,humor,true,Comic rhyme/quoted joke rather than straightforward commentary.
skeeter,25851703315,2010-09-29,"And Cousin skeeter, pork chop lol RT @YupItsNyNy Who remembers Doug??",124346109,mosquito,animals,television_reference,false,TV-title/character use rather than animal sense.
skeeter,25851826571,2010-09-29,@JG_Sauve843 You know skeeter was black LOL....he had a dog named porkchop LOL,144188561,mosquito,animals,humor,true,
skeeter,25853655256,2010-09-29,i am doing it RT @skeeter_dope: @IamOsaro do you hw!,117504876,mosquito,animals,commenting,false,
skeeter,25856029829,2010-09-29,@GoJQ ahh i dont feel like goin back and forth with yo cousin skeeter lookin ass lol,158904169,mosquito,animals,television_reference,false,TV-title/character use rather than animal sense.
skeeter,25856088345,2010-09-29,Photo: weedandlove: I just peeped Skeeter from Doug (one of my fav shows) on the floor. lmfaoo this pic is... http://tumblr.com/x4ajzqltl,29618152,mosquito,animals,television_reference,false,TV-title/character use rather than animal sense.
skeeter,25857066570,2010-09-29,@MiniReRe U MEAN SKEETER HE WAS THE BLK ONE,34871847,mosquito,animals,commenting,false,
skeeter,26530291870,2010-10-06,@WizardingCity #WT15 rita skeeter,71484635,mosquito,animals,commenting,false,
skeeter,26530326576,2010-10-06,16 cool twitter tools for firefox -by Skeeter Hansen and Al Ferretti http://bit.ly/cpHyYf,50423259,mosquito,animals,commenting,false,
skeeter,26530432798,2010-10-06,"Damn throwback RT @ChooGPretty_: They neeed to bring cousin skeeter back, he was live everytime I listen to 702 Steelo I thinkkk of himm",49840373,mosquito,animals,television_reference,false,TV-title/character use rather than animal sense.
skeeter,26531524945,2010-10-06,you look like cousin skeeter..,186950091,mosquito,animals,television_reference,false,TV-title/character use rather than animal sense.
skeeter,26534839816,2010-10-06,RT @disneywords: Haven't you heard? Goofy is the new handsome. –Skeeter Bronson (Bedtime Stories) #disneywords,136582136,mosquito,animals,commenting,false,
skeeter,26536840688,2010-10-06,Skeeter Davis -- The End Of The World http://bit.ly/1XE2ta,101433314,mosquito,animals,music_discussion,false,Proper-name artist use rather than animal sense.
skeeter,26538484367,2010-10-06,@HarryPotterIndo #HPgg R rita skeeter?,143680445,mosquito,animals,commenting,false,
skeeter,26548195154,2010-10-06,Skeeter Kerkove at the Waffle House? http://tinyurl.com/34rzq4f,77040245,mosquito,animals,commenting,false,
skeeter,26550909569,2010-10-06,"#randomthought i wonder how cousin skeeter would dress nowadays, hmm",50760466,mosquito,animals,television_reference,false,TV-title/character use rather than animal sense.
skeeter,29060538314,2010-10-29,@Skeeter_Vtine ive worn that hat before,72759487,mosquito,animals,commenting,false,
skeeter,29060735881,2010-10-29,"Cousin Skeeter, Hey Dude, Salute Your Shorts, My Brother and Me, Taina",115548701,mosquito,animals,television_reference,false,TV-title/character use rather than animal sense.
skeeter,29061022977,2010-10-29,Ha idk RT @sweetsassyraven: @Skeeter_Vtine lmao wat?,66871921,mosquito,animals,humor,true,
skeeter,29061611171,2010-10-29,"i just realized something...what kind of kid show is named ""Cousin Skeeter"" hahahaha",115281618,mosquito,animals,television_reference,false,TV-title/character use rather than animal sense.
skeeter,29061650801,2010-10-29,@YohMyKneeGrows lmfaooo dat hoe look like skeeter valentine from doug,61301655,mosquito,animals,television_reference,false,TV-title/character use rather than animal sense.
skeeter,29062814488,2010-10-29,@MrFlameYoAss  COUSIN SKEETER LOOKIN ASS NIGGA,115482824,mosquito,animals,television_reference,false,TV-title/character use rather than animal sense.
skeeter,29062873167,2010-10-29,"Like, she aint look like dat on cuzn skeeter but outta no fuckin where she bad as shit... N ware dat gap go?",52109749,mosquito,animals,commenting,false,
skeeter,29062982347,2010-10-29,"@B_U_G_Z lmao i know my nigga aint just hit just hit somebody with the cousin skeeter #WellDamn, you got it my nigga",202894702,mosquito,animals,television_reference,false,TV-title/character use rather than animal sense.
skeeter,29063305109,2010-10-29,Now Playing on OCNJRadio.com: Skeeter Davis - The End of the World,185300285,mosquito,animals,music_discussion,false,Proper-name artist use rather than animal sense.
skeeter,29063305110,2010-10-29,Now Playing on FredNetRadio.com: Skeeter Davis - The End of the World,33910303,mosquito,animals,music_discussion,false,Proper-name artist use rather than animal sense.
skeeter,29495319650,2010-11-02,I still think skeeter was smashin patty behind dougs back..,39296697,mosquito,animals,television_reference,false,TV-title/character use rather than animal sense.
skeeter,29495364662,2010-11-02,Doug and Skeeter http://ow.ly/19LlId,19451005,mosquito,animals,television_reference,false,TV-title/character use rather than animal sense.
skeeter,29495981243,2010-11-02,@NeedHarryPotter Rita Skeeter,166764082,mosquito,animals,commenting,false,
skeeter,29496292678,2010-11-02,R: Rita Skeeter. @imanavicenzotto @_BrunaBA @kaanandaitikawa,189725224,mosquito,animals,commenting,false,
skeeter,29496464627,2010-11-02,"Video: Skeeter Davis - The end of the world (heard in Mad Men, s03e12) http://tumblr.com/x8no78o5g",7172612,mosquito,animals,music_discussion,false,Proper-name artist use rather than animal sense.
skeeter,29498218699,2010-11-02,"My boy Skeeter! yoyo Dailybooth!  today was Nerd day at school, Picture up a little later. PJ day... http://dailybooth.com/u/5uiwk",19619359,mosquito,animals,commenting,false,
skeeter,29498329007,2010-11-02,Geoffry oh how i miss u RT @Pepprmnt_Patti: #inhighschool my car cost $900 even. A '94 Geo Prism @Skeeter_Vtine,66871921,mosquito,animals,commenting,false,
skeeter,29499313236,2010-11-02,Cousin Skeeter #ClassicNickelodeon,158444424,mosquito,animals,television_reference,false,TV-title/character use rather than animal sense.
skeeter,29499474938,2010-11-02,"RT @disneywords: Like my father said, ""Your dream is limited by your imagination."" -Skeeter Bronson (Bedtime Stories) #disneywords",37382240,mosquito,animals,commenting,false,
skeeter,1676173234929664,2010-11-08,@Skeeter_McFly I can work with that...,123774178,mosquito,animals,commenting,false,
skeeter,1679336889384960,2010-11-08,Good Look Bro... RT @Skeeter_McFly @GualaGangDubb HAPPY BDAY BRUH!!!,21623204,mosquito,animals,commenting,false,
skeeter,1684248301936640,2010-11-08,@brionious Bahaha my goal is to turn my skin blue. #skeeter,65734397,mosquito,animals,commenting,false,
skeeter,1688359600652288,2010-11-08,@Skeeter_McFly sometimes yo tweets start over... they'll come back up,35951516,mosquito,animals,commenting,false,
skeeter,1690127306850304,2010-11-08,humming the cousin skeeter theme song,28876994,mosquito,animals,television_reference,false,TV-title/character use rather than animal sense.
skeeter,1692058762870784,2010-11-08,The End Of The World - Skeeter Davis,73587659,mosquito,animals,music_discussion,false,Proper-name artist use rather than animal sense.
skeeter,1692255253434368,2010-11-08,Check this video out -- Skeeter Davis - The End Of The World  (1963) http://t.co/AUialyz via @youtube,73587659,mosquito,animals,music_discussion,false,Proper-name artist use rather than animal sense.
skeeter,1692982155673600,2010-11-08,@Skeeter_Vtine I goin in the mornin to do zumba and a light cardio you can join me lol,111197469,mosquito,animals,humor,true,
skeeter,1693913630900226,2010-11-08,@Skeeter_Vtine me and you both son...  im gettin little!,29509305,mosquito,animals,commenting,false,
skeeter,1695789596282880,2010-11-08,@damnsonitspeter nahh it was SS automatic tho. I wish it was stick...how u been young skeeter,38136734,mosquito,animals,commenting,false,
skeeter,6770811021037570,2010-11-22,Who else remembers Cousin Skeeter? http://bit.ly/agKNOd,14416798,mosquito,animals,television_reference,false,TV-title/character use rather than animal sense.
skeeter,6773326387089408,2010-11-22,"#rememberwhen doug , hey arnold , rugrats , all that , keenan & kel , cousin skeeter , and the amanda show use to come on tv ? #thatisall",205545760,mosquito,animals,television_reference,false,TV-title/character use rather than animal sense.
skeeter,6782299672674304,2010-11-22,@kaw11 so youre sayin its only $137 for a SUITE in the hiltons all week per person???  @Skeeter_Vtine @Wody508 @zachruoff pack your bags,29509305,mosquito,animals,commenting,false,
skeeter,6782761935314944,2010-11-22,"@FridTheKid @Skeeter_Vtine @Wody508 @zachruoff yeah but thats IUS SB , nd its 2 queen beds nd a sleeper sofa, living room, no rooms tho",41268368,mosquito,animals,commenting,false,
skeeter,6783156371853312,2010-11-22,"@kaw11 @FridTheKid @Skeeter_Vtine @Wody508 @zachruoff  and by no rooms i mean, like no enclosed rooms. and btw that price was for 8 ppl",41268368,mosquito,animals,commenting,false,
skeeter,6792251531329536,2010-11-22,1985 Skeeter Fishing Boat (Wonder Lake) $1500 http://twelio.com/9b311s #boats #sale,83790921,mosquito,animals,advertising_spam,false,
skeeter,6793284609376256,2010-11-22,Rita Skeeter is an ol heffa!,19036235,mosquito,animals,commenting,false,
skeeter,6794090221936640,2010-11-22,Wonder wat got Skeeter changin the tiles. About to go to Tastys.,37144578,mosquito,animals,commenting,false,
skeeter,6794247969705984,2010-11-22,@MoneyMakinSkeet awww well u be safe skeeter lol,77280348,mosquito,animals,humor,true,
skeeter,6805937125859328,2010-11-22,@fOLLOWTHEZNUTS Where you at cousin skeeter?,77679651,mosquito,animals,television_reference,false,TV-title/character use rather than animal sense.
skeeter,7332839192264704,2010-11-24,@M1ST8KNidentity no its a play on words do u remember the cartoon cousin skeeter,117466485,mosquito,animals,television_reference,false,TV-title/character use rather than animal sense.
skeeter,7333814036594688,2010-11-24,@M1ST8KNidentity skeeter = skeet on her,117466485,mosquito,animals,commenting,false,
skeeter,7335005609005056,2010-11-24,#sexsongs Swallow don't Spit- Skeeter original.....lol,143341703,mosquito,animals,humor,true,
skeeter,7356218972577792,2010-11-24,Haha skeeter gets packed http://www.youtube.com/watch?v=9BQaMswjCGg&feature=youtube_gdata_player,58499268,mosquito,animals,commenting,false,
skeeter,7385912551936000,2010-11-24,"#rememberwhen Cousin skeeter use to be on Nick,",105246293,mosquito,animals,television_reference,false,TV-title/character use rather than animal sense.
skeeter,7392853281996800,2010-11-24,"There is a skeeter eater chillin' on the screen, i don't want to kill him, though",19320706,mosquito,animals,commenting,false,
skeeter,7405210720800768,2010-11-24,@LoveTheCullens Is it wrong that I want to see Rita Skeeter get roughed up? Just her face... BAH!!!,27001065,mosquito,animals,commenting,false,
skeeter,7411754158006272,2010-11-24,@Cuzn_Skeeter nah what happened?,51792148,mosquito,animals,commenting,false,
skeeter,7414054838599680,2010-11-24,@Cuzn_Skeeter wow! What an ass! Have fun spending 10-15 in the slammer.,51792148,mosquito,animals,commenting,false,
skeeter,7420544806821888,2010-11-24,@Cuzn_Skeeter @FranksYanks23 can't believe it...crazy,27644958,mosquito,animals,commenting,false,
skeeter,9632520630964226,2010-11-30,Skeeter update? http://dlvr.it/9SbXf,26272482,mosquito,animals,commenting,false,
skeeter,9636343386734592,2010-11-30,Cousin skeeter used 2 bang #why90srocked,43823262,mosquito,animals,television_reference,false,TV-title/character use rather than animal sense.
skeeter,9636919419867136,2010-11-30,RT @shambajr: Cousin skeeter used 2 bang #why90srocked,105226625,mosquito,animals,television_reference,false,TV-title/character use rather than animal sense.
skeeter,9638964604440576,2010-11-30,"RT @bee_emdoubleu: #why90srocked ""sister sister"" ""cousin skeeter"" ""my brother&me"" ""clarissa"" ""taina"" ... http://tmi.me/3H3BK",31627120,mosquito,animals,television_reference,false,TV-title/character use rather than animal sense.
skeeter,9639264698499072,2010-11-30,#why90srocked they gave you rugrats;cousin skeeter; and all that!,153820543,mosquito,animals,television_reference,false,TV-title/character use rather than animal sense.
skeeter,9639581456535552,2010-11-30,"RT @bee_emdoubleu: #why90srocked ""sister sister"" ""cousin skeeter"" ""my brother&me"" ""clarissa"" ""taina"" ""even stevens"" ""rocket power"" ""all that",37322313,mosquito,animals,television_reference,false,TV-title/character use rather than animal sense.
skeeter,9639781709385728,2010-11-30,"RT @bee_emdoubleu: #why90srocked ""sister sister"" ""cousin skeeter"" ""my brother&me"" ""clarissa"" ""taina"" ""even stevens"" ""rocketpower"" ""all that""",120584079,mosquito,animals,television_reference,false,TV-title/character use rather than animal sense.
skeeter,9640152230010880,2010-11-30,"RT @nIcoleTee_17: RT @bee_emdoubleu: #why90srocked ""sister sister"" ""cousin skeeter"" ""my brother&me"" ... http://tmi.me/3H4b6",115757515,mosquito,animals,television_reference,false,TV-title/character use rather than animal sense.
skeeter,9640251421102080,2010-11-30,cousin skeeter #why90srocked,136490531,mosquito,animals,television_reference,false,TV-title/character use rather than animal sense.
skeeter,12205419124490240,2010-12-07,@Accio_Potter Rita Skeeter,199310263,mosquito,animals,commenting,false,
skeeter,12206774094401536,2010-12-07,@Skeeter_DT10 did u go get apink test cuz she said the first 28 gonna be on the test,102466991,mosquito,animals,commenting,false,
skeeter,12207382713077760,2010-12-07,"@Skeeter_DT10 ugh no!, plz tell me u know somebody who got em.",102466991,mosquito,animals,commenting,false,
skeeter,12207461356281856,2010-12-07,"Playing a word game, and it asked for words starting with ""Sk"" so of course I come up with ""Skeet"" ""Skeeter"" ""Skeeting"" and ""Skeeted""",34585913,mosquito,animals,commenting,false,
skeeter,12210565564866560,2010-12-07,@Skeeter_DT10 imma see if I can get em today cuz imma cheat,102466991,mosquito,animals,commenting,false,
skeeter,12211032025993218,2010-12-07,@Cuzzin_Skeeter Boy stop fakin like that wasn't your piece. Lls,103441286,mosquito,animals,commenting,false,
skeeter,12211782051434496,2010-12-07,@iTheActualNigga nigga u look like cousin skeeter,71973302,mosquito,animals,television_reference,false,TV-title/character use rather than animal sense.
skeeter,12211784727400448,2010-12-07,@Cuzzin_Skeeter Dog -_- wtf I tell you about callin me that yung.!,103441286,mosquito,animals,commenting,false,
skeeter,12213177710284800,2010-12-07,"Shots, microchips, checkups, clean anal glands and nail trims for Skeeter, Aero & Camo! &lt;3 (@ Banfield Pet Hospital) http://4sq.com/cLchU7",105885416,mosquito,animals,commenting,false,
skeeter,12213501154033664,2010-12-07,RT @Cuzzin_Skeeter: @Wake_N_Lean Boy its 1:30 in the afternoon!!....lls&lt;&lt;Ctfffuu So What Doe,168327262,mosquito,animals,commenting,false,
skeeter,14089921052540928,2010-12-12,Nickelodeon Used To Be The Shyt When Cousin Skeeter &+ All That Was Poppin .,40769572,mosquito,animals,television_reference,false,TV-title/character use rather than animal sense.
skeeter,14090462361034752,2010-12-12,This Just-in BIEBER. Im in your cousin too...SKEETER,105913803,mosquito,animals,commenting,false,
skeeter,14091455719018496,2010-12-12,Skeeter,179180043,mosquito,animals,commenting,false,
skeeter,14092995527704576,2010-12-12,@HarlemKnightt  I beT U dO loL! Hahaha! IVe likeD  heR eveR sincE cousiN SkeeTeR!,27903771,mosquito,animals,television_reference,false,TV-title/character use rather than animal sense.
skeeter,14093621947015168,2010-12-12,Can we hang out tonight? @FridTheKid  @Smithsonian508  @Skeeter_Vtine  @whateverzachsnameis,26832281,mosquito,animals,commenting,false,
skeeter,14095100678242304,2010-12-12,#Librosquequisieraleer Life and lies of Albus Dumbledore by Rita Skeeter,30468444,mosquito,animals,commenting,false,
skeeter,14096485993938944,2010-12-12,In the 2010 #greekdraft the Sigmas select Skeeter Valentine from the Doug show.,109171248,mosquito,animals,television_reference,false,TV-title/character use rather than animal sense.
skeeter,14096555845885952,2010-12-12,@_LoonSnipes AINT ARNEZ DA NIGGA FROM COUSIN SKEETER ??? LOL WHO LOOK LIKE HIM ???,221172004,mosquito,animals,television_reference,false,TV-title/character use rather than animal sense.
skeeter,14096828496609280,2010-12-12,RT @SO_FN_BLUE: In the 2010 #greekdraft the Sigmas select Skeeter Valentine from the Doug show.,21969671,mosquito,animals,television_reference,false,TV-title/character use rather than animal sense.
skeeter,14099140518617088,2010-12-12,SOMEONE MIGHT WANNA TELL BOY STAY IN HIS LANE .... NEVA WHO . IMMA GROWN ASS MAN......ID SMACK DA SHIT OUTTA HIS COUSIN SKEETER LOOKIN ASS,221172004,mosquito,animals,television_reference,false,TV-title/character use rather than animal sense.
skeeter,17816725735088128,2010-12-23,@Skeeter_V_ whats the v mean?,78131124,mosquito,animals,commenting,false,
skeeter,17817622653444096,2010-12-23,"@Skeeter_V_ i didnt have cable back then, i only knew doug, porkchop, an patty.. lol but yes it fits you.",78131124,mosquito,animals,television_reference,false,TV-title/character use rather than animal sense.
skeeter,17817926404931584,2010-12-23,@SecretNakedHobo How's Skeeter?,126446725,mosquito,animals,commenting,false,
skeeter,17818191325569024,2010-12-23,@beammelate Skeeter is awesome. :),176705076,mosquito,animals,commenting,false,
skeeter,17818958178549760,2010-12-23,@Skeeter_V_ thankyou=),42072465,mosquito,animals,commenting,false,
skeeter,17819405547208704,2010-12-23,@SecretNakedHobo You are just making me smile so wide! I'm so damn happy for you! You did good getting Skeeter,126446725,mosquito,animals,commenting,false,
skeeter,17820198056763392,2010-12-23,I know a woman named #skeeter! Lmao. @KingAllen24 kontree u know who I'm talm bout lmao,136571330,mosquito,animals,humor,true,
skeeter,17820235830661120,2010-12-23,#iWouldRespectYourClassIf he didn luk like cousin skeeter,167585743,mosquito,animals,television_reference,false,TV-title/character use rather than animal sense.
skeeter,17823169914085376,2010-12-23,"@RobbyRav I seen you also had a connect with Nickelodeon also, Skeeter Valentine.",21122923,mosquito,animals,commenting,false,
skeeter,17823658248507392,2010-12-23,@RobbyRav Skeeter was a cunt and got no buns....NO. BUNS!,21122923,mosquito,animals,commenting,false,
skeeter,18574351628509184,2010-12-25,I just saw skeeter what a grand moment,97327598,mosquito,animals,commenting,false,
skeeter,18582693033807872,2010-12-25,A Very Potter Sequel Act 1 Part 13: Everyones getting ready for an exciting game of Quidditch when Rita Skeeter ... http://bit.ly/fWNuRB,219113981,mosquito,animals,commenting,false,
skeeter,18589571998552064,2010-12-25,RT @FawkYoINK: Just walked in on @Krystals_tatted doing her hair looking like cousin skeeter #Nshit  &lt;Thats dirty bro,22718786,mosquito,animals,television_reference,false,TV-title/character use rather than animal sense.
skeeter,18590261579874304,2010-12-25,"I keep a big old nigga beater heater
Its in the trunk of my four-door and my two seater
Im make them all say skeeter skeeter",47256450,mosquito,animals,commenting,false,
skeeter,18592767089311744,2010-12-25,RT @Skeeter_Ray1017: The hell happened to @ihatekatstacks ?lol. &lt; she locked up fed..she bout to get deported bra,85145985,mosquito,animals,humor,true,
skeeter,18596382847803392,2010-12-25,Yall remember the show Cousin Skeeter? #random,222023465,mosquito,animals,television_reference,false,TV-title/character use rather than animal sense.
skeeter,18626410885156864,2010-12-25,http://www.sports-y.com/grand-trunk-skeeter-beeter-pro-hammock-reviews/ Grand Trunk Skeeter Beeter Pro Hammock Revie #Beeter #Grand #Hammock,227219791,mosquito,animals,commenting,false,
skeeter,18628011519647744,2010-12-25,"Bollox! Just missed muppet xmas carol. God bless skeeter, animal, Kermit and all the gang on this holy day",89432999,mosquito,animals,commenting,false,
skeeter,18630382433861632,2010-12-25,Amy's Christmas this year was sponsored by The Daily Prophet's Rita Skeeter. :),20807480,mosquito,animals,commenting,false,
skeeter,18637194268774400,2010-12-25,"PORTER WAGONER  SKEETER DAVIS SING DUETS: Item type Fixed
Seller: finylvinyl
Price CA$ 8.07
Ends: Mon, 24 Januar... http://bit.ly/gw2yIw",90284472,mosquito,animals,music_discussion,false,Proper-name artist use rather than animal sense.
skeeter,18934470757322752,2010-12-26,#showsweneedback -Cousin Skeeter.,71382295,mosquito,animals,television_reference,false,TV-title/character use rather than animal sense.
skeeter,18934965903302656,2010-12-26,"I Miss The 90’s NICKELODEON :) Kenan & Kel, Cousin Skeeter, HEY ARNOLD, Maggie & The Ferocious Beast, & All... http://tumblr.com/xv814sri17",109734381,mosquito,animals,television_reference,false,TV-title/character use rather than animal sense.
skeeter,18935028423593984,2010-12-26,RT @Stephbutta: #showsweneedback -Cousin Skeeter.,30880635,mosquito,animals,television_reference,false,TV-title/character use rather than animal sense.
skeeter,18935132677210112,2010-12-26,Video: Cousin Skeeter Intro Song :) :) http://tumblr.com/xv814srm1y,109734381,mosquito,animals,television_reference,false,TV-title/character use rather than animal sense.
skeeter,18935473544105984,2010-12-26,i know yo Skeeter off Doug looking ass not ribbin @Xruisin_a_xLOUD,118184996,mosquito,animals,television_reference,false,TV-title/character use rather than animal sense.
skeeter,18938300689547264,2010-12-26,RT @DaBromanEmpire: RT @Stephbutta: #showsweneedback -Cousin Skeeter.,71382295,mosquito,animals,television_reference,false,TV-title/character use rather than animal sense.
skeeter,18940417718362112,2010-12-26,#RandomThought why was SKEETER from the cartoon DOUG  green? Everybody else was normal colored & da nigga had to b green!,141009585,mosquito,animals,television_reference,false,TV-title/character use rather than animal sense.
skeeter,18966252722585600,2010-12-26,"just got off the phone with skeeter, i hate knowing that someone i love is hurting over something that i just can't change :(",38211288,mosquito,animals,commenting,false,
skeeter,19002179863969792,2010-12-26,"My Shoes Keep Walking Back To You by Skeeter Davis...
 now at KWBC.FM",15781851,mosquito,animals,music_discussion,false,Proper-name artist use rather than animal sense.
skeeter,19010496074096640,2010-12-26,"Skeeter Life Jackets, Tourn. Shirt, &amp; Rainsuit (Carrollton) (Dallas) http://tinyurl.com/262mdes",213344010,mosquito,animals,advertising_spam,false,Classified-style product listing.
