word,id,date,text,author_id,term_meaning,term_category,usage_context,is_ironic,annotation_notes
bling,9155085773,2010-02-15,Create a Bling Bling Text Effect in Photoshop http://bit.ly/9IUQC9,76188148,flashy jewelry or flashy style/accessories,appearance,technology_discussion,false,Manual override -> technology_discussion
bling,9155091539,2010-02-15,Bling RT @MyRobAddiction: http://twitpic.com/13gjp6 - New Details Twitter BG,48219892,flashy jewelry or flashy style/accessories,appearance,technology_discussion,false,Manual override -> technology_discussion
bling,9155101055,2010-02-15,From the tents Monique Ihuillier nice bold start simplified futuristic. Red and a little bling detail. Fab seaming... http://bit.ly/dqkZDg,84170618,flashy jewelry or flashy style/accessories,appearance,fashion_beauty,false,Manual override -> fashion_beauty
bling,9155126728,2010-02-15,@SarahRobinson Did you make @jonathanfields some Bling Boy Soap?,15163277,flashy jewelry or flashy style/accessories,appearance,casual_conversation,false,
bling,9155141851,2010-02-15,@aka_damien u checkin out my bling eh ??,100591327,flashy jewelry or flashy style/accessories,appearance,casual_conversation,false,
bling,9155242957,2010-02-15,RT @fashiondailymag: from the tents Monique Ihuillier nice bold start simplified futuristic. Red and a little bling detail. Fab seaming  ...,89358893,flashy jewelry or flashy style/accessories,appearance,fashion_beauty,false,
bling,9155250071,2010-02-15,@FirstKlassVT you need to go back in the summer for the Essence Festival!!!! It's like mardi gras meets spring bling lol.,32998195,flashy jewelry or flashy style/accessories,appearance,celebrity_gossip,false,
bling,9155276132,2010-02-15,Tiara Bling! - Ultimate Wedding Tiara Website http://tiarabling.com/,94337012,flashy jewelry or flashy style/accessories,appearance,advertising_spam,false,Manual override -> advertising_spam
bling,9155374534,2010-02-15,"@patientgarden Incredible. 3(indoor) plants, 1 palm, 2 trees in bling stainless pots. 2 @ £50 and 1 @ £75. Each 3-4 metres high, at least.",20036123,flashy jewelry or flashy style/accessories,appearance,fashion_beauty,false,
bling,9155403478,2010-02-15,Discount Jewelry for Sale: Beau Nouveau PEBONEBLINGBT01 Bone Bling Crystal Pendant - Blue Topaz - 1 Inch http://bit.ly/bQJFcp,97797923,flashy jewelry or flashy style/accessories,appearance,advertising_spam,false,Manual override -> advertising_spam
bling,9155405670,2010-02-15,"@InkedSaint Ok, get the bling-sexappeal-fashion..gangsta??? No, I drive my jeep walk my dog & tell bad jokes. More like awkward 40something",22372121,flashy jewelry or flashy style/accessories,appearance,casual_conversation,false,Manual override -> casual_conversation
bling,9155419716,2010-02-15,@Jason_AY @carmenmak bling bling,55443190,flashy jewelry or flashy style/accessories,appearance,music_discussion,false,
bling,9155457883,2010-02-15,@iamcharles21 bout to goto practice in a min running late. BET coming to tape us for spring bling today!,26174009,flashy jewelry or flashy style/accessories,appearance,sports_discussion,false,Manual override -> sports_discussion
bling,9155493665,2010-02-15,Y when black ppl rich they buy bling aka nigga jewelry . Y not buy something more useful,41423107,flashy jewelry or flashy style/accessories,appearance,fashion_beauty,false,
bling,9155497340,2010-02-15,#5: New Orleans Saints Big & Tall Super Bowl XLIV Champions Victory Bling II T-Shirt http://ff.im/fZljq,92236480,flashy jewelry or flashy style/accessories,appearance,advertising_spam,false,Manual override -> advertising_spam
bling,9155497341,2010-02-15,#4: New Orleans Saints Big & Tall Super Bowl XLIV Champions Victory Bling II T-Shirt http://ff.im/fZlju,92236480,flashy jewelry or flashy style/accessories,appearance,advertising_spam,false,Manual override -> advertising_spam
bling,9155529607,2010-02-15,"SALE: this week our Flower Power Bling Bangle is on sale, order quickly before we run out! Offer valid until Friday... http://bit.ly/bWjhCd",54595072,flashy jewelry or flashy style/accessories,appearance,advertising_spam,false,Manual override -> advertising_spam
bling,9155615133,2010-02-15,Bling Nation takes mobile payments&nbsp;local http://shar.es/m1rv4 via @sharethis,17735660,flashy jewelry or flashy style/accessories,appearance,article_sharing,false,Manual override -> technology_discussion | Darwin audit -> article_sharing
bling,9155616935,2010-02-15,@Kris_Mayhew you won't be once you get that bling case!!,14998748,flashy jewelry or flashy style/accessories,appearance,casual_conversation,false,
bling,9155646466,2010-02-15,"Have you heard the new Paypal theme? Bling, Bling, Ker-Ching. A trickle of money a day, every day, is good enougn for me http://bit.ly/kYeze",97756332,flashy jewelry or flashy style/accessories,appearance,technology_discussion,false,Manual override -> technology_discussion
bling,9155948082,2010-02-15,@dav_hamill ooh carbon mike burrows numbers...aint they just talking retro chic and bling...how is the legs coz am rockin..for the next rel,35463074,flashy jewelry or flashy style/accessories,appearance,casual_conversation,false,
bling,9155968937,2010-02-15,I Said I Do® Today: Savvy Scoop: Ultimate Proposal Contest: Win Platinum Bling And Trip to Santorini!:  http://bit.ly/aYDwwJ,34793510,flashy jewelry or flashy style/accessories,appearance,article_sharing,false,
bling,9155971622,2010-02-15,RT @beachbodykim  Dont get me wrong.. swimming is an awesome sport! Not 4 me cuz i wouldnt wear a cap...its just not cute! :) BLING IT!,19418917,flashy jewelry or flashy style/accessories,appearance,casual_conversation,false,
bling,9156153996,2010-02-15,"Hot #Software! 123 Copy DVD Gold 09 by Bling 814% Sales Rank in Software: 349 (was 3,192) Plat... http://bit.ly/dp9qiV #Amazon #Application",48570709,flashy jewelry or flashy style/accessories,appearance,technology_discussion,false,Manual override -> technology_discussion
bling,9156156124,2010-02-15,bling bling everytime i come acoss the ciuty bling bling my neice is pretty now i can pitty u irts human nature,24599893,flashy jewelry or flashy style/accessories,appearance,music_discussion,false,
bling,9156232067,2010-02-15,@DJ_MARK_G BLING BLOW BURRRR? LOL,31153575,flashy jewelry or flashy style/accessories,appearance,casual_conversation,false,
bling,9156255471,2010-02-15,This is just for you @danigirl41592  totes bling diggity,14525362,flashy jewelry or flashy style/accessories,appearance,casual_conversation,false,
bling,9156268224,2010-02-15,http://bit.ly/a7zCFs NEW BAZZILL COLLECTION MIXED 12 PIECES  &gt;  AND 1/2 INCHES BLING BUDS SCRAPBOOKING - For sale at www.alsoshop.com,25983299,flashy jewelry or flashy style/accessories,appearance,article_sharing,false,
bling,9156389584,2010-02-15,"an irate dwarf just attacked a hoody in the street. the hoody lost, bling and blood everywhere. police keeping their distance.",20880639,flashy jewelry or flashy style/accessories,appearance,commenting,false,
bling,9156453602,2010-02-15,Amazon.com Software #1: 123 Copy DVD Gold 09: 123 Copy DVD Gold 09 by Bling 814% Sales Rank in Software: 349 (was ... http://bit.ly/a1Lw05,69827012,flashy jewelry or flashy style/accessories,appearance,technology_discussion,false,Manual override -> technology_discussion
bling,10053952778,2010-03-06,"@magicmaid Oh, it's a bling-tastic color alright LOL! I can see how AC might not have been needed at one time... It's needed now though LOL!",14153581,flashy jewelry or flashy style/accessories,appearance,casual_conversation,false,
bling,10053994232,2010-03-06,Guest List --&gt; (http://caltweet.com/7qs ) - UT + BG SPRING BLING Please RT,37850234,flashy jewelry or flashy style/accessories,appearance,advertising_spam,false,Manual override -> advertising_spam
bling,10053994952,2010-03-06,@DrkLordVolders *gets distracted by a man in a blue jumpsuit* oooh pretty bling. That out fit would go so well with your head!,81763370,flashy jewelry or flashy style/accessories,appearance,casual_conversation,false,
bling,10054083747,2010-03-06,check out Bling-services.com bay area window cleaning,104822490,flashy jewelry or flashy style/accessories,appearance,advertising_spam,false,Manual override -> advertising_spam
bling,10054110584,2010-03-06,ASK ME FOR MY MOVEMENT OR COME FIND ME. BLING.BLOW.BURRR.,119253224,flashy jewelry or flashy style/accessories,appearance,commenting,false,
bling,10054152021,2010-03-06,Me & Bling do share something in common. We hate Maths :D,100722207,flashy jewelry or flashy style/accessories,appearance,commenting,false,
bling,10054211635,2010-03-06,RT @FINALLEVEL: Bonus Pic: This is what I gave Coco for here Birthday.. Mac Bling!&gt; http://twitpic.com/16f167,27729442,flashy jewelry or flashy style/accessories,appearance,article_sharing,false,
bling,10054250207,2010-03-06,RT @Drew_VIZIONS: Guest List --&gt; (http://caltweet.com/7qs ) - UT + BG SPRING BLING Please RT,82232529,flashy jewelry or flashy style/accessories,appearance,advertising_spam,false,Manual override -> advertising_spam
bling,10054622023,2010-03-06,RT @theurbanrack: New shipment of Humanity leather wrap bracelets.avec or sans Bling.Best feel gd (and look gd) gift. www.humanityforall.com,70438780,flashy jewelry or flashy style/accessories,appearance,fashion_beauty,false,
bling,10054630394,2010-03-06,"""20/20"" focuses on the ""bling ring"", which were young people who steal jewelry from celebrities homes tonight at 10pm on ABC 40",111116382,flashy jewelry or flashy style/accessories,appearance,television_reference,false,Manual override -> television_reference
bling,10054666567,2010-03-06,bling blaow burr gucci aka the light show aha.,95529613,flashy jewelry or flashy style/accessories,appearance,music_discussion,false,
bling,10054801920,2010-03-06,"@completelybare was at your #madison location this week, love my #bling",18646623,flashy jewelry or flashy style/accessories,appearance,casual_conversation,false,
bling,10054862059,2010-03-06,"Roses are red, a fleur de lis by Alex Woo, Blair's bling can belong 2 U! Tune into Gossip Girl on 3/8  -You know you &lt;3 Me!",22991696,flashy jewelry or flashy style/accessories,appearance,commenting,false,
bling,10054895303,2010-03-06,"Only thing I forgot was my super-bling concert jacket. Ah, well... I am still decked out as a rockin' bird. ;-) *shakes tailfeathers* ^^",8642882,flashy jewelry or flashy style/accessories,appearance,commenting,false,
bling,10054943282,2010-03-06,Criss Angel: P. T. Barnum with bling http://bit.ly/a3I6xY,26885205,flashy jewelry or flashy style/accessories,appearance,article_sharing,false,
bling,10055118572,2010-03-06,bling bling ~ &lt;3_&lt;3,53495947,flashy jewelry or flashy style/accessories,appearance,music_discussion,false,
bling,10055178233,2010-03-06,"RT @bling_girl: Hey guys, cant believe its saturday the 6th March ALREADY. THANT MEANS BACKSTREET BOYS CONCERT TONIGHT. Its so unfair ..",77089944,flashy jewelry or flashy style/accessories,appearance,casual_conversation,false,
bling,10055182973,2010-03-06,#MeWithoutYouIsLike @bridmanstar without CASH $$$$$MONEYYY and BLING BLINGGGG LOLZZ....which is impossible lolzz,99822714,flashy jewelry or flashy style/accessories,appearance,music_discussion,false,
bling,10055191148,2010-03-06,http://twitpic.com/169n6p - UH OHHHH..BLACKSUPERMANS SPRING BLING B-DAY BASH FRI.MAR 12TH.........,26909250,flashy jewelry or flashy style/accessories,appearance,advertising_spam,false,Manual override -> advertising_spam
bling,10055197720,2010-03-06,@mollydollyy hey girl! hope your enjoying your mom visit! MY mom wanted to know whos bling do u wear on the show-the shows or kristians?,20210797,flashy jewelry or flashy style/accessories,appearance,casual_conversation,false,
bling,10055336737,2010-03-06,"#4: ToonStar Bling Team Men&#039;s T-Shirt Navy, Grey or Black - Prime or Super Saver Delivery http://url4.eu/1dTeK",75386850,flashy jewelry or flashy style/accessories,appearance,article_sharing,false,
bling,10055338207,2010-03-06,Can't wait till nicki preforms @ the spring bling and can't wait till rip the runway!!,53982078,flashy jewelry or flashy style/accessories,appearance,music_discussion,false,Manual override -> music_discussion
bling,10055376048,2010-03-06,Jamie Byng goes for bling Dizzee joins Canongate - Scotsman http://bit.ly/cj0P6A,28977442,flashy jewelry or flashy style/accessories,appearance,article_sharing,false,
bling,10055391056,2010-03-06,"My song for my hero is Do It(Do The Running Man)by Chingo Bling Feat Coast 
http://www.youtube.com/watch?v=A6fw0zjtC3I",119947793,flashy jewelry or flashy style/accessories,appearance,music_discussion,false,Manual override -> music_discussion
bling,10055412653,2010-03-06,Elephant castle!!! Bling blowe!!!,25971783,flashy jewelry or flashy style/accessories,appearance,commenting,false,
bling,10055420087,2010-03-06,@liltunechi bling bling,27265030,flashy jewelry or flashy style/accessories,appearance,music_discussion,false,
bling,10055501271,2010-03-06,For Sale: Barely used Verizon BB tour. Accessories and a brand new bling case included. Make me an offer! Save ur upgrade!,15961834,flashy jewelry or flashy style/accessories,appearance,advertising_spam,false,Manual override -> advertising_spam
bling,10055519137,2010-03-06,@MrzBrEeZyBabE  the good just workin on new music & spring bling,22564319,flashy jewelry or flashy style/accessories,appearance,music_discussion,false,Manual override -> music_discussion
bling,10055519179,2010-03-06,"RT @DeanDesigns: ""Purple Love"" #Purskey  http://bit.ly/5QN67k Great ""Bling"" for your Purse or Key Chain #wwes",103668792,flashy jewelry or flashy style/accessories,appearance,article_sharing,false,
bling,10445723549,2010-03-14,"Bling, blow, burr gucci mane oooh child! lls",61689890,flashy jewelry or flashy style/accessories,appearance,music_discussion,false,
bling,10445769484,2010-03-14,I smiled at the gal at the mall kiosk selling cell phone bling explain why the #iPhone battery is so sucky.It's all those apps multitasking,28035362,flashy jewelry or flashy style/accessories,appearance,technology_discussion,false,Manual override -> technology_discussion
bling,10445770055,2010-03-14,"EL-FUTURO feat. Juan Gotti, Chingo Bling, AD n Zig Zag of NBRidaz coming soon!! Also english album in da wrks wit big f… http://lnk.ms/5WFmp",51859634,flashy jewelry or flashy style/accessories,appearance,music_discussion,false,Manual override -> music_discussion
bling,10445944340,2010-03-14,Bling blang bur!,119250760,flashy jewelry or flashy style/accessories,appearance,commenting,false,
bling,10445953706,2010-03-14,"wut cha'll doin 2nite... #shoutout 2 my fla niggas... its goin down.. spring bling dis weekend..
#Respect",33055057,flashy jewelry or flashy style/accessories,appearance,celebrity_gossip,false,
bling,10445974776,2010-03-14,"Houston rodeo, buckles, bling, beer and Blake Shelton. Cowgirls and boys everywhere",30289956,flashy jewelry or flashy style/accessories,appearance,commenting,false,
bling,10446069179,2010-03-14,Romeo n his cousin at SPRING BLING!!! http://twitpic.com/18fgun,39083410,flashy jewelry or flashy style/accessories,appearance,advertising_spam,false,Manual override -> advertising_spam
bling,10446187989,2010-03-14,"Teething Bling GIVEAWAY March 17th for three of our followers.  Retweet!
see tweet below for more info. @TeethingBling",16561291,flashy jewelry or flashy style/accessories,appearance,advertising_spam,false,Manual override -> advertising_spam
bling,10446276361,2010-03-14,"""Suspenseful wit a pencil, ever since prince turned hiself n2 a symbol"" *bling*",24517524,flashy jewelry or flashy style/accessories,appearance,commenting,false,
bling,10446291692,2010-03-14,First plea in 'bling ring' celebrity burglary case http://bit.ly/aO77Qg,17314616,flashy jewelry or flashy style/accessories,appearance,article_sharing,false,Manual override -> article_sharing
bling,10446416930,2010-03-14,@sakapfettj i'm sorry work been crazy... Gettin ready for spring bling!!!,78885813,flashy jewelry or flashy style/accessories,appearance,celebrity_gossip,false,
bling,10446476006,2010-03-14,Daytona Spring Bling! tonite im at Mardi Gras on Main St tonite! lets Gooooo!,93775212,flashy jewelry or flashy style/accessories,appearance,advertising_spam,false,Manual override -> advertising_spam
bling,10446529771,2010-03-14,"@loVe4REaLL I think what it is, is that being famous hasn't gotten to her head. She could rock bling and stuff, but she's not superficial.",117626928,flashy jewelry or flashy style/accessories,appearance,casual_conversation,false,
bling,10446597333,2010-03-14,I def didn't mean Panama... I meant Riveria Beach 4 Spring Bling Apr 9-11.. ATL 4 Freaknic Apr 16-18.... Let's Get It... Apr 2 B-DAY !!!,101939417,flashy jewelry or flashy style/accessories,appearance,celebrity_gossip,false,
bling,10446671174,2010-03-14,Enjoying the bling of FFXIII,15683694,flashy jewelry or flashy style/accessories,appearance,commenting,false,
bling,10446755861,2010-03-14,@jasoncheim bet u can't catch up....Bling!...FMJ...,23437222,flashy jewelry or flashy style/accessories,appearance,celebrity_gossip,false,
bling,10446939026,2010-03-14,Woooooow! RT @JTate11: I did not ask for spring bling in pcb. Too many black ppl...,38453681,flashy jewelry or flashy style/accessories,appearance,celebrity_gossip,false,
bling,10446959485,2010-03-14,Dis nigga #lilwayne said I got da lex bubble so now they call me lex luger lol bling bling tht nigga sucked then now,70277034,flashy jewelry or flashy style/accessories,appearance,music_discussion,false,
bling,10447023425,2010-03-14,"We live in the Spring Bling Mix on K104! Sally ""That Girl"" Damn @hollywood104 is killin!!!!!!!!!",25480258,flashy jewelry or flashy style/accessories,appearance,celebrity_gossip,false,
bling,10447039626,2010-03-14,"Today my boss told me I needed some ""bling"" in my life... Mmm, I'm not that kinda girl, unless it's on my feet!",19057325,flashy jewelry or flashy style/accessories,appearance,commenting,false,
bling,10447051374,2010-03-14,A little bling goes a long way. http://bit.ly/aS6IY6,111665249,flashy jewelry or flashy style/accessories,appearance,article_sharing,false,
bling,10447058841,2010-03-14,"Amethyst Tennis Bracelet - Bling Bling
http://www.etsy.com/view_listing.php?listing_id=42656645",45186912,flashy jewelry or flashy style/accessories,appearance,fashion_beauty,false,
bling,10447088941,2010-03-14,"[Bling Daily] ½ Ct T.w. Diamond & Sapphire Heart Pendant In Sterling Silver - $11.95 (Reg. $150.00): 
							
    ... http://bit.ly/cy7CoF",18016033,flashy jewelry or flashy style/accessories,appearance,fashion_beauty,false,
bling,10447091940,2010-03-14,@LiViN_GooD_LoS Spring Bling (BET shyt),63902412,flashy jewelry or flashy style/accessories,appearance,celebrity_gossip,false,
bling,10447099747,2010-03-14,"Amethyst Tennis Earrings - Bling Bling
http://www.etsy.com/view_listing.php?listing_id=42661872",45186912,flashy jewelry or flashy style/accessories,appearance,music_discussion,false,
bling,10447111970,2010-03-14,I need a new nose ring dat bling!,96273276,flashy jewelry or flashy style/accessories,appearance,commenting,false,
bling,10447115070,2010-03-14,"Haha, BET's ""spring bling"" is taping this weekend here in Daytona... #SpringBreakFAIL",18846079,flashy jewelry or flashy style/accessories,appearance,television_reference,false,Manual override -> television_reference
bling,10447193848,2010-03-14,"@cthagod Make my life.  Come to Daytona for spring break and hate on BET in real time.. They're taping ""Spring Bling"" here. #TrueStory #fail",18846079,flashy jewelry or flashy style/accessories,appearance,television_reference,false,Manual override -> television_reference
bling,10447465309,2010-03-14,"I've been on them shows. MTV TRL, 106 & Park, Spring Bling, MTV Nokia Unwired, MTV Awards 07' in Vegas.. nigga om still the same ol' G",31604069,flashy jewelry or flashy style/accessories,appearance,celebrity_gossip,false,
bling,10447535458,2010-03-14,"in the studio with @jlbsfreshbeats and @jamdjay , goin in, shot out to my nigga @ksmith215 in miami killing spring bling! lets go!",26832047,flashy jewelry or flashy style/accessories,appearance,celebrity_gossip,false,
bling,11841933354,2010-04-08,"Govt spends R1bn  on bling, ads http://bit.ly/boXCVK",14697575,flashy jewelry or flashy style/accessories,appearance,news_reaction,false,Manual override -> news_reaction
bling,11841935515,2010-04-08,RT @TJBdesigns: Is your mom crafty and loves bling? I have a shop full of things she will love! http://bit.ly/3ahSL0 #wwes @tjbdesigns,97892077,flashy jewelry or flashy style/accessories,appearance,article_sharing,false,
bling,11842047048,2010-04-08,Yes - loved it - but it was cold !!! RT @x_BLING_x: @joeyrubino did you come to ireland with joe & the jonas bros? (via @joeyrubino),111988830,flashy jewelry or flashy style/accessories,appearance,casual_conversation,false,
bling,11842057102,2010-04-08,- when is spring bling on is it this weekend or the 16th?,95827027,flashy jewelry or flashy style/accessories,appearance,television_reference,false,Manual override -> television_reference
bling,11842125846,2010-04-08,TONIGHT  - SPRING BLING PARTY AT Club Boca 11PM-1AM (Live remote) @ThaRealButtaP and @BabaluBadBoyz,44655975,flashy jewelry or flashy style/accessories,appearance,advertising_spam,false,Manual override -> advertising_spam
bling,11842160094,2010-04-08,RT @realwolfpack: We goin in this friday in RENO.  @AmplifiedEnt SPRING BLING! Tix at http://re.knittingfactory.com/,71045919,flashy jewelry or flashy style/accessories,appearance,celebrity_gossip,false,
bling,11842237605,2010-04-08,Haha!  I still have my barmitzvah bling and socks! RT @BKDREAMGIRL: its going down like dem fresh ass lil jewish girls at barmitzvahs!,19365545,flashy jewelry or flashy style/accessories,appearance,casual_conversation,false,
bling,11842265807,2010-04-08,#Status Tired & Hungry still in office going hard for BET Spring Bling,45717259,flashy jewelry or flashy style/accessories,appearance,celebrity_gossip,false,
bling,11842267613,2010-04-08,"Sexy In The City, Sarah: Too Much Bling, Ling: Best And Worst: The Worst Dressed list fixture flaunted her washboa... http://bit.ly/9TdAzg",96167502,flashy jewelry or flashy style/accessories,appearance,article_sharing,false,
bling,11842288581,2010-04-08,Will be in miami spring bling this weekend ...,92471765,flashy jewelry or flashy style/accessories,appearance,celebrity_gossip,false,
bling,11842350005,2010-04-08,"http://twitpic.com/1e4ho1 I-95 now in ""bling."" Go figure.",89355728,flashy jewelry or flashy style/accessories,appearance,article_sharing,false,
bling,11842378557,2010-04-08,Blingety Bling!!...It's all mine http://www.polyvore.com/cgi/set?id=17662036,18617051,flashy jewelry or flashy style/accessories,appearance,article_sharing,false,
bling,11842399591,2010-04-08,Tino Cochino - Let's Get Money (Feat. Chingo Bling And Dj Khaled) http://metaphoric.me #nowplaying,120881401,flashy jewelry or flashy style/accessories,appearance,music_discussion,false,Manual override -> music_discussion
bling,11842410057,2010-04-08,RT @Sasha_Bling Jus finish tape d show (@fiwichart) wit @iamthekartel and pap corn....wat away it fun..@amiita we miss u mamie...&lt;- mawd!,37978140,flashy jewelry or flashy style/accessories,appearance,casual_conversation,false,
bling,11842411433,2010-04-08,Come c @nickimanaj 's 1st solo performance in SoFlo at club cinema this Fri Night!!!! Look for Spring Bling feature in tomrws @sfltimes,16568352,flashy jewelry or flashy style/accessories,appearance,celebrity_gossip,false,
bling,11842422638,2010-04-08,Anyone wanna buy spring bling tickets?lemme know..my cousin has 2!,28943726,flashy jewelry or flashy style/accessories,appearance,advertising_spam,false,Manual override -> advertising_spam
bling,11842449528,2010-04-08,Lmfao Dman @Bling_G keeps my twitter hella entertaining gosh!I honestly believ u cud go head2head wit juju http://myloc.me/5ML8P,115387482,flashy jewelry or flashy style/accessories,appearance,article_sharing,false,
bling,11842468197,2010-04-08,Thanks! love your shop! and your cute Kat avatar! @ArtistiKat http://www.etsy.com/shop/artistikat nice bling!,35267699,flashy jewelry or flashy style/accessories,appearance,article_sharing,false,
bling,11842534017,2010-04-08,RT @cocokissatl22: Will be in miami spring bling this weekend ...@DurttyGurlz22 going to be up through there lol,95096234,flashy jewelry or flashy style/accessories,appearance,celebrity_gossip,false,
bling,11842549028,2010-04-08,Bling Bean Bags http://ff.im/-iJOHI,41065390,flashy jewelry or flashy style/accessories,appearance,article_sharing,false,
bling,11842581165,2010-04-08,RT @CYFrost: Lmfao Dman @Bling_G keeps my twitter hella entertaining gosh!I honestly believ u cud go head2head wit juju http://myloc.me/5ML8,114472958,flashy jewelry or flashy style/accessories,appearance,article_sharing,false,
bling,11842587845,2010-04-08,"@cobbleshock if your shoulder is too painful, drop the euro bling at my place & i'll ride it for you, that's the kind of generous chap I am",21081519,flashy jewelry or flashy style/accessories,appearance,casual_conversation,false,
bling,11842716395,2010-04-08,Diamond Jewelry http://bt.io/Eqka Come see and learn about the bling you wear when you want to look classy,130947313,flashy jewelry or flashy style/accessories,appearance,fashion_beauty,false,
bling,11842797999,2010-04-08,spring bling miami who will b there?,122469051,flashy jewelry or flashy style/accessories,appearance,celebrity_gossip,false,
bling,11842813069,2010-04-08,LG ENV 3 / ENV3 vx9200 – Zebar Design Black/Silver – Full Rhinestones/Diamond/Bling/Diva – Hard Case/Cover/Facepla... http://bit.ly/coJ6OI,66532618,flashy jewelry or flashy style/accessories,appearance,article_sharing,false,
bling,11842876941,2010-04-08,RT @YoRaheem #whowouldhaveknown Chico Bling was gont be at the park? Smh somebody shoulda stop that nigga...MONTAE smh &lt; LMFAO U SHOULD HAVE,45065098,flashy jewelry or flashy style/accessories,appearance,casual_conversation,false,
bling,11842917738,2010-04-08,Alexis Neiers And The Hollywood Bling Ring Make A Date With “Dateline” http://bit.ly/cFjTtw,25501252,flashy jewelry or flashy style/accessories,appearance,article_sharing,false,Manual override -> article_sharing
bling,11842924446,2010-04-08,RT @JennieBinSC: Heading to SC Thrift & Resale for their Bling Bling Jewelry Event. Super stoked -@ItsBrookeRyan would love that,21290253,flashy jewelry or flashy style/accessories,appearance,fashion_beauty,false,
bling,11842973403,2010-04-08,@NICKIMINAJ Oh yeh!! Riviera Beach ain't ready for u! But it's deff goin down for Spring Bling 2010,33660784,flashy jewelry or flashy style/accessories,appearance,celebrity_gossip,false,
bling,14949365602,2010-05-29,Inspired by our industry's emerging commitment to sensibility. Out with the bling - in with responsible design & value. #interiordesign,23314959,flashy jewelry or flashy style/accessories,appearance,commenting,false,
bling,14949377643,2010-05-29,track bling full effect!! WASS GOOD TONITE..?,35999045,flashy jewelry or flashy style/accessories,appearance,commenting,false,
bling,14949605912,2010-05-29,"Make-up, beautifully styled hair, crisply ironed clothes, polished shoes, bling, nail polish. Sensational! http://bit.ly/FitzLikeAGloveIBC",147415279,flashy jewelry or flashy style/accessories,appearance,fashion_beauty,false,
bling,14949641850,2010-05-29,@lilfa c'etait comment ton film bling bling ?!,19589238,flashy jewelry or flashy style/accessories,appearance,music_discussion,false,
bling,14949740634,2010-05-29,#random girls juss be choosing!..its summertime to..they really gone be choosing up! go head and buy a few fake chains that bling in the sun,33133021,flashy jewelry or flashy style/accessories,appearance,commenting,false,
bling,14949806591,2010-05-29,"Love this! Adorable, easy ways to organise your bling: http://tinyurl.com/347tf9l",77189029,flashy jewelry or flashy style/accessories,appearance,article_sharing,false,
bling,14949876261,2010-05-29,Lol my lil cousin told me I have a bling berry  http://tweetphoto.com/24450695,31132842,flashy jewelry or flashy style/accessories,appearance,article_sharing,false,
bling,14950107552,2010-05-29,Bling Bling! RT @pmon: Iced out,21016933,flashy jewelry or flashy style/accessories,appearance,music_discussion,false,
bling,14950251970,2010-05-29,Who went 2 dat spring bling shit,82439178,flashy jewelry or flashy style/accessories,appearance,celebrity_gossip,false,
bling,14950261816,2010-05-29,"@imsoapee true, being treated right should be a two-way street. Bling will attract some, scare others, get attention from most.",14259159,flashy jewelry or flashy style/accessories,appearance,casual_conversation,false,
bling,14950283310,2010-05-29,"BIEBER MOMENT, gasp :o! DID YOU KNOW justin DISLIKES ""bling-bling"" haha !",149312631,flashy jewelry or flashy style/accessories,appearance,commenting,false,
bling,14950390939,2010-05-29,The new bling should be on display at @honoluluacademy please check it out! :-),84408032,flashy jewelry or flashy style/accessories,appearance,casual_conversation,false,
bling,14950444509,2010-05-29,@BIEBERandDOM Yeah i heard that!:) but i didnt kknow he disliked bling in general!,149312631,flashy jewelry or flashy style/accessories,appearance,casual_conversation,false,
bling,14950471420,2010-05-29,"@itsGwenB oh yes, you can see the bling from mars",99070550,flashy jewelry or flashy style/accessories,appearance,casual_conversation,false,
bling,14950625546,2010-05-29,Check this video out -- chris bling & chin bling bday bash http://youtu.be/AJhJ6uqZUFE,68810072,flashy jewelry or flashy style/accessories,appearance,music_discussion,false,Manual override -> music_discussion
bling,14950658964,2010-05-29,The bling on #rayallensmomsjersey is giving me seizures,35235781,flashy jewelry or flashy style/accessories,appearance,commenting,false,
bling,14950743709,2010-05-29,@imsoapee What does whats-his-name think about the bling? Is he diggin' it or scared? ;),14259159,flashy jewelry or flashy style/accessories,appearance,casual_conversation,false,
bling,14950883298,2010-05-29,"mariah carey - ""candy bling"" = BASS?!",54352467,flashy jewelry or flashy style/accessories,appearance,music_discussion,false,Manual override -> music_discussion
bling,14950939869,2010-05-29,"@evonne28 here is her site. I shot most of what's on there http://www.peace-love-bling.com/
I just finished shooting her new designes.",52573640,flashy jewelry or flashy style/accessories,appearance,article_sharing,false,
bling,14950991258,2010-05-29,@Carolina_Tweets YES! and the end bling. And Charlotte's wardrobe I'd the guts for Carrie's.,18322213,flashy jewelry or flashy style/accessories,appearance,casual_conversation,false,
bling,14951057492,2010-05-29,R.I.P. ONIEL EDWARDS........................LUV ALWAYS SASI BLING.o god y??????,142678782,flashy jewelry or flashy style/accessories,appearance,commenting,false,
bling,14951107149,2010-05-29,B.G. - Bling Bling www.kingsizeradio.se,38136382,flashy jewelry or flashy style/accessories,appearance,music_discussion,false,Manual override -> music_discussion
bling,14951128363,2010-05-29,"RT @solesbeforehoes: @itsGwenB oh yes, you can see the bling from mars • Dayuuuuum (smokie & craig #friday)",89597488,flashy jewelry or flashy style/accessories,appearance,casual_conversation,false,
bling,14951166569,2010-05-29,'I like money Bling Bling Bling' - Millionaires,29127234,flashy jewelry or flashy style/accessories,appearance,music_discussion,false,
bling,14951203272,2010-05-29,Bought my Dylan some bling :) http://twitpic.com/1s04ly,14372510,flashy jewelry or flashy style/accessories,appearance,article_sharing,false,
bling,14951224709,2010-05-29,Bling blaow BURR ....WELL DAMN,36567975,flashy jewelry or flashy style/accessories,appearance,music_discussion,false,
bling,14951463205,2010-05-29,@lingling2110 goodnight bling bling! finally my work is done. hip hip HOORAY! =D,116390012,flashy jewelry or flashy style/accessories,appearance,music_discussion,false,
bling,14951519357,2010-05-29,#Win a Chunky Bling Swarovski Crystal Ring! http://helena-agalneedsatleast2blogs.blogspot.com/2010/05/bling-bling-ring.html #Giveaway 5/29,57795234,flashy jewelry or flashy style/accessories,appearance,advertising_spam,false,Manual override -> advertising_spam
bling,14952006926,2010-05-29,: Bling 123 Media Max Dvd Backup Software http://www.freestonesoft.com/?p=41393,108281815,flashy jewelry or flashy style/accessories,appearance,technology_discussion,false,Manual override -> technology_discussion
bling,14952021384,2010-05-29,"RT @TexasTmusic: BUY YOUR TICKETS NOW TO SEE CHINGO BLING & TEXAS T IN BOISE, IDAHO JUNE 6TH AT THE VENUE CLICK HERE TO BUY TIXX NOW---&gt; htt",49431513,flashy jewelry or flashy style/accessories,appearance,advertising_spam,false,Manual override -> advertising_spam
bling,17472581429,2010-07-01,"RT @jessicers: Thank god, @google doing the right thing and threw some canada bling up for canada day!",90022172,flashy jewelry or flashy style/accessories,appearance,casual_conversation,false,
bling,17472594553,2010-07-01,At the jewellers picking out some bling :3,25032672,flashy jewelry or flashy style/accessories,appearance,commenting,false,
bling,17473080896,2010-07-01,182/365 - Bling for Boys: http://wp.me/pL98B-aH,14753340,flashy jewelry or flashy style/accessories,appearance,article_sharing,false,
bling,17473362440,2010-07-01,"@monicaroman @gildavl Yeaaah, bling bling for everybody :D",15558084,flashy jewelry or flashy style/accessories,appearance,music_discussion,false,
bling,17473381327,2010-07-01,"@BillZucker ROFLMAO nice "" BLING"".. Pimp Daddy Bill, where's the bananas? hahahahah great pic! :)",50020778,flashy jewelry or flashy style/accessories,appearance,casual_conversation,false,
bling,17473411150,2010-07-01,"@LNIngram: ""like Racism and Ignorance; like Bling and R&B..."" If you catch me singing this tomorrow, feel free to take credit. Thanks!",15094560,flashy jewelry or flashy style/accessories,appearance,casual_conversation,false,
bling,17473438976,2010-07-01,Everytime I come around ya city bling blong,53240484,flashy jewelry or flashy style/accessories,appearance,commenting,false,
bling,17473442219,2010-07-01,Everytime I come around ya city bling bling,53240484,flashy jewelry or flashy style/accessories,appearance,music_discussion,false,
bling,17473451462,2010-07-01,U GOT IT BABE!  DM me! RT @franceehaydel: I WANT!!!!!   RT @JDkix: My new FAVE BLING'd Body Bugg band I made!,17081305,flashy jewelry or flashy style/accessories,appearance,casual_conversation,false,
bling,17473472510,2010-07-01,Watchin Sweet 16 Bling,136774663,flashy jewelry or flashy style/accessories,appearance,commenting,false,
bling,17473505611,2010-07-01,pinky ring worth abt fifty bling bling RT @Me1stU2nd Everytime I come around ya city bling bling,39366315,flashy jewelry or flashy style/accessories,appearance,music_discussion,false,
bling,17473524816,2010-07-01,"''bling bling, everytime I come around yo city, bling bling''",55414810,flashy jewelry or flashy style/accessories,appearance,music_discussion,false,
bling,17473633662,2010-07-01,Everytime I buy a new car bling bling RT @_919_: pinky ring worth abt fifty bling bling RT @Me1stU2nd Everytime I come around ya city,53240484,flashy jewelry or flashy style/accessories,appearance,music_discussion,false,
bling,17473668401,2010-07-01,...And I'm trying to figure out this feeling. Was it a dream or you're just that right? Smile like bling and a body so tight...,16300367,flashy jewelry or flashy style/accessories,appearance,commenting,false,
bling,17473802109,2010-07-01,@StephanieBengal hes from the BRonx? Does he chill with Fat Joe? I need to holla at that fool; he stole my Terror Squad bling LOL,71182864,flashy jewelry or flashy style/accessories,appearance,casual_conversation,false,
bling,17473844533,2010-07-01,Eating at Fat burger in We Ho with some Rappers.....don't recognize them though there is visible bling.,155340631,flashy jewelry or flashy style/accessories,appearance,commenting,false,
bling,17473955520,2010-07-01,"@itsmejoee stupid, that ain't emma frost. that's ""Bling-girl, the queen of bedazzling!""",12015232,flashy jewelry or flashy style/accessories,appearance,casual_conversation,false,
bling,17473956064,2010-07-01,#jewelry #sexy Double Bling Silver by #Fossil http://amzn.to/9DjAyN,157410200,flashy jewelry or flashy style/accessories,appearance,fashion_beauty,false,
bling,17474114232,2010-07-01,@MontanaRite have u eva been 2 spring bling?,42920907,flashy jewelry or flashy style/accessories,appearance,celebrity_gossip,false,
bling,17474188471,2010-07-01,HTTP://WWW.WDSRO.COM Now Playing: Lucky Luciano And Chingo Bling Ft. Paul Wall - Blue Moon - 139 Listeners,15140295,flashy jewelry or flashy style/accessories,appearance,music_discussion,false,Manual override -> music_discussion
bling,17474193509,2010-07-01,@BarbieStash u eva been 2 spring bling?,42920907,flashy jewelry or flashy style/accessories,appearance,celebrity_gossip,false,
bling,17474701933,2010-07-01,just got pinky bling!!! #shinin,42504625,flashy jewelry or flashy style/accessories,appearance,commenting,false,
bling,17474875147,2010-07-01,Talk about bling yo!  http://tweetphoto.com/30108997,22491797,flashy jewelry or flashy style/accessories,appearance,article_sharing,false,
bling,17474892879,2010-07-01,SEO Chat Forums – Bling Bling BING! http://sns.ly/v7E45,28981928,flashy jewelry or flashy style/accessories,appearance,music_discussion,false,
bling,17475063310,2010-07-01,SEO Chat Forums – Bling Bling BING! http://sns.ly/v7E44,14962906,flashy jewelry or flashy style/accessories,appearance,music_discussion,false,
bling,17475112488,2010-07-01,Trade Forex Automatically with International Fund Manager Strategy. Forex Bling System http://tinyurl.com/yjhccm9,73838177,flashy jewelry or flashy style/accessories,appearance,article_sharing,false,
bling,17475219923,2010-07-01,"@whatzwild7 I can't change into @ImaHogbreath . I like ""bling"", it fits my #swagbucks, :)",114239392,flashy jewelry or flashy style/accessories,appearance,casual_conversation,false,
bling,17475231250,2010-07-01,SEO Chat Forums – Bling Bling BING! http://sns.ly/v7E43,32157595,flashy jewelry or flashy style/accessories,appearance,music_discussion,false,
bling,17475320792,2010-07-01,@KatePinkSmith oh how I miss Faith for those type of summer bejwelled bling bargain buys xx,30710834,flashy jewelry or flashy style/accessories,appearance,casual_conversation,false,
bling,17475337217,2010-07-01,"your wrist ""BLING BLING"" my wrist? ""BLING BLAWWW""",36238980,flashy jewelry or flashy style/accessories,appearance,music_discussion,false,
bling,18540860624,2010-07-14,Trade Forex Automatically with International Fund Manager Strategy. FX Bling 60 Days Demo http://tinyurl.com/yjhccm9,73838177,flashy jewelry or flashy style/accessories,appearance,article_sharing,false,
bling,18540868425,2010-07-14,"Women's sexy bling cross T-Shirt Olive, sz Small New!! http://item.ebay.com/120595768275",115591607,flashy jewelry or flashy style/accessories,appearance,advertising_spam,false,Manual override -> advertising_spam
bling,18540920753,2010-07-14,"Ladie's sexy bling cross T-Shirt Black, medium  New!! http://item.ebay.com/120595769401",115591607,flashy jewelry or flashy style/accessories,appearance,advertising_spam,false,Manual override -> advertising_spam
bling,18540932336,2010-07-14,"Women's sexy bling cross T-Shirt Black, Small  New!! NR http://item.ebay.com/120595769535",115591607,flashy jewelry or flashy style/accessories,appearance,advertising_spam,false,Manual override -> advertising_spam
bling,18540981888,2010-07-14,@samclarke is say yes but the poundshop sold out :o was gutted I wanted to bling out loads more things pfffft,29706923,flashy jewelry or flashy style/accessories,appearance,casual_conversation,false,
bling,18541003873,2010-07-14,we all like a little sparkle...stop in and see our new jeans with a little bit of bling...because we all love being a rock star ;),142773689,flashy jewelry or flashy style/accessories,appearance,commenting,false,
bling,18541007530,2010-07-14,RT @MariahCarey: For all of you in the NY area check out the coolest Lollipop Bling event tomorrow July 15 @ (cont) http://tl.gd/2gsn90,53267796,flashy jewelry or flashy style/accessories,appearance,article_sharing,false,
bling,18541108612,2010-07-14,"@rubyavila that SUN-of-a-bitch knows he wants to win some rings, quit frontin and come pick up some BLING! Lol",63353804,flashy jewelry or flashy style/accessories,appearance,casual_conversation,false,
bling,18541159384,2010-07-14,"RT I just entered the Chunky Bling Interchangeable Beaded Watch Givaway, US & Canda @http://lnk.gd/8l7  @Babasfarmlife",97786917,flashy jewelry or flashy style/accessories,appearance,advertising_spam,false,Manual override -> advertising_spam
bling,18541180125,2010-07-14,RT MariahCarey: For all of you in the NY area check out the coolest Lollipop Bling event tomorrow July 15 @ Macy's... http://bit.ly/bvZ0rw,50696640,flashy jewelry or flashy style/accessories,appearance,article_sharing,false,
bling,18541216695,2010-07-14,"I kinda like Bill's bling, not that I can see it clearly.",23055979,flashy jewelry or flashy style/accessories,appearance,commenting,false,
bling,18541384035,2010-07-14,"#85Broads Come to this dazzling event for REACH - ""Bubbles & Bling"" - Champagne, hors d’oeuvres & a great cause!  http://ow.ly/28LJL",54327592,flashy jewelry or flashy style/accessories,appearance,advertising_spam,false,Manual override -> advertising_spam
bling,18541387488,2010-07-14,"@85Broads Come to this dazzling event! 85 Broads features ""Bubbles & Bling"" - Champagne, hors d’oeuvres & a great cause!  http://ow.ly/28LJK",38231370,flashy jewelry or flashy style/accessories,appearance,advertising_spam,false,Manual override -> advertising_spam
bling,18541451071,2010-07-14,RT @MariahCarey: For all of you in the NY area check out the coolest Lollipop Bling event tomorrow July 15 @ (cont) http://tl.gd/2gsn91,45131693,flashy jewelry or flashy style/accessories,appearance,article_sharing,false,
bling,18541462055,2010-07-14,"EB Foote Winery in Burien, WA visit this underground winery. Check out their wall o' bling. Awards! Lots! #WineWednesday",19301527,flashy jewelry or flashy style/accessories,appearance,commenting,false,
bling,18541476305,2010-07-14,Bling Jewelry Sterling Silver Engagement Ring with Crown CZ Baguette Side Stone http://cli.gs/VmzdQ #baguette #Bling #Crown,120343349,flashy jewelry or flashy style/accessories,appearance,fashion_beauty,false,
bling,18541533190,2010-07-14,@adamyglesias cool shirt that he wears to do work at his grandmas. It has christian bling. http://twitpic.com/259z9q,148622895,flashy jewelry or flashy style/accessories,appearance,article_sharing,false,
bling,18541669432,2010-07-14,RT @MariahCarey: For all of you in the NY area check out the coolest Lollipop Bling event tomorrow July 15 @ Macy's Cross Country http:/ ...,132622986,flashy jewelry or flashy style/accessories,appearance,article_sharing,false,
bling,18541818414,2010-07-14,MariahCarey: For all of you in the NY area check out the coolest Lollipop Bling event… http://goo.gl/fb/HA9l4,166339891,flashy jewelry or flashy style/accessories,appearance,article_sharing,false,
bling,18541872367,2010-07-14,"Hmm, Norse bling.  Asgard's tacky RT @supersiblings: Kinda underwhelmed by this picture from Thor http://bit.ly/dd5UzW",15771615,flashy jewelry or flashy style/accessories,appearance,article_sharing,false,
bling,18542004733,2010-07-14,NEW JERSEY NETS HARDWOOD CLASSICS WOMENS BLING JACKET L http://bit.ly/a2oa4A,50445154,flashy jewelry or flashy style/accessories,appearance,advertising_spam,false,Manual override -> advertising_spam
bling,18542028554,2010-07-14,RT @thejerseyshack: NEW JERSEY NETS HARDWOOD CLASSICS WOMENS BLING JACKET L http://bit.ly/a2oa4A,134999372,flashy jewelry or flashy style/accessories,appearance,article_sharing,false,
bling,29430811687,2010-11-02,"WYKDs Lady J Owned By Simply Erotic just received a bling, 'Skull of Insanity', from dalejr999 on fubar....` http://fubar.com/~49eVs #fubar",26961374,flashy jewelry or flashy style/accessories,appearance,article_sharing,false,
bling,29430856219,2010-11-02,there's a website called bling cheese _- cuff .,164480467,flashy jewelry or flashy style/accessories,appearance,commenting,false,
bling,29431041802,2010-11-02,~May i have the whale bling?? PWEASE ;) !lick the like...it tastes like cotton candy!!! wanna sample? SB...` http://fubar.com/~49ewn #fubar,170371182,flashy jewelry or flashy style/accessories,appearance,article_sharing,false,
bling,29431103823,2010-11-02,Jennifer Johnson is the winner of our first FREE bling shirt giveaway. Congrats Jennifer. Make sure to sign up now for next months giveaway!,203764742,flashy jewelry or flashy style/accessories,appearance,advertising_spam,false,Manual override -> advertising_spam
bling,29431145229,2010-11-02,Jigga I don't like it if it don't bling bling,41308403,flashy jewelry or flashy style/accessories,appearance,music_discussion,false,
bling,29431155753,2010-11-02,"MiLF just received a bling, 'Gold Rose', from TwInLiCiOuS xCFx xONExNATIONx on fubar.com! http://fubar.com/~49f71 #fubar",177110289,flashy jewelry or flashy style/accessories,appearance,article_sharing,false,
bling,29431216551,2010-11-02,Maryse is bling blingin lol [Like it? http://bit.ly/d8Fqwn ],44462812,flashy jewelry or flashy style/accessories,appearance,music_discussion,false,
bling,29431239016,2010-11-02,"Maria's engagement bling: Here's a closeup of Maria Sharapova's engagement ring, from the AP's Evan Agostini.

It ... http://bit.ly/aC2w8P",102575027,flashy jewelry or flashy style/accessories,appearance,article_sharing,false,
bling,29431257644,2010-11-02,RT @MochaLeelee @RICHYUNGSTAR someone lookin real cocky in their avatar I see u bling blingin I bought those same earrings at walmart hehe!,50513354,flashy jewelry or flashy style/accessories,appearance,music_discussion,false,
bling,29431343893,2010-11-02,"Running for Bling http://t.co/xi5NG3G
Big Pumpkin 5K & Weekend Recap",34467494,flashy jewelry or flashy style/accessories,appearance,article_sharing,false,
bling,29431364720,2010-11-02,"Walt just received a bling, 'LOL!', from Latin Queen Owner of The VIP Room on fubar.com! http://fubar.com/~49fQl #fubar",206005915,flashy jewelry or flashy style/accessories,appearance,article_sharing,false,
bling,29431370136,2010-11-02,@missiexox  like Kez's Kitchen make..  I do them with almonds and pistachios coz I like them wiv bling : D,47550154,flashy jewelry or flashy style/accessories,appearance,casual_conversation,false,
bling,29431384922,2010-11-02,Jennifer Johnson is the winner for Nov free bling t-shirt giveaway. Congrats Jennifer. Everyone make sure to sign up today for Dec. Drawing,100397507,flashy jewelry or flashy style/accessories,appearance,advertising_spam,false,Manual override -> advertising_spam
bling,29431394181,2010-11-02,"Hey Cody Ross, look at that BLING on your finger!! Fish wouldn't give that to you.",35643563,flashy jewelry or flashy style/accessories,appearance,commenting,false,
bling,29431445742,2010-11-02,"Come to ""TwoGo's @ BLING!"" Thursday, November 4 from 2:00 pm to 6:00 pm. Every woman needs a little BLING!

BLING... http://fb.me/wHAmNC6D",125480420,flashy jewelry or flashy style/accessories,appearance,advertising_spam,false,Manual override -> advertising_spam
bling,29431758793,2010-11-02,@BlackMediaSCOOP Beach Spring Bling 2011 Daytona Beach & Cancun facebook.com/blackbeach.springbling,204617135,flashy jewelry or flashy style/accessories,appearance,advertising_spam,false,Manual override -> advertising_spam
bling,29431760161,2010-11-02,@paulwallbaby why do u keep buying bling we all know u cant be beat when it comes to ice!,106019288,flashy jewelry or flashy style/accessories,appearance,casual_conversation,false,
bling,29431770840,2010-11-02,"Vote 4 My Son & Me==&gt; On @ChingoBling ""THE 2011 CHINGO BLING COSTUME.WHO WORE IT BEST?"" http://chingobling.com/blog/",43027529,flashy jewelry or flashy style/accessories,appearance,article_sharing,false,
bling,29431968484,2010-11-02,@LauraBeth Holy bling! Congratulations!,25689521,flashy jewelry or flashy style/accessories,appearance,celebrity_gossip,false,
bling,29431986208,2010-11-02,#Black&Orange #black&orange let's go baby Timmy killed it today biggest Filipino star wit PAC-Man got his bling now yeee,36475129,flashy jewelry or flashy style/accessories,appearance,commenting,false,
bling,29431993106,2010-11-02,@yeahwhatwhat @jockomo141 @trushawtyy Beach Spring Bling 2011 Daytona Beach & Cancun facebook.com/blackbeach.springbling,204617135,flashy jewelry or flashy style/accessories,appearance,advertising_spam,false,Manual override -> advertising_spam
bling,29432010448,2010-11-02,New at Humpastuff! SHORTIE GOT BLING Black Dress with Gem set Buttons http://bit.ly/9oBms5,140231415,flashy jewelry or flashy style/accessories,appearance,article_sharing,false,
bling,29432010459,2010-11-02,@tsubmusic @jockomo141 Beach Spring Bling 2011 Daytona Beach & Cancun facebook.com/blackbeach.springbling,204617135,flashy jewelry or flashy style/accessories,appearance,advertising_spam,false,Manual override -> advertising_spam
bling,29432035751,2010-11-02,"""She moved across the landscape like a delicate gazelle sporting a pimp-limp & nipple bling.""

You guys have ruined my literary aspirations.",27123985,flashy jewelry or flashy style/accessories,appearance,commenting,false,
bling,29432046068,2010-11-02,@_iDGAFMentality Beach Spring Bling 2011 Daytona Beach & Cancun facebook.com/blackbeach.springbling,204617135,flashy jewelry or flashy style/accessories,appearance,advertising_spam,false,Manual override -> advertising_spam
bling,29432184734,2010-11-02,Bringin' the bling to the BAY! Giggity Gigantes!,96506304,flashy jewelry or flashy style/accessories,appearance,commenting,false,
bling,29432195093,2010-11-02,Congrats to ARow and Juan on the new bling!   #formerwhitesox #worldseries,23221930,flashy jewelry or flashy style/accessories,appearance,commenting,false,
bling,29432213171,2010-11-02,Bling blow,34789293,flashy jewelry or flashy style/accessories,appearance,commenting,false,
bling,29432242387,2010-11-02,@mizzkerri_babii @Dre_Flem Beach Spring Bling 2011 Daytona Beach & Cancun facebook.com/blackbeach.springbling,204617135,flashy jewelry or flashy style/accessories,appearance,advertising_spam,false,Manual override -> advertising_spam
bling,29432270749,2010-11-02,RT @dmmack13: Congrats to ARow and Juan on the new bling!   #formerwhitesox #worldseries,23825443,flashy jewelry or flashy style/accessories,appearance,casual_conversation,false,
bling,15011216241983488,2010-12-15,"Slow morning? Read our alternative home appliances new bulletin: http://reevoo.com/q/Fta Includes hamsters, bling, Corrie and pop-tarts.",1796441,flashy jewelry or flashy style/accessories,appearance,article_sharing,false,
bling,15011230091583488,2010-12-15,1st meeting done in town now heading back to Tab-le-ver for meeting with Pulse Racing Products. They gonna bling our bikes up for 2011.,36659942,flashy jewelry or flashy style/accessories,appearance,sports_discussion,false,Manual override -> sports_discussion
bling,15011321787457536,2010-12-15,"RT @reevoo: Slow morning? Read our alternative home appliances new bulletin: http://reevoo.com/q/Fta Includes hamsters, bling, Corrie an ...",18935274,flashy jewelry or flashy style/accessories,appearance,article_sharing,false,
bling,15011620543533056,2010-12-15,BLTWY Bling: The Fanciest Politicos and Biggest Spenders of 2010: The first lady took her fair share of vacation... http://bit.ly/hEqpXr,114332363,flashy jewelry or flashy style/accessories,appearance,article_sharing,false,
bling,15011624159019008,2010-12-15,BLTWY Bling: The Fanciest Politicos and Biggest Spenders of 2010: The first lady took her fair share of vacation... http://bit.ly/h1awPK,165088105,flashy jewelry or flashy style/accessories,appearance,article_sharing,false,
bling,15011812726538240,2010-12-15,@Jessmannisalive http://twitpic.com/3de3aq - Emil bling bling ;-),54930030,flashy jewelry or flashy style/accessories,appearance,music_discussion,false,
bling,15012605772955648,2010-12-15,@HasSualman just show em the bling bling sista!,17806601,flashy jewelry or flashy style/accessories,appearance,technology_discussion,false,Manual override -> technology_discussion
bling,15012799583363072,2010-12-15,"TambraxX69GirlsXx just received a bling, 'Boomerang', from TambraxX69GirlsXx on fubar....` http://fubar.com/~http://fubar.com/~5Adtd #fubar",175008300,flashy jewelry or flashy style/accessories,appearance,article_sharing,false,
bling,15012867518496768,2010-12-15,Disney Mix Stick Mp3 WMA Player - Tween Bling:  http://bit.ly/fdzv4Y,198753572,flashy jewelry or flashy style/accessories,appearance,article_sharing,false,
bling,15013134490148864,2010-12-15,In america its bling bling but out here its bling bang...,35062092,flashy jewelry or flashy style/accessories,appearance,music_discussion,false,
bling,15013157412016128,2010-12-15,Having fun with ghetto bling  http://twitpic.com/3g4diz,132148604,flashy jewelry or flashy style/accessories,appearance,article_sharing,false,
bling,15013290333700096,2010-12-15,Bling bling (@tomasowa)http://yfrog.com/h0yt2jtj,27210269,flashy jewelry or flashy style/accessories,appearance,music_discussion,false,
bling,15014189059805184,2010-12-15,"Model : Roma,Roma bling bling http://tinyurl.com/29k8mak",184372590,flashy jewelry or flashy style/accessories,appearance,music_discussion,false,
bling,15014798517338112,2010-12-15,No more bling or leopard print fur stuck to my phone. Now what? Spray paint?,31641310,flashy jewelry or flashy style/accessories,appearance,technology_discussion,false,Manual override -> technology_discussion
bling,15014968499900416,2010-12-15,RT @vVv_Gaming: Check out the @steelseries 12 Days of Christmas Bling! A chance to win @steelseries gear every day!  http://bit.ly/hSX5Xy,185757152,flashy jewelry or flashy style/accessories,appearance,article_sharing,false,
bling,15015133428326400,2010-12-15,Still waiting on 2 deliveries but tiles are here! Bling city... http://yfrog.com/h0ep0nj,79284228,flashy jewelry or flashy style/accessories,appearance,article_sharing,false,
bling,15015820430147584,2010-12-15,"New High Achievers at NYSE - EMS, HON, CAT, BCR, EW - Stock Bling: New High Achievers at NYSE - EMS, HON, CAT,... http://bit.ly/gYyn7B ===",220585523,flashy jewelry or flashy style/accessories,appearance,article_sharing,false,
bling,15015820673421312,2010-12-15,"New High Achievers at NYSE - EMS, HON, CAT, BCR, EW - Stock Bling http://bit.ly/gYyn7B ===",220262998,flashy jewelry or flashy style/accessories,appearance,article_sharing,false,
bling,15016114052407296,2010-12-15,Boyfriend not impressed with the new bling shoes I bought at Woolies. He's more of a (a lot) less is more...,58571848,flashy jewelry or flashy style/accessories,appearance,fashion_beauty,false,
bling,15016691788423168,2010-12-15,RT @swavorBago: In america its bling bling but out here its bling bang...#BLOOD diamonds,56804754,flashy jewelry or flashy style/accessories,appearance,music_discussion,false,
bling,15017900456812544,2010-12-15,I want the U-Kiss Bling Bling Headphones =) so cool =),148246809,flashy jewelry or flashy style/accessories,appearance,music_discussion,false,
bling,15018090450386944,2010-12-15,Ooo very nice! RT @benmckeith: Still waiting on 2 deliveries but tiles are here! Bling city... http://yfrog.com/h0ep0nj,161415446,flashy jewelry or flashy style/accessories,appearance,article_sharing,false,
bling,15018744594046976,2010-12-15,Anybody up for a Bling Fling?,177705252,flashy jewelry or flashy style/accessories,appearance,commenting,false,
bling,15020689673166848,2010-12-15,RT @vVv_Gaming: Now is your chance to win @steelseries gear during the @steelseries 12 Days of Christmas Bling Giveaway! Enter now! http ...,185757152,flashy jewelry or flashy style/accessories,appearance,article_sharing,false,
bling,15021591318503424,2010-12-15,What Bling Does the Third Day of Christmas Bring? http://bit.ly/fD9jaW,16898121,flashy jewelry or flashy style/accessories,appearance,article_sharing,false,
bling,15022080923795456,2010-12-15,Raided my over 80s mom's jewelry box today...wearing tiny flower pins on my lapel...love them!!  Great touch of bling!,162058783,flashy jewelry or flashy style/accessories,appearance,fashion_beauty,false,
bling,15022615810801664,2010-12-15,NEW APPLE IPHONE 4 Purple★NEW DIAMOND COVER★bling case UK: £4.97End Date: Friday Jan-14-2011 11:12:06 GMTBuy It ... http://bit.ly/gkG6Nb,78884130,flashy jewelry or flashy style/accessories,appearance,article_sharing,false,
bling,15022856182173696,2010-12-15,@bling_with do u come to MMA today? ^o^,20986162,flashy jewelry or flashy style/accessories,appearance,casual_conversation,false,
bling,15022980715253760,2010-12-15,@JUJU_TIKA_bling juuu folback! ¬˛¬,187157876,flashy jewelry or flashy style/accessories,appearance,casual_conversation,false,
Brotox,7649469175,2010-01-12,Is Botox for men Brotox?,20925086,Botox for men; male-targeted cosmetic Botox treatment,appearance,commenting,false,Manual override -> commenting
Brotox,7665163164,2010-01-12,I'm surprised noone has thought of Botox for men. Brotox. Dragons den?,20925086,Botox for men; male-targeted cosmetic Botox treatment,appearance,humor,false,Manual override -> humor
Brotox,7758778506,2010-01-14,"Back from the doctor. The shots were unpleasant, but I no longer have an urge to do keg stands. Thanks Brotox!",37008489,Botox for men; male-targeted cosmetic Botox treatment,appearance,humor,true,"Manual override -> humor | Irony audit: Thanks Brotox joke is clearly playful, not literal."
Brotox,8003514951,2010-01-20,"Harry Reid and John F. Kerry both appear to have had minor face work done.  Brotox, it's the new guy thing.",18602254,Botox for men; male-targeted cosmetic Botox treatment,appearance,celebrity_gossip,false,Manual override -> celebrity_gossip
Brotox,8004833323,2010-01-20,"RT @Michael_Haz: Harry Reid and John F. Kerry both appear to have had minor face work done.  Brotox, it's the new guy thing.",18970609,Botox for men; male-targeted cosmetic Botox treatment,appearance,celebrity_gossip,false,Manual override -> celebrity_gossip
Brotox,8646102726,2010-02-04,"""going in for some brotox""
That made my day forreal.",48620804,Botox for men; male-targeted cosmetic Botox treatment,appearance,humor,false,
Brotox,9698733885,2010-02-26,Brotox: Paralysis which occurs once you learn your younger brother is a gay transexual.,16986534,Botox for men; male-targeted cosmetic Botox treatment,appearance,commenting,true,Irony audit: Punchline-style fake definition marks Brotox as humorous wordplay.
Brotox,10179568848,2010-03-08,RT @BeardsAndGum: Brotox (song titles to rock your #MM),66225147,Botox for men; male-targeted cosmetic Botox treatment,appearance,music_discussion,false,
Brotox,10301990778,2010-03-11,New Bro-ism: BroTox.,24267659,Botox for men; male-targeted cosmetic Botox treatment,appearance,commenting,false,
Brotox,10358428606,2010-03-12,"Zahara I learned two new words this past week: ""Manscape"" and ""Brotox"", I had to share them with you :)) lol. http://ff.im/-hmSJa",17504895,Botox for men; male-targeted cosmetic Botox treatment,appearance,article_sharing,false,
Brotox,10376938331,2010-03-12,Men Jumping on Brotox Bandwagon http://dlvr.it/BY9J,59516314,Botox for men; male-targeted cosmetic Botox treatment,appearance,article_sharing,false,Manual override -> article_sharing
Brotox,10379073953,2010-03-12,Brotox in South Florida: http://www.nbcmiami.com/news/local-beat/More-Men-turning-to-Botox-87416067.html,15727981,Botox for men; male-targeted cosmetic Botox treatment,appearance,article_sharing,false,Manual override -> article_sharing
Brotox,10381933642,2010-03-12,"Men Jumping on ""Brotox"" Bandwagon:  http://bit.ly/bARo3w",16407433,Botox for men; male-targeted cosmetic Botox treatment,appearance,article_sharing,false,Darwin audit -> article_sharing
Brotox,10390845624,2010-03-12,Florida men invent a new word to deal with their freaky behavior: Brotox -  http://ow.ly/1ipOr,22210971,Botox for men; male-targeted cosmetic Botox treatment,appearance,article_sharing,false,
Brotox,10391533347,2010-03-12,"RT: @ASAPSmedia Men Jumping on ""Brotox"" Bandwagon:  http://bit.ly/bARo3w",19712293,Botox for men; male-targeted cosmetic Botox treatment,appearance,article_sharing,false,Darwin audit -> article_sharing
Brotox,10395605686,2010-03-12,"Miami's NBC6/ WTVJ reports ""Men Jumping on Brotox Bandwagon: South Florida men going for cosmetic procedures"" http://ow.ly/1iANM",86135254,Botox for men; male-targeted cosmetic Botox treatment,appearance,article_sharing,false,Darwin audit -> article_sharing
Brotox,10423285618,2010-03-13,RT @FlaFreakshow: Florida men invent a new word to deal with their freaky behavior: Brotox -  http://ow.ly/1ipOr,21936334,Botox for men; male-targeted cosmetic Botox treatment,appearance,article_sharing,false,
Brotox,10423460218,2010-03-13,Brotox? Only in Florida. @FlaFreakshow,21936334,Botox for men; male-targeted cosmetic Botox treatment,appearance,casual_conversation,false,
Brotox,10441451543,2010-03-13,Figures! RT @FlaFreakshow Florida men invent a new word to deal with their freaky behavior: Brotox - http://ow.ly/1ipOr,26352872,Botox for men; male-targeted cosmetic Botox treatment,appearance,article_sharing,false,
Brotox,10735124325,2010-03-19,"BROTOX,  yes men are interested in what cosmetic derm can co for them. http://su.pr/32GvHe",22693812,Botox for men; male-targeted cosmetic Botox treatment,appearance,article_sharing,false,Manual override -> article_sharing
Brotox,10841953581,2010-03-21,"RT @drvandyke: BROTOX,  yes men are interested in what cosmetic derm can co for them. http://su.pr/32GvHe",33768465,Botox for men; male-targeted cosmetic Botox treatment,appearance,fashion_beauty,false,
Brotox,10871617668,2010-03-22,"Brotox, even men are interested in what cosmetic dermatology can do for them.  http://bit.ly/bHp07n",113031077,Botox for men; male-targeted cosmetic Botox treatment,appearance,fashion_beauty,false,
Brotox,10884861385,2010-03-22,"More men jumping on the ""Brotox"" wagon:      Men are jumping on the bandwagon to the fountain of youth.  Now  Boto... http://bit.ly/9r8cNP",13175282,Botox for men; male-targeted cosmetic Botox treatment,appearance,fashion_beauty,false,
Brotox,11002425666,2010-03-24,"Men feeling the pressure too to look younger! A rise in ""Brotox"" injections...I know thats a bad one!..http://cot.ag/c1e35n",80395488,Botox for men; male-targeted cosmetic Botox treatment,appearance,article_sharing,false,
Brotox,11439494710,2010-04-01,Constant poker face? (RT @Terrillific: RT @lizzwinstead Botox has ruined the game of charades) for men there is  Brotox: http://ofmo.org.uk,14072464,Botox for men; male-targeted cosmetic Botox treatment,appearance,article_sharing,false,
Brotox,14362634126,2010-05-20,Where did these lines in my forehead come from? I blame Henry. Time for the Brotox.,16318815,Botox for men; male-targeted cosmetic Botox treatment,appearance,commenting,false,
Brotox,15080559172,2010-05-31,@jundafamrecords rite on Brotox!!!!,67252231,Botox for men; male-targeted cosmetic Botox treatment,appearance,casual_conversation,false,
Brotox,15080704392,2010-05-31,RT @Rymo_Backhand @jundafamrecords rite on Brotox!!!! &lt;= iz good brokidas,16936262,Botox for men; male-targeted cosmetic Botox treatment,appearance,casual_conversation,false,
Brotox,15529472349,2010-06-06,"Brotox: ""So many #cougars lickin their lips in here, #bro. Time to puff mad chest""",100561249,Botox for men; male-targeted cosmetic Botox treatment,appearance,commenting,false,
Brotox,15708846421,2010-06-08,@Shelly1912. add to that list brotox,142741145,Botox for men; male-targeted cosmetic Botox treatment,appearance,casual_conversation,false,
Brotox,15759184952,2010-06-09,Roblox Butt Secks [Brotox] http://goo.gl/fb/I5qx8,38887792,Botox for men; male-targeted cosmetic Botox treatment,appearance,article_sharing,false,
Brotox,15759265099,2010-06-09,Roblox Butt Secks [Brotox] http://bit.ly/c8sQAi,150888542,Botox for men; male-targeted cosmetic Botox treatment,appearance,article_sharing,false,
Brotox,15762865408,2010-06-09,#roblox RT @facebookmx Roblox Butt Secks [Brotox] http://bit.ly/c8sQAi http://bit.ly/dy5wMz,136584698,Botox for men; male-targeted cosmetic Botox treatment,appearance,article_sharing,false,
Brotox,15762866151,2010-06-09,#roblox RT @lanclip Roblox Butt Secks [Brotox] http://goo.gl/fb/I5qx8 http://bit.ly/cY8HFx,136584698,Botox for men; male-targeted cosmetic Botox treatment,appearance,article_sharing,false,
Brotox,16133165436,2010-06-14,@sally_costume aha I wrote that grooming article nothing wrong with a bit of brotox,25213925,Botox for men; male-targeted cosmetic Botox treatment,appearance,casual_conversation,false,
Brotox,16326778666,2010-06-16,Y'all néed to follow ma brotox  @ArkainMusic &lt;= he da top bromin of san Jo!,16936262,Botox for men; male-targeted cosmetic Botox treatment,appearance,casual_conversation,false,
Brotox,17222353251,2010-06-28,"@wilw I misread that as ""Brotox"" at first and thought it was a new fad I'd get to avoid like orange spray on tanning.",18514243,Botox for men; male-targeted cosmetic Botox treatment,appearance,casual_conversation,false,
Brotox,17550954223,2010-07-02,"RT @PlasticSurgMen: Miami's NBC6/ WTVJ reports ""Men Jumping on Brotox Bandwagon: South Florida men going for cosmetic procedures"" http:/ ...",105404028,Botox for men; male-targeted cosmetic Botox treatment,appearance,fashion_beauty,false,
Brotox,20425099465,2010-08-06,my next business venture will be brotox: cosmetic solutions for gay men with too much expendable income,15173253,Botox for men; male-targeted cosmetic Botox treatment,appearance,fashion_beauty,false,
Brotox,20426952701,2010-08-06,RT @bradwalsh: my next business venture will be brotox: cosmetic solutions for gay men with too much expendable income,19368842,Botox for men; male-targeted cosmetic Botox treatment,appearance,fashion_beauty,false,
Brotox,21652915363,2010-08-20,http://twitgoo.com/1j264i ...is it me or has Ghaddafi had one too many brotox,93022821,Botox for men; male-targeted cosmetic Botox treatment,appearance,article_sharing,false,
Brotox,24507203984,2010-09-14,"@maggiefoley I got Brotox. It's for dudes, and I get it for free with my new health insurance.",18011937,Botox for men; male-targeted cosmetic Botox treatment,appearance,casual_conversation,false,
Brotox,25427765485,2010-09-24,"RT @CreamTeamBarber: @Rymeezee Bwahaha What Up Brose & Son &lt;--lol Im smoove Bromaha, Nebraska! Im glad its finally Friday! Sup w/ u Brotox?",67252231,Botox for men; male-targeted cosmetic Botox treatment,appearance,casual_conversation,false,
Brotox,25446474970,2010-09-24,"Botox, 'brotox'? Check it out for yourself: http://tbd.ly/9JkrHX",161307835,Botox for men; male-targeted cosmetic Botox treatment,appearance,article_sharing,false,
Brotox,25691471738,2010-09-27,"Botox, Brotox, Boytox or Boozetox. Whatever you want to call it, this new walk-in Botox clinic is the talk of town in DC: http://ow.ly/2KqCr",23619711,Botox for men; male-targeted cosmetic Botox treatment,appearance,article_sharing,false,
Brotox,25691472373,2010-09-27,"Botox, Brotox, Boytox or Boozetox. Whatever you want to call it, this new walk-in Botox clinic is the talk of town in DC: http://ow.ly/2KqE9",95436695,Botox for men; male-targeted cosmetic Botox treatment,appearance,article_sharing,false,
Brotox,26537529254,2010-10-06,Brotox: the gay man's viagra  #newpharms,26994514,Botox for men; male-targeted cosmetic Botox treatment,appearance,commenting,false,
Brotox,26537643043,2010-10-06,RT @mikebinaz: Brotox: the gay man's viagra  #newpharms  ||  BAH HA!,58205558,Botox for men; male-targeted cosmetic Botox treatment,appearance,casual_conversation,false,
Brotox,28910620417,2010-10-27,@Rymeezee fashiggidale Brotox! we'll cook soon!,22025214,Botox for men; male-targeted cosmetic Botox treatment,appearance,casual_conversation,false,
Brotox,28911157456,2010-10-27,RT @GilVegas: @Rymeezee fashiggidale Brotox! we'll cook soon! &lt;--yezzir! We gon whip up some of dat Brochero...,67252231,Botox for men; male-targeted cosmetic Botox treatment,appearance,casual_conversation,false,
Brotox,929564050063360,2010-11-06,"Kind of pissed that there are ~13500 google results for ""Brotox."" It's not even that clever. Let me come up with stupid marketing terms.",39612332,Botox for men; male-targeted cosmetic Botox treatment,appearance,commenting,false,
Brotox,3579135309910016,2010-11-13,@maxwellhelyer Dude are you back? I need an injection of Brotox.,17362985,Botox for men; male-targeted cosmetic Botox treatment,appearance,casual_conversation,false,
Brotox,8474756919590912,2010-11-27,brotox,155644011,Botox for men; male-targeted cosmetic Botox treatment,appearance,commenting,false,
Brotox,10810333526491136,2010-12-03,@Rymeezee good lookin Brotox!,22025214,Botox for men; male-targeted cosmetic Botox treatment,appearance,casual_conversation,false,
Brotox,13234764743966720,2010-12-10,Man this nigga just said he need brotox (botox) cuz he's a black man and he has bags under his eyes lmmfao #dead,36124301,Botox for men; male-targeted cosmetic Botox treatment,appearance,commenting,false,
Brotox,13684564308267008,2010-12-11,@TerribleWhi get brotox. that's where a mongrel mob dude injects your face,19156803,Botox for men; male-targeted cosmetic Botox treatment,appearance,casual_conversation,false,
Brotox,14574707311382530,2010-12-14,@Fraankynutz alright brotox! @eiikcuL #saylilmamachillbro.,213893136,Botox for men; male-targeted cosmetic Botox treatment,appearance,casual_conversation,false,
Brotox,14724951965704192,2010-12-14,Getttng Brotox Contraction hurt Like a Mother fuckkkerrr,117869921,Botox for men; male-targeted cosmetic Botox treatment,appearance,commenting,false,
Brotox,14785738478452736,2010-12-14,My new word of the day: #brotox : when a bro gives another bro a pep talk into thinking he is more attractive than he is.,96057773,Botox for men; male-targeted cosmetic Botox treatment,appearance,commenting,false,
chones,7387428595,2010-01-05,Dirtier money this wed. @thecrosby with @fakeRICH @nickysavage @yukihoang @teaLong come eat pizza in yer chones with us.,19030565,underwear; underpants,appearance,food_related,false,Manual override -> food_related
chones,7388001667,2010-01-05,@ianmelanson hooray! are you gonna wear the denim chones like him?,16153930,underwear; underpants,appearance,casual_conversation,false,
chones,7388147946,2010-01-05,@Marco_Mo how totally awesome!!! :DD how r things over there. besides the chones-freezing-weather lmao,24059455,underwear; underpants,appearance,casual_conversation,false,
chones,7388363019,2010-01-05,RT @teaLong: Dirtier money this wed. @thecrosby with @fakeRICH @nickysavage @yukihoang @teaLong come eat pizza in yer chones with us.,36006469,underwear; underpants,appearance,food_related,false,Manual override -> food_related
chones,7392534273,2010-01-05,#trespalabras No traigo chones.,83981448,underwear; underpants,appearance,commenting,false,
chones,7394401417,2010-01-05,@pimptyne like ur abuelitas chones,99173980,underwear; underpants,appearance,casual_conversation,false,
chones,7394485174,2010-01-05,Dirtier money this wed. @thecrosby with @fakeRICH @nickysavage @yukihoang @teaLong come eat pizza in yer chones with us!!!,27920135,underwear; underpants,appearance,food_related,false,Manual override -> food_related
chones,7395110283,2010-01-05,@sunnyyoli my bg or mis chones?,17197834,underwear; underpants,appearance,casual_conversation,false,
chones,7396561385,2010-01-05,RT @nickysavage: Dirtier money this wed. @thecrosby with @fakeRICH @nickysavage @yukihoang @teaLong come eat pizza in yer chones with us!!!,14076698,underwear; underpants,appearance,food_related,false,Manual override -> food_related
chones,7399371921,2010-01-05,Damn it is soo cold in dtsa!! Maybe it's cause I'm Judy wearoing chones! Twitpic soon,27920135,underwear; underpants,appearance,commenting,false,
chones,7731287725,2010-01-14,@RockstarRudy u better not throw dirty chones at me on Thursday HQF!,94747207,underwear; underpants,appearance,casual_conversation,false,
chones,7762281697,2010-01-14,Can't wait to go dress and chones shopping with @sonyapelaez,16089639,underwear; underpants,appearance,fashion_beauty,false,Manual override -> fashion_beauty
chones,7764705707,2010-01-14,"1st week of classes is over, now to relax with the family.....by t he way, Gabriel is now wearing spiderman chones!! whoop whoop!!",28584250,underwear; underpants,appearance,casual_conversation,false,
chones,7842322459,2010-01-16,@NK_9000 wenas chones.,11614812,underwear; underpants,appearance,casual_conversation,false,
chones,7845199227,2010-01-17,@TraciMonster  i have on pink chones w a brown stripe on the back,77369874,underwear; underpants,appearance,casual_conversation,false,
chones,7849213428,2010-01-17,@Queith Ve en chones,14768129,underwear; underpants,appearance,casual_conversation,false,
chones,7855534012,2010-01-17,Borrow my CHONES #youcantdoTHAT,93658587,underwear; underpants,appearance,commenting,false,
chones,7856980399,2010-01-17,@letych omg @paulalalalalala pants and chones hahahaha she all nasty,,underwear; underpants,appearance,casual_conversation,false,
chones,7865053700,2010-01-17,"I saw Bad Crazy,I sure wouldn't mind having an alci Jeff Bridges putting his hands in my chones,what a sexy scene",49117330,underwear; underpants,appearance,sexual_context,false,
chones,8139582966,2010-01-24,@mbaum21 dude! If you're gonna twit pic stuff esp food put your chones away! Lol!!,58313117,underwear; underpants,appearance,food_related,false,Manual override -> food_related
chones,8142131395,2010-01-24,take your chones y los manden a mi ♫ http://blip.fm/~jo1u6,26818785,underwear; underpants,appearance,commenting,false,
chones,8162317903,2010-01-24,"Back from my weekend in the field. Just a few more hours before I can go home take a shower, change my chones, and eat some real food.",32108616,underwear; underpants,appearance,commenting,false,
chones,8168625601,2010-01-24,Ha! My Nobunny photo @sounddiegoblog is cropped so you can't see his chones http://is.gd/6XJeT,9186952,underwear; underpants,appearance,casual_conversation,false,
chones,8177347533,2010-01-25,"heyy, CHONES! whats your name again? (:",20294730,underwear; underpants,appearance,commenting,false,
chones,8544271592,2010-02-02,Wearing chones right out of the dryer.  Its gonna be a good day. :-),46189856,underwear; underpants,appearance,casual_conversation,false,
chones,8548552442,2010-02-02,"@wetfishdesigns 'chones' could be ch ones, ch-ones, chines, Chinese, chine's, chins, Chane's, Chin's, chinos, shines or cones.",38113411,underwear; underpants,appearance,casual_conversation,false,
chones,8548553243,2010-02-02,"@beth_h06 'chones' could be ch ones, ch-ones, chines, Chinese, chine's, chins, Chane's, Chin's, chinos, shines, cones or hones.",38113411,underwear; underpants,appearance,casual_conversation,false,
chones,8559900981,2010-02-02,Wow..i askd skid how he got that nickname nd he pulls down his chones nd giggles..,61156839,underwear; underpants,appearance,commenting,false,
chones,8561193553,2010-02-02,20mins It's the Return Of NECIO..ahh.. Go grab another pair of chones cause your gonna be dripping wet!!! Tune In Or Log On www.hot1061.com,19673126,underwear; underpants,appearance,commenting,false,
chones,8563825651,2010-02-02,Word to the creeps who wear their pants below the waist... I can stand seeing your chones what I won't stand is seeing your crack....,41054490,underwear; underpants,appearance,commenting,false,
chones,8566481460,2010-02-03,@ssanchez6 Word to the creeps who wear their pants below the waist I can stand seeing your chones what I wont stand is seeing your crack&lt;lol,63348083,underwear; underpants,appearance,casual_conversation,false,
chones,8569168215,2010-02-03,"RT @sergiowheeler: Mmm something smells fishy and for some strange reason it doesn't surprise me...&lt;-- a quien le hueles los chones, cochi?",53497886,underwear; underpants,appearance,casual_conversation,false,
chones,9113550528,2010-02-14,"'my name is Chones' - my baby sister making fun of ""My Name is Jonas"" by Weezer. Lmao.",72504491,underwear; underpants,appearance,commenting,false,
chones,9116763851,2010-02-14,Syracuse SR Allie Chones chosen 2034 College Basketball Player of the Year! http://bit.ly/4y6VU,42221472,underwear; underpants,appearance,sports_discussion,false,Manual override -> sports_discussion
chones,9117221282,2010-02-14,"@eastsidebride yeah, i've spent the whole day in my chones.",75209636,underwear; underpants,appearance,casual_conversation,false,
chones,9127086157,2010-02-15,"Laptop is alive!!! Now unpacked enough to live. Various jerseys and autographs in storage, but have clean chones and socks. Life's good.",70782582,underwear; underpants,appearance,commenting,false,
chones,9133697084,2010-02-15,@desertfete but if i did. i'd probably spend my whole life in chones. ;),75209636,underwear; underpants,appearance,casual_conversation,false,
chones,9243370184,2010-02-17,"@Jeziqwa Yes dear, anyting u say dear... lol! I'm trained well, aren't I! Now all I gotta learn is 2 pic up after mi chones! lol! eew!",61106252,underwear; underpants,appearance,casual_conversation,false,
chones,9252723844,2010-02-17,Hhaha these shorts have built-in chones. http://tweetphoto.com/11704011,55771808,underwear; underpants,appearance,commenting,false,
chones,9682950517,2010-02-26,doing laundry.. clean chones for the wkend :),55263357,underwear; underpants,appearance,commenting,false,
chones,9688158841,2010-02-26,"No tengo miedo/ I'm your papi/ take your chones y los manden a mi... RT @Faeriebratty: ""uhhh, caress me down, and thats that lovin sound""",39398421,underwear; underpants,appearance,casual_conversation,false,
chones,9690119052,2010-02-26,"RT @Desperate_Moon: @lahuerfanita ""Dispersos"" tus chones, yo no U_u &lt;-- here we go again!!! yeiiiiii",54299227,underwear; underpants,appearance,casual_conversation,false,
chones,9704657854,2010-02-27,#TresPalabrasPostSexo Y mis chones?,24904951,underwear; underpants,appearance,commenting,false,
chones,9718330543,2010-02-27,RT @Copetes: #TresPalabrasPostSexo Y mis chones?,43819820,underwear; underpants,appearance,casual_conversation,false,
chones,9721814602,2010-02-27,@FatAssBarbie there was a really drunk girl and she fell on thesance floor and we all seen her black chones. Bless her heart.,24063616,underwear; underpants,appearance,casual_conversation,false,
chones,9936368363,2010-03-03,"@CosmoLB RT Wash New Chones http://is.gd/9Cj0o *OMGosh!!! Thanks for this USEFUL report, I'm totally going to ReTwt :) HAVE A GREAT DAY!!*",34338367,underwear; underpants,appearance,casual_conversation,false,
chones,9936864890,2010-03-03,Omgosh girls! when u buy new 'chones/underwear' be sure to wash no matter where u buy them from ewwww.... watch why http://is.gd/9Cj0o,34338367,underwear; underpants,appearance,commenting,false,
chones,9938681195,2010-03-03,@salexadecv ahahah I read CHONES!,26400034,underwear; underpants,appearance,casual_conversation,false,
chones,9951184125,2010-03-04,Stickam In a bit wit No Chones:),91899541,underwear; underpants,appearance,commenting,false,
chones,9955974135,2010-03-04,#Cavs Legend Jim Chones On his postgame show right now: Lebron is the best player to ever play the game. He is so teachable and coachable,59040385,underwear; underpants,appearance,sports_discussion,false,Manual override -> sports_discussion
chones,9956032576,2010-03-04,"#cavs Chones (cont.): All Lebron needs are a few championships under his belt, and they are coming....&gt;Yes, Sir!",59040385,underwear; underpants,appearance,sports_discussion,false,Manual override -> sports_discussion
chones,9956119771,2010-03-04,#cavs Chones (cont.): Lebron is a better passer than Magic (Johnson). Lebron makes people better.,59040385,underwear; underpants,appearance,commenting,false,
chones,9956218455,2010-03-04,"#cavs Chones (cont): JJ is a player similar to James Worthy, and he compliments Lebron.",59040385,underwear; underpants,appearance,commenting,false,
chones,9961201110,2010-03-04,@MerceMerce hahaha i didn't want to wash so I bought a couple of bras and chones to tide me over a couple more days... super sad right?!,27565015,underwear; underpants,appearance,casual_conversation,false,
chones,9966791566,2010-03-04,@Eb_the_Celeb it just aired out here she dead ass looked like she was wearing her chones on the outside!,14629951,underwear; underpants,appearance,casual_conversation,false,
chones,10132882507,2010-03-07,@Princess_Red_ bwhaha if we would have kept going i was gonna be in my chones... & the see thru bra LOLOLOL,16799635,underwear; underpants,appearance,casual_conversation,false,
chones,11059124543,2010-03-25,#palabraretro chones,35257880,underwear; underpants,appearance,commenting,false,
chones,11092963753,2010-03-26,@Roonielu I know what a bunch of pansies.  I bet it's all the freaking coconuts who got the chones in a wad.,34841380,underwear; underpants,appearance,casual_conversation,false,
chones,11109351158,2010-03-26,@chones22 @duo006 Kendall Chones vs. Sean Brooks is gonna be the most exciting matchup of the game etb wohnbau baskets @ Crailsheim Merlins,63801085,underwear; underpants,appearance,casual_conversation,false,
chones,11465102456,2010-04-02,"@MonicaOn949 ah, pinche! Too late to grab my laptop. Can't walk around this place in chones. Party it up on netflix homes! Haha",15195734,underwear; underpants,appearance,casual_conversation,false,
chones,11465860130,2010-04-02,Man is it wrong that I nearly pissed my chones when I heard everyones sayin that I beat the fuck outta my ex?,119960905,underwear; underpants,appearance,commenting,false,
chones,11480530536,2010-04-02,RT @nykcsa: Chones Challenge Kicks off Sat! http://choneschallenge.tumblr.com/ Help @thePEACEsatx & @TheMJLeague fight Sexual Assault #s ...,107310389,underwear; underpants,appearance,casual_conversation,false,
chones,11494619582,2010-04-02,"Tomorrow! Give us ur frilly, ur lacey, ur boxers, ur grandma chones yearning to breathe free...we need your chones! http://bit.ly/cefX9A",18890779,underwear; underpants,appearance,commenting,false,
chones,11498314047,2010-04-02,Woooo hooo! Mucha ropa mucha ropa! RT @Roberto956: *drops chones* #AprilFools wsnt wearing any #gotcha,22753399,underwear; underpants,appearance,casual_conversation,false,
chones,11499104312,2010-04-02,chones chones macarones!,49785116,underwear; underpants,appearance,commenting,false,
chones,12259396561,2010-04-16,Cascarone chones! RT @Lea_Hernandez: @EvaRuth Confetti in the underwear: #purosanantonio,48818331,underwear; underpants,appearance,casual_conversation,false,
chones,12259564723,2010-04-16,RT @PuroSanAntonio Cascarone chones! RT @Lea_Hernandez: @EvaRuth Confetti in the underwear: #purosanantonio,15579017,underwear; underpants,appearance,casual_conversation,false,
chones,12261953241,2010-04-16,RT @PuroSanAntonio: Cascarone chones! RT @Lea_Hernandez: @EvaRuth Confetti in the underwear: #purosanantonio,81929533,underwear; underpants,appearance,casual_conversation,false,
chones,12263602856,2010-04-16,@verolicious619 i have to wash my chones first..lmao,29207286,underwear; underpants,appearance,casual_conversation,false,
chones,12286683137,2010-04-16,"If anything, some chics danced in there chones, but that be like swimsuits @ beach or pool, no difference. Too raunchy gets shut down by me!",38987946,underwear; underpants,appearance,casual_conversation,false,
chones,12300114065,2010-04-16,"Packing my bag for tmrw's shindig. Just gotta get pj's, chones,bra,and a ring. Guess I'm heading to target when the hubby gets off work!",112542579,underwear; underpants,appearance,commenting,false,
chones,12960744613,2010-04-27,CHONES LETSS KiCK iT THiS WEEKEND!![iNSANERUKA;;L0VE iS iN DAh AiR SO i PUt 0N My GAS MASk;;-,55997384,underwear; underpants,appearance,commenting,false,
chones,12985754077,2010-04-28,I've already changed my chones twice from watching the Lakers game. Not better then sex but they playing good  #WheresDurant,29081274,underwear; underpants,appearance,commenting,false,
chones,12992121953,2010-04-28,#eneltwitter  vi muchos chones!!!! #avataresenchones,106966127,underwear; underpants,appearance,commenting,false,
chones,12992554240,2010-04-28,LOLI AND THE CHONES - I've Gotta Gun,44173985,underwear; underpants,appearance,commenting,false,
chones,13018046788,2010-04-28,@FighterGal My dog eats chones. Then he throws them up the next day.,20123403,underwear; underpants,appearance,casual_conversation,false,
chones,13202792850,2010-05-01,Still wont!lol RT @smil_ele Imma get u some chones since u dont wear none lmao RT @nena_6362: Buy me sunthing! :) RT @smil_ele Gotta go to t,65519982,underwear; underpants,appearance,casual_conversation,false,
chones,13202854823,2010-05-01,Just found out @smil_ele & @nena_6362 dont wear chones.. neither do I :P wassup! #WelcomeToTheClub,91899541,underwear; underpants,appearance,casual_conversation,false,
chones,13203184571,2010-05-01,I been n the club #CEO LOL RT @ChalinIbarra Just found out @smil_ele & @nena_6362 dont wear chones.. neither do I :P wassup! #WelcomeToTheCl,65519982,underwear; underpants,appearance,casual_conversation,false,
chones,13203508718,2010-05-01,@Elisa_Detroit um both lol and some knee high socks and socks with ruffles and matching chones lol,27753775,underwear; underpants,appearance,casual_conversation,false,
chones,13208451028,2010-05-01,Holey chones it's a beautiful day!,15561074,underwear; underpants,appearance,commenting,false,
chones,13211460277,2010-05-01,"@iAmTheAsh Do you know what ""chones"" means in spanish? xD",18384960,underwear; underpants,appearance,casual_conversation,false,
chones,13212445610,2010-05-01,@urstruelykaren lol ooh ohh dont be showing them chones lol,47266974,underwear; underpants,appearance,casual_conversation,false,
chones,13226692710,2010-05-02,"#cavs legend Jim Chones on #celtics:""We are better than them."" #nba #nbap10",59040385,underwear; underpants,appearance,commenting,false,
chones,13226832921,2010-05-02,"#cavs legend Jim Chones on #celtics: ""we have the better bench,therefore we should win game 2"" #nba #nbap10",59040385,underwear; underpants,appearance,commenting,false,
chones,13232618599,2010-05-02,@campos333 Lmfao! Drop them chones baby!!!,30611086,underwear; underpants,appearance,casual_conversation,false,
chones,13317564501,2010-05-03,"""AM Cleveland Cavaliers Links: Boston writes loves Cleveland; Jim Chones on ..."" http://bit.ly/aKiu3j",79302492,underwear; underpants,appearance,commenting,false,
chones,13317896232,2010-05-03,Pinches chones sucios! RT @aljrka    Note to people takin self portraits: get those dirty calzones outta the picture!!,34841380,underwear; underpants,appearance,casual_conversation,false,
chones,13318062840,2010-05-03,@RayRayBeBe omg. Omg. So shame. Good thin I'm wearing chones,19671105,underwear; underpants,appearance,casual_conversation,false,
chones,13322008596,2010-05-03,Chones for me | Savage Love Underwear: I'm talking about the feeling that my partner's doing something for me to p... http://bit.ly/a5wOm0,82272352,underwear; underpants,appearance,commenting,false,
chones,13326441448,2010-05-03,I just realized 2 things when I went to the bathroom. 1) my chones are inside out 2) I hate when the toilet seat cover sticks to your bum,95273199,underwear; underpants,appearance,commenting,false,
chones,13339015660,2010-05-04,A.M. Cleveland Cavaliers Links: Boston writer loves Cleveland; Jim Chones on LeBron; Ready for Rajon Rondo http://iko.la/ns/100151,125982249,underwear; underpants,appearance,commenting,false,
chones,13344274918,2010-05-04,@OhhNicoleee :l #OrSunthing.. so whats up yu dawn? Matter of fact bring yur vato too cuz I need to give him his chones. :P,91899541,underwear; underpants,appearance,casual_conversation,false,
chones,13345900404,2010-05-04,#thingsyoudontdo wear colored chones with white pants...or have a panty line #cmonson,125700232,underwear; underpants,appearance,commenting,false,
chones,13347967401,2010-05-04,"@jordanknight As much as I hate doing laundry, I would be thrilled washing your dirty chones. WEIRD!",17197834,underwear; underpants,appearance,casual_conversation,false,
chones,13352468451,2010-05-04,"@msnice15 nah it was Johns Incredible Pizza in my GeoMetro!! Hahaha, watcha doin Sis? Besides not packin your chones!! XD",35169269,underwear; underpants,appearance,casual_conversation,false,
chones,13631658683,2010-05-08,"Doing some ET for the UFC so called fight, its a fight if u hug each other n ur chones",59056352,underwear; underpants,appearance,commenting,false,
chones,13632558086,2010-05-08,Voy a cantar Love me do en chones.,139285404,underwear; underpants,appearance,commenting,false,
chones,13634160578,2010-05-08,I WANNA RIDE A TRICYCLE AND STRIPP DWN TO MY CHONES AND SCREAM YABBA DABBA DOO...JUST LIKE OL DAYS W MY SISSY ..,128689922,underwear; underpants,appearance,commenting,false,
chones,13635683234,2010-05-08,"calorsh!...tuiteando en chones, again",38135620,underwear; underpants,appearance,commenting,false,
chones,13639012738,2010-05-09,The guy just asked the other gay guy how bad do you need CHONES? WTF IS UP WITH THESE TWO GUYS?!?!?,14356078,underwear; underpants,appearance,commenting,false,
chones,13643730316,2010-05-09,@promoprincess72 @RISEDVD I'm so mad he calls chones drawlss. That's hilarious,19671105,underwear; underpants,appearance,casual_conversation,false,
chones,13643951266,2010-05-09,South Carolina SO Daniel Chones chosen 2012 College Basketball Player of the Year! http://bit.ly/4y6VU,42221472,underwear; underpants,appearance,commenting,false,
chones,13644167240,2010-05-09,South Carolina JR Daniel Chones chosen 2013 College Basketball Player of the Year! http://bit.ly/4y6VU,42221472,underwear; underpants,appearance,commenting,false,
chones,13644395658,2010-05-09,South Carolina SR Daniel Chones chosen 2014 College Basketball Player of the Year! http://bit.ly/4y6VU,42221472,underwear; underpants,appearance,commenting,false,
chones,13884901346,2010-05-13,#trespalabrasdespuesdelsexo ponme mis chones,133341077,underwear; underpants,appearance,commenting,false,
chones,13886429821,2010-05-13,#trespalabrasdespuesdelsexo ¿y mis chones?,42216355,underwear; underpants,appearance,commenting,false,
chones,13886524824,2010-05-13,RT @Chuminis: #trespalabrasdespuesdelsexo ¿y mis chones? // omg... te lo conte???,126436610,underwear; underpants,appearance,casual_conversation,false,
chones,13889050749,2010-05-13,#trespalabrasdespuesdelsexo pasame mis chones,14689065,underwear; underpants,appearance,commenting,false,
chones,13894973130,2010-05-13,Y mis chones?  #TresPalabrasDespuesDelSexo,135170054,underwear; underpants,appearance,commenting,false,
chones,13896217705,2010-05-13,chones sessions,21427933,underwear; underpants,appearance,commenting,false,
chones,13897689214,2010-05-13,#trespalabrasdespuesdelsexo  QUITATE MIS CHONES!,62731018,underwear; underpants,appearance,commenting,false,
chones,13897838943,2010-05-13,#trespalabrasdespuesdelsexo : y mis chones?,88369664,underwear; underpants,appearance,commenting,false,
chones,13898832277,2010-05-13,RT @sonoraaa: chones sessions,15420851,underwear; underpants,appearance,casual_conversation,false,
chones,13899284233,2010-05-13,#trespalabrasdespuesdelsexo y mis chones???? :o,91290931,underwear; underpants,appearance,commenting,false,
chones,13911601985,2010-05-13,@ConsJaAl no trae chones....,61932267,underwear; underpants,appearance,casual_conversation,false,
chones,13919756091,2010-05-13,Can't wait to head out to Knott's this Saturday! So excited! Babe hold on tight to your chones cause we are getting on Supreme Scream baby!,36610242,underwear; underpants,appearance,commenting,false,
chones,13930382147,2010-05-13,"@littlegipsy no traia chones, no traia chones!!!!!",74613411,underwear; underpants,appearance,casual_conversation,false,
chones,13932749168,2010-05-13,@ulymoli i saw you in your chones!,93668128,underwear; underpants,appearance,casual_conversation,false,
chones,14084376563,2010-05-16,@jackierobbie34 I think she's pissed that we blew her phone up. Hahaha But yeah I'm sure you liked Shia's chones. Haha,25862611,underwear; underpants,appearance,casual_conversation,false,
chones,14118108436,2010-05-16,@MzKDUB no chones!!!!,18863084,underwear; underpants,appearance,casual_conversation,false,
chones,14124906164,2010-05-16,In yur chones :p right? Haha @MrXaguilera: Yay that felt soo good.. Now let's make some food.,91899541,underwear; underpants,appearance,casual_conversation,false,
chones,14125034427,2010-05-16,chu noe me soooo wellz RT @ChalinIbarra: In yur chones :p right? Haha RT @MrXaguilera: Yay that felt soo good.. Now let's make some food.,22456656,underwear; underpants,appearance,casual_conversation,false,
chones,14438587474,2010-05-21,"And now to assess the damage --- who needs help straightening their 'chones' out after that stream? Make it a great day, y'all! xo",56902299,underwear; underpants,appearance,commenting,false,
chones,14449167110,2010-05-21,@zerodragon ando ya sin chones,18467414,underwear; underpants,appearance,casual_conversation,false,
chones,14455086137,2010-05-21,@heatherhopkinz Haha that's my girl! No shame. But I always just be getting out of the car showing my chones to the world. Hahaha whooops.,118331887,underwear; underpants,appearance,casual_conversation,false,
chones,14472156705,2010-05-22,@charliedelamora por los chones.....,44176814,underwear; underpants,appearance,casual_conversation,false,
chones,14776891399,2010-05-26,@luisfonsi SUS CHONES!,82903878,underwear; underpants,appearance,casual_conversation,false,
chones,14779455107,2010-05-26,@SMUCTHEWORLD   HAHA U PROBABLY  in ur living room in ur chones and cleats,46423146,underwear; underpants,appearance,casual_conversation,false,
chones,14782016057,2010-05-26,Haha...... Holdn a mexico flag RT @DuyaBadd: @SMUCTHEWORLD   HAHA U PROBABLY  in ur living room in ur chones and cleats,25965967,underwear; underpants,appearance,casual_conversation,false,
chones,14785890125,2010-05-26,@pedrofabulous Lemme borrow them red chones guhl! lol,32319737,underwear; underpants,appearance,casual_conversation,false,
chones,14789081505,2010-05-26,"@Melyssa_MODELO I don't hav 2 take of my chones, that I don't wear, when she's on tv. I'm tired of fighting in the relationship.",52796522,underwear; underpants,appearance,casual_conversation,false,
chones,14808006376,2010-05-27,Upcoming event: Pee In My Chones: All-Star Latino Comedy Showcase - 5/29/2010 http://bit.ly/aXDtCs #oakland,71639073,underwear; underpants,appearance,commenting,false,
chones,14809017181,2010-05-27,Why didn't someone slap me when I went to bed w/out chones? Kids are driving me crazy!!! #realtalk,29908053,underwear; underpants,appearance,commenting,false,
chones,14815479958,2010-05-27,No traes chones? #trespalabrasduranteelsexo,5499062,underwear; underpants,appearance,commenting,false,
chones,14816391285,2010-05-27,#trespalabrasduranteelsexo Regresame mis chones!,16086788,underwear; underpants,appearance,commenting,false,
chones,14824408108,2010-05-27,taking off my chones,135004456,underwear; underpants,appearance,commenting,false,
chones,14939073805,2010-05-28,@Hello_jess lol but was that chones or bra gone m.I.a.?,29348952,underwear; underpants,appearance,casual_conversation,false,
chones,14939224380,2010-05-28,@katkatRAWR chones!,61780077,underwear; underpants,appearance,casual_conversation,false,
chones,14939376708,2010-05-28,Chones MIA! Lol,61780077,underwear; underpants,appearance,commenting,false,
chones,14943006111,2010-05-29,Hasta chones beatle trae @pizu   http://yfrog.com/2pnvzsj,12583582,underwear; underpants,appearance,casual_conversation,false,
chones,14947809978,2010-05-29,"Thank you Jacksonville, The Ocean Club, Mikey's Imaginary Friends, Chones and Spacecat for another fun show last... http://bit.ly/9Q54SM",44561355,underwear; underpants,appearance,commenting,false,
chones,14991731757,2010-05-29,@Downword Haha pete in his chones.,123017522,underwear; underpants,appearance,casual_conversation,false,
chones,15790445995,2010-06-09,RT @INFAMOUSJEWELZ @GUERITA_LATINA you go girl with no chones!!!! &lt; &lt; ha ha!! ;),24601716,underwear; underpants,appearance,casual_conversation,false,
chones,15790549054,2010-06-09,twitter is over capacity.....mis chOnes ¬¬,58354060,underwear; underpants,appearance,commenting,false,
chones,15805595098,2010-06-09,@gummibunny24 don't forget ur chones like you did lat time,15561074,underwear; underpants,appearance,casual_conversation,false,
chones,15807124280,2010-06-09,Ando en chones!! XD,102909982,underwear; underpants,appearance,commenting,false,
chones,15823325005,2010-06-10,"""no tenga miedo, im your papi; take yur chones y los manden a mi"" hahaha #nowplaying Caress me down - sublime(:",56028878,underwear; underpants,appearance,commenting,false,
chones,15824290393,2010-06-10,"Boise is beautiful tonight. And, I get to see all them Bigger Lights chones in a bit!!!",19527570,underwear; underpants,appearance,commenting,false,
chones,15832472227,2010-06-10,@danceralamode I would Soooooo be outside in my chones to greet LAPD! I would probably end up on an episode of COPZ,39658783,underwear; underpants,appearance,casual_conversation,false,
chones,16878529771,2010-06-23,@memo12 Superman chones? and do you wear them to hot dates? lol,55605425,underwear; underpants,appearance,casual_conversation,false,
chones,16880041588,2010-06-23,"@memo12 have you ever gone out con alguien ke tenga hijos? cause if I went out with someone y los veo con chones de Superman, me voy a",55605425,underwear; underpants,appearance,casual_conversation,false,
chones,16880749085,2010-06-23,@memo12 yo primero ke? i don't wear princess chones.......,55605425,underwear; underpants,appearance,casual_conversation,false,
chones,16880936421,2010-06-23,Ahhh.... Nap time! PS: I'm tweeting in my chones. Haha!,61041195,underwear; underpants,appearance,commenting,false,
chones,16904244012,2010-06-24,Chones achieved a new high score: 2257100 (Level 12),79395757,underwear; underpants,appearance,commenting,false,
chones,16904686606,2010-06-24,Chones achieved a new high score: 3424900 (Level 15),79395757,underwear; underpants,appearance,commenting,false,
chones,16905040185,2010-06-24,Chones achieved a new high score: 2606000 (Level 12),79395757,underwear; underpants,appearance,commenting,false,
chones,16944959430,2010-06-24,@nanishh chones,36215532,underwear; underpants,appearance,casual_conversation,false,
chones,16945017938,2010-06-24,@nanishh / chones,43447078,underwear; underpants,appearance,casual_conversation,false,
chones,17916177924,2010-07-07,@MichiChavez we can only wish he will flash his chones. Ahahahaha  http://myloc.me/8Uma0,43844801,underwear; underpants,appearance,casual_conversation,false,
chones,17917559760,2010-07-07,"""@Roberto956: Sum of yall tk pics w/dirty laundry (chones) etc layin arnd ur room!! No shame in yo game, but u shud 0_o #SayNoToCrustyChones",52866485,underwear; underpants,appearance,casual_conversation,false,
chones,17918522821,2010-07-07,@philly107 start with your chones! lol,33352369,underwear; underpants,appearance,casual_conversation,false,
chones,17924753402,2010-07-07,aha!pica chones!its spicy and no fish so im good :D.and its lemony :p,150848568,underwear; underpants,appearance,commenting,false,
chones,17966121754,2010-07-07,"@Gargantua77 Nah, the chones are just fine. I'm thinking more along the lines of hormonally induced migraines. Just sayin'...",104057102,underwear; underpants,appearance,casual_conversation,false,
chones,17982756291,2010-07-07,Man come on chones....just untill we have the budget for graphics person:),15155497,underwear; underpants,appearance,commenting,false,
chones,17992288207,2010-07-08,looking forward to laundry tonite...cause i dont feel like wearing dirty chones tomorrow.,21825656,underwear; underpants,appearance,casual_conversation,false,
chones,18659335471,2010-07-16,Stoked. Got some new cute chones and some socks.,99864830,underwear; underpants,appearance,commenting,false,
chones,18715643814,2010-07-16,Take your chones i los manden a mi,31555734,underwear; underpants,appearance,commenting,false,
chones,18749949370,2010-07-17,Omg honestly feel so sad when I wear the walmart chones how did I go from 10 dollar VS to 1 dollar walmart??? :(,124390525,underwear; underpants,appearance,commenting,false,
chones,18857864762,2010-07-18,"It's Sunday, had a great workout, great B'fast, playing video games with my Son, washing our brown/yellow chones, waiting for @WWE PPV at 5p",50013917,underwear; underpants,appearance,casual_conversation,false,
chones,18858555483,2010-07-18,Get to know Kaayla Chones http://bit.ly/a6XrWN #WTSports,18143088,underwear; underpants,appearance,commenting,false,
chones,18859359772,2010-07-18,Feels good to play wow in nothin but my chones,90768405,underwear; underpants,appearance,commenting,false,
chones,18877920364,2010-07-19,"@luserrano chones, muchos :)",39295510,underwear; underpants,appearance,casual_conversation,false,
chones,18879118850,2010-07-19,Get to know Kaayla Chones: ¡Hola todos!  I have started to brush up on my Spanish again. I am heading back to Spai... http://bit.ly/agkQ3d,144015433,underwear; underpants,appearance,commenting,false,
chones,18895437445,2010-07-19,Just Posted at Get to know Kaayla Chones: ¡Hola todos!  I have started to brush up on my Spanis... http://bit.ly/agkQ3d womentalksports.com,16070477,underwear; underpants,appearance,commenting,false,
chones,18900051492,2010-07-19,@kariszlove ay hahahah :s comida china en chones.. Te tengo q platicar algo.. About that u.u,31023756,underwear; underpants,appearance,casual_conversation,false,
chones,18966596044,2010-07-20,"Very productive day, yet there is so much more to be done. At least I have a stocked kitchen & clean chones, the essentials.",24620002,underwear; underpants,appearance,commenting,false,
chones,18974498887,2010-07-20,Chones and a beater.. Its the american way.,25681785,underwear; underpants,appearance,commenting,false,
chones,18975135624,2010-07-20,@PretentiousCiCi buy me chones,22658823,underwear; underpants,appearance,casual_conversation,false,
chones,18978094697,2010-07-20,"@ANG3LB0Y I did buy chones how'd u know, I'm gonna atte,pt sleep now",168279126,underwear; underpants,appearance,casual_conversation,false,
chones,19022615630,2010-07-20,"I love singing and dancing in my chones(: Ahaha, so much fun&lt;3",36797132,underwear; underpants,appearance,commenting,false,
chones,19037557703,2010-07-21,"@Zidonia Naw better to discuss men, boys and the skid marks in their shorts/chones #EveryoneWashYoBehind",27818124,underwear; underpants,appearance,casual_conversation,false,
chones,19037666548,2010-07-21,@Zidonia I am the mother of a boy and a pediatrician- many skid marked shorts/chones in my lifetime:),27818124,underwear; underpants,appearance,casual_conversation,false,
chones,19037683568,2010-07-21,"RT @yayayarndiva: @Zidonia Naw better to discuss men, boys and the skid marks in their shorts/chones #EveryoneWashYoBehind",50573430,underwear; underpants,appearance,casual_conversation,false,
chones,19041274704,2010-07-21,"No one cares but, I bought me some brown flip flops and 2 more pair of superhero chones. *Superhreo pose*",71656156,underwear; underpants,appearance,commenting,false,
chones,19214114995,2010-07-22,"Js sharted,thought is was afart but wasn't..do they sell chones at th dollerstore?..",140489958,underwear; underpants,appearance,commenting,false,
chones,19227220113,2010-07-22,@AlienAnchovies @BrenMunoz true that because one gremlin only likes wearing his chones around the house.,20961581,underwear; underpants,appearance,casual_conversation,false,
chones,19227479738,2010-07-22,@CantCurveTavii lol nooo the chones are too small!!,92180618,underwear; underpants,appearance,casual_conversation,false,
chones,19227977720,2010-07-22,RT @xXShHeessshhhXx: @CantCurveTavii lol nooo the chones are too small!!« Psshhhh!! #lies.com,167295988,underwear; underpants,appearance,casual_conversation,false,
chones,21356471733,2010-08-17,@CCHHRRISTIINNAA nnooope. I washed my chones at my dads. Yeee,36584357,underwear; underpants,appearance,casual_conversation,false,
chones,21365892223,2010-08-17,she's totally down with #cowboys nation. Go ahead @prbreez twitpic him that shot of romos chones u got. Oops. @Jaydb74,15249011,underwear; underpants,appearance,casual_conversation,false,
chones,21366191837,2010-08-17,LOL! RT @Heycameraman: she's totally down with cowboys nation. Go ahead @prbreez twitpic him that shot of romos chones u got. Oops. @Jaydb74,48714209,underwear; underpants,appearance,casual_conversation,false,
chones,21383335037,2010-08-17,"Opps, sumbody forgot their chones! Snooki Booty! Hahaha...Nasty! http://tweetphoto.com/39542299",92997875,underwear; underpants,appearance,commenting,false,
chones,21420444348,2010-08-17,@CYNTHIARENEE hahaha check the chones! U a fool!,27935641,underwear; underpants,appearance,casual_conversation,false,
chones,21953442465,2010-08-23,@Jerry_Sessions hahaha. Dont forget  To get chones Foo!,155643933,underwear; underpants,appearance,casual_conversation,false,
chones,21953823430,2010-08-23,"@Jerry_Sessions Yeah, UPS niggah ay me Los mandas! imma have Texas chones, Wooohooo Stylin.All thanks to you #jearBear:)",155643933,underwear; underpants,appearance,casual_conversation,false,
chones,21955061722,2010-08-24,Classic Chones RT @ohcheff: Been riding my bike for 1 week now and got hit by a car in the city........ sounds about right. I'm fine though,18218745,underwear; underpants,appearance,casual_conversation,false,
chones,21962114468,2010-08-24,Mom: Look at how short her shorts are! Dad: Those aren't shorts! Those are CHONES!,24575031,underwear; underpants,appearance,commenting,false,
chones,21969328377,2010-08-24,MUEVA TUS CHONES ALA LADO/BAD BITCH ON MY DICK SHE DONT WANT HER VATO...LMFAO,143211715,underwear; underpants,appearance,commenting,false,
chones,21975043745,2010-08-24,"@BigRedinTejas @joeruiz Aha! Mobile site to the rescue. I'm wearing pants. They're shaped liked chones, but whatever.",20123403,underwear; underpants,appearance,casual_conversation,false,
chones,21993189297,2010-08-24,"I feel so meghan fox when i sleep in chones and a wife beater. That, and i have a broken transformer in my purse.",97104523,underwear; underpants,appearance,commenting,false,
chones,22031946101,2010-08-24,CHONES xD #larosadeguadalupe,101992427,underwear; underpants,appearance,commenting,false,
chones,23165319109,2010-09-06,CHONES,178504654,underwear; underpants,appearance,commenting,false,
chones,23178474205,2010-09-06,en Chones; haha!,43328013,underwear; underpants,appearance,commenting,false,
chones,24210598138,2010-09-11,#NombresGraciosos Juanchi Chones,56713530,underwear; underpants,appearance,commenting,false,
chones,24213755398,2010-09-11,"@AdonicaSS Yeah yeah, the minute ya mention chones, they flip!",110777538,underwear; underpants,appearance,casual_conversation,false,
chones,24240027360,2010-09-12,"@MsBroncoHighway So, you're saying I have no clean chones?",23834426,underwear; underpants,appearance,casual_conversation,false,
chones,24244844235,2010-09-12,Ewww Madeline no tiene chones? Cochina,28460105,underwear; underpants,appearance,commenting,false,
chones,24894857938,2010-09-19,Sup in mu chones playing a little socom,192397382,underwear; underpants,appearance,commenting,false,
chones,24897821903,2010-09-19,Alrighty HORNS... 2nd half... time to put on ur big boy chones on & handle these raiders ;),33917772,underwear; underpants,appearance,commenting,false,
chones,24963585301,2010-09-19,soitwas ulolRT @Roberto956: #CowboysFam we have a problem!!! I take full responsibility 4 our loss...#iconfess I wsnt wearin my lucky chones,23722282,underwear; underpants,appearance,casual_conversation,false,
chones,24990759422,2010-09-20,"Tommorow's PJ Day! &gt;:D Gonna wear my XXL Beavis & Butt-Head Chones, and some raggedy shirt. It'll be indeed!",45849313,underwear; underpants,appearance,commenting,false,
chones,24990908121,2010-09-20,@fabiolabirzayit hahaha q son chones?,59973935,underwear; underpants,appearance,casual_conversation,false,
chones,24997742924,2010-09-20,just don't bring your chones that have skid marks haha RT @saraheffinoh @delicious1dario do my laundry pa pa paweeeze :),27762821,underwear; underpants,appearance,casual_conversation,false,
chones,25601842290,2010-09-26,Favorite Chones Today! xD,45849313,underwear; underpants,appearance,commenting,false,
chones,25618410710,2010-09-26,@DatBxtch_DeJa dat ain't nigga so don't start da chones today,189002506,underwear; underpants,appearance,casual_conversation,false,
chones,25618645339,2010-09-26,RT @BigTandYoBitch: @DatBxtch_DeJa dat ain't nigga so don't start da chones today|no Chones juss the truth,113520123,underwear; underpants,appearance,casual_conversation,false,
chones,25624929523,2010-09-26,I just noticed that @Drowninginspace wear purple chones,21908374,underwear; underpants,appearance,casual_conversation,false,
chones,25625942585,2010-09-26,@Goatspeak sometimes burnouts are hard to clean. im sure they were high roller chones that were dry clean only in that case your a douche.,134609049,underwear; underpants,appearance,casual_conversation,false,
chones,25641645839,2010-09-27,@DCjenniHO We're so dumb lmao. We find the stupidest little things pee in your chones hilarious.,31302232,underwear; underpants,appearance,casual_conversation,false,
chones,25661300190,2010-09-27,RT @CiegoZen_Luigi ando en chones ! :D // +1 :D,37589727,underwear; underpants,appearance,casual_conversation,false,
chones,25699323019,2010-09-27,"@georgelopez was that you at the ""Octomom"" yard sale this weekend?  Why the truck? Why U buy so many of her chones?  Co-Chi-NO!",25970658,underwear; underpants,appearance,casual_conversation,false,
chones,25705380398,2010-09-27,@bethaleigh last night there was a cricket IN MY HOUSE!!  Scared the bejeebus out of me.  Bloomers was confused & Chones was indifferent!,26908127,underwear; underpants,appearance,casual_conversation,false,
chones,26985553910,2010-10-11,"Grandma, she called. ....she would like her chones back.",64831920,underwear; underpants,appearance,commenting,false,
chones,26997624417,2010-10-11,@MiguelTorresMMA muy nice...like the lil chones,103470378,underwear; underpants,appearance,casual_conversation,false,
chones,27001660257,2010-10-11,http://twitpic.com/2wl748 - Daddy went shoping ! Ha ha my obsession ... Chones for days,28038320,underwear; underpants,appearance,commenting,false,
chones,27002713398,2010-10-11,"like momma always said, ""wear clean chones,cuz  you never know when ur gonna be in an accident""!!!! apestas a pura berijas! =)",162477500,underwear; underpants,appearance,commenting,false,
chones,27028900769,2010-10-11,Back up chones: Chones you wear ONLY when everything else is dirty and you are too lazy to wash.,14658793,underwear; underpants,appearance,commenting,false,
chones,27057784808,2010-10-11,"@Chef_Bizzaro comfy pj's tht button up front, ur fav pillow, granny chones, iPod, toothbruth, hairbrush, houseshoes! Baby coming tomorrow?",48754048,underwear; underpants,appearance,casual_conversation,false,
chones,2337902264582144,2010-11-10,MEXICAN WORD OF THE DAY: BLEACHERS My sisters Chones & Socks don't come out the washer all white like mines cuz she dont BLEACHERS like I do,17129803,underwear; underpants,appearance,commenting,false,
chones,2385323958996992,2010-11-10,"MexWOTD: BLEACHERS My sister's Chones and Socks don't come out the washer all white like mines, cuz she don't BLEACHERS like I do",120660060,underwear; underpants,appearance,commenting,false,
chones,2424132943745024,2010-11-10,"So i guess if you wanna see pix of me in my chones, you'll have to check my-espace (bien naco)",61148315,underwear; underpants,appearance,commenting,false,
chones,2435812859846656,2010-11-10,"- its time to make a deal ! Thats my virtue!  

ni pedo, a bajar chones!!",46176356,underwear; underpants,appearance,commenting,false,
chones,2448778015547392,2010-11-10,@whispurr well that explains it.  i thought my chones were to small.,27753775,underwear; underpants,appearance,casual_conversation,false,
chones,2449320095784961,2010-11-10,@jensta26 chones?,23271281,underwear; underpants,appearance,casual_conversation,false,
chones,2552387101261825,2010-11-11,Kidd's Kids trip tomorrow! did I mention I hate packing? Kinsey asked me to stuff her in my luggage. Told her I need the room for my chones,19341804,underwear; underpants,appearance,commenting,false,
chones,2579473056665602,2010-11-11,@JSi5 u got some big chones!,146670652,underwear; underpants,appearance,casual_conversation,false,
chones,3324330209452033,2010-11-13,@AnnieLou13 hot damn that's hot! Running around in chones??? Twitpic????,206338227,underwear; underpants,appearance,casual_conversation,false,
chones,3549122502074368,2010-11-13,"New clothes, new perfume, new chones, new makeup.....love it!",36074398,underwear; underpants,appearance,commenting,false,
chones,4047348120428544,2010-11-15,"Eww, @ohtinbaby I'm totally creamin her chones right now.",54133538,underwear; underpants,appearance,casual_conversation,false,
chones,4083181972103168,2010-11-15,A Tonrise Talmudic Midrashic Dictionary Isaac Bear Chones  #books #india http://ping.fm/r0Tbl,118546753,underwear; underpants,appearance,commenting,false,
chones,4317834846928896,2010-11-15,"Jim Chones, Austin Carr, Campy Russell in the house! #Cavs   #CavsFan",59040385,underwear; underpants,appearance,commenting,false,
chones,9688691031146496,2010-11-30,@LocaRoz LoL! same here! actually i was 15! man i was hella young! if i have a girl the bitch is getting a lock on her chones! LMFAO,167167968,underwear; underpants,appearance,casual_conversation,false,
chones,9710592482869248,2010-11-30,"About to K.O in nothing but my chones 

Benefit of being home alone throughout the day haha :)",154001919,underwear; underpants,appearance,commenting,false,
chones,9769144429846528,2010-12-01,No homo I just realized my chones match my sweater I am wearing x),66053112,underwear; underpants,appearance,casual_conversation,false,
chones,9782537874309120,2010-12-01,"@alwaysonoffense the RINO thing didn't work, so they now are going to start checking our chones.",189229910,underwear; underpants,appearance,casual_conversation,false,
chones,9784012537073664,2010-12-01,@Stephi_Kaulitz hahah seee awww y luego a jeffy se le veian sus chones!!! hahah awwww :X,107501130,underwear; underpants,appearance,casual_conversation,false,
chones,9784414728884224,2010-12-01,"Haha!! RT @EricTheWhite: @alwaysonoffense the RINO thing didn't work, so they now are going to start checking our chones.",81488979,underwear; underpants,appearance,casual_conversation,false,
chones,9814920749129728,2010-12-01,Ok if my chones come down one more time my kids going to the dungeon... LOL,162536108,underwear; underpants,appearance,commenting,false,
chones,9825223440343040,2010-12-01,"@LokiLaufey_ Magnificent mis chones, There is only One True Dessert! http://bit.ly/gLfQyy",91656977,underwear; underpants,appearance,casual_conversation,false,
chones,9835644943605760,2010-12-01,Finally studying yay! Coffee yay! Comfy in chones yay! My eyes can breathe yay!,193989478,underwear; underpants,appearance,commenting,false,
chones,9862070098989056,2010-12-01,"@ginag42 ohh kinky sexy! Yea I saw it that s why I asked, cuz I can see.part.of ur.chones lol",36892661,underwear; underpants,appearance,casual_conversation,false,
chones,10806618333650944,2010-12-03,@reginarivera ha never tried their shirts.   Their Chones seem like a piece of clothing haha using them you pull more than muscles.,14892800,underwear; underpants,appearance,casual_conversation,false,
chones,10839970222710784,2010-12-03,@Se77e los chones? :P,4621991,underwear; underpants,appearance,casual_conversation,false,
chones,10875334622707712,2010-12-04,You also love dogs that eat chones.. your loves are not surprising. RT @BrenMunoz: I have to a confession to make. I love Christmas music.,62654477,underwear; underpants,appearance,casual_conversation,false,
chones,10886934045921280,2010-12-04,"He was so cute, he was like ""Do u know @SinnamonLove?"" & I said ""No, but I can probably get the msg 2 her that some1 wants 2 buy her chones""",19898627,underwear; underpants,appearance,casual_conversation,false,
chones,10892570636845056,2010-12-04,@MommyFiercest @SinnamonLove. I know her and that's sweet of u as who doesn't want free clothes? Or Chones? Hmm?,16880324,underwear; underpants,appearance,casual_conversation,false,
chones,10893711789531136,2010-12-04,@Poetryy_ Cont'd and me n my friends get the bright idea to go down to the lake n swim in our chones but it was way to cold and I lost,47371897,underwear; underpants,appearance,casual_conversation,false,
chones,10922560082415616,2010-12-04,@OnlyNiaa oh calm down chones! lol,190031932,underwear; underpants,appearance,casual_conversation,false,
chones,10954817111334912,2010-12-04,"""U stole my chone chones and stuff!!!""",143128185,underwear; underpants,appearance,commenting,false,
chones,11057777086570496,2010-12-04,"Bill Musselman+#Cavs 2 town 2 face #Klove+#TWolves.Bill Laimbeer, Jim Chones+Roy Hinson r front line with Austin Carr+Craig Ehlo at gaurd.",43190651,underwear; underpants,appearance,commenting,false,
chones,11082319439855616,2010-12-04,@GFeLLa0623 lol yes sir in his dirty chones!,107783073,underwear; underpants,appearance,casual_conversation,false,
chones,11829750087557120,2010-12-06,"Photoshopping out nipples...weird?  I mean hello we see your belly b, & your chones..wheres the nips? http://yfrog.com/fy68w01j",124082004,underwear; underpants,appearance,casual_conversation,false,
chones,11901760129990656,2010-12-06,"@MelissaLewis4 that is the attitude, let the big chones guide you thru the path",68574744,underwear; underpants,appearance,casual_conversation,false,
chones,11930388783955968,2010-12-06,Oh God! i just saw this girl with a Justin Bieber shirt! creo k asta chones tienen d el no? jajaja :P,111165920,underwear; underpants,appearance,commenting,false,
chones,11936193872658432,2010-12-07,"@larrykingoffici Larry tell Obama to wear suspenders,is the simbol
to recognize to RICA CHONES..",214754949,underwear; underpants,appearance,casual_conversation,false,
chones,12011054871617536,2010-12-07,WARNING @cristinaeustace en Houston este Miercoles!!.. DO NOT! i repeat DO NOT take underwear!!! pa k ponerse chones si se les van a caer :P,177063129,underwear; underpants,appearance,casual_conversation,false,
chones,12050856002191360,2010-12-07,@Razz_Diaries black Chones !!!,26464532,underwear; underpants,appearance,casual_conversation,false,
chones,12167775761989632,2010-12-07,#unapalabra chones,74099102,underwear; underpants,appearance,commenting,false,
chones,13753992278446080,2010-12-12,Mexican Word of the Day-BLEACHERSMy sisters chones and socks dn't come out the washer white like mines cause she dont BLEACHERS like i do!,152385206,underwear; underpants,appearance,commenting,false,
chones,13767123738300416,2010-12-12,"Chones: "" Cavs need to WIN, to get the Monkey off their backs""",59040385,underwear; underpants,appearance,commenting,false,
chones,13782149840764928,2010-12-12,RT @Mike_CavsHQ: Listening to Jeff Phelps and Jim Chones. Sounds painfully amateur. #Cavs fans deserve better. Get well Joe.,18619945,underwear; underpants,appearance,casual_conversation,false,
chones,13795982961541120,2010-12-12,"@sexysportsfan I wonderwhat offense Chones is referring to? Martin has 38 thru 3, and Cavs are down 17, its that damn bad! Switched to toons",209114251,underwear; underpants,appearance,casual_conversation,false,
chones,13805221268422656,2010-12-12,"@RhiannonAva Not out, partying in the house, that's all, playing some good chones.  :-))) x",117848821,underwear; underpants,appearance,casual_conversation,false,
chones,13901839875448832,2010-12-12,"Damnit, and somebody left the hall light on. I'd go turn it off myself but A) I'm too lazy and B) I'm in my chones haha. I'll just suffer :(",34499832,underwear; underpants,appearance,commenting,false,
chones,13917431617556480,2010-12-12,Pica chones? Hot undies ? http://twitpic.com/3f8wvs,51265862,underwear; underpants,appearance,commenting,false,
chones,20305409982070784,2010-12-30,@WayneEmbrysKids Jim Chones today said AP.was very underrated and they should run a lot more plays for him...,88108600,underwear; underpants,appearance,casual_conversation,false,
chones,20343627788058624,2010-12-30,Noche de #Karaoke ! Yeah! A cantar en chones... Again! #yomuybien,112467217,underwear; underpants,appearance,commenting,false,
chones,20351614636269568,2010-12-30,@CoolWhipMom @MadsBloggingMom @funnyorsnot @ITSMoments @OldTweener @mommyofamonster Were y'all sharing the velour chones?,18955282,underwear; underpants,appearance,casual_conversation,false,
chones,20351950566457344,2010-12-30,@TruthfulMommy @MadsBloggingMom @funnyorsnot @ITSMoments @OldTweener @mommyofamonster Shhh. Velour chones are secret between me and you.,178322709,underwear; underpants,appearance,casual_conversation,false,
chones,20359002869211136,2010-12-30,I can't wait to put your name on my chones,15109649,underwear; underpants,appearance,commenting,false,
chones,20376066782666752,2010-12-30,"@TutlePower If UR Gonna' Ridicule,get some Chones Homes&*H✧A✧P✧P✧Y✧N✧E✧W✧Y✧E✧A✧R** Anyway,OK?",16506186,underwear; underpants,appearance,casual_conversation,false,
chones,20397824415891456,2010-12-30,@A_RoD_1 Awww soo sad!!!!  I thought they took everything. Well not that you had much in there but like chones socks lol,102599082,underwear; underpants,appearance,casual_conversation,false,
chones,20401674715660288,2010-12-30,@M_TheBagHag franks mom says to wear red chones for good luck lol.,55167293,underwear; underpants,appearance,casual_conversation,false,
chones,20402035190923264,2010-12-30,@ITSJOE25 its red chones for love & yellow for money. So mine are yellow w/ red bows. Haha.. jk. Those sound cute.,85681986,underwear; underpants,appearance,casual_conversation,true,Irony audit: Explicit 'Haha.. jk.' marks the chones line as joking.
chones,20402791872733184,2010-12-30,@M_TheBagHag hahaha ok now I have to go out and find new yellow and red chones so I can wear new all year have lots of love and money! Lol,55167293,underwear; underpants,appearance,casual_conversation,false,
duckface,7330559693,2010-01-03,RT @Royvervenne: Trend alert: Stop doing the ff-ing Duckface! http://antiduckface.com,32360597,"pouty-lipped facial pose/expression, especially for photos",appearance,article_sharing,false,Manual override -> article_sharing
duckface,7343027640,2010-01-03,@HanaIsabella hehehe isnt it great ;-) I love that duckface he makes :P,28534988,"pouty-lipped facial pose/expression, especially for photos",appearance,fashion_beauty,false,
duckface,7344096237,2010-01-03,"K lil kids @ the club, up in throngs on the stage, howling, making gang signs, and posing with your best duckface, PLEASE... #GTFO",24129255,"pouty-lipped facial pose/expression, especially for photos",appearance,fashion_beauty,false,
duckface,7352495538,2010-01-04,@SmileyCreep lmPHao!!! omg i LOVED it! u have a BIG cute duckface! &lt;3,22544626,"pouty-lipped facial pose/expression, especially for photos",appearance,compliment,false,Manual override -> compliment
duckface,7354190879,2010-01-04,"RT @Sn00ki: I posted 14 photos on Facebook in the album ""NYE Time Square w; the cast! http://bit.ly/6Yy5Uw &lt;---duckface in EVERY picture?lol",26073444,"pouty-lipped facial pose/expression, especially for photos",appearance,fashion_beauty,false,Manual override -> fashion_beauty
duckface,7358861703,2010-01-04,"&lt;^I'M SRS NOW bed time!^ *fine, if u say so* ^ I do {mwahah}^*shut up* ^p-p-p-pokerface du-du-du-duckface^ *wtf?*&gt;^_^ Minds..What can you do",21245029,"pouty-lipped facial pose/expression, especially for photos",appearance,fashion_beauty,false,
duckface,7379043412,2010-01-04,A message to all who take pics of themselves/friends @ bars. Stop Making That Duckface! - http://shar.es/aUiCW,25319051,"pouty-lipped facial pose/expression, especially for photos",appearance,article_sharing,false,Manual override -> article_sharing
duckface,7379289943,2010-01-04,"Year in review 2009 - duckface, sub-lebrity, Ellis Faas, Coco, tranny stilettos and more fun - http://tinyurl.com/yhj7lts",36988571,"pouty-lipped facial pose/expression, especially for photos",appearance,article_sharing,false,
duckface,7379979600,2010-01-04,@mattsloan: haha! http://www.antiduckface.com #duckface,14392665,"pouty-lipped facial pose/expression, especially for photos",appearance,article_sharing,false,
duckface,7380695963,2010-01-04,"Stupid Duckface platypus

http://pancakeswithprometheus.com/",55104221,"pouty-lipped facial pose/expression, especially for photos",appearance,fashion_beauty,false,
duckface,7390909167,2010-01-05,Stop making that duckface http://antiduckface.com/,18784415,"pouty-lipped facial pose/expression, especially for photos",appearance,article_sharing,false,Manual override -> article_sharing
duckface,7398656419,2010-01-05,Possibly my favourite duckface ever aahahaha Stop Making That Duckface! - http://shar.es/aUUcH,23579033,"pouty-lipped facial pose/expression, especially for photos",appearance,article_sharing,false,
duckface,7398969418,2010-01-05,New blog post: Year of the Duck...Face. http://www.orangecountyconcepts.com/2010/01/05/year-of-the-duckface/,33390771,"pouty-lipped facial pose/expression, especially for photos",appearance,article_sharing,false,
duckface,7403283836,2010-01-05,@amandamarita follow me duckface!,27071229,"pouty-lipped facial pose/expression, especially for photos",appearance,fashion_beauty,false,
duckface,7405682049,2010-01-05,duckface http://bit.ly/asMgh #wtf #lol,19110199,"pouty-lipped facial pose/expression, especially for photos",appearance,fashion_beauty,false,
duckface,7407517610,2010-01-05,"@silensy Hee, duckface.",3447831,"pouty-lipped facial pose/expression, especially for photos",appearance,fashion_beauty,false,
duckface,7596810009,2010-01-10,@animefx I totally agree. I don't understand the appeal of the duckface. Most of these people just look retarded.,15499518,"pouty-lipped facial pose/expression, especially for photos",appearance,commenting,false,Manual override -> commenting
duckface,7599880468,2010-01-10,Stop Making That Duckface! - http://shar.es/aFg4u,23156750,"pouty-lipped facial pose/expression, especially for photos",appearance,article_sharing,false,
duckface,7601201276,2010-01-10,@priestesschel It certainly explains why we don't see your hands. And 10 points for not making The Duckface: http://antiduckface.com/,24346112,"pouty-lipped facial pose/expression, especially for photos",appearance,article_sharing,false,
duckface,7606669054,2010-01-10,Randome text of the day: duckface.,26786523,"pouty-lipped facial pose/expression, especially for photos",appearance,fashion_beauty,false,
duckface,7612405290,2010-01-11,"Anti-duckface site, gotta love it: http://antiduckface.com/",17561986,"pouty-lipped facial pose/expression, especially for photos",appearance,article_sharing,false,
duckface,7621715440,2010-01-11,http://twitpic.com/xmw6h - duckface! my signature lol,53018083,"pouty-lipped facial pose/expression, especially for photos",appearance,fashion_beauty,false,Manual override -> fashion_beauty
duckface,7621808336,2010-01-11,http://twitpic.com/xmwln - duckface! my signature lol,53018083,"pouty-lipped facial pose/expression, especially for photos",appearance,fashion_beauty,false,
duckface,7622299522,2010-01-11,I'd Kiss Those Lips Still(:-&gt;RT @OhMyitsNimai http://twitpic.com/xmwln - duckface! my signature lol (via @luckylishis) aww thanks love!,53018083,"pouty-lipped facial pose/expression, especially for photos",appearance,fashion_beauty,false,
duckface,7912851191,2010-01-18,Stop Making That Duckface! http://ow.ly/XRtt,19127403,"pouty-lipped facial pose/expression, especially for photos",appearance,article_sharing,false,
duckface,7918791260,2010-01-18,"@ElizabethsTwits Somewhat unrelated, but holy hell the OP duckfaces. It's a super duckface. o_o",16808970,"pouty-lipped facial pose/expression, especially for photos",appearance,fashion_beauty,false,
duckface,7926231790,2010-01-19,I just realised Im sitting at my desk doing duckface.,19057007,"pouty-lipped facial pose/expression, especially for photos",appearance,fashion_beauty,false,
duckface,8155288116,2010-01-24,Duckface! - http://shar.es/aSusw,87730727,"pouty-lipped facial pose/expression, especially for photos",appearance,fashion_beauty,false,
duckface,8168427920,2010-01-24,@carlospedroncel DON'T PULL THAT DUCKFACE,107088169,"pouty-lipped facial pose/expression, especially for photos",appearance,fashion_beauty,false,
duckface,8171432356,2010-01-25,Duckface.,19933436,"pouty-lipped facial pose/expression, especially for photos",appearance,fashion_beauty,false,
duckface,8180006485,2010-01-25,"@smitherinesxo ROFL - you need to send that picture to the ""anti-duckface"" site.",20820321,"pouty-lipped facial pose/expression, especially for photos",appearance,fashion_beauty,false,
duckface,8180756545,2010-01-25,I didn't even know the duckface phenomenon existed. http://antiduckface.com/,11671092,"pouty-lipped facial pose/expression, especially for photos",appearance,article_sharing,false,
duckface,8180848361,2010-01-25,Duckface Actually Works: Startling Conclusions from Dating Site's Study http://ow.ly/102ut,19281787,"pouty-lipped facial pose/expression, especially for photos",appearance,fashion_beauty,false,
duckface,8221371148,2010-01-26,"@TwiztidBitch666 Far from caveman, dear. That bitch has a case of duckface. She's all sorts of hopped up on Tila's dick.",50802288,"pouty-lipped facial pose/expression, especially for photos",appearance,fashion_beauty,false,
duckface,8221372144,2010-01-26,@andrewmsv do you duckface? haha,21247158,"pouty-lipped facial pose/expression, especially for photos",appearance,fashion_beauty,false,
duckface,8231374177,2010-01-26,duckface !!!,67601037,"pouty-lipped facial pose/expression, especially for photos",appearance,fashion_beauty,false,
duckface,8660687427,2010-02-05,Stop Making That Duckface! http://shar.es/aNvXV via @sharethis,8964762,"pouty-lipped facial pose/expression, especially for photos",appearance,article_sharing,false,
duckface,8661217237,2010-02-05,@imHolden ok duckface,53704462,"pouty-lipped facial pose/expression, especially for photos",appearance,fashion_beauty,false,
duckface,8667248587,2010-02-05,"no falafel for you, duckface",6396762,"pouty-lipped facial pose/expression, especially for photos",appearance,fashion_beauty,false,
duckface,8668805328,2010-02-05,"RT @dala888 LOL http://www.facebook.com/#!/group.php?gid=267558909611&ref=ts &lt;&lt; STOP THE DUCKFACE!! [thanks for the tweet, hun!]",15130805,"pouty-lipped facial pose/expression, especially for photos",appearance,fashion_beauty,false,
duckface,8684469665,2010-02-05,@soniaeshu anne mini duckface!!! http://antiduckface.com/,26744440,"pouty-lipped facial pose/expression, especially for photos",appearance,article_sharing,false,
duckface,8691095771,2010-02-05,Lol RT @djjAckizback #Follow my fav twins @nadi2hotti & @ohmyitsnimai *throws up 3 fingers thumb & index touching + duckface*,53018083,"pouty-lipped facial pose/expression, especially for photos",appearance,fashion_beauty,false,
duckface,8695478916,2010-02-05,Louis Vuitton is the duckface of purses. #fb,14334868,"pouty-lipped facial pose/expression, especially for photos",appearance,fashion_beauty,false,
duckface,8696288275,2010-02-05,@TwinkleBubble duckface ?????? I know I shouldn't ask lol,23955548,"pouty-lipped facial pose/expression, especially for photos",appearance,fashion_beauty,false,
duckface,8702315193,2010-02-06,"http://bit.ly/c227bY Huffpost - Miranda Kerr smiling is quite charming and lovely. Miranda Kerr making duckface, not so much. Lovely here!",14565395,"pouty-lipped facial pose/expression, especially for photos",appearance,fashion_beauty,false,
duckface,9993511606,2010-03-04,@KingBobo You're just sad you clamed I make duckface in facebook pics but can't find anything to back it up! :P,14992583,"pouty-lipped facial pose/expression, especially for photos",appearance,fashion_beauty,false,
duckface,9996947850,2010-03-04,@RarrNae ahhhhhhhhhh duckface ;),73446623,"pouty-lipped facial pose/expression, especially for photos",appearance,fashion_beauty,false,
duckface,10012394990,2010-03-05,"[uniknotions.com] Stop Making That Duckface!: holy shit, this one&#8217;s a serial duckfacer. the person who se.. http://bit.ly/adK9RG",17177453,"pouty-lipped facial pose/expression, especially for photos",appearance,article_sharing,false,
duckface,10013514108,2010-03-05,"[uniknotions.com] Stop Making That Duckface!: holy shit, this one’s a serial duckfacer.  the person who sent us th... http://bit.ly/91jJBU",71169462,"pouty-lipped facial pose/expression, especially for photos",appearance,article_sharing,false,
duckface,10016634583,2010-03-05,They say that people become like their pets. Well duckface in front of me has clearly been spending too much time in her pond.,22917583,"pouty-lipped facial pose/expression, especially for photos",appearance,fashion_beauty,false,
duckface,10018453642,2010-03-05,@agentdonica I'm so jealous of you right now. FIRTH! And EHLE! And DUCKFACE!,16803618,"pouty-lipped facial pose/expression, especially for photos",appearance,fashion_beauty,false,
duckface,10022148655,2010-03-05,@yungseng lol duckface said hi and waved to me when i was walking home lol. i just said hi back.,43082502,"pouty-lipped facial pose/expression, especially for photos",appearance,fashion_beauty,false,
duckface,10023149263,2010-03-05,http://twitpic.com/16qd2q - Testin out quad cams new animated gif function with a duckface tribute #QuadCamera,8262232,"pouty-lipped facial pose/expression, especially for photos",appearance,fashion_beauty,false,
duckface,10024298810,2010-03-05,@laurien13 DUCKFACE! you've totally won,17688543,"pouty-lipped facial pose/expression, especially for photos",appearance,fashion_beauty,false,
duckface,9999709615,2010-03-05,#ff @heyemilymae @gaytyson @finanick @Katielofl @Carolina_G @deeeeeSPOT & most of all @RarrNae because she is amazing. Duckface.,73446623,"pouty-lipped facial pose/expression, especially for photos",appearance,fashion_beauty,false,
duckface,10078747067,2010-03-06,@antiduckface Hey Duckface... Fresh meat for ya. http://www.stumbleupon.com/stumbler/bored-to-life/about/,16576797,"pouty-lipped facial pose/expression, especially for photos",appearance,article_sharing,false,
duckface,10254326789,2010-03-10,"@LADII_KE_KE wow like words pose to hurt me ,tuh i think not .lilbaskinrobbin head duckface asz hoe nigga fck u !",51983736,"pouty-lipped facial pose/expression, especially for photos",appearance,fashion_beauty,false,
duckface,10276407518,2010-03-10,Anti duckface http://bit.ly/asMgh !,90840957,"pouty-lipped facial pose/expression, especially for photos",appearance,fashion_beauty,false,
duckface,10276455970,2010-03-10,"ok, lol de zinc. RT: @LE_Monsieur_B: Stop Making That DuckFace http://tinyurl.com/ylx7qgs",19084280,"pouty-lipped facial pose/expression, especially for photos",appearance,article_sharing,false,
duckface,10276573638,2010-03-10,Stop Making That Duckface! - I don’t remember but I hope I did not put any picture of me doing this stupid... http://tumblr.com/xn379gjj5,14700097,"pouty-lipped facial pose/expression, especially for photos",appearance,article_sharing,false,
duckface,10276853915,2010-03-10,Pliiiizz Facepalm that duckface !,996311,"pouty-lipped facial pose/expression, especially for photos",appearance,fashion_beauty,false,
duckface,10280377554,2010-03-10,"http://tweetphoto.com/13879065 @joelmchale Oh no, not the duckface!",28517771,"pouty-lipped facial pose/expression, especially for photos",appearance,fashion_beauty,false,
duckface,10283134331,2010-03-10,"@staciasiroo hahahah i can't wait to see if our favorite duckface will appear on the site....oh, the anticipation....",34175296,"pouty-lipped facial pose/expression, especially for photos",appearance,fashion_beauty,false,
duckface,10294295599,2010-03-10,http://twitpic.com/17subj - GASH by Urban Decay. Yes? No? sorry for typical duckface/creepy mouth closeup. this lighting sucks.,18279724,"pouty-lipped facial pose/expression, especially for photos",appearance,fashion_beauty,false,
duckface,10294777475,2010-03-10,"@journalistjeff Have you ever seen this site? Not as good, but there's some crazy duckface pics on it: http://antiduckface.com/",35296613,"pouty-lipped facial pose/expression, especially for photos",appearance,article_sharing,false,
duckface,10294992438,2010-03-10,"@LauraSem I'd heard of of the anti-duckface backlash, but didn't know there was an entire website. Thanks!",20563760,"pouty-lipped facial pose/expression, especially for photos",appearance,fashion_beauty,false,
duckface,10500039541,2010-03-15,I particularly like the ultimate douchebag duckface!,36622840,"pouty-lipped facial pose/expression, especially for photos",appearance,fashion_beauty,false,
duckface,10500353863,2010-03-15,"Lol, so true! RT @atomicpoet: Why, why, why, WHY do people keep making the duckface when trying to look sexy?",34025732,"pouty-lipped facial pose/expression, especially for photos",appearance,fashion_beauty,false,
duckface,10503292467,2010-03-15,@tikachu IS DUCKFACE K GIRL BACK?,15298966,"pouty-lipped facial pose/expression, especially for photos",appearance,fashion_beauty,false,
duckface,10510038410,2010-03-15,@OYNarcin heh that's a very funny site! I'm sure I have phoos of me somewhere making a duckface,12161,"pouty-lipped facial pose/expression, especially for photos",appearance,fashion_beauty,false,
duckface,10514174112,2010-03-15,It's hard to imagine there are people who think that ridiculous pouty duckface is actually appealing in some way.,779864,"pouty-lipped facial pose/expression, especially for photos",appearance,fashion_beauty,false,
duckface,10517338370,2010-03-15,"Everytime I listen to Duckface snippets, it just make me want it more than anything else in the whole world, even above world peace",37643666,"pouty-lipped facial pose/expression, especially for photos",appearance,fashion_beauty,false,
duckface,10526111498,2010-03-15,Stop Making That Duckface! http://shar.es/moxUx . zu gut einfach!,84138432,"pouty-lipped facial pose/expression, especially for photos",appearance,article_sharing,false,
duckface,10526318792,2010-03-15,HoboTrashcan » Blog Archive » Outside of the In-Crowd – Duckface ...  http://bit.ly/2U5gxY,47872173,"pouty-lipped facial pose/expression, especially for photos",appearance,fashion_beauty,false,
duckface,10533274470,2010-03-15,@Blondey_TasteMe Hey Duckface,113742188,"pouty-lipped facial pose/expression, especially for photos",appearance,fashion_beauty,false,
duckface,10535415227,2010-03-15,@shyboi71 definatly wouldn't call duckface pretty..lol,27311495,"pouty-lipped facial pose/expression, especially for photos",appearance,fashion_beauty,false,
duckface,10678812758,2010-03-18,RT @fsamuel: ha ha ... the anti duckface!! http://antiduckface.com/,14702186,"pouty-lipped facial pose/expression, especially for photos",appearance,article_sharing,false,
duckface,10683542586,2010-03-18,RT trouvaille de @leblogdebetty Haha http://bit.ly/GF2HQ and Stop making that Duckface !,43316600,"pouty-lipped facial pose/expression, especially for photos",appearance,article_sharing,false,
duckface,10684704377,2010-03-18,Duckface: http://antiduckface.com/,55883076,"pouty-lipped facial pose/expression, especially for photos",appearance,article_sharing,false,
duckface,10685039673,2010-03-18,srsly...stop making that face!! http://tinyurl.com/nqdoxt #duckface,25362760,"pouty-lipped facial pose/expression, especially for photos",appearance,fashion_beauty,false,
duckface,10689564011,2010-03-18,@sarawrap I love how your avatar is teh anti-duckface.,17857839,"pouty-lipped facial pose/expression, especially for photos",appearance,fashion_beauty,false,
duckface,10692874612,2010-03-18,brilliant. this needs some serious spreading stat RT @fsamuel: ha ha ... the anti duckface!! http://antiduckface.com/,18865383,"pouty-lipped facial pose/expression, especially for photos",appearance,article_sharing,false,
duckface,10694035198,2010-03-18,@MrsJunkie @TeganJ84 @SianCity with #duckface please,19057007,"pouty-lipped facial pose/expression, especially for photos",appearance,fashion_beauty,false,
duckface,10696620070,2010-03-19,@MrsJunkie @SianCity @TeganJ84 most definitely with duckface! :D,19057007,"pouty-lipped facial pose/expression, especially for photos",appearance,fashion_beauty,false,
duckface,10696666571,2010-03-19,@MrsJunkie  @shannabananna @TeganJ84 @SianCity does good duckface :p,65866603,"pouty-lipped facial pose/expression, especially for photos",appearance,fashion_beauty,false,
duckface,10699294811,2010-03-19,http://twitpic.com/19fn46 - High gloss duckface,17968946,"pouty-lipped facial pose/expression, especially for photos",appearance,fashion_beauty,false,
duckface,10703886815,2010-03-19,@lgurrieri @makalita @MrsJunkie @SianCity oh my .... complete with duckface. Although her hair looks clean ...,65866603,"pouty-lipped facial pose/expression, especially for photos",appearance,fashion_beauty,false,
duckface,11909892558,2010-04-10,@honestlyanna  http://twitgoo.com/nq4uv duckface just for you,18587754,"pouty-lipped facial pose/expression, especially for photos",appearance,fashion_beauty,false,
duckface,11910974299,2010-04-10,"What does duckface make you look like? That’s what you look like.  A vapid, uninteresting materialistic slunt."" http://shitrandyhates.com/",25467627,"pouty-lipped facial pose/expression, especially for photos",appearance,fashion_beauty,false,
duckface,11911114125,2010-04-10,"@HannahSpazzface yea, kinda, but its okay, cuz you have the mustache thing. yours is like, awesome duckface",25467627,"pouty-lipped facial pose/expression, especially for photos",appearance,fashion_beauty,false,
duckface,11912405649,2010-04-10,"PJ forum post Re: The Saturdays - General Discussion Thread: Quote from: duckface on April 08, 2010, 01:57:34 PMNo... http://bit.ly/aN91Cu",129671466,"pouty-lipped facial pose/expression, especially for photos",appearance,fashion_beauty,false,
duckface,11917422854,2010-04-10,Stop making that silly duckface http://antiduckface.com/,43686322,"pouty-lipped facial pose/expression, especially for photos",appearance,article_sharing,false,
duckface,11918920941,2010-04-10,"@ThatSamBam DW, at least you don't do duckface. The most heinous of crimes.",71728656,"pouty-lipped facial pose/expression, especially for photos",appearance,fashion_beauty,false,
duckface,11920203689,2010-04-10,"It's Friday so what the hell. ""Stop Making That Duckface!"" http://ow.ly/1wKGf",14170236,"pouty-lipped facial pose/expression, especially for photos",appearance,article_sharing,false,
duckface,11920385385,2010-04-10,I totally just walked into @captainblacks looking for someone and did duckface. Dammit.,14984641,"pouty-lipped facial pose/expression, especially for photos",appearance,fashion_beauty,false,
duckface,11922613896,2010-04-10,@bnikky I begged you not to make duckface. I BEGGED YOU. I PLEADED.,22428196,"pouty-lipped facial pose/expression, especially for photos",appearance,fashion_beauty,false,
duckface,11922707410,2010-04-10,Nevermind. My sister deleted her tweetz from the looks of things/still makes duckface/doesn't listen to Dashboard. Freak.,22428196,"pouty-lipped facial pose/expression, especially for photos",appearance,criticism,false,Manual override -> criticism
duckface,12174940213,2010-04-14,"@nivadias O que seria ""Duckface""?",43997610,"pouty-lipped facial pose/expression, especially for photos",appearance,fashion_beauty,false,
duckface,12176280525,2010-04-14,OMG SERIOUSLY!!! this track is dedicated to everyone that's physically able to make a DUCKFACE!!! http://bit.ly/dhsPAy,81325490,"pouty-lipped facial pose/expression, especially for photos",appearance,fashion_beauty,false,
duckface,12180659962,2010-04-14,Love sitting with prego girls and Duckface.,107779472,"pouty-lipped facial pose/expression, especially for photos",appearance,fashion_beauty,false,
duckface,12180859726,2010-04-14,Stop Making That Duckface! - http://mrte.ch/586 #humor,5057811,"pouty-lipped facial pose/expression, especially for photos",appearance,humor,false,Manual override -> humor
duckface,12183132751,2010-04-14,Stop making that Duckface !!! http://lnk.ms/0DhSP,99460930,"pouty-lipped facial pose/expression, especially for photos",appearance,article_sharing,false,
duckface,12184398342,2010-04-14,"NEW POST! Duckface!: Okay, I promised yesterday that if this post got enough comments, I'd post the Duckface That ... http://bit.ly/bzk3E9",59229474,"pouty-lipped facial pose/expression, especially for photos",appearance,fashion_beauty,false,
duckface,12184839347,2010-04-14,@dreadgazeebo HI. I thought your day needed more duckface. http://bit.ly/9awu2f http://bit.ly/bnnzBI http://bit.ly/ccP5xz quack quack quack,15068243,"pouty-lipped facial pose/expression, especially for photos",appearance,fashion_beauty,false,
duckface,12184942890,2010-04-14,"LOL! Ur 2 much! @Get_Lippie I promised yesterday that if this post got enough comments, I'd post the Duckface http://bit.ly/bzk3E9",102759636,"pouty-lipped facial pose/expression, especially for photos",appearance,fashion_beauty,false,
duckface,12185798916,2010-04-14,Stop making that DUCKFACE :D  http://antiduckface.com/,42597197,"pouty-lipped facial pose/expression, especially for photos",appearance,article_sharing,false,
duckface,12193965131,2010-04-15,"Hey! Teenage girls! Stop making that duckface, it looks fucking stupid. http://antiduckface.com",70483083,"pouty-lipped facial pose/expression, especially for photos",appearance,article_sharing,false,
duckface,12793599514,2010-04-25,HAAHHAHA stop making that duckface! http://antiduckface.com/,38404528,"pouty-lipped facial pose/expression, especially for photos",appearance,article_sharing,false,
duckface,12796993123,2010-04-25,Stop making that duckface! http://antiduckface.com/,132949349,"pouty-lipped facial pose/expression, especially for photos",appearance,article_sharing,false,
duckface,12798747879,2010-04-25,"& it's prom night. If I see one more duckface in a picture someone asks me to take, I will start chokeslamming.",8986642,"pouty-lipped facial pose/expression, especially for photos",appearance,fashion_beauty,false,
duckface,12798853490,2010-04-25,"next person who gives me a duckface pose, or does it in a photo with me, is getting a black eye.",21814852,"pouty-lipped facial pose/expression, especially for photos",appearance,fashion_beauty,false,
duckface,12809589624,2010-04-25,@MsSugarHigh She has Twitter!! Si DUCKFACE.,30814477,"pouty-lipped facial pose/expression, especially for photos",appearance,fashion_beauty,false,
duckface,12810517977,2010-04-25,Sleepy Duckface http://flic.kr/p/7W3XJ2,13506,"pouty-lipped facial pose/expression, especially for photos",appearance,fashion_beauty,false,
duckface,12811270700,2010-04-25,Photo: this one came to us asking the question “classy duckface” there is no such fucking thing as “classy... http://tumblr.com/x7a920vc3,82654528,"pouty-lipped facial pose/expression, especially for photos",appearance,fashion_beauty,false,
duckface,12821445243,2010-04-25,@Amanda42085 rotfl!!! Nice duckface,15267004,"pouty-lipped facial pose/expression, especially for photos",appearance,fashion_beauty,false,
duckface,13344823907,2010-05-04,#nowplaying Duckface - Martin Brothers,121719102,"pouty-lipped facial pose/expression, especially for photos",appearance,music_discussion,false,Manual override -> music_discussion
duckface,13345100639,2010-05-04,@davidluv4 haha! I have to make a weird duckface in order to hide mine ... :p,44501317,"pouty-lipped facial pose/expression, especially for photos",appearance,fashion_beauty,false,
duckface,13353749287,2010-05-04,Photoset: the person who sent us these wants everyone to know that duckface has invaded holland. looks like... http://tumblr.com/x7a9fl9ot,82654528,"pouty-lipped facial pose/expression, especially for photos",appearance,fashion_beauty,false,
duckface,13354338486,2010-05-04,"Photo: in addition to the metric fuckton of duckface pout, honey, you gotta tell us… did you actually steal... http://tumblr.com/x7a9flvqm",82654528,"pouty-lipped facial pose/expression, especially for photos",appearance,fashion_beauty,false,
duckface,13357064258,2010-05-04,Stop making that duckface! Hell yeah! http://antiduckface.com,34335790,"pouty-lipped facial pose/expression, especially for photos",appearance,article_sharing,false,
duckface,13365384488,2010-05-04,Please stop pulling the duckface: http://antiduckface.com,19235452,"pouty-lipped facial pose/expression, especially for photos",appearance,article_sharing,false,
duckface,13366272866,2010-05-04,@PochaccoYoly @itzjrock that two faced bitch kim (the store owner) OMG HER LIPSSSSSSSSS. talk about duckface!!!!!!,14592672,"pouty-lipped facial pose/expression, especially for photos",appearance,fashion_beauty,false,
duckface,13377953038,2010-05-04,Ooooooo child.  RT @PerezHilton: Her parents must be so proud! http://bit.ly/99hJxG Double homewrecker! /via @jujuboston -- DUCKFACE!!!,19563770,"pouty-lipped facial pose/expression, especially for photos",appearance,fashion_beauty,false,
duckface,13382266349,2010-05-04,@legacyb4 There's a difference in saying duckface and douche. Calling someone a douche is a pretty low blow. Especially when u don't kno em,16419213,"pouty-lipped facial pose/expression, especially for photos",appearance,fashion_beauty,false,
duckface,13382857097,2010-05-04,@legacyb4 I could understand duckface. But to call me a douche is to assault my personality based on one photo.,16419213,"pouty-lipped facial pose/expression, especially for photos",appearance,fashion_beauty,false,
duckface,13955728459,2010-05-14,"#Duckface is what I have named this girl. I want to ask ""Do u have a Twitter account?"" bcuz she look like a #mofo that would respond: #AFLAC",96269015,"pouty-lipped facial pose/expression, especially for photos",appearance,fashion_beauty,false,
duckface,13957898643,2010-05-14,"new photo uploaded http://www.motivatedphotos.com/?id=81046 ""photobomb"" using tags freddy, krueger,photobomb,lizardboy,duckface,funny,stupid",15412003,"pouty-lipped facial pose/expression, especially for photos",appearance,fashion_beauty,false,
duckface,13958106395,2010-05-14,Stupid Duckface http://ping.fm/vMZeg,132670071,"pouty-lipped facial pose/expression, especially for photos",appearance,fashion_beauty,false,
duckface,13959751804,2010-05-14,Stupid Duckface: submitted by  azrael1102  [link] [1 comment] http://bit.ly/b6ONpg,54433289,"pouty-lipped facial pose/expression, especially for photos",appearance,fashion_beauty,false,
duckface,13959753016,2010-05-14,Stupid Duckface http://bit.ly/b6ONpg,55941293,"pouty-lipped facial pose/expression, especially for photos",appearance,fashion_beauty,false,
duckface,13960089176,2010-05-14,Stupid Duckface: submitted by  azrael1102  [link] [1 comment] http://bit.ly/a63oRI #reddit,94380580,"pouty-lipped facial pose/expression, especially for photos",appearance,fashion_beauty,false,
duckface,13960089579,2010-05-14,Stupid Duckface: submitted by  azrael1102  [link] [1 comment] http://bit.ly/a63oRI,100836026,"pouty-lipped facial pose/expression, especially for photos",appearance,fashion_beauty,false,
duckface,13965171270,2010-05-14,Give me ur #duckface --&gt; http://dailybooth.com/McDeal/4859589,18771541,"pouty-lipped facial pose/expression, especially for photos",appearance,fashion_beauty,false,
duckface,13965762019,2010-05-14,"What's a duckface?? :| RT @_ant1_: Lately, Facebook is all about duckfaces and fake profiles. #boring #duckfail",653473,"pouty-lipped facial pose/expression, especially for photos",appearance,fashion_beauty,false,
duckface,13967662801,2010-05-14,New Article: Duckface - http://3nglish.co.uk/zJ,81645659,"pouty-lipped facial pose/expression, especially for photos",appearance,fashion_beauty,false,
duckface,15000093888,2010-05-29,"@w032182 do you consider yourself? ""Oh no sir #ISurelyDoNot. . . #Duckface",43576447,"pouty-lipped facial pose/expression, especially for photos",appearance,fashion_beauty,false,
duckface,15006875788,2010-05-30,"@annie0x oh you duckface, and telephone really? u old fashioned bugger loool x",23198692,"pouty-lipped facial pose/expression, especially for photos",appearance,fashion_beauty,false,
duckface,15007236797,2010-05-30,"@annie0x yes duckface dnt take it personally i call alot of people duckface i dont know why lool u absolute wierdo, u sure we aint related?",23198692,"pouty-lipped facial pose/expression, especially for photos",appearance,fashion_beauty,false,
duckface,15008551273,2010-05-30,@ginnyclone DUCKFACE,140601253,"pouty-lipped facial pose/expression, especially for photos",appearance,fashion_beauty,false,
duckface,15008758340,2010-05-30,@annie0x go back and get it u duckface! loool x,23198692,"pouty-lipped facial pose/expression, especially for photos",appearance,fashion_beauty,false,
duckface,15009151959,2010-05-30,@xAniqax SOMETIMES U DUCKFACE!,23198692,"pouty-lipped facial pose/expression, especially for photos",appearance,fashion_beauty,false,
duckface,15009304891,2010-05-30,RT @xAniqax: @LadyHHumes ALWAYSSS..marvins the one with the duckface :P &lt; LOOOOOOOOOOOOOOL duckface ftw!  and SOMETIMES!,23198692,"pouty-lipped facial pose/expression, especially for photos",appearance,fashion_beauty,false,
duckface,15010338045,2010-05-30,why are you making that stupid duckface? http://www.youtube.com/watch?v=mAWHO1N-HpY,3653351,"pouty-lipped facial pose/expression, especially for photos",appearance,fashion_beauty,false,
duckface,15021098712,2010-05-30,"Duckface, you made me shit myself & then I threw up all over the fucking place.  http://j.mp/94TECF",70666389,"pouty-lipped facial pose/expression, especially for photos",appearance,fashion_beauty,false,
duckface,15021321175,2010-05-30,@GetDressedShow Duckface?  http://yfrog.com/6xj81mj,12949672,"pouty-lipped facial pose/expression, especially for photos",appearance,fashion_beauty,false,
duckface,15039437747,2010-05-30,Stop making that duckface. http://antiduckface.com,14096962,"pouty-lipped facial pose/expression, especially for photos",appearance,article_sharing,false,
duckface,15060930204,2010-05-30,"@ParkerMaier Yeah yeah, you hot, but just say no to duckface.",20702633,"pouty-lipped facial pose/expression, especially for photos",appearance,fashion_beauty,false,
duckface,15063843551,2010-05-30,@tomate_tortuga HEY! I always do the duckface! I didn't even know it was so popular/unpop?! That video made me want to go cry in the shower.,8241,"pouty-lipped facial pose/expression, especially for photos",appearance,fashion_beauty,false,
duckface,15071075671,2010-05-30,In the Land of Duckface.,784519,"pouty-lipped facial pose/expression, especially for photos",appearance,fashion_beauty,false,
duckface,15350078558,2010-06-03,@woensdagmiddag @grazvd duckface baby!!!!,66684376,"pouty-lipped facial pose/expression, especially for photos",appearance,fashion_beauty,false,
duckface,15356396080,2010-06-03,A sad and tragic epidemic hitting young girls all across myspace and facebook usually found on girls who think they are flirty. #duckface,125852182,"pouty-lipped facial pose/expression, especially for photos",appearance,fashion_beauty,false,
duckface,15374284857,2010-06-03,"New fun posting, Anti-duckface blog - http://www.fun.twitter2you.com/?p=13484",119570363,"pouty-lipped facial pose/expression, especially for photos",appearance,fashion_beauty,false,
duckface,15375397355,2010-06-03,@ChloeGMoretz why the duckface?,17976213,"pouty-lipped facial pose/expression, especially for photos",appearance,fashion_beauty,false,
duckface,15382307341,2010-06-04,@jerbear00218 http://antiduckface.com if not google anti duckface. Oh and look for song video on YouTube. It's so worth it,16677760,"pouty-lipped facial pose/expression, especially for photos",appearance,article_sharing,false,
duckface,15386535067,2010-06-04,I am practicing my duck face pose...maybe then I can be featured here...http://www.facebook.com/pages/Anti-Duckface/166276606793,27280933,"pouty-lipped facial pose/expression, especially for photos",appearance,fashion_beauty,false,
duckface,15389733688,2010-06-04,BEHOLD! #DUCKFACE! [pic] http://ff.im/lrmoc,476083,"pouty-lipped facial pose/expression, especially for photos",appearance,fashion_beauty,false,
duckface,15393650063,2010-06-04,In order for my mom not to bitch about the stach I have to do a Duckface every now and then haha,95248069,"pouty-lipped facial pose/expression, especially for photos",appearance,fashion_beauty,false,
duckface,15396571723,2010-06-04,"RT @Sn00ki: Guidette status ;) http://tweetphoto.com/25476151 &lt;&lt; enough with the duckface, boo... but your hair looks fantastic =]",57874075,"pouty-lipped facial pose/expression, especially for photos",appearance,fashion_beauty,false,
duckface,15398866255,2010-06-04,@DTiet hey my new avatar is duckface free thank you very muccccch,60498260,"pouty-lipped facial pose/expression, especially for photos",appearance,fashion_beauty,false,
duckface,16521722680,2010-06-19,"Video: @mrjustinmartin & @sfdirtybird - ""duckface"" - this is amazing check it out! http://www.rockitscienceSF.com",44819245,"pouty-lipped facial pose/expression, especially for photos",appearance,fashion_beauty,false,
duckface,16528756591,2010-06-19,RT @DLo4President @RoyalPumpstress lol u be makin da #duckface 2! &lt;nevaaaaa lls,58814831,"pouty-lipped facial pose/expression, especially for photos",appearance,fashion_beauty,false,
duckface,16535455143,2010-06-19,"@duckface1109

hello Duckface how are you doing?",157268205,"pouty-lipped facial pose/expression, especially for photos",appearance,casual_conversation,false,Manual override -> casual_conversation
duckface,16549406013,2010-06-19,http://29.media.tumblr.com/tumblr_l47nuqd4Oa1qct5bho1_400.jpg DUCKFACE!,15801945,"pouty-lipped facial pose/expression, especially for photos",appearance,fashion_beauty,false,
duckface,16571513453,2010-06-19,I'm looking forward to my friend's party. I hope we get drunk and will laugh at stupid duckface photos of some of his friends at fb as usual,45548362,"pouty-lipped facial pose/expression, especially for photos",appearance,fashion_beauty,false,
duckface,16573419489,2010-06-19,@sebastianflyte :) You and your friends always pull the most remarkable faces. You have quite a DUCKFACE going on there.,35429082,"pouty-lipped facial pose/expression, especially for photos",appearance,fashion_beauty,false,
duckface,16576282496,2010-06-19,DUCKFACE,19376460,"pouty-lipped facial pose/expression, especially for photos",appearance,fashion_beauty,false,
duckface,17072048379,2010-06-26,"RT @grandtheft Just left @U_TERN's spot, we made a bangin edit of Duckface...",18846205,"pouty-lipped facial pose/expression, especially for photos",appearance,fashion_beauty,false,
duckface,17073377439,2010-06-26,@1eeC i want to run around my house screaming i hate duckface! hahaha,20565443,"pouty-lipped facial pose/expression, especially for photos",appearance,fashion_beauty,false,
duckface,17083696699,2010-06-26,crisis scale: world hunger &lt; duckface,21438737,"pouty-lipped facial pose/expression, especially for photos",appearance,fashion_beauty,false,
duckface,17098176464,2010-06-26,"@Karinaworld yeah, ze duckface",26334797,"pouty-lipped facial pose/expression, especially for photos",appearance,fashion_beauty,false,
duckface,17100361072,2010-06-26,Duckface? RT @CristinRene: Sometimes people do crazy things.,18157718,"pouty-lipped facial pose/expression, especially for photos",appearance,fashion_beauty,false,
duckface,17102203712,2010-06-26,Photo: inky: Duckface jokes + H!AV = Reblog http://tumblr.com/xc5c7terc,11916722,"pouty-lipped facial pose/expression, especially for photos",appearance,fashion_beauty,false,
duckface,17103583004,2010-06-26,#nowplaying The Martin Brothers - Duckface,143845164,"pouty-lipped facial pose/expression, especially for photos",appearance,fashion_beauty,false,
duckface,17107585022,2010-06-26,lmao third comic down is so true. duckface. http://harkavagrant.com/,29544736,"pouty-lipped facial pose/expression, especially for photos",appearance,fashion_beauty,false,
duckface,17115602225,2010-06-26,@woensdagmiddag Tis duckface en duct tape. Face tape mag ook,53341501,"pouty-lipped facial pose/expression, especially for photos",appearance,fashion_beauty,false,
duckface,17122219575,2010-06-26,"Do you make the ""Duckface""? http://www.youtube.com/watch?v=q0ohT89flgc&feature=youtube_gdata",88295311,"pouty-lipped facial pose/expression, especially for photos",appearance,fashion_beauty,false,
duckface,17404218322,2010-06-30,@frontrunnaent is going to love this duckface site i just blogged about.,19049066,"pouty-lipped facial pose/expression, especially for photos",appearance,fashion_beauty,false,
duckface,17404243470,2010-06-30,"No more ‘duckface,’ please: Goose is going to appreciate this one since he’s complained more than once on his Face... http://bit.ly/9Vl98R",19049066,"pouty-lipped facial pose/expression, especially for photos",appearance,fashion_beauty,false,
duckface,17408353294,2010-06-30,"he's mascot for http://antiduckface.com/ RT @sandbarmark No matter the facial expression, Elon Musk always looks like he is showing duckface",95998281,"pouty-lipped facial pose/expression, especially for photos",appearance,article_sharing,false,
duckface,17408627240,2010-06-30,@LeReilly MOAR DUCKFACE !,34216484,"pouty-lipped facial pose/expression, especially for photos",appearance,fashion_beauty,false,
duckface,17414417338,2010-06-30,@Hanmaboogie LoL thats a mischevious monkey face :3 ... duckface is my fave too :(),15608746,"pouty-lipped facial pose/expression, especially for photos",appearance,fashion_beauty,false,
duckface,17420229577,2010-06-30,http://www.youtube.com/watch?v=Z6tfdjDF9ks The Martin Brothers - Duckface,98687769,"pouty-lipped facial pose/expression, especially for photos",appearance,fashion_beauty,false,
duckface,17422222185,2010-06-30,"Yes, that is duckface. But how cute is she? http://tweetphoto.com/29994168",25467627,"pouty-lipped facial pose/expression, especially for photos",appearance,fashion_beauty,false,
duckface,17423412158,2010-06-30,In honour of International Duck Face Day! LoL #DuckFace http://tweetphoto.com/29996362,108380203,"pouty-lipped facial pose/expression, especially for photos",appearance,fashion_beauty,false,
duckface,17426997120,2010-06-30,@courtSchenkl haha I just wasted 10 minutes sneaking off to take a duckface picture!,46534699,"pouty-lipped facial pose/expression, especially for photos",appearance,fashion_beauty,false,
duckface,17428218361,2010-06-30,@Nikki_TC Rene Duckface!,108380203,"pouty-lipped facial pose/expression, especially for photos",appearance,fashion_beauty,false,
duckface,17450354108,2010-06-30,"No more 'duckface,' please - On the Edge - Kristi Gustafson ...: Award shows Beauty Black Friday Books Caption Thi... http://bit.ly/aotM6X",126446130,"pouty-lipped facial pose/expression, especially for photos",appearance,fashion_beauty,false,
duckface,17453574125,2010-07-01,Pictures of camp guys at AC in fishnets while sticking their tongues out makes me want new eyes. That shit is as bad as duckface girls.,27466323,"pouty-lipped facial pose/expression, especially for photos",appearance,fashion_beauty,false,
duckface,17454408943,2010-07-01,What the juice is duckface? Check it out on our blog!,159886836,"pouty-lipped facial pose/expression, especially for photos",appearance,fashion_beauty,false,
duckface,17457678380,2010-07-01,#Duckface pic just for @bug311 and @TroyBeast http://twitpic.com/21dftj,25853971,"pouty-lipped facial pose/expression, especially for photos",appearance,fashion_beauty,false,
duckface,17462983166,2010-07-01,duckface! http://dailybooth.com/u/3ji93,21834691,"pouty-lipped facial pose/expression, especially for photos",appearance,fashion_beauty,false,
duckface,17465496576,2010-07-01,@dorkarella A bro just walked by me with permanent duckface. Wish I could've taken a pic.,10966242,"pouty-lipped facial pose/expression, especially for photos",appearance,fashion_beauty,false,
duckface,17475337560,2010-07-01,@bug311 @TroyBeast told ya I'd do it! #duckface!,25853971,"pouty-lipped facial pose/expression, especially for photos",appearance,fashion_beauty,false,
duckface,17478489553,2010-07-01,Photo: oh jesus oh jesus oh jesus THEY’RE NOT HUMAN!! NIGHT OF THE LIVING DUCKFACE!! http://tumblr.com/x7acio34a,82654528,"pouty-lipped facial pose/expression, especially for photos",appearance,fashion_beauty,false,
duckface,17480223328,2010-07-01,RT @antiduckface: Photo: oh jesus oh jesus oh jesus THEY’RE NOT HUMAN!! NIGHT OF THE LIVING DUCKFACE!! http://tumblr.com/x7acio34a,17648615,"pouty-lipped facial pose/expression, especially for photos",appearance,article_sharing,false,
duckface,17482824928,2010-07-01,Hell yeah! #Duckface,25847069,"pouty-lipped facial pose/expression, especially for photos",appearance,fashion_beauty,false,
duckface,18668763081,2010-07-16,duckface :3,100628551,"pouty-lipped facial pose/expression, especially for photos",appearance,fashion_beauty,false,
duckface,18669450129,2010-07-16,"Photoset: one of the people who sent us vermont duckface says “Other then trees, cows, and farms, we also... http://tumblr.com/x7adjebfx",82654528,"pouty-lipped facial pose/expression, especially for photos",appearance,fashion_beauty,false,
duckface,18669803644,2010-07-16,"PJ forum post Re: Sugababes: versions 1, 2 and 3: Quote from: duckface on Today at 08:58:23 AMQuoteThis album is o... http://bit.ly/cg5aoE",129671466,"pouty-lipped facial pose/expression, especially for photos",appearance,commenting,false,Manual override -> commenting
duckface,18672113626,2010-07-16,New meaning to the word duckface: http://failblog.files.wordpress.com/2010/07/380e235f-3e4a-40fc-bbaf-461351661357.jpg,22123642,"pouty-lipped facial pose/expression, especially for photos",appearance,fashion_beauty,false,
duckface,18672284479,2010-07-16,@DeltaCephei Woooooow!! MAJOR duckface there!,39952736,"pouty-lipped facial pose/expression, especially for photos",appearance,fashion_beauty,false,
duckface,18673187884,2010-07-16,RT @DeltaCephei: New meaning to the word duckface: http://failblog.files.wordpress.com/2010/07/380e235f-3e4a-40fc-bbaf-461351661357.jpg,39952736,"pouty-lipped facial pose/expression, especially for photos",appearance,fashion_beauty,false,
duckface,18673634832,2010-07-16,PJ forum post Re: Your unpopular pop opinions: Quote from: duckface on Today at 09:54:17 AMI'd agree with that if ... http://bit.ly/babmHP,129671466,"pouty-lipped facial pose/expression, especially for photos",appearance,fashion_beauty,false,
duckface,18680364787,2010-07-16,@AlexCarnegie lmao that helps!! Thanks duckface :),20266854,"pouty-lipped facial pose/expression, especially for photos",appearance,fashion_beauty,false,
duckface,18681329135,2010-07-16,"@_Blender_ Oh Bel, I'm so sorry. Not for what I said, but because your sister makes the 'duckface' in photos.",26202148,"pouty-lipped facial pose/expression, especially for photos",appearance,fashion_beauty,false,
duckface,18694634086,2010-07-16,"RT @Kalashnikov47 I'm also sick of these duckface ass females putting shit like . Supabadd, and Barbie, Hurujuku, 5ivestar in there names.",82407241,"pouty-lipped facial pose/expression, especially for photos",appearance,fashion_beauty,false,
duckface,18810172691,2010-07-18,RT true duckface! @TheDJMiles: @deejayspider @DJMRBEST  #duckface http://tweetphoto.com/33361519,19962819,"pouty-lipped facial pose/expression, especially for photos",appearance,fashion_beauty,false,
duckface,18811359435,2010-07-18,#disgusted RT @deejayspider: RT true duckface! @TheDJMiles: @deejayspider @DJMRBEST  #duckface http://tweetphoto.com/33361519,17824775,"pouty-lipped facial pose/expression, especially for photos",appearance,fashion_beauty,false,
duckface,18821329967,2010-07-18,#duckface all the way RT @rubia_sol: http://tweetphoto.com/33405975,49551910,"pouty-lipped facial pose/expression, especially for photos",appearance,fashion_beauty,false,
duckface,18825866582,2010-07-18,beauty is in the eye of the beholder right??.... goodness.. #duckface,86219127,"pouty-lipped facial pose/expression, especially for photos",appearance,fashion_beauty,false,
duckface,18832351451,2010-07-18,@sassyback lol have u seen the duckface vid?,15686130,"pouty-lipped facial pose/expression, especially for photos",appearance,fashion_beauty,false,
duckface,18836923984,2010-07-18,not doing the duckface on purpose!!!!   anglina jolie's lips have nothing on mine!!! http://dailybooth.com/u/3sw24,82176501,"pouty-lipped facial pose/expression, especially for photos",appearance,fashion_beauty,false,
duckface,18839768850,2010-07-18,"Loving the new tune from Duckface - 'BARBARA STREISAND' that getting a kicking on all the dance shows, pity I can't find it on YouTube yet",675623,"pouty-lipped facial pose/expression, especially for photos",appearance,fashion_beauty,false,
duckface,18840149342,2010-07-18,#duckface RT @lilduval: who told women poking yo lips out was sexy?,16007867,"pouty-lipped facial pose/expression, especially for photos",appearance,fashion_beauty,false,
duckface,18841917730,2010-07-18,@lilduval why you makin' that stupid DUCKFACE.  http://www.youtube.com/watch?v=itjHUM5B9uM,18656586,"pouty-lipped facial pose/expression, especially for photos",appearance,fashion_beauty,false,
duckface,18844715041,2010-07-18,@Eliberg3 why'd you do that my duckface? (:,120619652,"pouty-lipped facial pose/expression, especially for photos",appearance,fashion_beauty,false,
duckface,19244305356,2010-07-22,#weallgotthatonefriend who has a duckface in every picture,21880704,"pouty-lipped facial pose/expression, especially for photos",appearance,fashion_beauty,false,
duckface,19248806180,2010-07-22,duckface&lt;3 i love it&lt;3,27197954,"pouty-lipped facial pose/expression, especially for photos",appearance,fashion_beauty,false,
duckface,19254930222,2010-07-22,DUCKFACE PROFILE PIC = INTERNET ACCEPTANCE.,14493641,"pouty-lipped facial pose/expression, especially for photos",appearance,fashion_beauty,false,
duckface,19255044837,2010-07-22,@bakes DUCKFACE PROFILE PIC TAKEN BY CELL PHONE CAMERA IN MIRROR*,15134465,"pouty-lipped facial pose/expression, especially for photos",appearance,fashion_beauty,false,
duckface,19256858089,2010-07-22,@Eliberg3 hahahaha! I got another photo with the DuckFace xD,66836320,"pouty-lipped facial pose/expression, especially for photos",appearance,fashion_beauty,false,
duckface,19258311889,2010-07-22,http://www.christmastoyshopper.com/bratz.jpg  The cause of the #duckface is our culture. and Bratz dolls.  I loathe Bratz. @BBCandice,166288743,"pouty-lipped facial pose/expression, especially for photos",appearance,fashion_beauty,false,
duckface,19258638349,2010-07-22,"@BBTruth @BBCandice http://bit.ly/16WvuE #Duckface ""girl makes same face in every photo- she's either consistent or deformed."" i &lt;3 this vid",166288743,"pouty-lipped facial pose/expression, especially for photos",appearance,fashion_beauty,false,
duckface,19269862652,2010-07-22,"Man, what the heck is up lately with guys making duckface in photos? It's the most dbaggy thing I've ever seen. Did Jersey Shore start this?",63478252,"pouty-lipped facial pose/expression, especially for photos",appearance,fashion_beauty,false,
duckface,19270486051,2010-07-22,"@NotTube What is ""duckface""? Am I lucky I don't know?",17681869,"pouty-lipped facial pose/expression, especially for photos",appearance,fashion_beauty,false,
duckface,19270688923,2010-07-22,@siegferret Duckface: http://www.google.com/images?q=duckface,63478252,"pouty-lipped facial pose/expression, especially for photos",appearance,fashion_beauty,false,
duckface,19779814365,2010-07-28,Epic case of the duckface - http://bit.ly/cvlpUG #no-more-duckface,18994116,"pouty-lipped facial pose/expression, especially for photos",appearance,fashion_beauty,false,
duckface,19779977145,2010-07-28,Epic Duckface Animated GIF http://bit.ly/atLwpX,15756486,"pouty-lipped facial pose/expression, especially for photos",appearance,fashion_beauty,false,
duckface,19780256377,2010-07-28,Duckface Is Out Of Control [GIF]: http://digg.com/d31YDrA?t,40720953,"pouty-lipped facial pose/expression, especially for photos",appearance,fashion_beauty,false,
duckface,19780407311,2010-07-28,Duckface Is Out Of Control [GIF] http://is.gd/dPBN0,70932773,"pouty-lipped facial pose/expression, especially for photos",appearance,fashion_beauty,false,
duckface,19781889362,2010-07-29,If we end duckface in our lifetime we would have done some good here. http://bit.ly/cvlpUG,13614822,"pouty-lipped facial pose/expression, especially for photos",appearance,fashion_beauty,false,
duckface,19782082300,2010-07-29,RT @picchore Epic Duckface Animated GIF http://bit.ly/ds2yQz,61311801,"pouty-lipped facial pose/expression, especially for photos",appearance,fashion_beauty,false,
duckface,19783444794,2010-07-29,@Eliberg3 Hi :D & who stole your duckface idea? and btw love ur vids ur amazing! :) i have a youtube name:xxButterCupcakesxxl look for it :),171620354,"pouty-lipped facial pose/expression, especially for photos",appearance,fashion_beauty,false,
duckface,19784633736,2010-07-29,"Remember: whenever u see blonde duckface out in the wild,
packs of illiterate, preying douche bags are sure to be near. http://bit.ly/ds2yQz",106287307,"pouty-lipped facial pose/expression, especially for photos",appearance,fashion_beauty,false,
duckface,19784712463,2010-07-29,Duckface Is Out Of Control  http://digg.com/d31YDrA,92918920,"pouty-lipped facial pose/expression, especially for photos",appearance,fashion_beauty,false,
duckface,19785480362,2010-07-29,Why do girls do this??? Duckface Is Out Of Control [GIF]: http://digg.com/d31YDrA,39277168,"pouty-lipped facial pose/expression, especially for photos",appearance,fashion_beauty,false,
duckface,20501688596,2010-08-06,"If your phone screensaver is you doing duckface, you deserve to be ridiculed. Publicly. Loudly.",17838510,"pouty-lipped facial pose/expression, especially for photos",appearance,fashion_beauty,false,
duckface,20503514559,2010-08-06,Ahh! Duckface will haunt my dreams  for the next two weeks.,5706212,"pouty-lipped facial pose/expression, especially for photos",appearance,fashion_beauty,false,
duckface,20504323532,2010-08-06,"@Katickle Facebook is depressing. ""Oh, the girls I grew up with are acting like whores again."" Not to mention FUCKING DUCKFACE EVERYWHERE.",21886109,"pouty-lipped facial pose/expression, especially for photos",appearance,fashion_beauty,false,
duckface,20506561519,2010-08-06,#FF SN favs @Euro_SN @RealJayWilliams @marcelluswiley @LadyProducer_SN @DUCKFACE @GabeTheWP @ESPN_Michelle @SN_Rankings @SportsNation,90353522,"pouty-lipped facial pose/expression, especially for photos",appearance,fashion_beauty,false,
duckface,20509321999,2010-08-07,since liz make that duckface vid everyone started to use that song..wow get your own ideas ..,100187418,"pouty-lipped facial pose/expression, especially for photos",appearance,fashion_beauty,false,
duckface,20515733424,2010-08-07,Technology Info: Get Your Duckface On With Quack-tastic Lip Balm http://bit.ly/a0HGbe,16026641,"pouty-lipped facial pose/expression, especially for photos",appearance,fashion_beauty,false,
duckface,20518653835,2010-08-07,Photo: (via hiboobs) All I see is that damn duckface. http://tumblr.com/xvaf51vpl,11708752,"pouty-lipped facial pose/expression, especially for photos",appearance,fashion_beauty,false,
duckface,20521859596,2010-08-07,Raddus replied to 'Dear chicks of the interweb.' 'I have standards. If you duckface me Ill take my dick elsewhere. As said face is a sur...,50683477,"pouty-lipped facial pose/expression, especially for photos",appearance,fashion_beauty,false,
duckface,20522020805,2010-08-07,"Gemma reminds me of the song ""Duckface"".",100628551,"pouty-lipped facial pose/expression, especially for photos",appearance,fashion_beauty,false,
duckface,20522756620,2010-08-07,@hydro74 ahh the duckface. U need the spray tan,15921726,"pouty-lipped facial pose/expression, especially for photos",appearance,fashion_beauty,false,
duckface,20633744025,2010-08-08,RT @AlanHostage: Duckface by The Martin Brothers really does make me flap my wings and shake my tailfeather tho.,21306129,"pouty-lipped facial pose/expression, especially for photos",appearance,fashion_beauty,false,
duckface,20642483773,2010-08-08,Die fast #duckface die fast!!,132366116,"pouty-lipped facial pose/expression, especially for photos",appearance,fashion_beauty,false,
duckface,20645009614,2010-08-08,"@macehella search YouTube for the ""duckface"" video",35483774,"pouty-lipped facial pose/expression, especially for photos",appearance,fashion_beauty,false,
duckface,20649243164,2010-08-08,"I'm seeing all kinds of duckface in this latest batch of submissions to Fuck Yeah, Black Beauties.",12346782,"pouty-lipped facial pose/expression, especially for photos",appearance,fashion_beauty,false,
duckface,20654261081,2010-08-08,Latest Post :: Re: I am duckface challenged. http://bit.ly/aixB2N,20246868,"pouty-lipped facial pose/expression, especially for photos",appearance,fashion_beauty,false,
duckface,20659876508,2010-08-08,RT @DJEFEEZY: Ladies...wassup with the kissy faces in all your pics? Who started that? &lt; #duckface,23362351,"pouty-lipped facial pose/expression, especially for photos",appearance,fashion_beauty,false,
duckface,20666066807,2010-08-09,"Photo: um, excuse us, mister duckface dude? are you… uh… wearing lip gloss? http://tumblr.com/x7afadlkz",82654528,"pouty-lipped facial pose/expression, especially for photos",appearance,fashion_beauty,false,
duckface,20675182407,2010-08-09,"Errrrrm. Duckface? Idunno,   Show me your duckyy face? ;D http://dailybooth.com/u/46n50",24623669,"pouty-lipped facial pose/expression, especially for photos",appearance,fashion_beauty,false,
duckface,20676428476,2010-08-09,Latest Post :: Re: I am duckface challenged. http://bit.ly/cpTKRE,20246868,"pouty-lipped facial pose/expression, especially for photos",appearance,fashion_beauty,false,
duckface,20680707393,2010-08-09,@Trump_Miller U shutup.com #duckface,56438671,"pouty-lipped facial pose/expression, especially for photos",appearance,fashion_beauty,false,
duckface,20821096312,2010-08-10,Duckface @EdWonka and El Barto http://tweetphoto.com/38111609,21132314,"pouty-lipped facial pose/expression, especially for photos",appearance,fashion_beauty,false,
duckface,20826307992,2010-08-10,Asymmetric bob + duckface + bald parrot on shoulder = hipster pirate http://yfrog.com/jqr1qoj,15319119,"pouty-lipped facial pose/expression, especially for photos",appearance,fashion_beauty,false,
duckface,20826430387,2010-08-10,DUCKFACE x100000,95028386,"pouty-lipped facial pose/expression, especially for photos",appearance,fashion_beauty,false,
duckface,20832430450,2010-08-10,#MSA Toamtoes will be thrown @ the duckface guls who think they're a 10...,65481995,"pouty-lipped facial pose/expression, especially for photos",appearance,fashion_beauty,false,
duckface,20833358692,2010-08-10,Just say no to duckface. http://antiduckface.com/,23435431,"pouty-lipped facial pose/expression, especially for photos",appearance,article_sharing,false,
duckface,20837862046,2010-08-11,@inmyownwords85 haha your doing the duckface : ),76825422,"pouty-lipped facial pose/expression, especially for photos",appearance,fashion_beauty,false,
duckface,20846964267,2010-08-11,#newcommandment Thou shall not do the #duckface in facebook pictures. Ever.,26100630,"pouty-lipped facial pose/expression, especially for photos",appearance,fashion_beauty,false,
duckface,20847940956,2010-08-11,I HATE Duckface! RT @BigBrotherLeak: ...Rachel in front of memory wall. Camera zooming in on her picture. http://twitpic.com/2djyhs #BB12,16598233,"pouty-lipped facial pose/expression, especially for photos",appearance,fashion_beauty,false,
duckface,20851754965,2010-08-11,"Photo: you ain’t angelina, sweetie. her lips are puffy. yours are duckface. http://tumblr.com/x7afgqtgb",82654528,"pouty-lipped facial pose/expression, especially for photos",appearance,fashion_beauty,false,
duckface,20853842142,2010-08-11,i'm REAAAAAAALLY tempted on making an album of Duckface pictures of my friends... i really really really really am.,15908029,"pouty-lipped facial pose/expression, especially for photos",appearance,fashion_beauty,false,
duckface,22122051734,2010-08-25,@suitoflights so it's not an actual person? because if we signed someone called duckface i may have to put in for a transfer. :),15044720,"pouty-lipped facial pose/expression, especially for photos",appearance,fashion_beauty,false,
duckface,22124779232,2010-08-25,"@MCARTER82 I remember THAT Duckface, that was hilarious. Someone else on my twitter was making fun of someone making duckfaces in a photo.",15044720,"pouty-lipped facial pose/expression, especially for photos",appearance,fashion_beauty,false,
duckface,22131822906,2010-08-26,oh no.  8-month-old daughter started making the duckface. #facepalm,16157990,"pouty-lipped facial pose/expression, especially for photos",appearance,fashion_beauty,false,
duckface,22140675035,2010-08-26,#DUCKFACE LMAO...RT @vjizzy #Exposed http://twitpic.com/2i6ppk,62987807,"pouty-lipped facial pose/expression, especially for photos",appearance,fashion_beauty,false,
duckface,22141052994,2010-08-26,hahahahaha  RT @VjMasterMind RT @DJ_DIRTYSANCHEZ: #DUCKFACE LMAO...RT @vjizzy #Exposed http://twitpic.com/2i6ppk http://tweetphoto.com/41384,62987807,"pouty-lipped facial pose/expression, especially for photos",appearance,fashion_beauty,false,
duckface,22151894926,2010-08-26,"#theLastSong movie was torture. I am a Nicolas Sparks fan & I almost turned it off. Miley can't do serious, it's non-stop #duckface torture",132061385,"pouty-lipped facial pose/expression, especially for photos",appearance,fashion_beauty,false,
duckface,22159518206,2010-08-26,@Bulleine MySpace angle + DuckFace ?,14844331,"pouty-lipped facial pose/expression, especially for photos",appearance,fashion_beauty,false,
duckface,22162071901,2010-08-26,@EhabMouawad ouufff! the duckface...it's not so hot :) http://antiduckface.com/,27898467,"pouty-lipped facial pose/expression, especially for photos",appearance,article_sharing,false,
duckface,22162637144,2010-08-26,"Photo: oh what the fuck is this, some sort of duckface team??!? are there entire duckface competitions... http://tumblr.com/x7agreb2t",82654528,"pouty-lipped facial pose/expression, especially for photos",appearance,fashion_beauty,false,
duckface,22165322781,2010-08-26,"Photo: sweet bathroom, duckface. http://tumblr.com/x7agrho5s",82654528,"pouty-lipped facial pose/expression, especially for photos",appearance,fashion_beauty,false,
duckface,22415480984,2010-08-29,RT @ChrisCruise: Backstage w @thereadyset. Another duckface! http://twitpic.com/2j6lhl,19829687,"pouty-lipped facial pose/expression, especially for photos",appearance,fashion_beauty,false,
duckface,22419308027,2010-08-29,RT @djmmartinez: RT @DJ_Pebbles @djmmartinez & I @405LOUNGE http://twitpic.com/2j9ghb &lt;-lmao he's doing the duckface!,25239749,"pouty-lipped facial pose/expression, especially for photos",appearance,fashion_beauty,false,
duckface,22420319012,2010-08-29,RT @djmmartinez: @daLoved1 duckface! Lol &lt;-hahahahaha yuuuuup,25239749,"pouty-lipped facial pose/expression, especially for photos",appearance,fashion_beauty,false,
duckface,22445593537,2010-08-29,"We're glad Denden is back, we're RUNNING to post the story about Mel B and Duckface breaking up.",26392849,"pouty-lipped facial pose/expression, especially for photos",appearance,fashion_beauty,false,
duckface,22446151501,2010-08-29,Epic Duckface GIF http://j.mp/bM6Uk9,34919093,"pouty-lipped facial pose/expression, especially for photos",appearance,fashion_beauty,false,
duckface,22457286239,2010-08-29,@Kristin4Man No more duckface. You'll thank me in 5 years.,14119305,"pouty-lipped facial pose/expression, especially for photos",appearance,fashion_beauty,false,
duckface,22469784921,2010-08-29,@stayweirdbryan this girl doesn't duckface. She just always has her right hand on her hip and a knee bent.,19659813,"pouty-lipped facial pose/expression, especially for photos",appearance,fashion_beauty,false,
duckface,22476925956,2010-08-29,@JahFurry best thing about that pic is the girl doing the #duckface in the bg,7348822,"pouty-lipped facial pose/expression, especially for photos",appearance,fashion_beauty,false,
duckface,22484211852,2010-08-30,"kewlkat asked: Herp derp, hi der pal. Ms. Duckface needs to take a gander at the rules herself because she... http://tumblr.com/xd6h3ohh2",127902297,"pouty-lipped facial pose/expression, especially for photos",appearance,fashion_beauty,false,
duckface,22487851233,2010-08-30,@Nunya_Mindya wow the duckface wasnt the worst smh lol,92655544,"pouty-lipped facial pose/expression, especially for photos",appearance,fashion_beauty,false,
duckface,22644432469,2010-08-31,I think we need to re-examine the Duckface video.  Some didn't get the memo (NSFW - language only) http://ow.ly/2xwYI,2377871,"pouty-lipped facial pose/expression, especially for photos",appearance,fashion_beauty,false,
duckface,22646827658,2010-08-31,@candieaddiction  your body parts the same color. you notice how your hand and arm don’t come close to matching that neon orange duckface of,78382479,"pouty-lipped facial pose/expression, especially for photos",appearance,fashion_beauty,false,
duckface,22646864930,2010-08-31,@kill_konviction LOL yeah I've seen that. I've gone through 30 pages of duckface and I think I face-palmed at least 29 times.,42696665,"pouty-lipped facial pose/expression, especially for photos",appearance,fashion_beauty,false,
duckface,22663786392,2010-09-01,@joshwolfcomedy  what's up with the Duckface Josh? Damn Dude.,114946011,"pouty-lipped facial pose/expression, especially for photos",appearance,fashion_beauty,false,
duckface,22666799090,2010-09-01,"I **HATE** duckface | http://bit.ly/999sJq  | also, fake tan and bad makeup jobs.",5683222,"pouty-lipped facial pose/expression, especially for photos",appearance,fashion_beauty,false,
duckface,22669530607,2010-09-01,@MissTweetPea  duckface! There is a group on facebook about hating the duckface!,109164038,"pouty-lipped facial pose/expression, especially for photos",appearance,fashion_beauty,false,
duckface,22669886726,2010-09-01,@MilesAustinIII  I call my sister Duckface...and my cousin Butt-Butt,24544903,"pouty-lipped facial pose/expression, especially for photos",appearance,fashion_beauty,false,
duckface,22679269062,2010-09-01,Cupid UK – less duckface pics http://tinyurl.com/283qd4u,68543832,"pouty-lipped facial pose/expression, especially for photos",appearance,fashion_beauty,false,
duckface,22679725383,2010-09-01,I know I say this all the time but it muse be said again: I want to punch everyone who makes duckface in pics. Why must you do this?,117618086,"pouty-lipped facial pose/expression, especially for photos",appearance,fashion_beauty,false,
duckface,22685498319,2010-09-01,"Photo: this duckface chick must have different face muscles than we do, because we can’t even come close to... http://tumblr.com/x7ahb3qqj",82654528,"pouty-lipped facial pose/expression, especially for photos",appearance,fashion_beauty,false,
duckface,26484251754,2010-10-05,"@Rainandflames Basically, imagine a horse doing a guido duckface over and over",61370518,"pouty-lipped facial pose/expression, especially for photos",appearance,fashion_beauty,false,
duckface,26484621000,2010-10-05,"Duckface, why u looking that stupid?
one of the most epic songs.",64435474,"pouty-lipped facial pose/expression, especially for photos",appearance,fashion_beauty,false,
duckface,26486473340,2010-10-05,DUCKFACE!!! LMFAO WHY THE FUCK ARE YOU MAKING A DUCK FACE!!! LOL,149927562,"pouty-lipped facial pose/expression, especially for photos",appearance,fashion_beauty,false,
duckface,26488034390,2010-10-05,"@chrisilluminati @brobible Like pickup lines, some work better than others and some should never be used #duckface",71611209,"pouty-lipped facial pose/expression, especially for photos",appearance,fashion_beauty,false,
duckface,26490751409,2010-10-05,@BlazinEurasian Right up there with duckface pics in my opinion. RT kissy faces into the camera are seldom cute,23939768,"pouty-lipped facial pose/expression, especially for photos",appearance,fashion_beauty,false,
duckface,26498795109,2010-10-05,You're a duckface @LuvMatthew,24766101,"pouty-lipped facial pose/expression, especially for photos",appearance,fashion_beauty,false,
duckface,26502607228,2010-10-05,"@KatelynSoHOTSCW Duckface is barely a blip on the radar of sexy, love. Don't give her more credit than she deserves &lt;3",172599431,"pouty-lipped facial pose/expression, especially for photos",appearance,fashion_beauty,false,
duckface,26517345416,2010-10-06,Havent been on Facebook in two weeks.  Havent seen a duckface for two weeks.  Coinkydink?  I think not!,194719814,"pouty-lipped facial pose/expression, especially for photos",appearance,fashion_beauty,false,
duckface,26519149324,2010-10-06,Lol ok imma leave ha ol duckface axx alone,160763600,"pouty-lipped facial pose/expression, especially for photos",appearance,fashion_beauty,false,
duckface,26523032811,2010-10-06,@jennifurret duckface mountains!,29470302,"pouty-lipped facial pose/expression, especially for photos",appearance,fashion_beauty,false,
duckface,27564423535,2010-10-16,@MeghnaKaushal http://twitpic.com/2xasqu - Nice Duckface..cute megh!! =P..wayy tooo cutee!! =),48649508,"pouty-lipped facial pose/expression, especially for photos",appearance,fashion_beauty,false,
duckface,27566813256,2010-10-16,"takin stupid pictures of yourself with a duckface, post it on facebook n' myspace so ...: http://yearbook.com/a/o8wj8",19124636,"pouty-lipped facial pose/expression, especially for photos",appearance,fashion_beauty,false,
duckface,27572458164,2010-10-16,@EmmaK67 cross between Duckface and SJP,90007505,"pouty-lipped facial pose/expression, especially for photos",appearance,fashion_beauty,false,
duckface,27572639950,2010-10-16,Facebook Baby's Very First Duckface - Funny Baby Pictures - Facebook Baby's Very First Duckface http://dbl.chzb.gr/19u0NX,81037737,"pouty-lipped facial pose/expression, especially for photos",appearance,fashion_beauty,false,
duckface,27574585261,2010-10-16,Facebook Baby's Very First Duckface - Funny Baby Pictures - Facebook Baby's Very First Duckface http://dbl.chzb.gr/19u0NX- Funny? Foll...,130673811,"pouty-lipped facial pose/expression, especially for photos",appearance,fashion_beauty,false,
duckface,27609456947,2010-10-17,U know that face U make when U're abt 2 take that perfect picture of yourself 4 the internet? Anti-DuckFace: http://bit.ly/ai4s9p,60574150,"pouty-lipped facial pose/expression, especially for photos",appearance,fashion_beauty,false,
duckface,27610397729,2010-10-17,"I love Justin. He sent me a hysterical ass video, I can't stop laughing... #duckface",153642560,"pouty-lipped facial pose/expression, especially for photos",appearance,fashion_beauty,false,
duckface,27628233732,2010-10-17,"Facebook Babyâs Very First Duckface:  

Submitted by:
ladybuggirl8

         Pictures - My First Fail
 
 http://bit.ly/dqLCYH",55902225,"pouty-lipped facial pose/expression, especially for photos",appearance,fashion_beauty,false,
duckface,27646812789,2010-10-17,Everyone has a duckface here...,35886460,"pouty-lipped facial pose/expression, especially for photos",appearance,fashion_beauty,false,
duckface,27647719900,2010-10-17,snooki has the best duckface LOL!,188450258,"pouty-lipped facial pose/expression, especially for photos",appearance,fashion_beauty,false,
duckface,29315077124,2010-10-31,Trolling the duckface http://bit.ly/c5djCi,94820466,"pouty-lipped facial pose/expression, especially for photos",appearance,fashion_beauty,false,
duckface,29315546755,2010-10-31,@Gabriella03_ WHY U MAKING THAT STUPID DUCKFACE!! =$,43091556,"pouty-lipped facial pose/expression, especially for photos",appearance,fashion_beauty,false,
duckface,29321427611,2010-10-31,"If you're flipping birds in all your pix, I can only assume that you also partake in the duckface phenomena",18705704,"pouty-lipped facial pose/expression, especially for photos",appearance,fashion_beauty,false,
duckface,29321479822,2010-10-31,@JaxStarNYC The duckface is my Nemesis!,208068762,"pouty-lipped facial pose/expression, especially for photos",appearance,fashion_beauty,false,
duckface,29329431408,2010-11-01,"@definatalie Oh no, it's everywhere. Also, paired with duckface. http://bit.ly/aGTNk7",16510244,"pouty-lipped facial pose/expression, especially for photos",appearance,fashion_beauty,false,
duckface,29331135371,2010-11-01,@byrongronseth @davidhoang yeah but don't forget to make that duckface when you're taking pics of yourself w/strangers,15712425,"pouty-lipped facial pose/expression, especially for photos",appearance,fashion_beauty,false,
duckface,29333270292,2010-11-01,@byrongronseth @JessEstrada Duckface is a must!,14338572,"pouty-lipped facial pose/expression, especially for photos",appearance,fashion_beauty,false,
duckface,29333985761,2010-11-01,bored. but waiting till midnight to upload my duckface picture &set my status to the duckface song ;D,133033777,"pouty-lipped facial pose/expression, especially for photos",appearance,fashion_beauty,false,
duckface,29337135972,2010-11-01,V.J.Catkick@:  stop making that duckface http://is.gd/gy7Aa,4972251,"pouty-lipped facial pose/expression, especially for photos",appearance,article_sharing,false,
duckface,29338238991,2010-11-01,[Web RSS] stop making that duckface: Model NameNIKON D3Exposure ProgramManualExposure Time1/60F Number8ISO400Focal... http://bit.ly/aDujV6,39751029,"pouty-lipped facial pose/expression, especially for photos",appearance,article_sharing,false,
duckface,29493768181,2010-11-02,@RobbieSavage8 @rioferdy5 you got told duckface. Lol,176956743,"pouty-lipped facial pose/expression, especially for photos",appearance,fashion_beauty,false,
duckface,29495332219,2010-11-02,"@PaulyPeligroso Duckface is not nearly as bad as ""Hairsprayface."" http://bit.ly/cDPbYm",54370980,"pouty-lipped facial pose/expression, especially for photos",appearance,fashion_beauty,false,
duckface,29496044976,2010-11-02,@PaulyPeligroso http://sphotos.ak.fbcdn.net/hphotos-ak-snc4/hs644.snc4/60388_467340002175_553267175_6632317_3555504_n.jpg Duckface?,72558867,"pouty-lipped facial pose/expression, especially for photos",appearance,fashion_beauty,false,
duckface,29497417734,2010-11-02,My only #duckface picture! http://twitpic.com/33b350,173935378,"pouty-lipped facial pose/expression, especially for photos",appearance,fashion_beauty,false,
duckface,29514191550,2010-11-02,@yogeitje duckface 1 http://twitpic.com/33cs32,126118124,"pouty-lipped facial pose/expression, especially for photos",appearance,fashion_beauty,false,
duckface,29514228813,2010-11-02,@yogeitje duckface 2 http://twitpic.com/33cs82,126118124,"pouty-lipped facial pose/expression, especially for photos",appearance,fashion_beauty,false,
duckface,29514762913,2010-11-02,RT @WICKID_: RT @ChellaBella15: @yogeitje duckface 1 http://twitpic.com/33cs32 &gt; AHHAHAHAHAHAHAHHA JERMAINE • LOL!,126118124,"pouty-lipped facial pose/expression, especially for photos",appearance,fashion_beauty,false,
duckface,29521743120,2010-11-03,@misscilla_ DUCKFACE!!! haha,21901517,"pouty-lipped facial pose/expression, especially for photos",appearance,fashion_beauty,false,
duckface,29528690152,2010-11-03,@jenrosehowlett duckface,182682054,"pouty-lipped facial pose/expression, especially for photos",appearance,fashion_beauty,false,
duckface,29545523057,2010-11-03,"PJ forum post Re: Those Little Bits In Songs That Ruin It For You: Quote from: duckface on November 01, 2010, 09:3... http://bit.ly/amDJcB",129671466,"pouty-lipped facial pose/expression, especially for photos",appearance,fashion_beauty,false,
duckface,29597784077,2010-11-03,@sugahxcrackle yay! DuckFACE!,76735765,"pouty-lipped facial pose/expression, especially for photos",appearance,fashion_beauty,false,
duckface,29604060239,2010-11-03,"Do you like the ""duckface"" pose in pictures? Do you make it? — used to... im more mature now http://4ms.me/cxcBlZ",125129801,"pouty-lipped facial pose/expression, especially for photos",appearance,fashion_beauty,false,
duckface,29604587009,2010-11-03,"I long for the day when girls realize that ""Duckface"" or ""mouth slightly open and scowling"" for their pics aren't the only options.",41941596,"pouty-lipped facial pose/expression, especially for photos",appearance,fashion_beauty,false,
duckface,29607684255,2010-11-03,"I hope @shanedawson noticed that @sn00ki has a duckface as her picture. #whyyoumakinthatstupidduckface, snookers?",37224969,"pouty-lipped facial pose/expression, especially for photos",appearance,fashion_beauty,false,
duckface,29607730191,2010-11-03,"RT @youtubeaddictt: I hope @shanedawson noticed that @sn00ki has a duckface as her picture. #whyyoumakinthatstupidduckface, snookers?",171711707,"pouty-lipped facial pose/expression, especially for photos",appearance,fashion_beauty,false,
duckface,29610132548,2010-11-03,Just say a Taylor Swift wanna be make the duckface.,84131428,"pouty-lipped facial pose/expression, especially for photos",appearance,fashion_beauty,false,
duckface,29618222985,2010-11-03,amazing response with the duckface post! &lt;3,29653912,"pouty-lipped facial pose/expression, especially for photos",appearance,fashion_beauty,false,
duckface,29618259526,2010-11-03,i loved all the replies!!!! i learnt so much more about the duckface now. hahaha,29653912,"pouty-lipped facial pose/expression, especially for photos",appearance,fashion_beauty,false,
duckface,29618267259,2010-11-03,@Biltawulf Hello Duckface.,19390623,"pouty-lipped facial pose/expression, especially for photos",appearance,fashion_beauty,false,
duckface,29619156230,2010-11-03,LOL. Found this on my phone. Why do I have a semi duckface goin on?! http://twitpic.com/33o8i1,53186057,"pouty-lipped facial pose/expression, especially for photos",appearance,fashion_beauty,false,
duckface,6103082773520384,2010-11-20,"AGREED RT @climbguy: New edict. If you twitpic you or your friends with a duckface, immediate unfollow and block.",18108741,"pouty-lipped facial pose/expression, especially for photos",appearance,fashion_beauty,false,
duckface,6104316792283136,2010-11-20,do chicks make that duckface in pics because they know it murders hard-ons?,160755388,"pouty-lipped facial pose/expression, especially for photos",appearance,fashion_beauty,false,
duckface,6104938945978368,2010-11-20,Duckface!!:*,36419844,"pouty-lipped facial pose/expression, especially for photos",appearance,fashion_beauty,false,
duckface,6106568865087488,2010-11-20,The worst thing about #vyou is seeing Alex Blagg's bob-and-weave hipster duckface every time I have to log in.,10282082,"pouty-lipped facial pose/expression, especially for photos",appearance,fashion_beauty,false,
duckface,6113108250595328,2010-11-20,Nobody likes a duckface... http://bit.ly/aQry44  [9Gag],197747072,"pouty-lipped facial pose/expression, especially for photos",appearance,fashion_beauty,false,
duckface,6118955668217856,2010-11-20,Nobody likes a duckface...: Nobody likes a duckface... http://9gag.com/gag/51104,59226841,"pouty-lipped facial pose/expression, especially for photos",appearance,fashion_beauty,false,
duckface,6130039183642624,2010-11-20,@duckduckface yes duckface lol,137176667,"pouty-lipped facial pose/expression, especially for photos",appearance,fashion_beauty,false,
duckface,6134062901100544,2010-11-20,Sittin on tha toilet!! *duckface* and Flush!!!,120853048,"pouty-lipped facial pose/expression, especially for photos",appearance,fashion_beauty,false,
duckface,6137820733243392,2010-11-21,"Watching a gaggle of teen girls taking photos of each other, undoubtedly for Facebook. Lots of duckface & peace symbols. #Whippersnappers",10813652,"pouty-lipped facial pose/expression, especially for photos",appearance,fashion_beauty,false,
duckface,6139931894226944,2010-11-21,Nobody likes a duckface... http://kisspic.com/21642 #lol #funny #duckface... #likes #nobody,129121251,"pouty-lipped facial pose/expression, especially for photos",appearance,fashion_beauty,false,
duckface,6510270981611520,2010-11-22,im like a professional duckface maker :O,117266060,"pouty-lipped facial pose/expression, especially for photos",appearance,fashion_beauty,false,
duckface,6513150799126528,2010-11-22,"Photo: DUCKFACE, get over it. http://tumblr.com/xegr63d9x",59662129,"pouty-lipped facial pose/expression, especially for photos",appearance,fashion_beauty,false,
duckface,6537321000206336,2010-11-22,How could someone possible do a duckface/kissyface in every single picture they take. I have a whole Facebook album as evidence.,158455719,"pouty-lipped facial pose/expression, especially for photos",appearance,fashion_beauty,false,
duckface,6539423671914496,2010-11-22,:{|} DUCKFACE,25816107,"pouty-lipped facial pose/expression, especially for photos",appearance,fashion_beauty,false,
duckface,6583439297871872,2010-11-22,Nobody likes a duckface... http://bit.ly/aYcS8H,144959421,"pouty-lipped facial pose/expression, especially for photos",appearance,fashion_beauty,false,
duckface,6611148812058624,2010-11-22,"#rememberwhen that duckface looked sexy? Ya, no.",20820248,"pouty-lipped facial pose/expression, especially for photos",appearance,fashion_beauty,false,
duckface,6615841051246592,2010-11-22,"#DuckFace, I love that song now! XD",158957309,"pouty-lipped facial pose/expression, especially for photos",appearance,fashion_beauty,false,
duckface,6618822312206336,2010-11-22,http://tinyurl.com/3463gfe  Ultimate duckface,166366113,"pouty-lipped facial pose/expression, especially for photos",appearance,fashion_beauty,false,
duckface,6639392454082560,2010-11-22,"@JessicaFabray Oh, and by the way, nice duckface.",33928101,"pouty-lipped facial pose/expression, especially for photos",appearance,fashion_beauty,false,
duckface,6647026611650560,2010-11-22,RT @hurricanevaness: Candice Swanepoel does duckfaces. http://bit.ly/dCKlpj  Is it duckface or  'chicken bum'?  I prefer the latter.,14176183,"pouty-lipped facial pose/expression, especially for photos",appearance,fashion_beauty,false,
duckface,7776049714700288,2010-11-25,hellobrooklynheyla: WAT?! GASKITTY DOES THE DUCKFACE…SHOW ME A PICTURE http://tumblr.com/xhars7jjl,49057988,"pouty-lipped facial pose/expression, especially for photos",appearance,fashion_beauty,false,
duckface,7778432297476096,2010-11-25,OKAY....EDIT - Girls do the duck face = FUCKING STUPID When Alex and Jack do the Duckface = SEXUAL... http://tumblr.com/xhars8k8n,49057988,"pouty-lipped facial pose/expression, especially for photos",appearance,fashion_beauty,false,
duckface,7779012789145600,2010-11-25,Alex is spamming Alex's duckface - wow that sounds logic http://tumblr.com/xhars8sz0,49057988,"pouty-lipped facial pose/expression, especially for photos",appearance,fashion_beauty,false,
duckface,7779311188709376,2010-11-25,Photo: Ima duck! its mah duckface! http://tumblr.com/xbors8xhp,43542925,"pouty-lipped facial pose/expression, especially for photos",appearance,fashion_beauty,false,
duckface,7807564137893889,2010-11-25,"I keep saying I'm not going to sleep with my contacts in, and then I knock out and wake up.. with my contacts in #duckface",115240133,"pouty-lipped facial pose/expression, especially for photos",appearance,fashion_beauty,false,
duckface,7818068805820416,2010-11-25,[NO LEA] Girls with Tilted Heads & one Duckface: A special request from ‘J’ wishing to have their archive of til... http://bit.ly/gtqyuf,178333611,"pouty-lipped facial pose/expression, especially for photos",appearance,fashion_beauty,false,
duckface,7828993994661888,2010-11-25,duckface fail. you're doing it wrong. http://twitpic.com/3a22hg,190152971,"pouty-lipped facial pose/expression, especially for photos",appearance,fashion_beauty,false,
duckface,7843065007968256,2010-11-25,"""@brittism: duckface fail. you're doing it wrong. http://twitpic.com/3a22hg""   PLEASE WOMEN..PLEASE STOP DOING THIS! PPPLLLLEEEAAASSSEE!",184666447,"pouty-lipped facial pose/expression, especially for photos",appearance,fashion_beauty,false,
duckface,7844374608089088,2010-11-25,@Vich_Kardashian awwww im thankful for you lil sis!! love you so much..im always here for you duckface!lol,110848451,"pouty-lipped facial pose/expression, especially for photos",appearance,fashion_beauty,false,
duckface,7845894820986880,2010-11-25,RT @nicolaw512 @Vich_Kardashian awwww im thankful for you lil sis!! love you so much..im always here for you duckface!lol &lt; ctfuuu,211185930,"pouty-lipped facial pose/expression, especially for photos",appearance,fashion_beauty,false,
duckface,7866713034981376,2010-11-25,what a ugly #duckface.. let me see if u can beat me hahah http://dailybooth.com/u/69xzp,18506597,"pouty-lipped facial pose/expression, especially for photos",appearance,fashion_beauty,false,
duckface,7872977936842752,2010-11-25,HAHAHA GUIDO-JERSEY-SHORE-DUDE INCLUSIVE THE DUCKFACE. AHAHA. made my week. XD,25804887,"pouty-lipped facial pose/expression, especially for photos",appearance,fashion_beauty,false,
duckface,7876302811959297,2010-11-25,"""@petley11: @LesleyCling who is this Emillio guy and why is he making the duckface for his pic? Isnt that a girl thing?""@EmilioMasella",42254839,"pouty-lipped facial pose/expression, especially for photos",appearance,fashion_beauty,false,
duckface,7883013962604544,2010-11-25,Anti-Duckface http://bit.ly/asMgh Funny for a few minutes anyway...,39615821,"pouty-lipped facial pose/expression, especially for photos",appearance,fashion_beauty,false,
duckface,7894274410549248,2010-11-25,Gotta love the duckface bytheway.,18804878,"pouty-lipped facial pose/expression, especially for photos",appearance,fashion_beauty,false,
duckface,7920108466864128,2010-11-25,Dis gurl got nice hair but I cnt except dis duckface haha lol,61122280,"pouty-lipped facial pose/expression, especially for photos",appearance,fashion_beauty,false,
duckface,7959063547609088,2010-11-26,@CalebTurmanATOR duckface foreva,154007337,"pouty-lipped facial pose/expression, especially for photos",appearance,fashion_beauty,false,
duckface,7972472301289473,2010-11-26,duckface.,25844338,"pouty-lipped facial pose/expression, especially for photos",appearance,fashion_beauty,false,
duckface,8711467150868480,2010-11-28,I just hate her duckface!!,106276353,"pouty-lipped facial pose/expression, especially for photos",appearance,fashion_beauty,false,
duckface,8726674329833473,2010-11-28,This is my duck fays '3' #duckface,135339932,"pouty-lipped facial pose/expression, especially for photos",appearance,fashion_beauty,false,
duckface,8728754318741504,2010-11-28,http://www.awfulplasticsurgery.com/2010/09/06/her-name-is-priscilla-caputo/ this duckface fad has gone too far,17938980,"pouty-lipped facial pose/expression, especially for photos",appearance,fashion_beauty,false,
duckface,8733991314137088,2010-11-28,U mean duckface... RT @thatgirlLLs @TheRealQuailman the lip pout with the duece sign up needs to disinegrate also.,16135075,"pouty-lipped facial pose/expression, especially for photos",appearance,fashion_beauty,false,
duckface,8750096392912897,2010-11-28,i can't help my duckface... i think it's just the way i smile.. and people think it's the duckface. well..... http://tumblr.com/xoesafrq6,49596465,"pouty-lipped facial pose/expression, especially for photos",appearance,fashion_beauty,false,
duckface,8754489410461696,2010-11-28,Duckface!,126647794,"pouty-lipped facial pose/expression, especially for photos",appearance,fashion_beauty,false,
duckface,8765284760428544,2010-11-28,Lmao this black ass roach trying to come at me via Facebook had to left him have it . #duckface ass,151581474,"pouty-lipped facial pose/expression, especially for photos",appearance,fashion_beauty,false,
duckface,8792601104752641,2010-11-28,@DanRyckert Both + duckface. The horror.,24004172,"pouty-lipped facial pose/expression, especially for photos",appearance,fashion_beauty,false,
duckface,8832811976884224,2010-11-28,"Duckface works better. Not,! lol (@GAROTANACIONAL)http://yfrog.com/0no6x01j",9359232,"pouty-lipped facial pose/expression, especially for photos",appearance,fashion_beauty,false,
duckface,8852982552600576,2010-11-28,Rocks - Flying Pigs Instrumental .... *ADVANCED DUCKFACE*,96099443,"pouty-lipped facial pose/expression, especially for photos",appearance,fashion_beauty,false,
duckface,9102769759719424,2010-11-29,@JuddApatow Pimp... sporting the duckface even!,212701754,"pouty-lipped facial pose/expression, especially for photos",appearance,fashion_beauty,false,
duckface,9155742967791616,2010-11-29,Taylor gang or make the duckface in your twitcon like @JayyySON,215180308,"pouty-lipped facial pose/expression, especially for photos",appearance,fashion_beauty,false,
duckface,9271946856366080,2010-11-29,I AM DUCKFACE- @sarbg,117922691,"pouty-lipped facial pose/expression, especially for photos",appearance,fashion_beauty,false,
duckface,9272470133538816,2010-11-29,I am duckface,45069622,"pouty-lipped facial pose/expression, especially for photos",appearance,fashion_beauty,false,
duckface,9277733825683456,2010-11-29,Love that the suspect on the Portland mosque burning made a #duckface in his mugshot,11216762,"pouty-lipped facial pose/expression, especially for photos",appearance,fashion_beauty,false,
duckface,9277938407055360,2010-11-29,RT @unravel101: Love that the suspect on the Portland mosque burning made a #duckface in his mugshot,15730323,"pouty-lipped facial pose/expression, especially for photos",appearance,fashion_beauty,false,
duckface,9278820133634048,2010-11-29,@cayplan it was the spirit of the duckface,45069622,"pouty-lipped facial pose/expression, especially for photos",appearance,fashion_beauty,false,
duckface,9284584730533888,2010-11-29,duckface,166693101,"pouty-lipped facial pose/expression, especially for photos",appearance,fashion_beauty,false,
duckface,9285211028193280,2010-11-29,duckface.duckface.duckface.,153106266,"pouty-lipped facial pose/expression, especially for photos",appearance,fashion_beauty,false,
duckface,9294144623083520,2010-11-29,@jaditissaske duckface,18922216,"pouty-lipped facial pose/expression, especially for photos",appearance,fashion_beauty,false,
duckface,11536101483216896,2010-12-05,"Q: Your a cuppycake, duckface, doodoohead =]... A: Aw, thank you. :D: http://yearbook.com/ask/rawrfaycee__/tjuoj",60667787,"pouty-lipped facial pose/expression, especially for photos",appearance,fashion_beauty,false,
duckface,11540106691223552,2010-12-05,"Dear females, stop making that gat-damn duckface in pictures.",14807705,"pouty-lipped facial pose/expression, especially for photos",appearance,fashion_beauty,false,
duckface,11551345525915648,2010-12-05,"Q: Your a cuppycake, duckface, doodoohead =]... A: AWH. you too&lt;3: http://yearbook.com/ask/kelseykickass/tk33o",18271108,"pouty-lipped facial pose/expression, especially for photos",appearance,fashion_beauty,false,
duckface,11581609790672896,2010-12-06,The #duckface song on youtube always makes my day. Ahaha,46307112,"pouty-lipped facial pose/expression, especially for photos",appearance,fashion_beauty,false,
duckface,11591246086672384,2010-12-06,"@fecinue Holy duckface. Dude, I was so unaware of these happenings. Wow, you're good at stalking. O:",59853706,"pouty-lipped facial pose/expression, especially for photos",appearance,fashion_beauty,false,
duckface,11593851546370048,2010-12-06,@sweating_it_off Dude... did you just make a duckface? Really?,45700795,"pouty-lipped facial pose/expression, especially for photos",appearance,fashion_beauty,false,
duckface,11595601321918464,2010-12-06,"""@trASHLEIGH:  #noonelikesyoubecause of that stupid duckface you do in every single picture."" So true lol !!",204750595,"pouty-lipped facial pose/expression, especially for photos",appearance,fashion_beauty,false,
duckface,11599154627223552,2010-12-06,@laurenonizzle double dose of duckface.  thanks momma...,19879136,"pouty-lipped facial pose/expression, especially for photos",appearance,fashion_beauty,false,
duckface,11602450880401408,2010-12-06,hombre q hace duckface #selacomedoblada  http://11.media.tumblr.com/tumblr_kszciuF1W51qzbaqlo1_400.jpg,223312781,"pouty-lipped facial pose/expression, especially for photos",appearance,fashion_beauty,false,
duckface,11605376717815808,2010-12-06,RT @andy_moose: @DCsPeoplesChamp @WuddupTone what's worse is that goofy duckface they make &lt;-LMMFAO!!  #ImDead,70250156,"pouty-lipped facial pose/expression, especially for photos",appearance,fashion_beauty,false,
duckface,14761106211868672,2010-12-14,@quacksayscara shut up duckface.,217912205,"pouty-lipped facial pose/expression, especially for photos",appearance,fashion_beauty,false,
duckface,14764294671437824,2010-12-14,"I swear...If I see one more duckface,I will end that person's life.",134480363,"pouty-lipped facial pose/expression, especially for photos",appearance,fashion_beauty,false,
duckface,14770929125031936,2010-12-14,@polyakovanasty duckface! duckface!!,14103588,"pouty-lipped facial pose/expression, especially for photos",appearance,fashion_beauty,false,
duckface,14796786895945730,2010-12-14,@talentunlimited lol. at least it aint one of them duckface pictures. I'm chillen -- SSDD! How's u doin?,17728066,"pouty-lipped facial pose/expression, especially for photos",appearance,fashion_beauty,false,
duckface,14826961259991040,2010-12-14,"Dear couples on fb, the amount of lovey, kissy duckface pics you put up is inversely proportional to the longevity of your relationship.",158501129,"pouty-lipped facial pose/expression, especially for photos",appearance,fashion_beauty,false,
duckface,14849824692113408,2010-12-15,do girls know how to smile anymore? all i ever see is that stupid ass duckface. http://bit.ly/fdWWls,158560073,"pouty-lipped facial pose/expression, especially for photos",appearance,fashion_beauty,false,
duckface,14883288657170432,2010-12-15,hahaha... it almost looks like Gubler is making duckface! (@vangsness)http://yfrog.com/3wqs70j,43370150,"pouty-lipped facial pose/expression, especially for photos",appearance,fashion_beauty,false,
duckface,14976631005253632,2010-12-15,"#yabutkapalquotes - On the topic of duckface: ""Parang ako dati. Hahahahaha. But much worse coz at least i'm pretty.""",43140178,"pouty-lipped facial pose/expression, especially for photos",appearance,fashion_beauty,false,
duckface,15017002754117632,2010-12-15,"#femalesneedto Stop taking duckface pictures, it's not attractive. :D",225307482,"pouty-lipped facial pose/expression, especially for photos",appearance,fashion_beauty,false,
duckface,15021250556461056,2010-12-15,@salspice No. More. Duckface!,97921230,"pouty-lipped facial pose/expression, especially for photos",appearance,fashion_beauty,false,
duckface,16627115608776704,2010-12-19,"RE: ""@ideawhore Mother ducker."" Duck you, motherduckling duckface!",15094761,"pouty-lipped facial pose/expression, especially for photos",appearance,fashion_beauty,false,
duckface,16662322554609664,2010-12-20,so @justinbieber #spoonswaggin huh? now thats gonna be the new pose for everyone the duckface is sooo yesterday #niftyshit,209722171,"pouty-lipped facial pose/expression, especially for photos",appearance,fashion_beauty,false,
duckface,16676758581411840,2010-12-20,@Amzee538 nah it was the standard bebo duckface pic #ignore lol,35175100,"pouty-lipped facial pose/expression, especially for photos",appearance,fashion_beauty,false,
duckface,16683159408082944,2010-12-20,http://plixi.com/p/20528147 @Tracy_DiMarco male duckface!! haha,28688200,"pouty-lipped facial pose/expression, especially for photos",appearance,fashion_beauty,false,
duckface,16699938188562432,2010-12-20,@cassNsass Duckface song hahah http://www.ebaumsworld.com/video/watch/80995938/,126017436,"pouty-lipped facial pose/expression, especially for photos",appearance,fashion_beauty,false,
duckface,16700880506064896,2010-12-20,how can you say she's cute when she's doing the #duckface ?,143101781,"pouty-lipped facial pose/expression, especially for photos",appearance,fashion_beauty,false,
duckface,16702521347153920,2010-12-20,"@Blocksicle  haha! I'll have him lift up his shirt and show his baby belly with a ""my upper lip stinks"" duckface pose",18859492,"pouty-lipped facial pose/expression, especially for photos",appearance,fashion_beauty,false,
duckface,16756793489227776,2010-12-20,"""say no to duckface photos"" haha  http://twitpic.com/3hop6r",34847396,"pouty-lipped facial pose/expression, especially for photos",appearance,fashion_beauty,false,
duckface,16772496921464834,2010-12-20,RT @verroww: Just because she got 500 pictures on facebook doing the duckface doesn't mean she knows about photography.,144344306,"pouty-lipped facial pose/expression, especially for photos",appearance,fashion_beauty,false,
duckface,16777447064211456,2010-12-20,"@sidecarsally LOL! 

I hate the duckface more than I hate that fuckin acronym LOL!",21833233,"pouty-lipped facial pose/expression, especially for photos",appearance,fashion_beauty,false,
freckle,7529094449,2010-01-08,@freckle_faced well I gotta have somthin for next week ;),20406176,a small pigmented spot on the skin,appearance,self_description,false,
freckle,7529302359,2010-01-08,"I wasn't always black. . . there was this freckle, and it got bigger and bigger. Bill Cosby",16916996,a small pigmented spot on the skin,appearance,humor,false,
freckle,7530100838,2010-01-08,@freckle_juice helloo what happened to ya job?,28047668,a small pigmented spot on the skin,appearance,casual_conversation,false,
freckle,7530189668,2010-01-08,@freckle_juice dont scream!,28047668,a small pigmented spot on the skin,appearance,casual_conversation,false,
freckle,7531241493,2010-01-08,@CubanCafetera that's easy. It's a freckle silly,56462323,a small pigmented spot on the skin,appearance,casual_conversation,false,
freckle,7531686272,2010-01-08,"@freckle_faced seriously I don't care what happens, even if we kill someone, its Sin City #quote The Hangover",18103951,a small pigmented spot on the skin,appearance,self_description,false,
freckle,7533089889,2010-01-08,Switched from Tick (http://tickspot.com/) to Freckle (http://letsfreckle.com/) for time tracking. Freckles UI is awesomely well thought out.,14133800,a small pigmented spot on the skin,appearance,technology_discussion,false,Manual override -> technology_discussion
freckle,7533623542,2010-01-08,I am verry conceited about my right testicle. Its freckle makes it beautiful,29653184,a small pigmented spot on the skin,appearance,humor,false,Manual override -> humor
freckle,7533625970,2010-01-08,"@freckle_faced try telling that to Rainman, he nearly bankrupted a casino and he was a ratard #quote The Hangover",18103951,a small pigmented spot on the skin,appearance,self_description,false,
freckle,7582197030,2010-01-10,"@GypsyAngieKate Oh, and HAI, my co-queen! #hashtags I found this freckle story and thought of you...",60756539,a small pigmented spot on the skin,appearance,casual_conversation,false,
freckle,7582239395,2010-01-10,@AshelynnS oh a freckle story!? Where? @lkgg have many a discussion on my freckles. :) #hashtags,22223694,a small pigmented spot on the skin,appearance,casual_conversation,false,Manual override -> casual_conversation
freckle,7582649328,2010-01-10,@GypsyAngieKate You have freckle story waiting in your inbox. :),60756539,a small pigmented spot on the skin,appearance,casual_conversation,false,
freckle,7583226289,2010-01-10,I need to stop going out so much. Diner with freckle for coffee and a cry,18830078,a small pigmented spot on the skin,appearance,commenting,false,
freckle,7583738410,2010-01-10,"I wasn't always black... there was this freckle, and it got bigger and bigger.",52816776,a small pigmented spot on the skin,appearance,commenting,false,
freckle,7583961843,2010-01-10,"Pop brown was a pimp and she was his bottom h*#! Freckle face h*#,  Latin h*#,  Back doe h*#,  City h*#,  Double h*#,  Nasty h*#..hilarious!",49701688,a small pigmented spot on the skin,appearance,self_description,false,
freckle,7585524029,2010-01-10,@jopsonb Ooh noice! I don't really tan but I am one big freckle. If there's space on your bowls team I am keen this year!,87322071,a small pigmented spot on the skin,appearance,casual_conversation,false,
freckle,7586001649,2010-01-10,@okayviv wuuuuut? no! I can't help it if I love Adam and I own the 57th freckle on his left buttcheek! Don't block me. :( --Glambert 82829.5,56579298,a small pigmented spot on the skin,appearance,casual_conversation,false,
freckle,7589041651,2010-01-10,"RT @bcgangsour: @2Hollywood fuck is up mang ! Y I always gotta hit u up 2 C wht's gd mang ! Get ur shit tgthr freckle face !Smh ""Ʊ kno I ♥ u",23907243,a small pigmented spot on the skin,appearance,self_description,false,
freckle,7591246314,2010-01-10,@sueperkins sounds a bit like my tan - wet pastry with a soupcon of freckle,20628827,a small pigmented spot on the skin,appearance,casual_conversation,false,
freckle,7601919782,2010-01-10,@freckle_juice how was the fashion show last yesterday?,28047668,a small pigmented spot on the skin,appearance,casual_conversation,false,
freckle,7601991347,2010-01-10,@freckle_juice HA! okay i'm glad!!!!!!!!!,28047668,a small pigmented spot on the skin,appearance,casual_conversation,false,
freckle,7602172862,2010-01-10,@Fergufool http://twitpic.com/xi58r - Freckle face! Love it!,22135313,a small pigmented spot on the skin,appearance,self_description,false,
freckle,7602189621,2010-01-10,@freckle_juice #FF (IS FOLLOW FRIDAYS ) LMAO,28047668,a small pigmented spot on the skin,appearance,casual_conversation,false,
freckle,7603610306,2010-01-10,@freckle_juice sure you did!! lol,28047668,a small pigmented spot on the skin,appearance,casual_conversation,false,
freckle,7604880671,2010-01-10,@freckle_juice mucho besos. Thanks babe snif snif,31572149,a small pigmented spot on the skin,appearance,casual_conversation,false,
freckle,7605155928,2010-01-10,"@freckle_juice oh shutup , im tryin' okay",103094861,a small pigmented spot on the skin,appearance,casual_conversation,false,
freckle,7608245044,2010-01-10,My bad son I swore I was following u but I got u tho what it do otherwise! @freckle_juice,55279388,a small pigmented spot on the skin,appearance,casual_conversation,false,
freckle,7608814960,2010-01-10,lol RT @freckle_juice RT @Jimmysmacks Who Ever Popped A E-Pill? My boy wasd took that shit n started beatin off on the train..dead azz. smh,68310780,a small pigmented spot on the skin,appearance,casual_conversation,false,
freckle,7608866188,2010-01-10,Lmao $200 it's a deal @freckle_juice,55279388,a small pigmented spot on the skin,appearance,casual_conversation,false,
freckle,7975882767,2010-01-20,@Freckle_Special can i send over my resume? =P,41177787,a small pigmented spot on the skin,appearance,casual_conversation,false,
freckle,7976473279,2010-01-20,"I guess I'll quote the third :) I like the way your hair falls in your face, you got the keys to me, I love each freckle on your face.",89374733,a small pigmented spot on the skin,appearance,self_description,false,
freckle,7976545619,2010-01-20,A sparkling freckle of consciousness.,74639731,a small pigmented spot on the skin,appearance,commenting,false,
freckle,7976798405,2010-01-20,"""Her shy and quiet grin, freckle on her chin, She can make it work in her own little way."" - @Parsons",30703741,a small pigmented spot on the skin,appearance,casual_conversation,false,
freckle,7977321040,2010-01-20,"I like the way your hair falls in your face, you got the keys to me, I love each freckle on your face	@dannymcfly",84216349,a small pigmented spot on the skin,appearance,self_description,false,
freckle,7977695268,2010-01-20,SARAH FRECKLE FINGER @sarahalbers,62107657,a small pigmented spot on the skin,appearance,casual_conversation,false,
freckle,7977830026,2010-01-20,@judiff_kay blahhhh!! that's insane u can't even see less than an inch dats like da size of a freckle! black ppl don't have that problem,27824401,a small pigmented spot on the skin,appearance,casual_conversation,false,
freckle,7978650239,2010-01-20,@kay1023 lmaoooooooo hahaha yu'll be fine...if not call up Freckle face or lil bill hahahahahaha jk lemme stop fukin wit yu before yu go off,33842793,a small pigmented spot on the skin,appearance,self_description,true,"Irony audit: Contains 'hahahahaha jk lemme stop', explicitly canceling the tease."
freckle,7978668677,2010-01-20,@crttle90 lmao.. ur lucky i love you! ewwww & Im dyin cuz i JUST realized who freckle face was. omgggg,56809590,a small pigmented spot on the skin,appearance,self_description,false,
freckle,7979295948,2010-01-20,I wansnt always black I had this freckle and it jus got bigger and bigger!!!! Lol,74214180,a small pigmented spot on the skin,appearance,commenting,false,
freckle,8003929004,2010-01-20,@SitOnYahManFace lolss ooo shit ; what about freckle face yall still dnt talk?,65173739,a small pigmented spot on the skin,appearance,self_description,false,
freckle,8003961962,2010-01-20,"@cfreiberger7 ..examples it's like someone asking a redhead what time is it and they responded ""half past a freckle."" it reminded me of that",32743732,a small pigmented spot on the skin,appearance,casual_conversation,false,
freckle,8004041333,2010-01-20,"I like the way your hair falls in your face
 You got the keys to me, I love each freckle on your face
 &lt;3",52209343,a small pigmented spot on the skin,appearance,self_description,false,
freckle,8004545245,2010-01-20,"RT @Kmischays: #letsbehonest I love @Osh_Caush! She's my freckle fairy, but I swear #nohomo! Lol &lt;~ FRECKLE FAIRY HAHA LMAO",21052273,a small pigmented spot on the skin,appearance,casual_conversation,false,
freckle,8004964295,2010-01-20,RT @keeperofdreams: DIVA wed@freckle_faced @lele647 @Blanquis26 @ActorAshley @RMA_Cuch @MomsofAmerica @lorenzaponce @AmericanWomannn,16178442,a small pigmented spot on the skin,appearance,self_description,false,
freckle,8005707806,2010-01-21,He loves every freckle ; every curve ; every inch of me =),34692301,a small pigmented spot on the skin,appearance,commenting,false,
freckle,8007411839,2010-01-21,The Dread vs. The Freckle... who will win this brutal war??,18262443,a small pigmented spot on the skin,appearance,commenting,false,
freckle,8008164373,2010-01-21,That freckle faced dude can really sang! #AmericanIdol,14174554,a small pigmented spot on the skin,appearance,self_description,false,
freckle,8008350234,2010-01-21,RT @ATLien: That freckle faced dude can really sang! #AmericanIdol,19297537,a small pigmented spot on the skin,appearance,self_description,false,
freckle,8009104360,2010-01-21,RT @keeperofdreams DIVA wednesday @freckle_faced @lele647 @Blanquis26 @ActorAshley @RMA_Cuch @MomsofAmerica @dentaldiva1 @AmericanWomannn,29775074,a small pigmented spot on the skin,appearance,self_description,false,
freckle,8057098042,2010-01-22,RT @freckle_juice: PAAAAAAARRRTTTTTAAAYYYYYYYYY!!!!!!&gt;&gt;&gt; I know your not crazy...,31572149,a small pigmented spot on the skin,appearance,casual_conversation,false,
freckle,8057246077,2010-01-22,@freckle_juice Got you sir..Whats Good!?,21687389,a small pigmented spot on the skin,appearance,casual_conversation,false,
freckle,8057424381,2010-01-22,RT @freckle_juice: 2 hr workout!!!....like...right now...peace tweeties!!!&gt;&gt; Tu ta' loco guayyy... -_-,31572149,a small pigmented spot on the skin,appearance,casual_conversation,false,
freckle,8057511189,2010-01-22,@KeriLuna Awesome. That's like my husband finally noticing the freckle I have under my left breast. U think he'd have found it by now.,14397037,a small pigmented spot on the skin,appearance,casual_conversation,false,
freckle,8057762212,2010-01-22,@freckle_wolf i agree,32614983,a small pigmented spot on the skin,appearance,casual_conversation,false,
freckle,8057884873,2010-01-22,@freckle_wolf rico wants to read the book first,32614983,a small pigmented spot on the skin,appearance,casual_conversation,false,
freckle,8057960268,2010-01-22,@freckle_wolf lol i know,32614983,a small pigmented spot on the skin,appearance,casual_conversation,false,
freckle,8057962216,2010-01-22,"@TramJonas ""I love the way you hair falls in you're face you've got the keys to me I love each freckle on your face oh...",20402941,a small pigmented spot on the skin,appearance,self_description,false,
freckle,8058055794,2010-01-22,@freckle_wolf yeah i did. It was amazing,32614983,a small pigmented spot on the skin,appearance,casual_conversation,false,
freckle,8058164315,2010-01-22,@freckle_wolf you guys next,32614983,a small pigmented spot on the skin,appearance,casual_conversation,false,
freckle,8348695230,2010-01-29,@freckle_juice lol sooo saddd,28047668,a small pigmented spot on the skin,appearance,casual_conversation,false,
freckle,8349430296,2010-01-29,{ REVIEW & GIVEAWAY } Freckle Box 2/1 @ashybaby87 http://closetoftreasures.blogspot.com/2010/01/review-giveaway-freckle-box.html,17599607,a small pigmented spot on the skin,appearance,casual_conversation,false,
freckle,8349637602,2010-01-29,"@RockYourDay I like istockphoto.com -great selection, tho a little hard to find the section on their site :) used for our freckle screencast",627213,a small pigmented spot on the skin,appearance,casual_conversation,false,
freckle,8349861786,2010-01-29,"@amyhoy BTW, Freckle is keeping my ass in line.  http://letsfreckle.com",14298557,a small pigmented spot on the skin,appearance,technology_discussion,false,
freckle,8352789779,2010-01-29,I just got threw out 4 callin my 4yr old Cuzzin a freckle. Face bastard Lmaoooo (This Movie got me mobbin lol),24940185,a small pigmented spot on the skin,appearance,self_description,false,
freckle,8353302592,2010-01-29,"SERIOUS TALK: if you pucker your lips together, thats what your BUTTHOLE looks like. (mines apparently Freckle Tone pink w/ Smashbox gloss)",20570835,a small pigmented spot on the skin,appearance,commenting,false,
freckle,8355959382,2010-01-29,"@alexmangarin Freckle Juice! Ramona, Age 8!",21169403,a small pigmented spot on the skin,appearance,casual_conversation,false,
freckle,8356099677,2010-01-29,@BeasleyHot that nigga cant spell freckle,80623927,a small pigmented spot on the skin,appearance,casual_conversation,false,
freckle,8358264094,2010-01-29,when singing in the shower I tend to ad-lib...long story short...I unintentionally made a 3 verse song about a freckle I found under my boob,87596735,a small pigmented spot on the skin,appearance,commenting,false,
freckle,8359724206,2010-01-29,"BTW, that red freckle in the moondog over L.A. is planet Mars.
I'm hoping that the moondog phenom holds on for the full moon .. in 23hrs. ;P",6163942,a small pigmented spot on the skin,appearance,commenting,false,
freckle,8750143870,2010-02-07,"""She's calling your freckle a mole, but she doesn't even notice your zit! That's not a good friend!!"" - @Melissarobbins",17954445,a small pigmented spot on the skin,appearance,casual_conversation,false,
freckle,8750200891,2010-02-07,Pony Club Deluxe!!! Calm and Mellow Guy.: Dark bay thoroughbred gelding freckle shy of 15. ... Thorough... http://bit.ly/d57HDy #bloodstock,90957469,a small pigmented spot on the skin,appearance,article_sharing,false,
freckle,8751323651,2010-02-07,stupid freckle face flat chested piece of shit fucking cunt ass whore bitch fucks!,67449139,a small pigmented spot on the skin,appearance,self_description,false,
freckle,8751459215,2010-02-07,"""I like the way your hair falls in your face, you got the keys to me I love each freckle on your face"" &lt;33",27751607,a small pigmented spot on the skin,appearance,self_description,false,
freckle,8751978704,2010-02-07,@caseyholgado I know of a certain freckle covered girl's mom who makes a great tiramisu. No Italian man needed.,14337714,a small pigmented spot on the skin,appearance,casual_conversation,false,
freckle,8753519810,2010-02-07,@katepickle Erin tells me it was her freckle Gertie though lol,9419522,a small pigmented spot on the skin,appearance,casual_conversation,false,
freckle,8753946413,2010-02-07,@freckle_wolf thanks 2 u & jackie=) i know my parents r so dumb! its cause they r getting old & losing their sight!what have yall been up 2?,43564788,a small pigmented spot on the skin,appearance,casual_conversation,false,
freckle,8754806368,2010-02-07,the freckle on his neck! *drool* http://twitpic.com/11ueqi,28904231,a small pigmented spot on the skin,appearance,article_sharing,false,
freckle,8757325529,2010-02-07,Gotta be up early and take some freckle face bish to the airport....the things I do for drugs lol,22102067,a small pigmented spot on the skin,appearance,self_description,false,
freckle,8758462161,2010-02-07,Freckle faced teen in p...: Freckle faced teen in pigtails plays with her pussy until she explodes in orgasm http://bit.ly/9brETI,99180663,a small pigmented spot on the skin,appearance,self_description,false,
freckle,9322274366,2010-02-19,go follow @JoesFreckle RIGHT NOW! because Joe's freckle is just the sexiest imperfection ever!!!,28060663,a small pigmented spot on the skin,appearance,casual_conversation,false,
freckle,9322373230,2010-02-19,@nickjonasmyhero hahahaha i have a freckle like in the same place as him :D,33452976,a small pigmented spot on the skin,appearance,self_description,false,
freckle,9322428498,2010-02-19,Do you wanna see my special freckle? It has a hair in it.,20883850,a small pigmented spot on the skin,appearance,commenting,false,
freckle,9322511146,2010-02-19,#FF this freckle face @JAY_countsCASHH :) :-*,76156159,a small pigmented spot on the skin,appearance,self_description,false,
freckle,9324394228,2010-02-19,"@Pr1v4teChurch I do, but just light ones. Not freckle freckles",15436114,a small pigmented spot on the skin,appearance,self_description,false,
freckle,9324462564,2010-02-19,I have a large freckle on my right fourth toe. I also have two freckles on my left palm. #11pmrandomness,32167568,a small pigmented spot on the skin,appearance,self_description,false,
freckle,9324661371,2010-02-19,http://www.fadedyouthblog.com/wp-content/uploads/2010/02/fnp_ew_0057047.jpg  AWWWWW LOVE THE LIP FRECKLE,24189128,a small pigmented spot on the skin,appearance,article_sharing,false,
freckle,9324751856,2010-02-19,@sandikat i love the lip freckle,24189128,a small pigmented spot on the skin,appearance,casual_conversation,false,
freckle,9327927399,2010-02-19,Freckle #Textmate theme is great to develop in the morning. http://bit.ly/cvhvdY,16199754,a small pigmented spot on the skin,appearance,article_sharing,false,
freckle,9328304866,2010-02-19,@freckle_foot I miss you too!! We need to meet up soon! You will find you will become addicted to Twitter and yep iPhone is scary!!x,20171527,a small pigmented spot on the skin,appearance,casual_conversation,false,
freckle,10551907152,2010-03-16,@Freckle_juice yea M2 on friday.. she wont be here though :( but yea M2 friday...,28047668,a small pigmented spot on the skin,appearance,casual_conversation,false,
freckle,10552181119,2010-03-16,And then he showed me his secret freckle,87317905,a small pigmented spot on the skin,appearance,commenting,false,
freckle,10553050106,2010-03-16,"@craigf_greatest Oh, you like the wetsuit?  Swim trunks have a lot more freckle potential, but okay.",22733176,a small pigmented spot on the skin,appearance,casual_conversation,false,
freckle,10553422839,2010-03-16,@z8d Moles -- Freckle's ugly cousin.,122112318,a small pigmented spot on the skin,appearance,casual_conversation,false,
freckle,10553463821,2010-03-16,"@TraceyMmm @greyko Probably better than the alternative ""Hey honey, would you like to lick my freckle?""",8598102,a small pigmented spot on the skin,appearance,casual_conversation,false,
freckle,10553643399,2010-03-16,"Stripped of all make-up No need for fancy clothes No cover ups, push ups With him, I don’t have to put on a show He loves every freckle...",47851288,a small pigmented spot on the skin,appearance,commenting,false,
freckle,10554304709,2010-03-16,#whenifirstmet @Freckle_Special she was in a booty shaking contest haha,55144096,a small pigmented spot on the skin,appearance,casual_conversation,false,
freckle,10554360192,2010-03-16,@swankysmitten Moles -- Freckle's ugly cousin.,122112318,a small pigmented spot on the skin,appearance,casual_conversation,false,
freckle,10554512756,2010-03-16,@rezal19 Moles -- Freckle's ugly cousin.,122112318,a small pigmented spot on the skin,appearance,casual_conversation,false,
freckle,10556716490,2010-03-16,each freckle is a kiss frm an angel!,33439393,a small pigmented spot on the skin,appearance,commenting,false,
freckle,10581757547,2010-03-16,I have a freckle on my lip. Rad.,22694191,a small pigmented spot on the skin,appearance,commenting,false,
freckle,10582170747,2010-03-16,#WhenIfirstmet @Freckle_juice I thought he was a white boy LMAO,51876723,a small pigmented spot on the skin,appearance,casual_conversation,false,
freckle,10582181432,2010-03-16,@vawithchildren A beautiful sunny day sounds lovely!  Ah...sounds like an excellent excuse to add to a girl's freckle collection!  ;-),19601037,a small pigmented spot on the skin,appearance,self_description,false,
freckle,10582384756,2010-03-16,@DonnieWahlberg 1 million views! Remember you promised that we'd get a belly freckle bubble when that happened? Remember? :),30029788,a small pigmented spot on the skin,appearance,casual_conversation,false,
freckle,10582453194,2010-03-16,RT @___Lady_Ace___: @DonnieWahlberg 1 million views! Remember you promised that we'd get a belly freckle bubble when that happened? Reme ...,25249407,a small pigmented spot on the skin,appearance,casual_conversation,false,
freckle,10582454799,2010-03-16,"RT @___Lady_Ace___: @DonnieWahlberg 1 million views! Remember you promised that we'd get a belly freckle bubble? Remember?&lt;--Yeah, Donnie?",100017602,a small pigmented spot on the skin,appearance,casual_conversation,false,
freckle,10583082618,2010-03-16,i did!! RT @Freckle_Special Send her to mystore Sisqo! Lol RT @INFAMOUS_SISQO: get it unlocked its easy...RT @killahmelz Somoeone tell me ho,41011412,a small pigmented spot on the skin,appearance,casual_conversation,false,
freckle,10583774418,2010-03-16,"http://twitpic.com/18zgdw - In need of silver earrings, your fearless designer created this: Hana Hoops in silver with Hana freckle shell",110312135,a small pigmented spot on the skin,appearance,article_sharing,false,
freckle,10583873324,2010-03-16,Is playing peek-a-boo with frank the belly button freckle,120318953,a small pigmented spot on the skin,appearance,commenting,false,
freckle,11006354052,2010-03-25,Cant u guys trade me? RT @Freckle_Special @WillRV u need to switch already!!! Ull save way more with tmobile but u cnt jailbreak ur phone =,44422591,a small pigmented spot on the skin,appearance,casual_conversation,false,
freckle,11006450801,2010-03-25,Lol yup RT @DJSaree_Songz Umm does Cingular still exist? RT @WillRV: I have cingular RT @Freckle_Special @WillRV wait do u hve tmobile or r,44422591,a small pigmented spot on the skin,appearance,casual_conversation,false,
freckle,11006480339,2010-03-25,What so u mean 3.1.3??? RT @Freckle_Special @WillRV I'll ask....dnt worry I wnt forget this time lol is it 3.1.3 tho?,44422591,a small pigmented spot on the skin,appearance,casual_conversation,false,
freckle,11007297953,2010-03-25,i need freckle implants.,25412661,a small pigmented spot on the skin,appearance,commenting,false,
freckle,11007308677,2010-03-25,@Jaicenia oh ok! freckle rock! lmao,94603067,a small pigmented spot on the skin,appearance,casual_conversation,false,
freckle,11007358774,2010-03-25,So cant do any thing with this phone? RT @Freckle_Special @WillRV what firmware is it on? It's probly on latest one & that's y it's not unl,44422591,a small pigmented spot on the skin,appearance,casual_conversation,false,
freckle,11009452920,2010-03-25,@JamDa_Man Moles: Freckle's ugly cousin.,122112318,a small pigmented spot on the skin,appearance,casual_conversation,false,
freckle,11009571894,2010-03-25,wendys.. RT @AmandaMON3Y: Freckle bitches?,25968821,a small pigmented spot on the skin,appearance,casual_conversation,false,
freckle,11009662694,2010-03-25,When I look in the mirror and the only one there is me Every freckle on my face is where it’s supposed to be... http://tumblr.com/xl07snicl,22404220,a small pigmented spot on the skin,appearance,self_description,false,
freckle,11010436535,2010-03-25,"A freckle on a nose of life's complexion, don't bring around a cloud to rain on my parade.",85249562,a small pigmented spot on the skin,appearance,commenting,false,
freckle,11347432399,2010-03-31,@Freckle_juice me 2 she iite tho jus she one of those frienemies u kno lol,27206319,a small pigmented spot on the skin,appearance,casual_conversation,false,
freckle,11347467574,2010-03-31,@Freckle_juice  Yo! Whats good with that show?,113411837,a small pigmented spot on the skin,appearance,casual_conversation,false,
freckle,11350234550,2010-03-31,@JonathanRKnight shakes my wha? Face? Foot? Finger? Freckle? Forehead?,30300477,a small pigmented spot on the skin,appearance,self_description,false,
freckle,11350290001,2010-03-31,"#twitterafterdark study me to find every freckle, birth mark and tattoo",61424831,a small pigmented spot on the skin,appearance,commenting,false,
freckle,11350840851,2010-03-31,"@JaylLaf A freckle actually, one that he thought might be important then realized was not big enough to even count.",18524357,a small pigmented spot on the skin,appearance,casual_conversation,false,
freckle,11352355078,2010-03-31,Q:Jay's freckle on his nose is hella cute :D A:why thank you :D dam proud nukka :D http://formspring.me/jayvhdtv/q/377593937,30496649,a small pigmented spot on the skin,appearance,article_sharing,false,
freckle,11352837226,2010-03-31,*blinks* I have a song by a band called Chuck Prophet called... Freckle Song. Chuck/Jensen OTP?,16110000,a small pigmented spot on the skin,appearance,commenting,false,
freckle,11356796747,2010-03-31,Join the 'Freckle Face - you better look after yourself' Campaign! http://bit.ly/dpQ0AP,126262306,a small pigmented spot on the skin,appearance,self_description,false,
freckle,11358694277,2010-03-31,"@LifeFiend mmmmm....T says ""freckle"" do I win?",87784631,a small pigmented spot on the skin,appearance,casual_conversation,false,
freckle,11359000008,2010-03-31,"I posted 3 photos on Facebook in the album ""Commercial - Freckle Bear Bows"" http://bit.ly/cqUP9V",111559125,a small pigmented spot on the skin,appearance,self_description,false,
freckle,11676644658,2010-04-06,@Freckle_juice awwww why,103094861,a small pigmented spot on the skin,appearance,casual_conversation,false,
freckle,11676795291,2010-04-06,@Freckle_juice from what?,103094861,a small pigmented spot on the skin,appearance,casual_conversation,false,
freckle,11677049874,2010-04-06,@Freckle_juice oh thats weird. Maybe you should start taking showers :),103094861,a small pigmented spot on the skin,appearance,casual_conversation,false,
freckle,11677415952,2010-04-06,@Freckle_juice woahh talk to me with RESPECT ! im a female -_-,103094861,a small pigmented spot on the skin,appearance,casual_conversation,false,
freckle,11677562152,2010-04-06,"@Freckle_juice umm its true im not a dude , apology?",103094861,a small pigmented spot on the skin,appearance,casual_conversation,false,
freckle,11677682292,2010-04-06,@Freckle_juice lol always a jerk. never gonna change,103094861,a small pigmented spot on the skin,appearance,casual_conversation,false,
freckle,11677769554,2010-04-06,yess no more tweets from @Freckle_juice .. he's going to bed!,28047668,a small pigmented spot on the skin,appearance,casual_conversation,false,
freckle,11677980902,2010-04-06,"@Freckle_juice ohhh STOP it!!! lol lol lol lets go see.. ""why did i get married too""",28047668,a small pigmented spot on the skin,appearance,casual_conversation,false,
freckle,11678051482,2010-04-06,Published a new post: Scary Movie - Freckle Face http://amazingvideos.info/scaryvideos/scary-movie-freckle-face-2411,112238291,a small pigmented spot on the skin,appearance,self_description,false,
freckle,11678993218,2010-04-06,"'I love the freckle on your neck. It's like the perfect target.' :). Lovely, lovely evening.",19219598,a small pigmented spot on the skin,appearance,commenting,false,
freckle,11862579405,2010-04-09,@Freckle_juice no there dry,103094861,a small pigmented spot on the skin,appearance,casual_conversation,false,
freckle,11862760786,2010-04-09,U never gave me the 4 1 1 RT @Freckle_Special @WillRV yes I did liar,44422591,a small pigmented spot on the skin,appearance,casual_conversation,false,
freckle,11862913834,2010-04-09,Deal RT @Freckle_Special @WillRV next time then,44422591,a small pigmented spot on the skin,appearance,casual_conversation,false,
freckle,11862940250,2010-04-09,@gcstandi Moles: Freckle's ugly cousin.,122112318,a small pigmented spot on the skin,appearance,casual_conversation,false,
freckle,11863528373,2010-04-09,RT @Kenianicole I hate when ppl see ppl I FUCKIN HATE AKA freckle face clap walking KELLI GALLEGOS... & make a point to call me an tell me,29877564,a small pigmented spot on the skin,appearance,self_description,false,
freckle,11863920215,2010-04-09,"@RiversCuomo which part of it? If you mean now, then yes. If it's age 17 when I was freckle-faced  crackhead, then no.",56584145,a small pigmented spot on the skin,appearance,self_description,false,
freckle,11864338715,2010-04-09,Just named my favorite freckle @justinbieber lol yes i have a favorite freckle........dont judge me lol,125530877,a small pigmented spot on the skin,appearance,casual_conversation,false,
freckle,11867749841,2010-04-09,@gojogojo Moles: Freckle's ugly cousin.,122112318,a small pigmented spot on the skin,appearance,casual_conversation,false,
freckle,11868874356,2010-04-09,@swankyNova Lip freckle unf.  It's my fave thing.,43342399,a small pigmented spot on the skin,appearance,casual_conversation,false,
freckle,11868926441,2010-04-09,Every freckle in my face is where its suppose be! I kno my creator didn't make ne mistakes with me :),74935994,a small pigmented spot on the skin,appearance,self_description,false,
freckle,12148729886,2010-04-14,@Freckle_juice yea so couldn't wrk out in dat,21620176,a small pigmented spot on the skin,appearance,casual_conversation,false,
freckle,12148766592,2010-04-14,@Freckle_juice *lookz at ma mouth....stickz tung out* I'm watchn I'm watchn!,125111950,a small pigmented spot on the skin,appearance,casual_conversation,false,
freckle,12148840591,2010-04-14,"RT @Freckle_juice: @ShortiiSoThiq dummy lol :-P &lt;-- I made look, cuz u doin it too lol",125111950,a small pigmented spot on the skin,appearance,casual_conversation,false,
freckle,12149070567,2010-04-14,"Well, I like the way your hair falls in your face, you got the keys to me, I love each freckle on your face, oh!",56084518,a small pigmented spot on the skin,appearance,self_description,false,
freckle,12149228425,2010-04-14,@Freckle_juice see I wud but ma tung keeps doin this =P lol,125111950,a small pigmented spot on the skin,appearance,casual_conversation,false,
freckle,12149373581,2010-04-14,@Freckle_juice thank you....buh I hope u kno watchu got the creative juices floiwing....I feel the need to write lol,125111950,a small pigmented spot on the skin,appearance,casual_conversation,false,
freckle,12149493040,2010-04-14,@thejohnblog Hi. Have a freckle.,117965335,a small pigmented spot on the skin,appearance,casual_conversation,false,
freckle,12149540106,2010-04-14,@Freckle_juice -wud comment but cant- lol *ninja-tize*,125111950,a small pigmented spot on the skin,appearance,casual_conversation,false,
freckle,12149765987,2010-04-14,@Freckle_juice *cloud of sugary smoke*,125111950,a small pigmented spot on the skin,appearance,casual_conversation,false,
freckle,12154118776,2010-04-14,"1, weak constitution, sickly, aging of the elderly. 2, freckle remove wrinkles, moisten the… http://goo.gl/fb/xh5pR",132830170,a small pigmented spot on the skin,appearance,article_sharing,false,
freckle,12182653315,2010-04-14,"RT @YooGabbiGabbi: It seems I have accquired a freckle...on my lip :-*&lt;&lt;&lt; yea, good gee, you jus inherited herpes lol j/k",47645061,a small pigmented spot on the skin,appearance,casual_conversation,false,
freckle,12183097741,2010-04-14,"@TehKimber The tatoo is a microdot that says ""Property of Mirthxx"" but looks remarkably like a freckle so Jayne is none the wiser",32343571,a small pigmented spot on the skin,appearance,casual_conversation,false,
freckle,12183147943,2010-04-14,@freckle_wolf finally you got a phone!! Where do you work?,32614983,a small pigmented spot on the skin,appearance,casual_conversation,false,
freckle,12183289955,2010-04-14,@Mirthxx Hee! Poor Jane...doesn't even suspect that new little freckle,7697372,a small pigmented spot on the skin,appearance,casual_conversation,false,
freckle,12183766317,2010-04-14,@freckle_wolf your a bouncer! lol thats awesome you should text me,129310518,a small pigmented spot on the skin,appearance,casual_conversation,false,
freckle,12183828563,2010-04-14,@freckle_wolf oh my god my sister loves that place!!,32614983,a small pigmented spot on the skin,appearance,casual_conversation,false,
freckle,12184153056,2010-04-14,@freckle_wolf oh dang lol,32614983,a small pigmented spot on the skin,appearance,casual_conversation,false,
freckle,12184819411,2010-04-14,@Lynzijean I hate her lip freckle,20035194,a small pigmented spot on the skin,appearance,casual_conversation,false,
freckle,12184966476,2010-04-14,RT @BeeMusick I love my flaws. God didn't make no mistakes on me; every freckle on my face is exactly where it's supposed to be.,29605870,a small pigmented spot on the skin,appearance,self_description,false,
freckle,12186234680,2010-04-14,Not bit! question is who licked my ass?!? U... hehe.. RT @Freckle_Special @MannySoria eeeew what bit u in the ass???,27072767,a small pigmented spot on the skin,appearance,casual_conversation,false,
freckle,12559941525,2010-04-21,@Freckle_juice what's wronggg? This is the best time to jog!,25952668,a small pigmented spot on the skin,appearance,casual_conversation,false,
freckle,12560377303,2010-04-21,"@Freckle_juice wait, true true, u right so stay home and jog in place lol",25952668,a small pigmented spot on the skin,appearance,casual_conversation,false,
freckle,12560542251,2010-04-21,Lol wow RT @Freckle_Special: This is how @MelisssaGarcia pussy gets when after im done with it lmao http://twitpic.com/1h4t1g,40579151,a small pigmented spot on the skin,appearance,casual_conversation,false,
freckle,12560956333,2010-04-21,"""But whether I'm the rose of sheer perfection, a freckle on the nose of life's complexion...""",60208160,a small pigmented spot on the skin,appearance,commenting,false,
freckle,12562168612,2010-04-21,RT @Freckle_juice SUZIE WONGS WEDNESDAY NITE WIT @BelairBoyBreeze @FictionMod @Itsmedacio and the rest of the team..we poppin bottles!!! :-),68310780,a small pigmented spot on the skin,appearance,casual_conversation,false,
freckle,12562714752,2010-04-21,RT go relieve some stress lol  @Freckle_Special: I am sexually nonactive,55144096,a small pigmented spot on the skin,appearance,casual_conversation,false,
freckle,12562793423,2010-04-21,@Freckle_Special its just a nice way of saying it haha,55144096,a small pigmented spot on the skin,appearance,casual_conversation,false,
freckle,12562865070,2010-04-21,"traced smile lines, found freckle constellations, discovered secret tickle spots... still haven't found a flaw. #mushystuff",108851097,a small pigmented spot on the skin,appearance,commenting,false,
freckle,12563118025,2010-04-21,@darkilluzion Moles: Freckle's ugly cousin.,122112318,a small pigmented spot on the skin,appearance,casual_conversation,false,
freckle,12566422634,2010-04-21,@jadedlotus Moles: Freckle's ugly cousin.,122112318,a small pigmented spot on the skin,appearance,casual_conversation,false,
freckle,12626271902,2010-04-22,Ok :) RT @Freckle_Special @LouieGRuiz that sounds so much better hehe deal! :D,115326208,a small pigmented spot on the skin,appearance,casual_conversation,false,
freckle,12628138893,2010-04-22,@RadioDarkness Moles: Freckle's ugly cousin.,122112318,a small pigmented spot on the skin,appearance,casual_conversation,false,
freckle,12628330764,2010-04-22,"hey, freckle broke 6,000 accounts.",627213,a small pigmented spot on the skin,appearance,commenting,false,
freckle,12628584285,2010-04-22,Freckle Time Tracking Adds Invoicing http://bit.ly/dy9EXK,12121862,a small pigmented spot on the skin,appearance,technology_discussion,false,
freckle,12629710449,2010-04-22,Dr Montri Acne and Freckle soap bar by qualified doctor - 1.99 USD: For facial cleansing and reducing facial oilin... http://bit.ly/4TyD1h,90209233,a small pigmented spot on the skin,appearance,article_sharing,false,
freckle,12630147469,2010-04-22,@freckle_juice i doubt we gnaa rehearsee thiss week bcuz we got into musicc fest and our first rehearsal is sat. - the week after ...,34079090,a small pigmented spot on the skin,appearance,casual_conversation,false,
freckle,12630174115,2010-04-22,@freckle_juice ... we can thoughh; i'll txt yuu when i gett homee laterr today & we can figureee tht outtt :],34079090,a small pigmented spot on the skin,appearance,casual_conversation,false,
freckle,12631600602,2010-04-22,My freckle count has tripled. FFS! Getting my hair sorted on Saturday which is a plus though.,20166941,a small pigmented spot on the skin,appearance,commenting,false,
freckle,12632168904,2010-04-22,New blog post: Anilos.com Jordan - Freckle faced blonde milf shows off her thick ass in a thong http://bit.ly/cmIqcC,93866160,a small pigmented spot on the skin,appearance,self_description,false,
freckle,12632275784,2010-04-22,Anilos.com Jordan – Freckle faced blonde milf shows off her thick ass in a thong: Freckle faced blonde milf shows ... http://bit.ly/bZgO1t,93446182,a small pigmented spot on the skin,appearance,self_description,false,
freckle,12894062829,2010-04-26,"lol, Theo is so random he went. ""i have a freckle on my hand.""",31519518,a small pigmented spot on the skin,appearance,commenting,false,
freckle,12894135133,2010-04-26,@amyhoy - http://webworkerdaily.com/2010/04/21/freckle-time-tracking-adds-invoicing/ maybe everyone is a few days behind (like me),759203,a small pigmented spot on the skin,appearance,casual_conversation,false,
freckle,12894138924,2010-04-26,"hmmm, something like 270 people came thru by searches that are specifically for freckle. i wonder if we got mentioned on a podcast?",627213,a small pigmented spot on the skin,appearance,commenting,false,
freckle,12894914743,2010-04-26,Is a walking constellation. Day 4 of Ashram life and I am a freckle explosion.,71800833,a small pigmented spot on the skin,appearance,commenting,false,
freckle,12896031137,2010-04-26,a freckle on the nose of lifes complexion .. '',37983638,a small pigmented spot on the skin,appearance,commenting,false,
freckle,12896462181,2010-04-26,"All Gingers, freckle faces & Copper-Tops, M.I.A. is coming for you! http://bit.ly/afIb6u",25373101,a small pigmented spot on the skin,appearance,self_description,false,
freckle,12897093317,2010-04-26,@alex_ruiz Moles: Freckle's ugly cousin.,122112318,a small pigmented spot on the skin,appearance,casual_conversation,false,
freckle,12897927515,2010-04-26,@Ya_Everyday_Tre Too bad that wasn't funny freckle face,73981243,a small pigmented spot on the skin,appearance,self_description,false,
freckle,12898380228,2010-04-26,You know it's time to go when freckle to freckle dot to dot takes over actual productivity http://tweetphoto.com/20037584,20044443,a small pigmented spot on the skin,appearance,article_sharing,false,
freckle,12900474011,2010-04-26,Missing my little freckle :( it's been a while,24752295,a small pigmented spot on the skin,appearance,commenting,false,
freckle,13269512193,2010-05-02,@Freckle_juice I'm in the nailsalon gettin glossed up u done paintin the crib??,39585733,a small pigmented spot on the skin,appearance,casual_conversation,false,
freckle,13269871103,2010-05-02,@dddotgirl @The_Gossip_Boy @MizVthanks but I freckle or burn so no rays. Shopping at the grove.,120598942,a small pigmented spot on the skin,appearance,casual_conversation,false,
freckle,13269879024,2010-05-02,"@kaaatemclean today was freckle city! SO awesome! Glad you enjoyed it, too...",57020532,a small pigmented spot on the skin,appearance,self_description,false,
freckle,13269978130,2010-05-02,RT @Freckle_juice: Son....I don't understand how niggaz could wear their fucking jeans on their thighs (-__-) .. #thatshitblowsmine,25240726,a small pigmented spot on the skin,appearance,casual_conversation,false,
freckle,13270009385,2010-05-02,@Freckle_juice y thank u ur pretty cool yaself =},39585733,a small pigmented spot on the skin,appearance,casual_conversation,false,
freckle,13270138263,2010-05-02,@Freckle_juice nothin betta den how pussy feels but dis shit taste betta den pussy taste but yo if u put it on pussy #youalreadyknow @_@,49121599,a small pigmented spot on the skin,appearance,casual_conversation,false,
freckle,13270384088,2010-05-02,@Freckle_juice wat it do shawty =P,125111950,a small pigmented spot on the skin,appearance,casual_conversation,false,
freckle,13271830947,2010-05-02,@Freckle_juice they wanted to leavvee :-/,25240726,a small pigmented spot on the skin,appearance,casual_conversation,false,
freckle,13272091352,2010-05-02,freckle freckle what makes you soo speciaall?,21164798,a small pigmented spot on the skin,appearance,commenting,false,
freckle,13272176336,2010-05-02,"I just tried to scratch off a freckle I've had my entire life, thinking it was Vegemite. #incrediblyinterestingtweet #sarcasm",28951789,a small pigmented spot on the skin,appearance,commenting,false,
freckle,13405340288,2010-05-05,@ZambraLeRose I dnt even got 1 freckle -_-,103687612,a small pigmented spot on the skin,appearance,casual_conversation,false,
freckle,13406821663,2010-05-05,@Freckle_Special yup! Lol,44422591,a small pigmented spot on the skin,appearance,casual_conversation,false,
freckle,13407134827,2010-05-05,"@peasmom3 LOL!!!   Never, ever change!  Better be careful... I have been kinda of drawn to your freckle lately... :|",48130910,a small pigmented spot on the skin,appearance,casual_conversation,false,
freckle,13407528837,2010-05-05,@MissKlept Ha! Who's hating on my little freckle face?,16940274,a small pigmented spot on the skin,appearance,self_description,false,
freckle,13409620709,2010-05-05,Google it! RT @Freckle_Special: @ItsDjLando wth is snowboard?? U @WillRV @JaviLopezJr r always talkin bout that,68841695,a small pigmented spot on the skin,appearance,casual_conversation,false,
freckle,13410754980,2010-05-05,"Beta freckle: Time tracking service
Date Updated: 2010-05-04
Tags: enterprise, time-tracking http://bit.ly/cu6eD8",17413602,a small pigmented spot on the skin,appearance,technology_discussion,false,
freckle,13411604549,2010-05-05,"Dolny Kubin Broxson posted a photo: jacobsusa, jacobs, sherry, jacket, black, freckle, big bouncy boobs grab pics jac.. http://bit.ly/byKYYp",98836067,a small pigmented spot on the skin,appearance,article_sharing,false,
freckle,13417460906,2010-05-05,@GatorBoy_Wag Moles: Freckle's ugly cousin.,122112318,a small pigmented spot on the skin,appearance,casual_conversation,false,
freckle,13419078015,2010-05-05,"guys, i have a freckle where a monroe piercing would be :) i say that a lot.....",27372292,a small pigmented spot on the skin,appearance,commenting,false,
freckle,13419345091,2010-05-05,@DonaldDuckvideo Moles: Freckle's ugly cousin.,122112318,a small pigmented spot on the skin,appearance,casual_conversation,false,
freckle,13682105679,2010-05-09,"@Freckle_juice GeeeessssshhhH, ALL those thumbs??",75382601,a small pigmented spot on the skin,appearance,casual_conversation,false,
freckle,13683067584,2010-05-09,Freckle fart 90,67769179,a small pigmented spot on the skin,appearance,commenting,false,
freckle,13683433111,2010-05-09,@AkA_Necii @Freckle_juice http://m.youtube.com/watch?gl=US&client=mv-google&hl=en&v=FaVoT15ajZw Watch DArtis reality show promo,21551804,a small pigmented spot on the skin,appearance,casual_conversation,false,
freckle,13683852134,2010-05-09,lol are there tickets that need to be bought ? RT @Freckle_juice: @CRoman_Styles soooo commmee thrrrrruuuuu,102316374,a small pigmented spot on the skin,appearance,casual_conversation,false,
freckle,13684672711,2010-05-09,Okie Dokie Mister ! RT @Freckle_juice: @CRoman_Styles yea ima let know everything  by Wednesday,102316374,a small pigmented spot on the skin,appearance,casual_conversation,false,
freckle,13685936077,2010-05-09,"Freckle, freckle, what makes you so special?",38080171,a small pigmented spot on the skin,appearance,commenting,false,
freckle,13686466232,2010-05-09,@Freckle_juice lol that shit hurts like hell.,44368365,a small pigmented spot on the skin,appearance,casual_conversation,false,
freckle,13687520765,2010-05-09,@Freckle_juice lol we doooo,60257968,a small pigmented spot on the skin,appearance,casual_conversation,false,
freckle,13687580224,2010-05-09,"You've got the keys to me I love each freckle on ur face. I've never been so wrapped up, hunny I like the way ur everything ive ever wanted",28610250,a small pigmented spot on the skin,appearance,self_description,false,
freckle,13687836157,2010-05-09,@Freckle_juice yooo wat u doin call me asap,68310780,a small pigmented spot on the skin,appearance,casual_conversation,false,
freckle,13910053902,2010-05-13,@Freckle_juice morning tell ya brother to call me not text me my phone is dead,37590281,a small pigmented spot on the skin,appearance,casual_conversation,false,
freckle,13911947668,2010-05-13,FML freckle explosion all over my face,47170879,a small pigmented spot on the skin,appearance,self_description,false,
freckle,13912027987,2010-05-13,@Freckle_juice still in class?,45153791,a small pigmented spot on the skin,appearance,casual_conversation,false,
freckle,13912387714,2010-05-13,"Sunbed antics, freckle faces :-) http://twitpic.com/1neq5n",23532184,a small pigmented spot on the skin,appearance,self_description,false,
freckle,13912397241,2010-05-13,@Freckle_juice u knw wat; forqet it alexis,45153791,a small pigmented spot on the skin,appearance,casual_conversation,false,
freckle,13912512603,2010-05-13,Every freckle on my face is where it's supposed to be!! I know my Creator ain't make no mistakes on me!! #nowplaying India Arie,137785280,a small pigmented spot on the skin,appearance,self_description,false,
freckle,13912709752,2010-05-13,"Freckle face kids,Poole mother setting up a very exciting business selling wonderful products for children. Winning the Barclays Competition",141295180,a small pigmented spot on the skin,appearance,self_description,false,
freckle,13912846232,2010-05-13,@Freckle_juice OK ALEXIS! Dats y I said FORGET IT!*,45153791,a small pigmented spot on the skin,appearance,casual_conversation,false,
freckle,13913299757,2010-05-13,@Freckle_juice check ya dm,45153791,a small pigmented spot on the skin,appearance,casual_conversation,false,
freckle,13913342556,2010-05-13,a freckle on the nose of life's complexion.,26721242,a small pigmented spot on the skin,appearance,commenting,false,
freckle,14572347253,2010-05-23,"Freckle Face Girl: Lexi singing Hot n Cold: Last night, we painted our nails the new ""Who the Shrek Are You"" color... http://bit.ly/9NlxKE",134887794,a small pigmented spot on the skin,appearance,self_description,false,
freckle,14572386590,2010-05-23,Check this video out -- The Freckle Song - The Pearl Trio [Larry Vincent] http://youtu.be/pNcjs30BZTs,145083030,a small pigmented spot on the skin,appearance,article_sharing,false,
freckle,14574527902,2010-05-23,@ATSV jealous.com am currently one giant freckle with sindged edges...fail,16112232,a small pigmented spot on the skin,appearance,casual_conversation,false,
freckle,14574859410,2010-05-23,First freckle!  http://yfrog.com/1sfhgj,32876582,a small pigmented spot on the skin,appearance,article_sharing,false,
freckle,14574954805,2010-05-23,"RT @Jen_Bunnii: "" Every freckle on your face is where its supposed to be.. "" .. :)&lt; why thank u",23835185,a small pigmented spot on the skin,appearance,self_description,false,
freckle,14575203989,2010-05-23,"Everyone, go put more sunblock on.  You're starting to freckle.",10035582,a small pigmented spot on the skin,appearance,commenting,false,
freckle,14575255409,2010-05-23,Q:i think i have a picture of Tasi where you can see her freckle... A:WILL YOU SHOW ME IT!? :O http://formspring.me/ToshyAteABug/q/586145750,97274350,a small pigmented spot on the skin,appearance,article_sharing,false,
freckle,14576294510,2010-05-23,sat in sun for 5hrs & have not so much as a freckle to account for the time. is it possible to become immune to UV rays? Damn you Bahamas!,86932705,a small pigmented spot on the skin,appearance,commenting,false,
freckle,14576528467,2010-05-23,I FOUND A NEW FRECKLE!,55656173,a small pigmented spot on the skin,appearance,commenting,false,
freckle,14577626183,2010-05-23,@bieberlicious05 did u take away his freckle (mole) thing!?!?,99124067,a small pigmented spot on the skin,appearance,casual_conversation,false,
freckle,15261645991,2010-06-02,@Dannys_Freckle maybe @DALLASAUSTIN do a video with mcfly to make me feel stronger in my disease !! it would be like a dream for me!(L),70938352,a small pigmented spot on the skin,appearance,casual_conversation,false,
freckle,15261966601,2010-06-02,@Dannys_Freckle yes it would be...but i don't know if @DALLASAUSTIN do it cause he's very bussy,70938352,a small pigmented spot on the skin,appearance,casual_conversation,false,
freckle,15262950982,2010-06-02,RT @Dannys_Freckle: McFLY for president !,136723068,a small pigmented spot on the skin,appearance,casual_conversation,false,
freckle,15263113925,2010-06-02,@lil_freckle yea you're right McFYL for presidents ! :),74535967,a small pigmented spot on the skin,appearance,casual_conversation,false,
freckle,15263198887,2010-06-02,RT *That's OK..* @Freckle_juice: Sorry I meant to write that as my status lol&gt;&gt; RT @Freckle_juice @beauteeBYnature this gonna be an easy day,75382601,a small pigmented spot on the skin,appearance,casual_conversation,false,
freckle,15263202233,2010-06-02,"@soulasismusic Yup, I'm hanging in there. It's freckle season, so I'm happy. ;0)",15498363,a small pigmented spot on the skin,appearance,casual_conversation,false,
freckle,15263583554,2010-06-02,RT @Moriah_: The scary precancerous giant freckle I discovered on my arm 2 min ago succumbed to panicked scrubbing. Turns out it was a s ...,19137132,a small pigmented spot on the skin,appearance,casual_conversation,false,
freckle,15265831013,2010-06-02,@Freckle_Special lol im dwn,118261593,a small pigmented spot on the skin,appearance,casual_conversation,false,
freckle,15267200987,2010-06-02,@Dannys_Freckle i will tell @DALLASAUSTIN but i don't think so,70938352,a small pigmented spot on the skin,appearance,casual_conversation,false,
freckle,15474034414,2010-06-05,I liked a YouTube video -- Chloe loves Jenni and Freckle http://youtu.be/88XA68deC8I?a,120787887,a small pigmented spot on the skin,appearance,article_sharing,false,
freckle,15474262482,2010-06-05,@Freckle_juice yesss please do i would love that for my next shoot : ),66447925,a small pigmented spot on the skin,appearance,casual_conversation,false,
freckle,15474856309,2010-06-05,A Freckle on the nose of lifes complexion.,17206678,a small pigmented spot on the skin,appearance,commenting,false,
freckle,15474981319,2010-06-05,i have a new freckle. again. i may celebrate this tomorrow by going to tan lol omg lol no wai omg lolz,16666367,a small pigmented spot on the skin,appearance,commenting,false,
freckle,15476313509,2010-06-05,"@freckle_foot hey, I am, around 11-11:15am it's ""as live"" if you get what that means lol!x",20171527,a small pigmented spot on the skin,appearance,casual_conversation,false,
freckle,15476613555,2010-06-05,@freckle_foot lol yeah I'm doing it over the phone otherwise yeah coffee would have been brilliant. I can't do next Sat but perhaps...,20171527,a small pigmented spot on the skin,appearance,casual_conversation,false,
freckle,15476616855,2010-06-05,@freckle_foot the following Sat?x,20171527,a small pigmented spot on the skin,appearance,casual_conversation,false,
freckle,15477261420,2010-06-05,"eww. headache. sleep. swimming tomorrow. know what that means?? =] tan!!... ish... well, i'll get to freckle!! =]",62114777,a small pigmented spot on the skin,appearance,commenting,false,
freckle,15477601060,2010-06-05,"i don't tan, i freckle.",62114777,a small pigmented spot on the skin,appearance,commenting,false,
freckle,15478794755,2010-06-05,Come on sun. Freckle me up....,59870378,a small pigmented spot on the skin,appearance,commenting,false,
freckle,17131963735,2010-06-27,@ituakab Moles: Freckle's ugly cousin.,122112318,a small pigmented spot on the skin,appearance,casual_conversation,false,
freckle,17135216790,2010-06-27,just discovered a tiny teeny little freckle on the back of my leg!,145365649,a small pigmented spot on the skin,appearance,commenting,false,
freckle,17136403211,2010-06-27,@Gabby2Fresh what's cool freckle face? Lol how've you been?,37799192,a small pigmented spot on the skin,appearance,self_description,false,
freckle,17137398750,2010-06-27,@jaredandersen82 Moles: Freckle's ugly cousin.,122112318,a small pigmented spot on the skin,appearance,casual_conversation,false,
freckle,17138260125,2010-06-27,"RT @Freckle_juice: Sometimes you have to be  apart from the people you love, that's what makes you love them even more",29869684,a small pigmented spot on the skin,appearance,casual_conversation,false,
freckle,17138294769,2010-06-27,"Think I'm finally gonna have to give up  tanning before I'm just one giant freckle. Skin cancer couldn't scare me, but vanity always wins.",14269120,a small pigmented spot on the skin,appearance,commenting,false,
freckle,17142539638,2010-06-27,RT @EvanCoriel: RT @fuegalove @EvanCoriel in that case dooo it! Hell naw what I look like«you looka like a freckle face ho duuuuuh! lmao,137902922,a small pigmented spot on the skin,appearance,self_description,false,
freckle,17142862954,2010-06-27,"*trying to get pussywillow* ""i guess its a freckle?"" LMFAOOOO!",24952768,a small pigmented spot on the skin,appearance,commenting,false,
freckle,17143174571,2010-06-27,Hahaha he like his pussy RT @Freckle_juice: This nigga goin in &gt;&gt; http://twitgoo.com/15hpvr,29869684,a small pigmented spot on the skin,appearance,casual_conversation,false,
freckle,17144941651,2010-06-27,Freckle Fest 2010 has begun... as well as Bug Bite Bonanza 2010 and Skin Scorcher 2010!!! Welcome to my summertime.,15589655,a small pigmented spot on the skin,appearance,commenting,false,
freckle,17225612980,2010-06-28,"The Freckle: Summer's Greatest Gift: I heartily partake of this offering each year, and one major reason why this ... http://bit.ly/9vT22F",107561705,a small pigmented spot on the skin,appearance,article_sharing,false,
freckle,17226470562,2010-06-28,@Freckle_Special@DJHEAVYJ ( L.B.E ) Latino 96.3 Mixer Im About To Jump On The Tables On LBERADIO.COM Join Me (cont) http://tl.gd/264vak,96920068,a small pigmented spot on the skin,appearance,casual_conversation,false,
freckle,17226634063,2010-06-28,I have a freckle shaped like a heart on my arm. (:,54252588,a small pigmented spot on the skin,appearance,commenting,false,
freckle,17226951195,2010-06-28,RT **It's supposed to STORM!!** @Freckle_juice: I wanna go to the beach tomorrow,75382601,a small pigmented spot on the skin,appearance,casual_conversation,false,
freckle,17227281458,2010-06-28,RT **LoL.. I know that's right!* @Freckle_juice: @beauteeBYnature ok sOOOooo negative on that lol,75382601,a small pigmented spot on the skin,appearance,casual_conversation,false,
freckle,17228512821,2010-06-28,Abundant sun is causing my freckle colonies to enter a period of growth. #andyouthoughtasiansdidntgetfreckles,27089827,a small pigmented spot on the skin,appearance,self_description,false,
freckle,17230190158,2010-06-28,twitter after dark: statement#1 @KayORedd3824 can get it!!!!!! his cute freckle r a turn on!lol,46191284,a small pigmented spot on the skin,appearance,casual_conversation,false,
freckle,17231528597,2010-06-28,"@kriskidd no joke- i've suddenly developed a freckle on the palm of my hand, no coincidences... i love and miss you",28733117,a small pigmented spot on the skin,appearance,casual_conversation,false,
freckle,17232502675,2010-06-28,@freckle_wolf bro what happen today??,143197179,a small pigmented spot on the skin,appearance,casual_conversation,false,
freckle,17233733913,2010-06-28,Too many freckle,140276816,a small pigmented spot on the skin,appearance,commenting,false,
freckle,18360892024,2010-07-12,Do you ever wake up and see a random freckle that u know wasn't there the day before?Totally have 1 on my arm I swear Ive never seen before,96447854,a small pigmented spot on the skin,appearance,commenting,false,
freckle,18360948766,2010-07-12,this was me BEFORE the beach http://www.flickr.com/photos/nikolina100/4779472829/in/photostream/ Freckle count has increased 100 times!,18173791,a small pigmented spot on the skin,appearance,article_sharing,false,
freckle,18361207834,2010-07-12,@ndysoukal at first I was really disappointed that it wasn't your new freckle. Now I just want one of those. So cool.,24145650,a small pigmented spot on the skin,appearance,casual_conversation,false,
freckle,18361278731,2010-07-12,I love my favorite brother @Freckle_juice muahszzzzzzzzzz,58929846,a small pigmented spot on the skin,appearance,casual_conversation,false,
freckle,18361601203,2010-07-12,"@ItsChelseaStaub Don't worry,it's cute :) Nice freckle.",82913437,a small pigmented spot on the skin,appearance,casual_conversation,false,
freckle,18362334379,2010-07-12,RT @ItsChelseaStaub: It's a freckle. RT: @justplainbrie Did anybody else notice that @ItsChelseaStaub had something in/on her eyeball in ...,30028498,a small pigmented spot on the skin,appearance,casual_conversation,false,
freckle,18362376656,2010-07-12,RT @ndysoukal: Do you ever wake up and see a random freckle that u know wasn't there the day before?Totally have 1 on my arm I swear Ive ...,95046919,a small pigmented spot on the skin,appearance,casual_conversation,false,
freckle,18362462151,2010-07-12,"Hurry, hurry, you put my head in such a flurry, flurry. Freckle, freckle what makes you so special? Oh, whats makes you so special?",35024595,a small pigmented spot on the skin,appearance,commenting,false,
freckle,18363547834,2010-07-12,I don't know what is worse...the fact that my face is burnt or that all of my freckles look like one big freckle because of the sun??? =/,47861575,a small pigmented spot on the skin,appearance,self_description,false,
freckle,18364186554,2010-07-12,"@LaurenKeogh_ I wanna see a picture every day of you, for the next year, made into a video :P Slowly becoming a giant freckle :P",20982124,a small pigmented spot on the skin,appearance,casual_conversation,false,
freckle,18605911058,2010-07-15,doesnt it look like a freckle was trying to form here but didnt! Haha,157174584,a small pigmented spot on the skin,appearance,commenting,false,
freckle,18606377652,2010-07-15,Schiffelly Puppets Cinder-Freckle-Frog-Faced Ella program July 29 @ 2:00 p.m.,25123485,a small pigmented spot on the skin,appearance,self_description,false,
freckle,18612138465,2010-07-15,I has a new freckle :3,62017471,a small pigmented spot on the skin,appearance,commenting,false,
freckle,18612561695,2010-07-15,the man I fall in love with will love the little things: like the freckle on my lip & the silly way I smile when putting on my makeup.,17956329,a small pigmented spot on the skin,appearance,commenting,false,
freckle,18612862238,2010-07-15,@Freckle_Special thank u hun,109178144,a small pigmented spot on the skin,appearance,casual_conversation,false,
freckle,18614921367,2010-07-15,*Freckle Tone,24492371,a small pigmented spot on the skin,appearance,commenting,false,
freckle,18615575410,2010-07-15,i'd like to know how i suddenly acquired a freckle on my ass. it was not there before.,19564083,a small pigmented spot on the skin,appearance,commenting,false,
freckle,18622438598,2010-07-15,@freckle_2 At this point it is expected Barnes will leave Orlando. Either way it will affect the Magic. tomorrow is D-day for Redick too.,25618009,a small pigmented spot on the skin,appearance,casual_conversation,false,
freckle,18622956411,2010-07-15,@freckle_2 That seems to be the word coming out of Chicago too. Bulls.com's Sam Smith reporting #Magic leaning toward keeping Redick.,25618009,a small pigmented spot on the skin,appearance,casual_conversation,false,
freckle,18623188408,2010-07-15,"@Kerensd 42K, give or take a ghost's freckle.",29989601,a small pigmented spot on the skin,appearance,casual_conversation,false,
freckle,18904132317,2010-07-19,@Freckle_licious lol no it'd not,33732075,a small pigmented spot on the skin,appearance,casual_conversation,false,
freckle,18904178487,2010-07-19,@Freckle_licious y would i smack myself? lol,128733267,a small pigmented spot on the skin,appearance,casual_conversation,false,
freckle,18904283377,2010-07-19,@Freckle_licious tru im sorry im a lil slow there :( forgive me?,128733267,a small pigmented spot on the skin,appearance,casual_conversation,false,
freckle,18904358853,2010-07-19,@Freckle_licious lol how bout u txt me sso u kan tell me more bout it?,128733267,a small pigmented spot on the skin,appearance,casual_conversation,false,
freckle,18904649423,2010-07-19,just added a freckle face cutie to my team =],40942372,a small pigmented spot on the skin,appearance,self_description,false,
freckle,18904667072,2010-07-19,@Freckle_licious i kan bt i dnt feel lik searchn it n have to pull from diff areas if i jus wanted to txt u i would have said it,128733267,a small pigmented spot on the skin,appearance,casual_conversation,false,
freckle,18904737501,2010-07-19,@Freckle_licious O goodie lol,33732075,a small pigmented spot on the skin,appearance,casual_conversation,false,
freckle,18904950612,2010-07-19,@Freckle_licious :( wont let me on n wait wuts wrong wit me havin ya numba?,128733267,a small pigmented spot on the skin,appearance,casual_conversation,false,
freckle,18905084788,2010-07-19,@Freckle_licious ik n i clicked n it said netpage error then i noticed u dont want me wit ya numba lol,128733267,a small pigmented spot on the skin,appearance,casual_conversation,false,
freckle,18906323840,2010-07-19,"@freckle_juice =O youu od lmfaoo , omgg alexis eress locooo * smhh -_-",34079090,a small pigmented spot on the skin,appearance,casual_conversation,false,
freckle,20723833312,2010-08-09,ChippyD wit da Freckle Butt @tanafishburne,150724444,a small pigmented spot on the skin,appearance,casual_conversation,false,
freckle,20724327094,2010-08-09,I found a never before seen freckle on my belly (:,140200641,a small pigmented spot on the skin,appearance,commenting,false,
freckle,20724434050,2010-08-09,"@Nyofficial lol..i dont burn..i just freckle,come on now",21758143,a small pigmented spot on the skin,appearance,casual_conversation,false,
freckle,20724513717,2010-08-09,RT @393bklyn: Follow~@iJuiceyMango @AEMuziq @MzPink_ @Lia_Arquiteta @Rissa_Huneyy @Freckle_licious @FullBlown_Promo @frangiannini @OnHer ...,93971328,a small pigmented spot on the skin,appearance,casual_conversation,false,
freckle,20724779293,2010-08-09,@MrSueDatHoe freckle breakouts,104064211,a small pigmented spot on the skin,appearance,casual_conversation,false,
freckle,20724908273,2010-08-09,Are u mocking me... RT @LaLaLaMandy5: @MrSueDatHoe freckle breakouts,78082087,a small pigmented spot on the skin,appearance,casual_conversation,false,
freckle,20724986674,2010-08-09,RT @MrSueDatHoe: Are u mocking me... RT @LaLaLaMandy5: @MrSueDatHoe freckle breakouts-&gt;umm not at all,104064211,a small pigmented spot on the skin,appearance,casual_conversation,false,
freckle,20725613945,2010-08-09,"'hey guys, wanna see my secret freckle' LMAO",102473059,a small pigmented spot on the skin,appearance,commenting,false,
freckle,20726009991,2010-08-09,What is the average cost of laser facial freckle removal in Canada? http://snipr.com/10fmu8,139979704,a small pigmented spot on the skin,appearance,article_sharing,false,
freckle,20726525258,2010-08-09,Every freckle on my face is where its suppose to be....,33671261,a small pigmented spot on the skin,appearance,self_description,false,
freckle,20779290987,2010-08-10,@Freckle_licious hey it works #tpl,131814892,a small pigmented spot on the skin,appearance,casual_conversation,false,
freckle,20779323467,2010-08-10,@Freckle_licious me rite here yaaay lol,104002830,a small pigmented spot on the skin,appearance,casual_conversation,false,
freckle,20780008228,2010-08-10,@Freckle_licious wen is it good?,50418029,a small pigmented spot on the skin,appearance,casual_conversation,false,
freckle,20780038489,2010-08-10,@Freckle_licious Tel me the best time to have sex?,50418029,a small pigmented spot on the skin,appearance,casual_conversation,false,
freckle,20780741628,2010-08-10,RT @Freckle_licious #TheSexIsBad When you think that my nipples are detachsble. My names not Ms. Potatoe Head!! Who likes it that rough!,19533564,a small pigmented spot on the skin,appearance,casual_conversation,false,
freckle,20781083879,2010-08-10,RT @Freckle_licious: A person's sexuality shouldnt determine if youre friends or not. They may be gay but it dosent DEFINE them.It dosen ...,165528406,a small pigmented spot on the skin,appearance,casual_conversation,false,
freckle,20781358118,2010-08-10,@Freckle_licious Follow us for the latest on #TittyTuesday and #TittieTuesday http://bit.ly/9kdAha,112898645,a small pigmented spot on the skin,appearance,casual_conversation,false,
freckle,20782148562,2010-08-10,"RT @Freckle_licious: Men are hilarious...Im not trying to take you. Didnt even try my hand. IF I wanted you, I could have you...Its not  ...",156021856,a small pigmented spot on the skin,appearance,casual_conversation,false,
freckle,20782250585,2010-08-10,RT @Freckle_licious: #TheSexIsBad When you cant stop laughing and you dont care to hide the shit! Baahahahaaa! Awww its ok..Somebody els ...,156021856,a small pigmented spot on the skin,appearance,casual_conversation,false,
freckle,24049406051,2010-09-09,...but dont call me freckle nose,17693277,a small pigmented spot on the skin,appearance,commenting,false,
freckle,24049446263,2010-09-09,RT @TayJardine: ...but dont call me freckle nose,134189432,a small pigmented spot on the skin,appearance,casual_conversation,false,
freckle,24049504594,2010-09-09,WYR: Be Justin's pimple or freckle?? tweet me your answers(: -Ivy,89988295,a small pigmented spot on the skin,appearance,commenting,false,
freckle,24049528249,2010-09-09,Come to sage and ill charge to get in and u buy me drinks lol RT @Freckle_Special: Oh I just saw free drink lol (cont) http://tl.gd/5v92oo,27986916,a small pigmented spot on the skin,appearance,casual_conversation,false,
freckle,24049589137,2010-09-09,EMBER 18+ TONIGHT w/ @djhitmansocal Playmates @DJCrystalEllis & @DeejayRhiannon @DONSHORTY1 @WillRV @Freckle_Special @INFAMOUS_SISQO,40579151,a small pigmented spot on the skin,appearance,casual_conversation,false,
freckle,24049698182,2010-09-09,....Freckle nose...RT @TayJardine: ...but dont call me freckle nose,87671335,a small pigmented spot on the skin,appearance,casual_conversation,false,
freckle,24050252541,2010-09-09,@justinbshawty  freckle :) cause ill be there foreverrr &lt;3,28669646,a small pigmented spot on the skin,appearance,casual_conversation,false,
freckle,24050324733,2010-09-09,RT @samanthamarie29: @justinbshawty  freckle :) cause ill be there foreverrr &lt;3,89988295,a small pigmented spot on the skin,appearance,casual_conversation,false,
freckle,24052906505,2010-09-09,Giggidy ;0) lol jkRT @Freckle_juice: Going udergroud!!!!,39585733,a small pigmented spot on the skin,appearance,casual_conversation,true,"Irony audit: Contains 'lol jk', so the freckle remark is clearly playful."
freckle,24055836287,2010-09-10,RT @Freckle_juice: RT @STRUCK_BYglam My Motha Is A HATER! ~~all Panamanian's be hatin' | Sad Story But Not Me! I Don't Hate :-p,45153791,a small pigmented spot on the skin,appearance,casual_conversation,false,
freckle,24780749818,2010-09-17,RT @cmo417 #FF tha lovely ladies @KiJones87 @_SugaHunniIceT_ @Freckle_licious @JanellGalloway @giirlMelaNie @Lady_Jay_C @Lsupbaby,61249860,a small pigmented spot on the skin,appearance,casual_conversation,false,
freckle,24780758326,2010-09-17,Watcha: Battle of the Pecas! LOL @AngelinaCC @luv2hateonme U two freckle faced ex cholas need to relax before I call both ur P.O.'s!,20736140,a small pigmented spot on the skin,appearance,self_description,false,
freckle,24781072720,2010-09-17,@AngelinaCC It's a freckle!,20736140,a small pigmented spot on the skin,appearance,casual_conversation,false,
freckle,24781573902,2010-09-17,RT @cmo417: #FF tha lovely ladies @KiJones87 @_SugaHunniIceT_ @Freckle_licious @JanellGalloway @giirlMelaNie (cont) http://tl.gd/639b9k,134610774,a small pigmented spot on the skin,appearance,casual_conversation,false,
freckle,24782327963,2010-09-17,No But I Look At The Whipies After I Whip My Ass LOL RT @Freckle_Special Is it just me or do u also look at ur tissue after u blow ur nose?,27072767,a small pigmented spot on the skin,appearance,casual_conversation,false,
freckle,24783533479,2010-09-17,"FRECKLE-FACED, MILK-DRINKING, T-SHIRTED BABIES WHO NEVER EVER SAW FIRE IN THE SKY -HOYT AXTON!",44835080,a small pigmented spot on the skin,appearance,self_description,false,
freckle,24786425325,2010-09-17,I have a freckle on my ball sack. I didnt even know it was there. Thumbs up 4 testicle inspection.,50359346,a small pigmented spot on the skin,appearance,self_description,false,
freckle,24786679294,2010-09-17,RT @Freckle_Special Things r more fun when ur drunk &lt;- #trueshit,116886149,a small pigmented spot on the skin,appearance,casual_conversation,false,
freckle,24786790623,2010-09-17,RT @_J20_: RT @Freckle_Special Things r more fun when ur drunk &lt;- #trueshit.,112261760,a small pigmented spot on the skin,appearance,casual_conversation,false,
freckle,24786798086,2010-09-17,@zorabet If it's the freckle pic http://is.gd/ffuWj it's totally not handles. look at how he's body is halfway turned & the shorts low,123661222,a small pigmented spot on the skin,appearance,casual_conversation,false,
freckle,25526955175,2010-09-25,My LS is telling me my freckle is getting darker :),87996296,a small pigmented spot on the skin,appearance,commenting,false,
freckle,25527437485,2010-09-25,I'm so tired of staying here..the only think it's worth living for is my freckle and he's far away..means I have to go away!!,43530663,a small pigmented spot on the skin,appearance,commenting,false,
freckle,25527501994,2010-09-25,I found a new freckle :D lol,76229157,a small pigmented spot on the skin,appearance,commenting,false,
freckle,25527737740,2010-09-25,"@Freckle_juice When his mother died! Dude, that's so mean! If you were a girl I would have to call that a bitch move!gf &mom is different!",96266984,a small pigmented spot on the skin,appearance,casual_conversation,false,
freckle,25527742874,2010-09-25,Irlol!!!! RT @SabrinaAlyse: @CCHHRRISTIINNAA pippi long stockings a freckle faced red head girrrllll!!!! Hahahah,37990159,a small pigmented spot on the skin,appearance,self_description,false,
freckle,25528071161,2010-09-25,"all day in the sun eqauals ugh, freckle faaaaace",40835993,a small pigmented spot on the skin,appearance,commenting,false,
freckle,25528415649,2010-09-25,@Freckle_juice Ohhhhhhha now that makes sense! for a minute there I thought you were a cold hearted beacch! Lol but it's Peter haha,96266984,a small pigmented spot on the skin,appearance,casual_conversation,false,
freckle,25528920245,2010-09-25,"""I like the way your hair falls in your face, you got the keys to me I love each freckle on your face""",151885474,a small pigmented spot on the skin,appearance,self_description,false,
freckle,25529244833,2010-09-25,@Freckle_juice I know you are that's why I was like whaaaaaat! Did he just get possessed by the devil! Haha,96266984,a small pigmented spot on the skin,appearance,casual_conversation,false,
freckle,25530003661,2010-09-25,"@Faireyfluff  @becbostock I have got a secret freckle, I call it a beauty spot",39836005,a small pigmented spot on the skin,appearance,casual_conversation,false,
freckle,25639518735,2010-09-27,"''hey guys, wanna see my secret freckle?!''",26643012,a small pigmented spot on the skin,appearance,commenting,false,
freckle,25640476515,2010-09-27,@_Anuuhhh has a secret freckle lmfao.,27194740,a small pigmented spot on the skin,appearance,casual_conversation,false,
freckle,25643882605,2010-09-27,Freckle Face,145889043,a small pigmented spot on the skin,appearance,self_description,false,
freckle,25644533396,2010-09-27,@Freckle_juice UmmMmmMmmm.... Sounds do-able!! Lol,75382601,a small pigmented spot on the skin,appearance,casual_conversation,false,
freckle,25644898615,2010-09-27,"@Freckle_juice No, I don't have facebook!! -_-",75382601,a small pigmented spot on the skin,appearance,self_description,false,
freckle,25645333747,2010-09-27,@Freckle_juice -_- I don't have FaceBook....#OldLadyTweet !! Lol,75382601,a small pigmented spot on the skin,appearance,self_description,false,
freckle,25645474999,2010-09-27,@Freckle_juice I got a bone to pick with you,59225648,a small pigmented spot on the skin,appearance,casual_conversation,false,
freckle,25645909716,2010-09-27,"Mona, her husband and Freckle are gone. Had delicious dinner, apple cranberry tart and fennel tea to make me very drowsy~",34039723,a small pigmented spot on the skin,appearance,commenting,false,
freckle,25645919744,2010-09-27,@Freckle_juice I see... Get out the middle of the street!! Lol,75382601,a small pigmented spot on the skin,appearance,casual_conversation,false,
freckle,25646432547,2010-09-27,Having my first bite of a choc freckle...after 7 weeks of self-imposed abstinence...LOVING IT!,18382340,a small pigmented spot on the skin,appearance,commenting,false,
freckle,26165328403,2010-10-02,@GC_Guy oh @__mares__ pussy is a lil Freckle,22464896,a small pigmented spot on the skin,appearance,casual_conversation,false,
freckle,26165853554,2010-10-02,@vaniaaneh @dsarsara @bloemin @freckle_licious @desjalovee @allen_holder FOLLOW ME? FOLLOW OF BACK,74228031,a small pigmented spot on the skin,appearance,casual_conversation,false,
freckle,26166077320,2010-10-02,wanna see my secret freckle? it's gotta hair in it!,75750075,a small pigmented spot on the skin,appearance,commenting,false,
freckle,26167777753,2010-10-02,The wine’s name sounds like a certain cartoon freckle-faced baseball player. http://om.ly/vyXQ,139855451,a small pigmented spot on the skin,appearance,self_description,false,
freckle,26168606067,2010-10-02,@Mitch___ Probably ok if it's half a hair past freckle (although when the hell that is I know not!) x,173457714,a small pigmented spot on the skin,appearance,casual_conversation,false,
freckle,26168830279,2010-10-02,"WHO SAID SUZAN BOIL HAD A FRECKLE ON HER BIG TOE? DID YOU? - no no, you must have mistaken me, i said Susan... http://tumblr.com/xa9kawlz9",20263695,a small pigmented spot on the skin,appearance,article_sharing,false,
freckle,26169826438,2010-10-02,@Freckle_licious classic song I wonder what happen to lyfe jennings,153522513,a small pigmented spot on the skin,appearance,casual_conversation,false,
freckle,26169881352,2010-10-02,RT @Freckle_licious: #NP Must Be Nice Lyfe Jennings,166594064,a small pigmented spot on the skin,appearance,casual_conversation,false,
freckle,26170343677,2010-10-02,@Freckle_licious yea he is freakin dope,153522513,a small pigmented spot on the skin,appearance,casual_conversation,false,
freckle,26170794559,2010-10-02,RT @Freckle_licious: Ive been through far too much and refuse to block OR miss a blessing because ive let a person put blinders on me...,55185995,a small pigmented spot on the skin,appearance,casual_conversation,false,
freckle,26792801366,2010-10-08,Off to visit the babiest of babies~! Freckle smushing time!,34039723,a small pigmented spot on the skin,appearance,commenting,false,
freckle,26793713883,2010-10-08,@freckle_wolf thats deffinately a possibility!,32614983,a small pigmented spot on the skin,appearance,casual_conversation,false,
freckle,26794000764,2010-10-08,@caitlinddixon I like the 2cm freckle near your right eye,19631476,a small pigmented spot on the skin,appearance,casual_conversation,false,
freckle,26795094517,2010-10-08,"@CosplayDeviants Oh no, I've seen that. What I mean is actually having a hologram of neon-painted Freckle on my physical desktop. :)",15793825,a small pigmented spot on the skin,appearance,casual_conversation,false,
freckle,26795364913,2010-10-08,Love this BRINK/OPP biz! RT @Peter_Murphy Snap Zoom. Snap Zoom. Snap Zoom. Freckle! @Orlando_LIVE @ARBjorklund http://plixi.com/p/49249984,26873509,a small pigmented spot on the skin,appearance,casual_conversation,false,
freckle,26795932802,2010-10-08,"New freckle alert! Yet it's in an odd location, probably from all the iPhone usage over the past 3 years.  http://yfrog.com/03gifgvj",41283,a small pigmented spot on the skin,appearance,article_sharing,false,
freckle,26796533332,2010-10-08,RT IF YOU ABSOLUTELY LOVE &lt;3 THAT FRECKLE JUSTIN HAS UNDERNEATH HIS LEFT EYE :),175862599,a small pigmented spot on the skin,appearance,commenting,false,
freckle,26798633687,2010-10-09,"RT @GodChicks: Remember, we were created in the image of God. He calls us beautiful & marvelous. Every curve, every freckle!",63364023,a small pigmented spot on the skin,appearance,self_description,false,
freckle,26798744024,2010-10-09,Let me stop messing with @ashcray before she puts some creole freckle voodoo on me. Lmfao,18360534,a small pigmented spot on the skin,appearance,casual_conversation,false,
freckle,26802355893,2010-10-09,@alexxlewczak your are one under my freckle limit.Sorry( :,145398319,a small pigmented spot on the skin,appearance,casual_conversation,false,
freckle,26894406329,2010-10-10,@Freckle_Special @judy_martinez @KillahMelissa @iitty_bittyy_ @JOislikeWOAH   lets get #sagewasted  tonight!,41011412,a small pigmented spot on the skin,appearance,casual_conversation,false,
freckle,26894778965,2010-10-10,@KendraLea08 ugghhh. Freckle fantastica!¡,73233221,a small pigmented spot on the skin,appearance,casual_conversation,false,
freckle,26895983204,2010-10-10,there's a freckle on my stomach and it's a lot bigger than it used to be. is that a bad thing?,127278962,a small pigmented spot on the skin,appearance,commenting,false,
freckle,26896108228,2010-10-10,im scared. someone please tell me if its a bad thing a freckle on my stomach got a lot bigger in just a day,127278962,a small pigmented spot on the skin,appearance,commenting,false,
freckle,26896151615,2010-10-10,someone once told me when a freckle grows it can turn out to be cancer.,127278962,a small pigmented spot on the skin,appearance,commenting,false,
freckle,26897027832,2010-10-10,RT @_ClassyTypee: @iThinkPINK_ Chill Myy iiSh qOtt FreCkle'ss» Nobodiee Needaa Knoww Yhaa Butt Gqott Freckles,52763594,a small pigmented spot on the skin,appearance,self_description,false,
freckle,26899474418,2010-10-10,Wanna see my secret freckle? It has a hair. Wanna help me name it.,73846394,a small pigmented spot on the skin,appearance,commenting,false,
freckle,26907327538,2010-10-10,"""I look like jack sparrow with a freckle!""-Sarah! Hah I love this girl!! :)",56781775,a small pigmented spot on the skin,appearance,commenting,false,
freckle,26907990702,2010-10-10,@caryannecanflyy Moles: Freckle's ugly cousin.,122112318,a small pigmented spot on the skin,appearance,casual_conversation,false,
freckle,26913473029,2010-10-10,"whos up? imma ask anway .. what would yall do if someone really put 'it' on your side burns, chipped tooth or freckle?",66818348,a small pigmented spot on the skin,appearance,commenting,false,
freckle,28915827200,2010-10-27,"@MZ_FUNSIZ3 Common sexy bald headed, freckle face, twinklin eyes ass is at TSU & im not there. :(",111256374,a small pigmented spot on the skin,appearance,self_description,false,
freckle,28916212863,2010-10-27,"RT @Malliahhh: @MZ_FUNSIZ3 Common sexy bald headed, freckle face, twinklin eyes ass is at TSU & im not there. :(• I'm not either!! :(",93120608,a small pigmented spot on the skin,appearance,self_description,false,
freckle,28916676133,2010-10-27,"#YouKnowImScottishWhen my mate asks me the time and a look at my wrist and go ""quater-past a freckle.""",34580147,a small pigmented spot on the skin,appearance,commenting,false,
freckle,28917016663,2010-10-27,"RT @YoungRichArtist: #YouKnowImScottishWhen my mate asks me the time and a look at my wrist and go ""quater-past a freckle.""",105843905,a small pigmented spot on the skin,appearance,casual_conversation,false,
freckle,28917422347,2010-10-27,RT @FS_LadiiEskie & they luv every last muthafukin freckle! Hahahaha! Lol,29411290,a small pigmented spot on the skin,appearance,casual_conversation,false,
freckle,28919446473,2010-10-27,RT @Dannys_Freckle: @mission_mcfly Thanks guys for the updates you provide everytime!,96145182,a small pigmented spot on the skin,appearance,casual_conversation,false,
freckle,28919447381,2010-10-27,RT @Dannys_Freckle: 59 sleeps till christmas! I'm a little bit excited!!!,74687276,a small pigmented spot on the skin,appearance,casual_conversation,false,
freckle,28919464885,2010-10-27,@Dannys_Freckle no problem!! Thanks for showing your appreciation! :D,96145182,a small pigmented spot on the skin,appearance,casual_conversation,false,
freckle,28920303717,2010-10-27,"""Thats my favorite freckle....I named it Richard."" Coral.",50360837,a small pigmented spot on the skin,appearance,commenting,false,
freckle,2260907098898434,2010-11-10,@artyy_Mcflyy *PULLS G4L CARD&gt;&gt;&gt; RIPZ!!! * I was ready to egg freckle face too smh,29618309,a small pigmented spot on the skin,appearance,self_description,false,
freckle,2261426089492480,2010-11-10,@ImSORo freckle face is not a 6ft 7 man that will smack my face into another timezone w/ease!!,136108062,a small pigmented spot on the skin,appearance,self_description,false,
freckle,2269297602727938,2010-11-10,What's the difference between a freckle and a mole?,38270149,a small pigmented spot on the skin,appearance,commenting,false,
freckle,2272384530780160,2010-11-10,@Yazzii_F_Babii oops a FRECKLE CAN'T BE RAISED there not very dangerous,109631638,a small pigmented spot on the skin,appearance,casual_conversation,false,
freckle,2273568205316096,2010-11-10,"RT @freckleandbean: New Episode of FRECKLE AND BEAN Available NOW

www.freckleandbean.com",37844696,a small pigmented spot on the skin,appearance,casual_conversation,false,
freckle,2309870233591808,2010-11-10,A freckle on the nose of life complexion,56348375,a small pigmented spot on the skin,appearance,commenting,false,
freckle,2310941374947328,2010-11-10,I like the way your hair falls in your face. You got the keys to me I love each freckle on your face,81336102,a small pigmented spot on the skin,appearance,self_description,false,
freckle,2311570839306240,2010-11-10,Makasih hlo :') RT @dintut: I like the way your hair falls in your face. You got the keys to me I love each freckle on your face,37811222,a small pigmented spot on the skin,appearance,self_description,false,
freckle,2311981579108352,2010-11-10,Ngg... sama2 mbak ¬_¬ RT @diskaye: Makasih hlo :') RT @dintut: You got the keys to me I love each freckle on your face,81336102,a small pigmented spot on the skin,appearance,self_description,false,
freckle,2331783928483842,2010-11-10,6:07 Chuck Prophet - Freckle Song,25534618,a small pigmented spot on the skin,appearance,commenting,false,
freckle,4793760575651840,2010-11-17,freckle face!!! ewww..(; http://twitpic.com/37k856,141473288,a small pigmented spot on the skin,appearance,self_description,false,
freckle,4811635675889664,2010-11-17,freckle!,72873862,a small pigmented spot on the skin,appearance,commenting,false,
freckle,4812419268349952,2010-11-17,Mystery Deepens Over Disabled NC Girl's Killing: Police were confident a freckle-faced http://goo.gl/fb/10Peo #blog,125630229,a small pigmented spot on the skin,appearance,self_description,false,
freckle,4831102413836289,2010-11-17,"@roy Billings is good, but Mac App. I need something Cloudy, thinking of Freckle. /cc @tanjadebie",16126725,a small pigmented spot on the skin,appearance,casual_conversation,false,
freckle,4831301697802240,2010-11-17,@jthug90 freckle makeup :) carrottop uses it lol,185172454,a small pigmented spot on the skin,appearance,casual_conversation,false,
freckle,4856815590309888,2010-11-17,@roy what do you think of Freckle then?,16126725,a small pigmented spot on the skin,appearance,casual_conversation,false,
freckle,4878439525912577,2010-11-17,@GBswimstars haha no just gone a darker shade of white with the odd freckle or two but costume marks are sadly unavoidable :(,185688167,a small pigmented spot on the skin,appearance,casual_conversation,false,
freckle,4882726540808192,2010-11-17,Yoo I need this RT @Freckle_juice: New Design: 3/4 sleeve Varsity Cardigan &gt;&gt;  http://plixi.com/p/57430127,33376443,a small pigmented spot on the skin,appearance,casual_conversation,false,
freckle,4885934617141248,2010-11-17,@Freckle_juice feel better hun,157229712,a small pigmented spot on the skin,appearance,casual_conversation,false,
freckle,4893524843565056,2010-11-17,@Freckle_juice WHERE U GONNA BE AT #NOV26? Betta Be MY Party @nightFlight http://twitpic.com/2zmiqb http://twitpic.com/2zmixt,50668922,a small pigmented spot on the skin,appearance,casual_conversation,false,
freckle,8738446612893696,2010-11-28,Iight stay dere lol omw RT @Freckle_juice: I don't work tomorrow... so yeah...,68310780,a small pigmented spot on the skin,appearance,casual_conversation,false,
freckle,8740605396000768,2010-11-28,"""With him, I dont have to put on a show,
He loves every freckle, every curve, every inch of my skin""",147677015,a small pigmented spot on the skin,appearance,commenting,false,
freckle,8749526709968896,2010-11-28,"@BobKatSam ""you wanna see my secret freckle.!? Its got a HAIR on it.!"" Ahahaha ahh I love this movie.! Lol :D",96734037,a small pigmented spot on the skin,appearance,casual_conversation,false,
freckle,8759702745784320,2010-11-28,Word lol RT @Freckle_juice: With @BelairBoyBreeze at a house party... I got a lot to say right now but a couple ppl here are following me =X,68310780,a small pigmented spot on the skin,appearance,casual_conversation,false,
freckle,8759922724438016,2010-11-28,I'm a freckle on the nose of life's complexion.,16406059,a small pigmented spot on the skin,appearance,commenting,false,
freckle,8761084739588096,2010-11-28,Lmao RT @Freckle_juice: With @BelairBoyBreeze at a house party... I got a lot to say right now but a couple ppl here are following me =X,30740182,a small pigmented spot on the skin,appearance,casual_conversation,false,
freckle,8762269651443713,2010-11-28,But whether I'm the rose of sheer perfection..A freckle on the nose of life's complexion. Don't bring around the cloud to rain on my parade!,43464884,a small pigmented spot on the skin,appearance,commenting,false,
freckle,8762397800013824,2010-11-28,Ay Yo what part if the house yu at @Freckle_juice lol,30740182,a small pigmented spot on the skin,appearance,casual_conversation,false,
freckle,8764772052901888,2010-11-28,@Freckle_juice RIP to the liver,30740182,a small pigmented spot on the skin,appearance,casual_conversation,false,
freckle,8767421330493441,2010-11-28,@bookladee Moles: Freckle's ugly cousin.,122112318,a small pigmented spot on the skin,appearance,casual_conversation,false,
freckle,10354700234792960,2010-12-02,@Freckle_juice it kinda was...can't wait for part 2,78214907,a small pigmented spot on the skin,appearance,casual_conversation,false,
freckle,10355522708443136,2010-12-02,@_FRECKLE_FACE_ true,164430058,a small pigmented spot on the skin,appearance,self_description,false,
freckle,10355555403042816,2010-12-02,"Hanna: ""I wanted to remember every freckle on her (hayley)body"" #hayes",191136716,a small pigmented spot on the skin,appearance,commenting,false,
freckle,10355688081457152,2010-12-02,@MsBdaCEO lmao freckle face #classic,157668804,a small pigmented spot on the skin,appearance,self_description,false,
freckle,10360192336142336,2010-12-02,"@ShakaHislop obviously FIFA are thinking about money, Russia I understand but Qatar is a freckle when it comes to football absolute disgrace",214437148,a small pigmented spot on the skin,appearance,casual_conversation,false,
freckle,10366392356315136,2010-12-02,@Dannys_freckle thanks love! =) Xx,57437507,a small pigmented spot on the skin,appearance,casual_conversation,false,
freckle,10367215702380544,2010-12-02,@GeorgiaHorsley1 what about fave Danny freckle? http://media.tumblr.com/tumblr_lcsbmarHfq1qcs7jk.png,30899958,a small pigmented spot on the skin,appearance,casual_conversation,false,
freckle,10371042568568832,2010-12-02,"@amyhoy I mean, in Freckle, something in the tracking popup that says ""hey, so you still have xx hours to spend on this project - hurry""",9216662,a small pigmented spot on the skin,appearance,casual_conversation,false,
freckle,10374616459513856,2010-12-02,Man..... Red bone freckle face why haven't u came into my life yet?,113239018,a small pigmented spot on the skin,appearance,self_description,false,
freckle,10375549503406080,2010-12-02,"@remka ooooooh, i see now. interesting idea. that's the kind of thing i'd like to see in freckle too - more tacit ""awareness""",627213,a small pigmented spot on the skin,appearance,casual_conversation,false,
freckle,11777616356839424,2010-12-06,"RT @Freckle_juice: Friends will keep you sane... Love could fill your heart, A lover can w your bed.... But lonely ... http://tmi.me/3TzvQ",32330016,a small pigmented spot on the skin,appearance,casual_conversation,false,
freckle,11777984717389824,2010-12-06,@freckle_foot yep looking forward to seeing you :) x,20171527,a small pigmented spot on the skin,appearance,casual_conversation,false,
freckle,11785005080514560,2010-12-06,@Dannys_freckle oh really? :O It wasn't in the post yet...hope they didn't forget about me =/ xxx,22360041,a small pigmented spot on the skin,appearance,casual_conversation,false,
freckle,11785932336275456,2010-12-06,@Dannys_freckle haha ok ok....sorry :P but I hate this...I'm such an impatient little girl :D fingers crossed it will!!!! xxx,22360041,a small pigmented spot on the skin,appearance,casual_conversation,false,
freckle,11793850695680000,2010-12-06,I wish I was in NY RT @Freckle_juice: I love the snow!! :-),154267296,a small pigmented spot on the skin,appearance,casual_conversation,false,
freckle,11797225436876800,2010-12-06,@wildfreckle Yeah but your idea of a garden bird is a Hen Harrier or 1 of 2 species of Eagle - lucky freckle,27114278,a small pigmented spot on the skin,appearance,casual_conversation,false,
freckle,11801372131328000,2010-12-06,@Dannys_freckle wow thats well cool :) i have only had 2 its the best feeling ever :),43422693,a small pigmented spot on the skin,appearance,casual_conversation,false,
freckle,11801881152065536,2010-12-06,"... ""is this freckle on my thumb new?"" #jurydutyinnermonologue",22744842,a small pigmented spot on the skin,appearance,commenting,false,
freckle,11803708937478144,2010-12-06,@Dannys_freckle haha aaaawww thaaaaanks :) xxxx,22360041,a small pigmented spot on the skin,appearance,casual_conversation,false,
freckle,11804710726012928,2010-12-06,RT @bugboybaker: @wildfreckle Yeah but your idea of a garden bird is a Hen Harrier or 1 of 2 species of Eagle - lucky freckle,19261040,a small pigmented spot on the skin,appearance,casual_conversation,false,
freckle,14449727110127616,2010-12-13,@Freckle_licious hide ya kids cuz he rappin everybody out here....,214660328,a small pigmented spot on the skin,appearance,casual_conversation,false,
freckle,14450563605340160,2010-12-13,@CaramalGoodness @Freckle_licious u'll understand wat im tryna say if u saw the news wit da guy name antoine n dey made his story a comedy,214660328,a small pigmented spot on the skin,appearance,casual_conversation,false,
freckle,14451370140635136,2010-12-13,"Shooting some Freckle and Bean interviews, see behind the scenes footage & get to know the cast and characters :) Interviews dropping soon!",113476700,a small pigmented spot on the skin,appearance,commenting,false,
freckle,14453842506678272,2010-12-13,RT @texas10titans: === [•••VIP Shout Out•••] )) ===&gt;&gt;&gt; @TheRealICIELYNN @diamondzz24 @BestPROMOtrain @reneedickerson1 @Freckle_ ...,177264780,a small pigmented spot on the skin,appearance,casual_conversation,false,
freckle,14455313566535680,2010-12-13,RT @Freckle_licious I don't wanna see Jamie Foxx in this cold...idk why they keep texting me about it.,27321961,a small pigmented spot on the skin,appearance,casual_conversation,false,
freckle,14456944198688768,2010-12-13,Mmm.. Freckle banana :),46934021,a small pigmented spot on the skin,appearance,commenting,false,
freckle,14462790420922368,2010-12-13,"What a fun night! Words repeatedly heard from Liam today: ""Thank you!"", ""Freckle"", and ""Please"". I kid you not.",115505105,a small pigmented spot on the skin,appearance,commenting,false,
freckle,14469687874162688,2010-12-14,RT @Freckle_licious: I whip my hair back and forth...,16370954,a small pigmented spot on the skin,appearance,casual_conversation,false,
freckle,14470007631126528,2010-12-14,@Freckle_licious Damnnnnnn,24906308,a small pigmented spot on the skin,appearance,casual_conversation,false,
freckle,16218662063054848,2010-12-18,Such a male model. It's the sexy freckle. http://twitpic.com/3h6qem,28924621,a small pigmented spot on the skin,appearance,article_sharing,false,
freckle,16225203168215040,2010-12-18,"RT @GingerProblems: No two gingers have the same freckle pattern, and this is how individual gingers can be identified. #GingerFacts",95268968,a small pigmented spot on the skin,appearance,casual_conversation,false,
freckle,16232505212403712,2010-12-18,@kellykdavis Moles: Freckle's ugly cousin.,122112318,a small pigmented spot on the skin,appearance,casual_conversation,false,
freckle,16237424732545024,2010-12-18,I am a giant freckle.,27781588,a small pigmented spot on the skin,appearance,commenting,false,
freckle,16239920003686400,2010-12-18,But weather im a rose of sheer perfection; a freckle on the nose of life's complection.,152389379,a small pigmented spot on the skin,appearance,commenting,false,
freckle,16240102330077184,2010-12-18,RT @mannymlopezBut weather im a rose of sheer perfection; a freckle on the nose of life's complection.: But weat... http://bit.ly/hjxnVY,226691191,a small pigmented spot on the skin,appearance,casual_conversation,false,
freckle,16241651181686784,2010-12-18,@Freckle_juice Hey dolls! I misss you to0o0o,31572149,a small pigmented spot on the skin,appearance,casual_conversation,false,
freckle,16246483951026176,2010-12-18,"@AlwaysAlice_ *points at @ExAIphaJake* It's not a freckle banana, he didn't eat it. *shrugs*",225656889,a small pigmented spot on the skin,appearance,casual_conversation,false,
freckle,16251548115927040,2010-12-18,When I look in the mirror the only one there is me. Every freckle on my face is where it's supposed to be.,138514025,a small pigmented spot on the skin,appearance,self_description,false,
freckle,16258125795430400,2010-12-18,"Dear Chris Evans, I Want To Kiss Every Freckle, Beauty Mark And Spot On Your Body.-DI",18641977,a small pigmented spot on the skin,appearance,commenting,false,
freckle,20248711783256064,2010-12-29,"I told him tht damn flt would be cancelled, now I gotta go back to get @FATLARRY10 !! RT @FancySammy: @freckle_fitness Yessss!!!",229912127,a small pigmented spot on the skin,appearance,casual_conversation,false,
freckle,20250492344995840,2010-12-29,@FATLARRY10 @freckle_fitness g' did your flight get canceled,20010782,a small pigmented spot on the skin,appearance,casual_conversation,false,
freckle,20252669520125952,2010-12-29,"He loves every freckle, every inch of my skin, every curve ... No need for a cover up ... with him I don't have to put on a show",164220275,a small pigmented spot on the skin,appearance,commenting,false,
freckle,20255641159340032,2010-12-29,@khtx is an auburn brown...  so the spot on my nose just looks like a darker freckle :o)  love this colour though in my hair!,38068719,a small pigmented spot on the skin,appearance,casual_conversation,false,
freckle,20256632445345792,2010-12-29,@MegzyTred So that's the reason why that freckle in that face didn't disappear with Photoshop! LOL,14122668,a small pigmented spot on the skin,appearance,self_description,false,
freckle,20258952772059136,2010-12-29,@MalcolmX11 what the fuck is poppn freckle Fred? Lol,103209146,a small pigmented spot on the skin,appearance,casual_conversation,false,
freckle,20266011039113216,2010-12-29,RT @mwyatt17: RT @freckle_fitness I just need to go get fuckin high.... *do it do it...sike dont*--oh I soo am nye buddy!,229912127,a small pigmented spot on the skin,appearance,casual_conversation,false,
freckle,20267931090817024,2010-12-30,"""It looks like a freckle bomb went off in your face."" #toquotemylovingwife",68688819,a small pigmented spot on the skin,appearance,self_description,false,
freckle,20267959373012992,2010-12-30,@ZoeStorm2001 Yes. lol. 'can i show you my freckle?'...I need to ask papi that lol.,15817520,a small pigmented spot on the skin,appearance,casual_conversation,false,
freckle,20270591101640704,2010-12-30,RT @mwyatt17: RT @freckle_fitness I will slap u w the blunt if I see u smokn--ur ass will be smokin too #jetlife,229912127,a small pigmented spot on the skin,appearance,casual_conversation,false,
gunt,7280602291,2010-01-01,@hutty ive got a proper gunt! Turbo Monday! Hooray! Must shift fat ass off sofa!,42387521,overhanging gut/crotch area; body-shape term,appearance,commenting,false,
gunt,7283141416,2010-01-02,"this year's resolution?  to use the word ""gunt"" in it's proper context at least once a day & to cut back on my shit talking.",19870733,overhanging gut/crotch area; body-shape term,appearance,commenting,false,
gunt,7283415003,2010-01-02,Gizmodo's Essential iPhone Apps: The Best of 2009 [IPhone Apps] http://post.ly/GunT,57820553,overhanging gut/crotch area; body-shape term,appearance,technology_discussion,false,
gunt,7419398060,2010-01-05,My word for 2010 is Gunt...thank u Marcus Brigstock!,20972435,overhanging gut/crotch area; body-shape term,appearance,humor,true,Manual override -> humor | Irony audit: Tweet explicitly jokes about 'word for 2010 is Gunt'.
gunt,7419565570,2010-01-05,@My1TrueFace ...gunt? ^o),26280605,overhanging gut/crotch area; body-shape term,appearance,casual_conversation,false,
gunt,7420823198,2010-01-06,"Is watching Argumental, and has just learnt the best new word of 2010. 'Gunt'. Fantastic - I hope i get to use it in the future. I think. ;)",34400798,overhanging gut/crotch area; body-shape term,appearance,humor,true,Manual override -> humor | Irony audit: Calls it the best new word of 2010 with playful tone.
gunt,7421224022,2010-01-06,after watching argumental my new favourite word is gunt,40035377,overhanging gut/crotch area; body-shape term,appearance,humor,true,Manual override -> humor | Irony audit: States 'new favourite word' playfully.
gunt,7423686312,2010-01-06,"OK, the word 'Gunt' is going to enter modern day language over the next twelve months, I'm on a mission!",24083643,overhanging gut/crotch area; body-shape term,appearance,humor,true,Manual override -> humor | Irony audit: Overtly jokey mission to spread the word 'Gunt'.
gunt,7427752806,2010-01-06,"RT @MissCherylBaby: #NotCute wearing spandex when you have a gunt. (gut+cunt=gunt, for those that didn't know)&lt;&gt;Lmao!! #Preach haha",82476458,overhanging gut/crotch area; body-shape term,appearance,fashion_beauty,false,Manual override -> fashion_beauty
gunt,7441029002,2010-01-06,"""bono's only trying to earn a crust"" - yes, but he's still a gunt, @chopstock!",20240941,overhanging gut/crotch area; body-shape term,appearance,criticism,false,Manual override -> criticism
gunt,7444249496,2010-01-06,@thevulva Am I lucky that I don't know exactly what the gunt is?,30183787,overhanging gut/crotch area; body-shape term,appearance,casual_conversation,false,
gunt,7444342461,2010-01-06,@charlenepalmer elaborate on a gunt pls..,16901202,overhanging gut/crotch area; body-shape term,appearance,casual_conversation,false,Manual override -> casual_conversation
gunt,7445830854,2010-01-06,If u gunt wen u bend ova #YOUFAT,28515493,overhanging gut/crotch area; body-shape term,appearance,criticism,false,Manual override -> criticism
gunt,9069523025,2010-02-13,@lauraplatt gunt,32150710,overhanging gut/crotch area; body-shape term,appearance,casual_conversation,false,
gunt,9077496143,2010-02-14,Gunt. That is all,20378802,overhanging gut/crotch area; body-shape term,appearance,commenting,false,
gunt,9096035068,2010-02-14,#freelance jobs: Website template design by eliteclassifieds: Require a template web site design for gunt... http://bit.ly/dxMz5N #projects,109293507,overhanging gut/crotch area; body-shape term,appearance,advertising_spam,false,Darwin audit -> advertising_spam
gunt,9105467087,2010-02-14,@slugworthy @fundrummerchick Gunt is the best word. And on a guy? Gock.,62975545,overhanging gut/crotch area; body-shape term,appearance,casual_conversation,false,
gunt,9106006870,2010-02-14,@mystagenameis @fundrummerchick @HawkandG @slugworthy I really enjoy the word Gunt. A lot.,21458387,overhanging gut/crotch area; body-shape term,appearance,casual_conversation,false,
gunt,9109782599,2010-02-14,I would like to punch higgins right in his gunt,11829332,overhanging gut/crotch area; body-shape term,appearance,commenting,false,
gunt,9176649321,2010-02-16,Goodnight Scrappy Jane. Goodnight Gamera. Goodnight sleepy Faye. Time to buy 4 Washington lottery tix +double double shots per Dr. Gunt's Rx,1562791,overhanging gut/crotch area; body-shape term,appearance,commenting,false,
gunt,9178800515,2010-02-16,"The ""Are You Fat?"" contest has officially started!  Head on over to  http://bit.ly/coKxdm and weigh-in! Bonus points for your gunt pics #fb",31002644,overhanging gut/crotch area; body-shape term,appearance,advertising_spam,false,Darwin audit -> advertising_spam
gunt,9183034687,2010-02-16,@frankieapples Whats a Gunt?? I like it.,23598625,overhanging gut/crotch area; body-shape term,appearance,casual_conversation,false,
gunt,9192429854,2010-02-16,"For those of you who are morbidly obese, hanging-gunt, heart-clogged, mouth-stuffing human whales, every day is Fat Tuesday!",21613794,overhanging gut/crotch area; body-shape term,appearance,commenting,false,
gunt,9211711705,2010-02-17,Marketing Tips: The Internet Marketing Secret That Stops Small ...: Internet Marketing Automation Coach Donna Gunt... http://bit.ly/d3nUgv,56349379,overhanging gut/crotch area; body-shape term,appearance,article_sharing,false,
gunt,9214662423,2010-02-17,Marketing Tips: The Internet Marketing Secret That Stops Small ...: Internet Marketing Automation Coach Donna Gunt... http://bit.ly/bfVSup,44410889,overhanging gut/crotch area; body-shape term,appearance,article_sharing,false,
gunt,9217641404,2010-02-17,"Aaron Sanchez is the only cool chef/judge on 'Chopped'. Guarnaschelli needs to be kicked in the gunt, and same as Zakarian.",21049307,overhanging gut/crotch area; body-shape term,appearance,commenting,false,
gunt,10281761664,2010-03-10,person getting in the way of my shoe purchase - i will kick you in the gunt!,120166082,overhanging gut/crotch area; body-shape term,appearance,commenting,false,
gunt,10295024628,2010-03-10,@ongoingbs I'd say  a gunt. I'd flap it all day to announce my arrival. Cankles are Air Jordans enemy #1.,22588620,overhanging gut/crotch area; body-shape term,appearance,casual_conversation,false,
gunt,10295141491,2010-03-10,Only with a side of socks in rocks #triplethreat RT @OngoingBS Would you rather have cankles or a gunt? #question,32676979,overhanging gut/crotch area; body-shape term,appearance,casual_conversation,false,
gunt,10307677690,2010-03-11,"@THE_bomb_DOTcom lol whatever with yo ""gose"" (gunt pose) in yours! Lol",62446657,overhanging gut/crotch area; body-shape term,appearance,casual_conversation,false,
gunt,10409938168,2010-03-13,Going in for the Gunt @ChrispyDivine http://tweetphoto.com/14203756,16305183,overhanging gut/crotch area; body-shape term,appearance,casual_conversation,false,
gunt,10434820295,2010-03-13,Help gunt alert on lets dance for sport relief!!!!!,39348085,overhanging gut/crotch area; body-shape term,appearance,commenting,false,
gunt,10435101086,2010-03-13,@laurasayers BLIMEY that's a gunt and a half,19853736,overhanging gut/crotch area; body-shape term,appearance,casual_conversation,false,
gunt,10436197193,2010-03-13,"After a few bottles we've decided that ""gunt"" meaning when a fat tummy and ladybits merge, is the rudest word in the English language.",25481258,overhanging gut/crotch area; body-shape term,appearance,commenting,false,
gunt,10436906462,2010-03-13,"@floheiss no, the real hot issue is the word gunt. SXSW is just a load of old digital ad stuf isn't it? I can't imagine what else to add",25481258,overhanging gut/crotch area; body-shape term,appearance,casual_conversation,false,
gunt,10438310541,2010-03-13,"RT @golansleepweed: After a few bottles we've decided that ""gunt"" meaning when a fat tummy and ladybits merge, is the rudest word in the ...",17365866,overhanging gut/crotch area; body-shape term,appearance,commenting,false,
gunt,10445368665,2010-03-14,"when searching for Top Gun online, don't accidentally search for Top Gunt.",39312906,overhanging gut/crotch area; body-shape term,appearance,commenting,false,
gunt,10779044916,2010-03-20,HAHAHAHAHAHA! RT @Booooobies watch out hes got a Gunt !!,20240941,overhanging gut/crotch area; body-shape term,appearance,humor,false,
gunt,10783903104,2010-03-20,Still got the Kickspit Underground Music Festival on the brain - RIP Ass Dan #Thurdersex #Gunt #mudeating #MrsPotatoDick #FactsofLifeSeason3,721163,overhanging gut/crotch area; body-shape term,appearance,commenting,false,
gunt,10788961085,2010-03-20,my brother and I got our mother to say gunt...WTF is wrong with us...lmao,25362760,overhanging gut/crotch area; body-shape term,appearance,commenting,false,
gunt,10812354548,2010-03-21,Why does Gunt Girl magazine only have ugly chicks. Fuck.,26817761,overhanging gut/crotch area; body-shape term,appearance,commenting,false,
gunt,10817432186,2010-03-21,"#nowplaying 21 gunt - Green day --&gt; btw, green day apanya green zone yaa?",46360298,overhanging gut/crotch area; body-shape term,appearance,commenting,false,
gunt,10819977638,2010-03-21,Dear girls over 200lbs-For the love of God-Please keep your shirt down while dancing on the bar.We do not want to c your GUNT.It's NOT sexy.,103946194,overhanging gut/crotch area; body-shape term,appearance,commenting,false,
gunt,10820052257,2010-03-21,"For those of you who are unaware, a *GUNT* is a cross between a ""C U Next Tuesday"" and a ""Gut.""",103946194,overhanging gut/crotch area; body-shape term,appearance,commenting,false,
gunt,11027077181,2010-03-25,Photo: gunt-: and I never slept! Woo http://tumblr.com/x427t5so1,16219152,overhanging gut/crotch area; body-shape term,appearance,article_sharing,false,
gunt,11027332910,2010-03-25,gunt-: can I come. I need shirts. :C and skirts. http://tumblr.com/x427t61gv,16219152,overhanging gut/crotch area; body-shape term,appearance,article_sharing,false,
gunt,11027403252,2010-03-25,gunt-: C U AT URBAN GRRRRRRRRRL LOLOLOL GRRRRL POWER http://tumblr.com/x427t63tr,16219152,overhanging gut/crotch area; body-shape term,appearance,article_sharing,false,
gunt,11027926849,2010-03-25,gunt-: my oterus hurts so much i have to pee oh my god http://tumblr.com/x427t6l0z,16219152,overhanging gut/crotch area; body-shape term,appearance,article_sharing,false,
gunt,11027960033,2010-03-25,Photo: gunt-: oh my god my face looks like a literal oval because i pulled my head back as far as i could... http://tumblr.com/x427t6m33,16219152,overhanging gut/crotch area; body-shape term,appearance,article_sharing,false,
gunt,11028003614,2010-03-25,Photo: gunt-: jesus shit fuck dont fucking oh jesus oh god oh god http://tumblr.com/x427t6njc,16219152,overhanging gut/crotch area; body-shape term,appearance,article_sharing,false,
gunt,11028027207,2010-03-25,Photo: gunt-: needz moar meme http://tumblr.com/x427t6o8o,16219152,overhanging gut/crotch area; body-shape term,appearance,article_sharing,false,
gunt,11028046241,2010-03-25,Photo: gunt-: I thought you said nigger falls my natural reaction; Digrassi? http://tumblr.com/x427t6ost,16219152,overhanging gut/crotch area; body-shape term,appearance,article_sharing,false,
gunt,11028083877,2010-03-25,"Photo: gunt-: even though the only black people are wheel chair jimmy, liberety and her little brother. http://tumblr.com/x427t6q2c",16219152,overhanging gut/crotch area; body-shape term,appearance,article_sharing,false,
gunt,11040770262,2010-03-25,"learnt a new word today: gunt. it’s probably what you think it is, but worse. courtesy of Doyle. the office stripper.",47457833,overhanging gut/crotch area; body-shape term,appearance,commenting,false,
gunt,11140347666,2010-03-27,@hollacious ......gunt.......,29187333,overhanging gut/crotch area; body-shape term,appearance,casual_conversation,false,
gunt,11161759278,2010-03-27,"via Ben Gunt, FB: lovely_lady_t posted a new favorite picture (via): http://bit.ly/dbUfXH",55369168,overhanging gut/crotch area; body-shape term,appearance,article_sharing,false,
gunt,11165004965,2010-03-27,"Family Gunt

#altsitcoms",117900398,overhanging gut/crotch area; body-shape term,appearance,commenting,false,
gunt,11170636676,2010-03-28,A narrow victory over gunt.  http://twitpic.com/1beiwt,8906992,overhanging gut/crotch area; body-shape term,appearance,article_sharing,false,
gunt,11173490868,2010-03-28,@shanecarwin  red fucking dragons destroy that gunt pig,90500176,overhanging gut/crotch area; body-shape term,appearance,casual_conversation,false,
gunt,12138844784,2010-04-14,Ok I learned two new words today.  Gunt and Panis.,15153542,overhanging gut/crotch area; body-shape term,appearance,commenting,false,
gunt,12138961828,2010-04-14,"@barefootfoodie I know gunt, but what's panis",23981797,overhanging gut/crotch area; body-shape term,appearance,casual_conversation,false,
gunt,12140141238,2010-04-14,@barefootfoodie Gunt is one of my hunny's fav words. Nasty if ask me!,111219691,overhanging gut/crotch area; body-shape term,appearance,casual_conversation,false,
gunt,12156320298,2010-04-14,just been sent the most shocking photos of a 46st woman who squashes men for a living. Gunt doesn't even go into it,50014022,overhanging gut/crotch area; body-shape term,appearance,commenting,false,
gunt,12160619032,2010-04-14,Escuchando...  Made out of Babies - Gunt,20630947,overhanging gut/crotch area; body-shape term,appearance,commenting,false,
gunt,12172343610,2010-04-14,"Why you be hating girl RT @anapavkovic: o, o, o, realiteit gunt niet @afroiszy !!",27415511,overhanging gut/crotch area; body-shape term,appearance,casual_conversation,false,
gunt,12178691295,2010-04-14,"@barefootfoodie GUNT = Beanie and Mr T, baby.",15987929,overhanging gut/crotch area; body-shape term,appearance,casual_conversation,false,
gunt,12246343870,2010-04-15,"""Gunt: Bulging area found on large older women between the waist and the genital area. Not quite a gut, not quite a cunt... The Gunt."" EW!",21544115,overhanging gut/crotch area; body-shape term,appearance,commenting,false,
gunt,12246545327,2010-04-15,Respect the GUNT hahahahahah stoned making fun of my Vice comments,18455229,overhanging gut/crotch area; body-shape term,appearance,humor,false,
gunt,12246869163,2010-04-15,"@MissTin -- haha...N(ice)UPA is a way better term. aren't you glad you looked up ""gunt""?",13600872,overhanging gut/crotch area; body-shape term,appearance,casual_conversation,false,
gunt,12248634768,2010-04-15,Wie gunt me nog 3followers #wheretheloveat?,98948047,overhanging gut/crotch area; body-shape term,appearance,commenting,false,
gunt,12248684618,2010-04-15,RT @Donshemaro3: Wie gunt me nog 3followers #wheretheloveat?,126880018,overhanging gut/crotch area; body-shape term,appearance,casual_conversation,false,
gunt,12249768659,2010-04-15,I want to eat poutine. Frencfies with cheese curds and gravy. Fat. Gunt.,14472455,overhanging gut/crotch area; body-shape term,appearance,commenting,false,
gunt,12266556522,2010-04-16,"RT @maprangs: FML.,,fml muen gunT.T",94754172,overhanging gut/crotch area; body-shape term,appearance,casual_conversation,false,
gunt,12271615028,2010-04-16,Grandma Gurchrud grippin' grain grind' grey gunt all over the grinch green 'gini!,25403562,overhanging gut/crotch area; body-shape term,appearance,commenting,false,
gunt,12271650584,2010-04-16,Grandma Gurchrud grippin' grain grindin' grey gunt all over the grinch green 'gini!,25403562,overhanging gut/crotch area; body-shape term,appearance,commenting,false,
gunt,12288354511,2010-04-16,"""she should start a band called gunt and roses"" FTMFW",14701144,overhanging gut/crotch area; body-shape term,appearance,commenting,false,
gunt,12971107652,2010-04-27,RUSSIAN ROLET IS NOT THE SAME WITHOUT A GUNT KKKKKK ne @iuks rssrrs,18906817,overhanging gut/crotch area; body-shape term,appearance,casual_conversation,false,
gunt,12971868677,2010-04-27,RT @Camberien #3wordsbeforesex Who's my daddy?---u gunt nasty lol,30362065,overhanging gut/crotch area; body-shape term,appearance,casual_conversation,false,
gunt,12979747012,2010-04-28,"@JaneGloverDunne I like that ""sag"". Its also known as a GUNT. That's a combo gut and cunt!",108626420,overhanging gut/crotch area; body-shape term,appearance,commenting,false,
gunt,12980535866,2010-04-28,@primandpaper I like gunt now. Its so dirty!,108626420,overhanging gut/crotch area; body-shape term,appearance,casual_conversation,false,
gunt,12987585747,2010-04-28,@bunsenburger GUNT?!?! &lt;gag&gt;,8844972,overhanging gut/crotch area; body-shape term,appearance,casual_conversation,false,
gunt,12994229648,2010-04-28,"Due to silvermine I cannot sleep like a normal person, I am glad tho to learn that a Gunt is the same thing as a #fupa lets make #fupa a TT",19573559,overhanging gut/crotch area; body-shape term,appearance,commenting,false,
gunt,13560330423,2010-05-07,"GUNT n. Of the larger woman, when the gut and cunt become one indistinguishable bulge below the belt. A super-poond.",131211481,overhanging gut/crotch area; body-shape term,appearance,commenting,false,
gunt,13562846858,2010-05-07,"@ihuntmidgets If you rearrange the letters in your name, you can spell ""HIT HIS GUNT.""",39369840,overhanging gut/crotch area; body-shape term,appearance,casual_conversation,false,
gunt,13562894285,2010-05-07,"@ihuntmidgets Actually, that's wrong. But you can still spell ""Shit Gunt.""",39369840,overhanging gut/crotch area; body-shape term,appearance,casual_conversation,false,
gunt,13563041572,2010-05-07,@am_walters I love 'crunt' - and 'gunt' !,57081256,overhanging gut/crotch area; body-shape term,appearance,casual_conversation,false,
gunt,13571033555,2010-05-07,@phanindrag1 what r u doing there gunt?,17515357,overhanging gut/crotch area; body-shape term,appearance,casual_conversation,false,
gunt,13572916600,2010-05-07,@Brickz_187 nigga thats dblock tho they was shittin on gunt thats one group of people,38347054,overhanging gut/crotch area; body-shape term,appearance,casual_conversation,false,
gunt,13576056022,2010-05-07,"Where? I know artillery gotta party toniite, me n gunt gone fall thru",26781127,overhanging gut/crotch area; body-shape term,appearance,commenting,false,
gunt,13584305315,2010-05-08,@guntjaratwasan yesssss let's party tonight e gunt!!!!! I miss you soooo much!,52152676,overhanging gut/crotch area; body-shape term,appearance,casual_conversation,false,
gunt,13591391607,2010-05-08,"Also, still laughing at ""gunt."" hahaha.",69185732,overhanging gut/crotch area; body-shape term,appearance,humor,false,
gunt,13595089990,2010-05-08,Haha these fools wit #bustdowns talk about #downgrade bahah ya Gunt!,24901690,overhanging gut/crotch area; body-shape term,appearance,commenting,false,
gunt,13810126299,2010-05-11,RT @jupitusphillip: What was that 1970s orange drink you made from a sachet of powder called? Munting? &lt;- Does munting lead to a gunt?,52403083,overhanging gut/crotch area; body-shape term,appearance,casual_conversation,false,
gunt,13820903891,2010-05-12,@glenbushell 2 things. Should have given her a gag then took out her ovaries... And 2 what's a gunt? Lol I can guess the last bit methinks.,31163016,overhanging gut/crotch area; body-shape term,appearance,casual_conversation,false,
gunt,13821792479,2010-05-12,RT @aintbut1toeknee purpose of a #sidehoe is 2 fulfill areaz ur #main is lackin..y risk losin ur #main ova a gunt azz downgrade..#ijs,29279290,overhanging gut/crotch area; body-shape term,appearance,casual_conversation,false,
gunt,14740188406,2010-05-26,"@PerezHilton #gunt ""check out her gunt!"" a womans gut that hangs over her c*nt! oh my!!",26373938,overhanging gut/crotch area; body-shape term,appearance,commenting,false,
gunt,14741070882,2010-05-26,"RT @AnthoBuzz: @PerezHilton #gunt ""check out her gunt!"" a womans gut that hangs over her c*nt! oh my!!",17265943,overhanging gut/crotch area; body-shape term,appearance,commenting,false,
gunt,14754554390,2010-05-26,Microsoft gunt blik in Outlook http://dld.bz/eXbM,16285266,overhanging gut/crotch area; body-shape term,appearance,article_sharing,false,
gunt,14773559435,2010-05-26,Nog 9 followeres wie gunt me?,56829786,overhanging gut/crotch area; body-shape term,appearance,commenting,false,
gunt,14773696637,2010-05-26,wie gunt me 200 followers?,71068604,overhanging gut/crotch area; body-shape term,appearance,commenting,false,
gunt,14773964072,2010-05-26,RT @sickMADDD: Follow haar !!! RT @RSCU1: wie gunt me 200 followers?,71068604,overhanging gut/crotch area; body-shape term,appearance,casual_conversation,false,
gunt,14774392352,2010-05-26,Wie gunt me nog 1follower,71062876,overhanging gut/crotch area; body-shape term,appearance,commenting,false,
gunt,14775859109,2010-05-26,I have a lot of favorite words. One of my faves is Gunt.,16377415,overhanging gut/crotch area; body-shape term,appearance,commenting,false,
gunt,14777890118,2010-05-26,New Blog post Bridget Marquardt’s Gunt Needs Some Love of the Day  http://bit.ly/c7Paul ...,96436118,overhanging gut/crotch area; body-shape term,appearance,article_sharing,false,
gunt,14778655275,2010-05-26,Bridget Marquardt?s Gunt Needs Some Love of the Day #celebrities http://bit.ly/c7Za3S,51272707,overhanging gut/crotch area; body-shape term,appearance,article_sharing,false,
gunt,15345427440,2010-06-03,just woke up ha i can tell its gonna be a great day!! Yayyyy heck we should just go to gunt bank already!,90105849,overhanging gut/crotch area; body-shape term,appearance,commenting,false,
gunt,15349779836,2010-06-03,"280,290 followers wie gunt me me meer?",147363260,overhanging gut/crotch area; body-shape term,appearance,commenting,false,
gunt,15352346326,2010-06-03,let there be gunt!!!,143211037,overhanging gut/crotch area; body-shape term,appearance,commenting,false,
gunt,15352719133,2010-06-03,RT @hefnerhefner: Wie gunt me meer followers .. &gt; follow @hefnerhefner gwn doen !,99172635,overhanging gut/crotch area; body-shape term,appearance,casual_conversation,false,
gunt,15352735157,2010-06-03,RT @hefnerhefner: Wie gunt me meer followers .. / teamfollowback :p Ask @Scotteboii bout that,68221236,overhanging gut/crotch area; body-shape term,appearance,casual_conversation,false,
gunt,15352828521,2010-06-03,RT @Swaggerrkidd: RT @hefnerhefner: Wie gunt me meer followers ..,107487400,overhanging gut/crotch area; body-shape term,appearance,casual_conversation,false,
gunt,15377106705,2010-06-04,national gunt day RT @JD_SivadInk: Tomorrow Is #FUPAfriday,33053875,overhanging gut/crotch area; body-shape term,appearance,casual_conversation,false,
gunt,15378136402,2010-06-04,@Gunt_daVinci test ckck,150219271,overhanging gut/crotch area; body-shape term,appearance,casual_conversation,false,
gunt,15384602233,2010-06-04,"That is one impressive gunt. Now please, stop touching me.",143880376,overhanging gut/crotch area; body-shape term,appearance,commenting,false,
gunt,15384829228,2010-06-04,@AClkwrkStarfish gunt. Love it.,105880401,overhanging gut/crotch area; body-shape term,appearance,casual_conversation,false,
gunt,15866831221,2010-06-10,"RT @devillest    Yes yes @DondeBaron gunt me airtime ! thanks bruv 
2 minutes ago via UberTwitter 
Reply .&gt;jwz",64189681,overhanging gut/crotch area; body-shape term,appearance,casual_conversation,false,
gunt,15872865387,2010-06-10,#cellphonenames http://mysp.ac/aDyTKt  GUNT!  http://mysp.ac/aDyTKt,120395413,overhanging gut/crotch area; body-shape term,appearance,article_sharing,false,
gunt,15878775821,2010-06-10,@JWGRADEAHUSTLER WHAT UP HOMIE? THAT NEW MIXTAPE IS MISSING SOMETHING...BIG GUNT TRACKS! I FUCKS WIT IT THOUGH!,18067904,overhanging gut/crotch area; body-shape term,appearance,casual_conversation,false,
gunt,15879325890,2010-06-10,@brookehaskins Heheh you really don't want to put your hand under a gunt - otherwise your hand would be in their ... um... privates :P,80677267,overhanging gut/crotch area; body-shape term,appearance,casual_conversation,false,
gunt,15879613953,2010-06-10,"Lol it's nothing like getting "" gunt"" on the train by a bunch of highschool kids to put you back down to earth.",16359962,overhanging gut/crotch area; body-shape term,appearance,commenting,false,
gunt,15881648840,2010-06-10,"RT @JoeFreshgoods Lol it's nothing like getting "" gunt"" on the train by a bunch of highschool kids to put you back down to earth.",136622506,overhanging gut/crotch area; body-shape term,appearance,casual_conversation,false,
gunt,15883920071,2010-06-10,@mortsraks refer to http://gunt.urbanup.com - Brooke learned a new word ;),80677267,overhanging gut/crotch area; body-shape term,appearance,casual_conversation,false,
gunt,15885848704,2010-06-10,Forget basketball - the event to watch tonight is the GUNT show! http://bit.ly/d7aZM2,26599365,overhanging gut/crotch area; body-shape term,appearance,article_sharing,false,
gunt,15897909159,2010-06-11,GUNT! in just over an hour. 4093 Lankershim in North Hollywood...,26599365,overhanging gut/crotch area; body-shape term,appearance,commenting,false,
gunt,15908536176,2010-06-11,@Widgett I read that as Gunt Fish. Adds a whole new meaning.,20175896,overhanging gut/crotch area; body-shape term,appearance,casual_conversation,false,
gunt,16942007831,2010-06-24,"RT @Waddup_LilMan ""awwww u look sooo...happy!!!"" #uglypicturecomments// lMao gunt ahh bihh",94481347,overhanging gut/crotch area; body-shape term,appearance,casual_conversation,false,
gunt,16942815354,2010-06-24,I just saw a woman who was almost emtirely comprised of gunt.,99341916,overhanging gut/crotch area; body-shape term,appearance,commenting,false,
gunt,16950185230,2010-06-24,Q:Gunt ♥ A:I do have quite a good one http://4ms.me/acoVtL,22504788,overhanging gut/crotch area; body-shape term,appearance,article_sharing,false,
gunt,16951467849,2010-06-24,@speedflatmating of course it's crow. he's an evil gunt!!!!,20240941,overhanging gut/crotch area; body-shape term,appearance,casual_conversation,false,
gunt,16954649296,2010-06-24,"RT @STiCKnM0VE: #thuggedoutthursday me and @NiiA_iMANi bout to hop in our gunt car and head to the 500 block bumpin 2 #KnuckifUBuck""--LMAO!!",29279290,overhanging gut/crotch area; body-shape term,appearance,casual_conversation,false,
gunt,16959940133,2010-06-24,ma wie gunt me nog 6 followers (A),123297908,overhanging gut/crotch area; body-shape term,appearance,commenting,false,
gunt,16966983117,2010-06-24,RT @dsroo: wie gunt me die 100 followers? nog 10 =P/ me,127282102,overhanging gut/crotch area; body-shape term,appearance,casual_conversation,false,
gunt,16973161017,2010-06-25,she gunt!! lol,94481347,overhanging gut/crotch area; body-shape term,appearance,commenting,false,
gunt,16974232445,2010-06-25,Gunt punches aren't as much fun.,30707306,overhanging gut/crotch area; body-shape term,appearance,commenting,false,
gunt,16974681252,2010-06-25,"Gunt scrabble - the first of many, I hope",14425673,overhanging gut/crotch area; body-shape term,appearance,commenting,false,
gunt,17241551098,2010-06-28,"Haha je gunt me nix, fuck off then mate",100010809,overhanging gut/crotch area; body-shape term,appearance,commenting,false,
gunt,17251439947,2010-06-28,RT @Oussie_O: RT @MaherMT: @Oussie_O speel afallay basis? &gt; nee man =( &gt; holland mis gunt afallay,100815007,overhanging gut/crotch area; body-shape term,appearance,casual_conversation,false,
gunt,17266113592,2010-06-28,RT @dub0y: RT @TimOthyy_: wie gunt me +5?/ ikkke man/ love man,127282102,overhanging gut/crotch area; body-shape term,appearance,casual_conversation,false,
gunt,17279359571,2010-06-28,Wie gunt me nog 1 follower ?,139822939,overhanging gut/crotch area; body-shape term,appearance,commenting,false,
gunt,17283770410,2010-06-28,Wie gunt me die 3 followers?,95469561,overhanging gut/crotch area; body-shape term,appearance,commenting,false,
gunt,17283843745,2010-06-28,Wie gunt me 11 followers?,27091612,overhanging gut/crotch area; body-shape term,appearance,commenting,false,
gunt,17284010119,2010-06-28,RT @EricsonMT: Wie gunt me die 3 followers? • Follow!,70012500,overhanging gut/crotch area; body-shape term,appearance,casual_conversation,false,
gunt,17298247098,2010-06-29,"@burninlover that, my boy, is the notorious gunt. :) eeww",6387222,overhanging gut/crotch area; body-shape term,appearance,casual_conversation,false,
gunt,18036665904,2010-07-08,RT @boutiquebandb RT @Pembsbeyond: Last day to register for the free pembrokeshire ghost gunt. Register your inter... http://bit.ly/bsrg3D,122026616,overhanging gut/crotch area; body-shape term,appearance,casual_conversation,false,
gunt,18036761220,2010-07-08,LeBron James A.M. Links: Cleveland fans need to change priorities; LBJ and free agency; Just win baby: Joshua Gunt... http://bit.ly/cq2BaU,40897187,overhanging gut/crotch area; body-shape term,appearance,article_sharing,false,
gunt,18041504481,2010-07-08,Get a longer shirt.. Your gunt is showing lady,15502527,overhanging gut/crotch area; body-shape term,appearance,commenting,false,
gunt,18041903740,2010-07-08,ey wie gunt me die followers..,117145076,overhanging gut/crotch area; body-shape term,appearance,commenting,false,
gunt,18042579094,2010-07-08,Bobby bint gint gant gunt? LOL!,123923463,overhanging gut/crotch area; body-shape term,appearance,commenting,false,
gunt,18042624332,2010-07-08,@bobbiss1976 Bobby bint gint gant gunt!?!? LOL!!,123923463,overhanging gut/crotch area; body-shape term,appearance,casual_conversation,false,
gunt,18043033354,2010-07-08,Wie gunt me die + followers?,136671986,overhanging gut/crotch area; body-shape term,appearance,commenting,false,
gunt,18045965606,2010-07-08,"In the words of my twin @aintbut1toeknee::: ""that hoe GUNT!!!""",61627791,overhanging gut/crotch area; body-shape term,appearance,casual_conversation,false,
gunt,18048640805,2010-07-08,Ahhh typo don't you hate it when that happens!! A ghost gunt is basically a ghost hunt but with fatter fingers!!,96424526,overhanging gut/crotch area; body-shape term,appearance,commenting,false,
gunt,18372263969,2010-07-12,we gunt +7,84552434,overhanging gut/crotch area; body-shape term,appearance,commenting,false,
gunt,18375224879,2010-07-12,@mercedesAMGSL doing 80km/h in Tavistock Square: AMG = A Massive Gunt. #cockend #mercedes #AMG,156600002,overhanging gut/crotch area; body-shape term,appearance,casual_conversation,false,
gunt,18375560030,2010-07-12,RT @JerranoMusic: Wie gunt me die +5 !? &gt; FOLLOW HIM!,71275152,overhanging gut/crotch area; body-shape term,appearance,casual_conversation,false,
gunt,18380374442,2010-07-12,gunt- definition: its a mix betwweenn a gut and a cunt,94704154,overhanging gut/crotch area; body-shape term,appearance,commenting,false,
gunt,18390848562,2010-07-12,wie gunt me nog 2 followers:P,105267294,overhanging gut/crotch area; body-shape term,appearance,commenting,false,
gunt,18395736542,2010-07-13,Free @VRichinela ! Twitter gunt der weer niet !,92556350,overhanging gut/crotch area; body-shape term,appearance,casual_conversation,false,
gunt,18398218805,2010-07-13,#highschoolconfession ms badio was so gunt... And she used to bring them rachet ass kids to school and hide em under ha desk... Smh.,111475415,overhanging gut/crotch area; body-shape term,appearance,commenting,false,
gunt,18400536947,2010-07-13,Bout 2 Upload Some Gunt Old Videos Of Me And Left Hand Man @LrgChris901,100332401,overhanging gut/crotch area; body-shape term,appearance,casual_conversation,false,
gunt,18406403829,2010-07-13,"@jadegrrrl a gunt is a gut  + C***
hahahahahahhahahaha nowwww you understand why i couldn't write it in VF! hahahaha foul",133171893,overhanging gut/crotch area; body-shape term,appearance,commenting,false,
gunt,18415488445,2010-07-13,Eqwwwwwwww... Flesh fanny pack. Also known as a gunt at the jail.,20299117,overhanging gut/crotch area; body-shape term,appearance,commenting,false,
gunt,18885380465,2010-07-19,Fuck pain. Fuck it in its overbearing gunt,17526975,overhanging gut/crotch area; body-shape term,appearance,commenting,false,
gunt,18916093474,2010-07-19,Follow RT @Swaggerrkidd: Wie gunt me diee 150 followers ?,107487400,overhanging gut/crotch area; body-shape term,appearance,casual_conversation,false,
gunt,18917256411,2010-07-19,RT @klootzakelijk: RT @Remymichou: Wie gunt me followers? • *gunt* - lol,131536070,overhanging gut/crotch area; body-shape term,appearance,casual_conversation,false,
gunt,18920944092,2010-07-19,Wie gunt me +4 followers.,152386020,overhanging gut/crotch area; body-shape term,appearance,commenting,false,
gunt,18927076530,2010-07-19,Attn : nasty skank who just walked in no one wants to see your nasty gunt. Get a shit that fits.,20029531,overhanging gut/crotch area; body-shape term,appearance,commenting,false,
gunt,18928327335,2010-07-19,RT @dsroo: Wie gunt me die +3.Follow him now !,127282102,overhanging gut/crotch area; body-shape term,appearance,casual_conversation,false,
gunt,18930504453,2010-07-19,Annie Get Your Gunt #worstbroadwayalbum,90690819,overhanging gut/crotch area; body-shape term,appearance,commenting,false,
gunt,18930633091,2010-07-19,"Day one of Guntwatch: One positive Gunt sighting, one suspected Gunt sighting.",104532614,overhanging gut/crotch area; body-shape term,appearance,commenting,false,
gunt,18933430838,2010-07-19,@PancakeSuzi Yeah I'm a sucker for a big juicy gunt.,45352594,overhanging gut/crotch area; body-shape term,appearance,casual_conversation,false,
gunt,18934047414,2010-07-19,@PancakeSuzi I prefer thunts. But sometimes a gunt is all that is available.,45352594,overhanging gut/crotch area; body-shape term,appearance,casual_conversation,false,
gunt,19783930974,2010-07-29,That lady has a check (chin & neck) and a gunt.,8646952,overhanging gut/crotch area; body-shape term,appearance,commenting,false,
gunt,19784005920,2010-07-29,@mikey_m00n oh no.... the dreaded gunt :(,158974052,overhanging gut/crotch area; body-shape term,appearance,casual_conversation,false,
gunt,19784043818,2010-07-29,"RT @mikey_m00n: That lady has a check (chin & neck) and a gunt.///U are so rotten, pathetic, baaaaadddd: GUT and a CUNT...ROTFLMAO",21434933,overhanging gut/crotch area; body-shape term,appearance,commenting,false,
gunt,19805826311,2010-07-29,TLT IS LIKE THA REBRITH OF GUNT   I GOT MY BANKS AN YOYA,121250528,overhanging gut/crotch area; body-shape term,appearance,commenting,false,
gunt,19810081542,2010-07-29,@JoeSimpson Now you know how I feel about Hotel Ripa. It's the gooch and gunt of Roman hotels. It's like being in a Fellini film on acid...,21475811,overhanging gut/crotch area; body-shape term,appearance,casual_conversation,false,
gunt,19810805072,2010-07-29,She gunt mean,30362065,overhanging gut/crotch area; body-shape term,appearance,commenting,false,
gunt,19815797734,2010-07-29,RT @hetiskaylee: Nog 9followerss wie gunt RT @hetiskaylee,80345053,overhanging gut/crotch area; body-shape term,appearance,casual_conversation,false,
gunt,19816263710,2010-07-29,Wie gunt me 27 Followers =$,141679041,overhanging gut/crotch area; body-shape term,appearance,commenting,false,
gunt,19824070468,2010-07-29,WIE GUNT ME NOU WAT FOLLOWERS?!,137019585,overhanging gut/crotch area; body-shape term,appearance,commenting,false,
gunt,19824084320,2010-07-29,@Gunt_daVinci mas gunttt,97611024,overhanging gut/crotch area; body-shape term,appearance,casual_conversation,false,
gunt,19866716792,2010-07-30,@cloudcontrol Gunt? Sounds dirty,30670624,overhanging gut/crotch area; body-shape term,appearance,casual_conversation,false,
gunt,19871536135,2010-07-30,@idemanda Gunt: large roll of fat that bridges the gut & the... U fill in the blank.,28799269,overhanging gut/crotch area; body-shape term,appearance,commenting,false,
gunt,19884548032,2010-07-30,and she GUNT as fuck!!!,94481347,overhanging gut/crotch area; body-shape term,appearance,commenting,false,
gunt,19884575506,2010-07-30,About to punch this drunk bitch it the gunt at #karaoke. Save me john hill,24909916,overhanging gut/crotch area; body-shape term,appearance,commenting,false,
gunt,19901864095,2010-07-30,"@incurablehippie I have an arse, a meat arse, an ass, boob, side boobs, underboob and gunt. And Wings. and I love them all",114472735,overhanging gut/crotch area; body-shape term,appearance,casual_conversation,false,
gunt,19908144434,2010-07-30,Red wine after a long night/day at gunt city.,51942523,overhanging gut/crotch area; body-shape term,appearance,commenting,false,
gunt,19918521336,2010-07-30,Wow ! There's lots o  gunt about today.,19666683,overhanging gut/crotch area; body-shape term,appearance,commenting,false,
gunt,19923264373,2010-07-30,Apparently this one's called The Gunt. How apt :) http://tweetphoto.com/35788161,20459085,overhanging gut/crotch area; body-shape term,appearance,article_sharing,false,
gunt,19925755451,2010-07-30,"No homo? Pull ur pants up n stop showin yo ""straight"" booty to everyone...no homo..smh..ya #Gunt!!",24901690,overhanging gut/crotch area; body-shape term,appearance,commenting,false,
gunt,19933476424,2010-07-30,wie gunt me die extra followers?,137019585,overhanging gut/crotch area; body-shape term,appearance,commenting,false,
gunt,20076837602,2010-08-01,Peer_Gunt-Golden_Greats-1997-KALEVALA find on http://nonsolotorrent.altervista.org/,102167322,overhanging gut/crotch area; body-shape term,appearance,article_sharing,false,
gunt,20076895545,2010-08-01,[MP3] Peer_Gunt-Golden_Greats-1997-KALEVALA [120.9MB/20F][1m 30s ago],146114076,overhanging gut/crotch area; body-shape term,appearance,commenting,false,
gunt,20087829046,2010-08-01,"A gunt and Fupa is aparently the same thing, ew",19356217,overhanging gut/crotch area; body-shape term,appearance,commenting,false,
gunt,20095630990,2010-08-01,RT @devv_: Wie gunt me die 100e follower ? ~ follow haar !,73884764,overhanging gut/crotch area; body-shape term,appearance,casual_conversation,false,
gunt,20107951862,2010-08-02,Free is my favorite 4 letter F-word. Gunt is is my favorite 4 letter G-word. I have a sexy gunt a tight little muffin ass. #hotandsexyfatguy,110972492,overhanging gut/crotch area; body-shape term,appearance,commenting,false,
gunt,20116774984,2010-08-02,Gunt gunt gunt ... Brrrrrrt Brrrrrrt Brrrrrrt ... Dang .. She let me shoot @ tha slow guy... Shameless..,130723335,overhanging gut/crotch area; body-shape term,appearance,casual_conversation,false,
gunt,20116876755,2010-08-02,"Chat Roulette with The Daily Show: 				
John Oliver (that’s his name!) Lookalike, GUNT, Delta Gamma Sorority, and ... http://bit.ly/awxrVJ",128673498,overhanging gut/crotch area; body-shape term,appearance,article_sharing,false,
gunt,20117490429,2010-08-02,Gunt gunt skirtttttttttt #SlapHappy,130723335,overhanging gut/crotch area; body-shape term,appearance,commenting,false,
gunt,20127525376,2010-08-02,explained what a 'gunt' was to her colleagues today.,20591336,overhanging gut/crotch area; body-shape term,appearance,commenting,false,
gunt,20128728456,2010-08-02,Nog 1 follower wie gunt me,75376818,overhanging gut/crotch area; body-shape term,appearance,commenting,false,
gunt,22507019029,2010-08-30,"""@vwiriya: @guNt_gUnt mac book only!!!!"" But I love mac book pro more waa 555 I will buy it soon !!!",177584285,overhanging gut/crotch area; body-shape term,appearance,casual_conversation,false,
gunt,22507296505,2010-08-30,@guNt_gUnt i think we should change our gr name from lo-le to lone-guy na 5555,141494581,overhanging gut/crotch area; body-shape term,appearance,casual_conversation,false,
gunt,22507327277,2010-08-30,@guNt_gUnt up2u but i think mac book is more beautiful than mbp,141494581,overhanging gut/crotch area; body-shape term,appearance,casual_conversation,false,
gunt,22507794453,2010-08-30,@guNt_gUnt buy today??,141494581,overhanging gut/crotch area; body-shape term,appearance,casual_conversation,false,
gunt,22508381972,2010-08-30,"@guNt_gUnt e
Why must be on 10 sep wa? Have any promotion?",141494581,overhanging gut/crotch area; body-shape term,appearance,casual_conversation,false,
gunt,22508826916,2010-08-30,"@guNt_gUnt woo!!! welcome to ""apple"" brand 555. I think chass can give some advise about MBP na",141494581,overhanging gut/crotch area; body-shape term,appearance,casual_conversation,false,
gunt,22510486248,2010-08-30,RT @alexandercary: I just want to say I'm a Bucky Gunt too,169976636,overhanging gut/crotch area; body-shape term,appearance,casual_conversation,false,
gunt,22510881012,2010-08-30,"RT @ShitMyDarthSays: ""I'd never have another child because clearly children are terrible, but if I did, I'd name him Bucky Gunt Skywalker.""",6958,overhanging gut/crotch area; body-shape term,appearance,casual_conversation,false,
gunt,22511385752,2010-08-30,I'm going to tackle today like Bucky Gunt did the 2010 Olympics.,19770735,overhanging gut/crotch area; body-shape term,appearance,commenting,false,
gunt,24174159147,2010-09-11,"Hi, horizontal stripes don't hide ur gunt #takemyfashionadvice",94824339,overhanging gut/crotch area; body-shape term,appearance,commenting,false,
gunt,24175270115,2010-09-11,Wie gunt me die +3 ? Ik follow back &lt;,172028899,overhanging gut/crotch area; body-shape term,appearance,commenting,false,
gunt,24176272847,2010-09-11,WIE GUNT ME +4 ? ( ik follow back ),172028899,overhanging gut/crotch area; body-shape term,appearance,commenting,false,
gunt,24180309836,2010-09-11,"@guNt_gUnt owwww jing jung, I'm going to read book mung lae nerd nerd ",63699087,overhanging gut/crotch area; body-shape term,appearance,casual_conversation,false,
gunt,24180461984,2010-09-11,RT @Niceguy__: RT @ouanis: Wie gunt me wat followers ? • Follow!,137767156,overhanging gut/crotch area; body-shape term,appearance,casual_conversation,false,
gunt,24180561738,2010-09-11,@guNt_gUnt hmmm?? nerd all the time na,95031702,overhanging gut/crotch area; body-shape term,appearance,casual_conversation,false,
gunt,24180942774,2010-09-11,oke wie gunt me die +10 ?,117712980,overhanging gut/crotch area; body-shape term,appearance,commenting,false,
gunt,24181305338,2010-09-11,Wie gunt me die +jes ? &lt; ik follow it back,172028899,overhanging gut/crotch area; body-shape term,appearance,commenting,false,
gunt,24181440036,2010-09-11,RT @MausBigBauwz: Wie gunt me die +jes ? &lt; ik follow it back,102517090,overhanging gut/crotch area; body-shape term,appearance,casual_conversation,false,
gunt,24374807412,2010-09-13,I need more followers you nowie gunt me er 5,137306948,overhanging gut/crotch area; body-shape term,appearance,commenting,false,
gunt,24389497670,2010-09-13,"Happens everywhere! @Pinochet: Thanks for taking up 2 seats on the tram with your enormous gunt, lady &gt;:(",19459174,overhanging gut/crotch area; body-shape term,appearance,casual_conversation,false,
gunt,24393718126,2010-09-13,Wie gunt followers?(A),136768215,overhanging gut/crotch area; body-shape term,appearance,commenting,false,
gunt,24396155954,2010-09-13,"Am I the only one who calls a front gut a ""gunt""?... cuz that shit is gross!",41196224,overhanging gut/crotch area; body-shape term,appearance,commenting,false,
gunt,24396550975,2010-09-13,"@Amber_Dexstress no I'm talking like a low front butt, like a regular butt... but in the front: a gunt",41196224,overhanging gut/crotch area; body-shape term,appearance,casual_conversation,false,
gunt,24398639144,2010-09-13,wie gunt @HinderNumberOne +1 // follow deze gangstergirl ;$,143766163,overhanging gut/crotch area; body-shape term,appearance,casual_conversation,false,
gunt,24398699834,2010-09-13,RT @ryaaannx: wie gunt @HinderNumberOne +1 // follow deze gangstergirl ;$,58268633,overhanging gut/crotch area; body-shape term,appearance,casual_conversation,false,
gunt,24405352608,2010-09-13,wie gunt me is +4 followers voor 100 followers :D.,100622008,overhanging gut/crotch area; body-shape term,appearance,commenting,false,
gunt,24411575788,2010-09-13,wie gunt me nog 1 follower =$,88457512,overhanging gut/crotch area; body-shape term,appearance,commenting,false,
gunt,24416045254,2010-09-13,@NyuIsHappy neither is camel toe's angry cousin moose knuckle. Always the girls with a gunt that wear them to,43622884,overhanging gut/crotch area; body-shape term,appearance,casual_conversation,false,
gunt,25332966667,2010-09-23,haha suently gunt my niet : @suennaaa,111728904,overhanging gut/crotch area; body-shape term,appearance,casual_conversation,false,
gunt,25336725323,2010-09-23,"sanyucat: tomqvaxy: Used in a sentence: [To a pregnant acquaintance] ""So, are you oiling your gunt to preve...  http://gawker.com/c/29636310",90896826,overhanging gut/crotch area; body-shape term,appearance,article_sharing,false,
gunt,25338259313,2010-09-23,Wie gunt me nog wat followers??,101017076,overhanging gut/crotch area; body-shape term,appearance,commenting,false,
gunt,25341752498,2010-09-23,@max1018 ahahahahah have you urban dictionaired gunt yet?,49294579,overhanging gut/crotch area; body-shape term,appearance,humor,false,
gunt,25342943545,2010-09-23,RT @robby183 RT @FaraaZz: dus echt gunt niemand me followers =( / failure&gt;#fajatijden!,99961977,overhanging gut/crotch area; body-shape term,appearance,casual_conversation,false,
gunt,25343705353,2010-09-23,@max1018 gunt butter,49294579,overhanging gut/crotch area; body-shape term,appearance,casual_conversation,false,
gunt,25343970093,2010-09-23,"@max1018 but if you leave it, it will form gunt crust...",49294579,overhanging gut/crotch area; body-shape term,appearance,casual_conversation,false,
gunt,25343994653,2010-09-23,@max1018 It's only because she has gunt crust! @michelleabelle,56974682,overhanging gut/crotch area; body-shape term,appearance,casual_conversation,false,
gunt,25344475552,2010-09-23,@CallumDG ahahahaha but i really do not have gunt crust that is soooo minging :),49294579,overhanging gut/crotch area; body-shape term,appearance,humor,false,
gunt,25351785592,2010-09-23,"Man, the further down da bayya u go, the greater the gunt population... And the more funny-looking the ppl get too.",17799971,overhanging gut/crotch area; body-shape term,appearance,commenting,false,
gunt,26005620227,2010-09-30,"Like fa real disco gunt on a nigga if he talking that bull shit be like loud ""HuAh"" ... he gone straighten up no lie.",20728779,overhanging gut/crotch area; body-shape term,appearance,commenting,false,
gunt,26011847608,2010-09-30,Wiie gunt +1?,108934973,overhanging gut/crotch area; body-shape term,appearance,commenting,false,
gunt,26012098236,2010-09-30,RT @iGiogioo: heey wie gunt me die +2 even/Follow hem,96181599,overhanging gut/crotch area; body-shape term,appearance,casual_conversation,false,
gunt,26014819681,2010-09-30,Wie gunt me nog 5 followers?,138573627,overhanging gut/crotch area; body-shape term,appearance,commenting,false,
gunt,26029085597,2010-10-01,"""I'll rock the gunt""",90660543,overhanging gut/crotch area; body-shape term,appearance,commenting,false,
gunt,26031280842,2010-10-01,gunt punt. Its the new term,1325411,overhanging gut/crotch area; body-shape term,appearance,commenting,false,
gunt,26037238365,2010-10-01,"Watching last night's SVU and discovered best name since Bucky Gunt: America, I give you SVU co-producer Speed Weed.",87330803,overhanging gut/crotch area; body-shape term,appearance,commenting,false,
gunt,26043072505,2010-10-01,"Girls; try to wear more outfits that feature the gunt.  Sex sells, and you'll be selling.",179482071,overhanging gut/crotch area; body-shape term,appearance,commenting,false,
gunt,26055363646,2010-10-01,Gunt,170846977,overhanging gut/crotch area; body-shape term,appearance,commenting,false,
gunt,26062656093,2010-10-01,Gunt iemand me 100 followers?,100010809,overhanging gut/crotch area; body-shape term,appearance,commenting,false,
gunt,26489707526,2010-10-05,Haha. Gunt,19388089,overhanging gut/crotch area; body-shape term,appearance,commenting,false,
gunt,26490120149,2010-10-05,TOP SECRET Mainframe Systems Administrator - Washington United States...  http://jobsurl.com/guNT,30011736,overhanging gut/crotch area; body-shape term,appearance,article_sharing,false,
gunt,26495299969,2010-10-05,This woman has the biggest gunt I've ever seen!,111479787,overhanging gut/crotch area; body-shape term,appearance,commenting,false,
gunt,26498762440,2010-10-05,@convoyimprov As long as his name is Gunt!,15782318,overhanging gut/crotch area; body-shape term,appearance,casual_conversation,false,
gunt,26501364237,2010-10-05,IT and Website Technical Support Consultant - Greater Manchester United K...  http://jobsurl.com/gunt,21657217,overhanging gut/crotch area; body-shape term,appearance,article_sharing,false,
gunt,26503986023,2010-10-06,@MJMcKean Annie Get Your Gunt #fatbroadway,24834089,overhanging gut/crotch area; body-shape term,appearance,commenting,false,
gunt,26511465537,2010-10-06,Annie Get Your Gunt #fatbroadway,146918923,overhanging gut/crotch area; body-shape term,appearance,commenting,false,
gunt,26512675493,2010-10-06,@janiehaddad  Annie Get Your Gunt  #fatbroadway,143998850,overhanging gut/crotch area; body-shape term,appearance,commenting,false,
gunt,26521291164,2010-10-06,@Rocko4Real YALL MAKE SURE U JUMP ON A BIG GUNT TRACK!,18067904,overhanging gut/crotch area; body-shape term,appearance,casual_conversation,false,
gunt,26530632480,2010-10-06,*gunt*  RT @CJodene1: Gun me +1..,179128317,overhanging gut/crotch area; body-shape term,appearance,casual_conversation,false,
gunt,26953300560,2010-10-10,Retweet dit als je @kalvijn rust gunt!,198565312,overhanging gut/crotch area; body-shape term,appearance,casual_conversation,false,
gunt,26959334599,2010-10-10,YEA I PRODUCE BUT I STAY FRESHER THAN SOME VEGITABLES....GUNT!,18067904,overhanging gut/crotch area; body-shape term,appearance,commenting,false,
gunt,26963570074,2010-10-10,Usher isn't very good is he? I hope Nicolo doesn't go tonight - people saying he has an ego and then supporting that blonde gunt make me lol,19706939,overhanging gut/crotch area; body-shape term,appearance,commenting,false,
gunt,26963730269,2010-10-10,RT @GianniHermans: Wie gunt me meer followers?,117385243,overhanging gut/crotch area; body-shape term,appearance,casual_conversation,false,
gunt,26964353006,2010-10-10,RT @daimR: RT @GianniHermans: Wie gunt me meer followers?,116690036,overhanging gut/crotch area; body-shape term,appearance,casual_conversation,false,
gunt,26969541355,2010-10-10,Twitter gunt me never wat.,110779945,overhanging gut/crotch area; body-shape term,appearance,commenting,false,
gunt,26976462779,2010-10-10,@MissColomBizzy I'm not lmao ahah #gunt,38431107,overhanging gut/crotch area; body-shape term,appearance,casual_conversation,false,
gunt,26978388783,2010-10-10,Wie gunt me nog 3 followers?,107997965,overhanging gut/crotch area; body-shape term,appearance,commenting,false,
gunt,26981652703,2010-10-10,Stuff that gunt http://yfrog.com/n9z6baj,29994966,overhanging gut/crotch area; body-shape term,appearance,article_sharing,false,
gunt,26983238961,2010-10-11,@azkellie They're playing Gunt Gunt Goose,15258962,overhanging gut/crotch area; body-shape term,appearance,casual_conversation,false,
gunt,29651702724,2010-11-04,@shinytuppence *puts gunt away*,21448790,overhanging gut/crotch area; body-shape term,appearance,casual_conversation,false,
gunt,29651934376,2010-11-04,@shinytuppence gunt is a beauty of a word,6472732,overhanging gut/crotch area; body-shape term,appearance,casual_conversation,false,
gunt,29659190608,2010-11-04,@Chardiennely nee me tram gunt niet,115201685,overhanging gut/crotch area; body-shape term,appearance,casual_conversation,false,
gunt,29663394250,2010-11-04,fugly gunt.,19419428,overhanging gut/crotch area; body-shape term,appearance,commenting,false,
gunt,29663605509,2010-11-04,Ow aaaii @niecebaby gunt me geen #FB ..,149990690,overhanging gut/crotch area; body-shape term,appearance,casual_conversation,false,
gunt,29665707228,2010-11-04,@the_nickel i do that is what the fat cow was arguing for...i wanted to kick her in her gunt,199943147,overhanging gut/crotch area; body-shape term,appearance,commenting,false,
gunt,29679123238,2010-11-04,Damn lil mama.....u shoulda kept the weave in cus now ya ass look gunt!!,191708518,overhanging gut/crotch area; body-shape term,appearance,commenting,false,
gunt,29679742671,2010-11-04,@nickstaffdrew GUNT.,64813012,overhanging gut/crotch area; body-shape term,appearance,casual_conversation,false,
gunt,29684322837,2010-11-04,@Gunt_r i think im coming up there actually keep your fingers crossed !,72394854,overhanging gut/crotch area; body-shape term,appearance,casual_conversation,false,
gunt,29687737291,2010-11-04,Wie gunt me 9 followers dan?,119089212,overhanging gut/crotch area; body-shape term,appearance,commenting,false,
gunt,1033713789964289,2010-11-06,And I'm sure ordering the mini meal will help you lose that Gunt poking out of your mu mu,15115741,overhanging gut/crotch area; body-shape term,appearance,commenting,false,
gunt,1049808273936384,2010-11-06,"RT @NEFFiEBABY: +3 en dan 350, wie gunt ;$-Follow her !",96181599,overhanging gut/crotch area; body-shape term,appearance,casual_conversation,false,
gunt,1050146687164416,2010-11-06,482 followers wie gunt me die +8 dan :$,88457512,overhanging gut/crotch area; body-shape term,appearance,commenting,false,
gunt,1050788096901120,2010-11-06,RT @GiianniAC: RT @Elgeliina_: 482 followers wie gunt me die +8 dan :$~follow der. • Love.,88457512,overhanging gut/crotch area; body-shape term,appearance,casual_conversation,false,
gunt,1052806614093824,2010-11-06,Forrest Gunt #chickflicks,22700256,overhanging gut/crotch area; body-shape term,appearance,commenting,false,
gunt,1056308417531904,2010-11-06,wie gunt me 1 follower?,54180394,overhanging gut/crotch area; body-shape term,appearance,commenting,false,
gunt,1057307462995968,2010-11-06,RT @NIESS__: RT @EstarrBaby: wie gunt me 1 follower? « Followw haar gewooon! // Loveeee!,54180394,overhanging gut/crotch area; body-shape term,appearance,casual_conversation,false,
gunt,1057563017744384,2010-11-06,RT @Mawfucker: RT @NIESS__: RT @EstarrBaby: wie gunt me 1 follower? « Followw haar gewooon! // !!!!!!!!!!!!!!!,54180394,overhanging gut/crotch area; body-shape term,appearance,casual_conversation,false,
gunt,1057611721998336,2010-11-06,RT @Mawfucker: RT @NIESS__: RT @EstarrBaby: wie gunt me 1 follower? « Followw haar gewooon! « Ik follow wel ff // FB x,54180394,overhanging gut/crotch area; body-shape term,appearance,casual_conversation,false,
gunt,1103583114166272,2010-11-07,Niemand gunt me followers!!,103039339,overhanging gut/crotch area; body-shape term,appearance,commenting,false,
gunt,1324715612307456,2010-11-07,RT @LisaLampanelli: Real Housewives of BH all had plastic surgery. If they wanted to be REAL they’d have a pair of flapjacks & a gunt!,77343134,overhanging gut/crotch area; body-shape term,appearance,casual_conversation,false,
gunt,1327049662791680,2010-11-07,"""@LisaLampanelli:“Real Housewives of BH” reveal they had plastic surgery. If they wanted 2 b REAL housewives theyd have flapjacks & a gunt!""",31014061,overhanging gut/crotch area; body-shape term,appearance,casual_conversation,false,
gunt,1332907633287168,2010-11-07,RT @xmariielle: RT @ryaaannx: Wie Gunt Me +2 ? - FOLLOW @ryaaannx ! - #yuuuh !,143766163,overhanging gut/crotch area; body-shape term,appearance,casual_conversation,false,
gunt,1334334879436801,2010-11-07,"RT @guNt_gUnt Well comeback "" LiveR PoOL "" // Again Please!!",117676567,overhanging gut/crotch area; body-shape term,appearance,casual_conversation,false,
gunt,1334663830310912,2010-11-07,"@LisaLampanelli LMao @ the word ""gunt""",24416080,overhanging gut/crotch area; body-shape term,appearance,casual_conversation,false,
gunt,1351144769060864,2010-11-07,Yeeeaaah thomas gunt&lt;3,114494874,overhanging gut/crotch area; body-shape term,appearance,commenting,false,
gunt,1360737935040512,2010-11-07,Beter gunt,66949970,overhanging gut/crotch area; body-shape term,appearance,commenting,false,
gunt,1385899443097600,2010-11-07,Wie gunt me followers?,90651404,overhanging gut/crotch area; body-shape term,appearance,commenting,false,
gunt,1386074173607937,2010-11-07,RT @lil_steverino: Wie gunt me followers?&lt; followw !!!!,126694533,overhanging gut/crotch area; body-shape term,appearance,casual_conversation,false,
gunt,1386296358473728,2010-11-07,RT @Mb_Elijah: RT @lil_steverino: Wie gunt me followers?&lt; followw !!!! • Dat is love !♥,90651404,overhanging gut/crotch area; body-shape term,appearance,casual_conversation,false,
gunt,3681354533310464,2010-11-14,Sul-ingRT @beduuuul: Mund-ing RT @emirpratama: Gunt-ingRT @beduuuul: Gal-ing RT @emirpratama: Kemp-ingRT (cont) http://tl.gd/6v88ov,69854176,overhanging gut/crotch area; body-shape term,appearance,casual_conversation,false,
gunt,3682303041605632,2010-11-14,@CaroNeeSan Yoyogi Park must be the place to be with dogs! My friend was heading there too! He has a Brussels Griffon named Gunt! Have fun!,63686801,overhanging gut/crotch area; body-shape term,appearance,casual_conversation,false,
gunt,3682855720845312,2010-11-14,Pud-ing RT @emirpratama: Sul-ingRT @beduuuul: Mund-ing RT @emirpratama: Gunt-ingRT @beduuuul: Gal-ing RT (cont) http://tl.gd/6v8bbd,105544604,overhanging gut/crotch area; body-shape term,appearance,casual_conversation,false,
gunt,3685022884171779,2010-11-14,Pus-ingRT @beduuuul: Pud-ing RT @emirpratama: Sul-ingRT @beduuuul: Mund-ing RT @emirpratama: Gunt-ingRT (cont) http://tl.gd/6v8f27,69854176,overhanging gut/crotch area; body-shape term,appearance,casual_conversation,false,
gunt,3690776353570817,2010-11-14,She has a Gock to go with her Gunt!,38823137,overhanging gut/crotch area; body-shape term,appearance,commenting,false,
gunt,3692858011815937,2010-11-14,Don't eat that salad lady. It will stunt your gunt.,9115332,overhanging gut/crotch area; body-shape term,appearance,commenting,false,
gunt,3695149536251904,2010-11-14,RT @TheUserPool: Don't eat that salad lady. It will stunt your gunt.,125162693,overhanging gut/crotch area; body-shape term,appearance,casual_conversation,false,
gunt,3710018528481280,2010-11-14,@ashley_crowell get off him! yo dye ain't that GUNT! yo eyebrows ain't that THICK! yo teeth ain't that BIG! lol,29279290,overhanging gut/crotch area; body-shape term,appearance,casual_conversation,false,
gunt,3715013478973441,2010-11-14,Bubble Gunt #failedcandy,93519922,overhanging gut/crotch area; body-shape term,appearance,commenting,false,
gunt,3718968674091008,2010-11-14,"RT @Changely: Entrepreneurs Must Focus on Learning: 

by Patrick Lefler
The Entrepreneurial Mindset written by Rita Gunt... http:/ ...",45655585,overhanging gut/crotch area; body-shape term,appearance,casual_conversation,false,
gunt,3813458659250176,2010-11-14,RT @kimbeRrlie_: Wie gunt me +1 ? » Follow @kimbeRrlie_,106821169,overhanging gut/crotch area; body-shape term,appearance,casual_conversation,false,
gunt,3843347449913344,2010-11-14,RT @xshirleyy: RT @GaiaSoof: Dus niemand gunt me een +4 voor de 300 followers? &lt; Follow drrr » love!,153817496,overhanging gut/crotch area; body-shape term,appearance,casual_conversation,false,
gunt,3865009109078016,2010-11-14,@Hanarrgh yes please! Anything to divert attention away from the gunt!,163580704,overhanging gut/crotch area; body-shape term,appearance,casual_conversation,false,
gunt,3866809958666240,2010-11-14,Omdat Twitter me niet gunt,202198335,overhanging gut/crotch area; body-shape term,appearance,commenting,false,
gunt,3891987614801920,2010-11-14,Gunt #SarahPalinBabyNames,132632152,overhanging gut/crotch area; body-shape term,appearance,commenting,false,
gunt,3909320865480704,2010-11-14,@Evilmunky that belly to thigh overhang is technically known in Bolton as a 'gunt'. Go figure...,43740368,overhanging gut/crotch area; body-shape term,appearance,casual_conversation,false,
gunt,3910037365854208,2010-11-14,"@RachMcGrath not to forget ugg boots too, I think the gunt is a universal term lol",14858323,overhanging gut/crotch area; body-shape term,appearance,casual_conversation,false,
gunt,3921070516084736,2010-11-14,Wie gunt me die followers??,108088160,overhanging gut/crotch area; body-shape term,appearance,commenting,false,
gunt,3925173447172096,2010-11-14,Wie gunt me 15 lieve followers dan?,167020838,overhanging gut/crotch area; body-shape term,appearance,commenting,false,
gunt,3925580558893057,2010-11-14,RT @CHANELVABABY__: Wie gunt me 15 lieve followers dan?,132570142,overhanging gut/crotch area; body-shape term,appearance,casual_conversation,false,
gunt,6218056648884224,2010-11-21,gunt !!!,19476979,overhanging gut/crotch area; body-shape term,appearance,commenting,false,
gunt,6266254125961216,2010-11-21,"@moonfrye ""gunt""",37268355,overhanging gut/crotch area; body-shape term,appearance,casual_conversation,false,
gunt,6270507783561216,2010-11-21,Pam gunt me geen shine :T,84552434,overhanging gut/crotch area; body-shape term,appearance,commenting,false,
gunt,6286562471968768,2010-11-21,Wie gunt me 1 follower,108961133,overhanging gut/crotch area; body-shape term,appearance,commenting,false,
gunt,6315931789692928,2010-11-21,"nog +11 tot 200 followers , wie gunt me ? :$ .",112137775,overhanging gut/crotch area; body-shape term,appearance,commenting,false,
gunt,6330712667979776,2010-11-21,RT @JoelCurtis nou wie gunt me die +1 =$ ?0 just follow him !,105870535,overhanging gut/crotch area; body-shape term,appearance,casual_conversation,false,
gunt,6331924595351552,2010-11-21,i want more followers.. wie gunt,181897944,overhanging gut/crotch area; body-shape term,appearance,commenting,false,
gunt,6363609135316992,2010-11-21,RT @xfabienneee: Wie gunt me die +4 ? ;$ &lt;&lt; FOLLOW @xfabienneee !!,173457310,overhanging gut/crotch area; body-shape term,appearance,casual_conversation,false,
gunt,6363881291128832,2010-11-21,RT @__Mike1: RT @xfabienneee: Wie gunt me die +4 ? ;$ &lt;&lt; FOLLOW @xfabienneee !! » Love ♥,106769616,overhanging gut/crotch area; body-shape term,appearance,casual_conversation,false,
gunt,6407622806732801,2010-11-21,RT @Kinjo_: RT @JoshuaDG_: Wie gunt me nog 1 follower dan ?! ¤ follow // #liefde,129453924,overhanging gut/crotch area; body-shape term,appearance,casual_conversation,false,
gunt,6816145180991489,2010-11-22,@ElijahBin_Laden yo ass is one tweet away from gettin yo ass gunt,126142353,overhanging gut/crotch area; body-shape term,appearance,casual_conversation,false,
gunt,6816292900179968,2010-11-22,wie gunt me 22n +1 of 2?,87226965,overhanging gut/crotch area; body-shape term,appearance,commenting,false,
gunt,6832092214202368,2010-11-22,"@Cann0nFodder haha gunt I love it. How's the family mate, you all well?",20138544,overhanging gut/crotch area; body-shape term,appearance,casual_conversation,false,
gunt,6836965798318080,2010-11-22,RT @EllisMate: Wo! Taylor swifts gotta gunt!! Crazy!!!,30268499,overhanging gut/crotch area; body-shape term,appearance,casual_conversation,false,
gunt,6837769489879041,2010-11-22,"RT @madshrinkage: Guess what I can stick in my belly button?! | your penis?, in Australia, we call that a Gunt.",14240392,overhanging gut/crotch area; body-shape term,appearance,casual_conversation,false,
gunt,6840013044060160,2010-11-22,RT @PRGzOfficial: RT @dawgybaggz: RT @JackieChain74 Happy birthday to my homie Gunt from PRGz,21662183,overhanging gut/crotch area; body-shape term,appearance,casual_conversation,false,
gunt,6840636548317184,2010-11-22,RT @Tdeekman: wie gunt me een +2? -follow him!,197912120,overhanging gut/crotch area; body-shape term,appearance,casual_conversation,false,
gunt,6840787601985536,2010-11-22,RT @mafkeesss: RT @Tdeekman: wie gunt me een +2? -follow him!,73753494,overhanging gut/crotch area; body-shape term,appearance,casual_conversation,false,
gunt,6843174597165056,2010-11-22,"@madshrinkage yep, when ya can get your knob in ya fat guts belly button.....half gut, half cunt - Gunt",14240392,overhanging gut/crotch area; body-shape term,appearance,commenting,false,
gunt,9712740515971072,2010-11-30,@negativBAWZ aah tazz man je gunt nixx,89798059,overhanging gut/crotch area; body-shape term,appearance,casual_conversation,false,
gunt,9729218946531328,2010-11-30,RT @MrNishard: Wie gunt me +3? &lt; Follow Follow Follow NOW NOW NOW!,102434510,overhanging gut/crotch area; body-shape term,appearance,casual_conversation,false,
gunt,9729335636271104,2010-11-30,RT @BlackieChannn RT @MrNishard: Wie gunt me +3? &lt; Follow Follow Follow NOW NOW NOW!,110779945,overhanging gut/crotch area; body-shape term,appearance,casual_conversation,false,
gunt,9729613294997504,2010-11-30,"NEW MUSIC: BIG GUNT - MY COLOGNE http://youtu.be/s6Q0dEWdtkM NEW CD ""IT IS WHAT IT IS"" COMING NEW YEARS!!!",18067904,overhanging gut/crotch area; body-shape term,appearance,article_sharing,false,
gunt,9742054913478656,2010-11-30,"@mothleen nay prob , hey was tinking wheres your gunt buddy senor gibbo gone not seen him much ?",33260891,overhanging gut/crotch area; body-shape term,appearance,casual_conversation,false,
gunt,10091775741927424,2010-12-01,"@STREETTALKCEO WHAT UP P? CHECK THIS OUT BIG GUNT ""MY COLOGNE"" http://youtu.be/s6Q0dEWdtkM",18067904,overhanging gut/crotch area; body-shape term,appearance,casual_conversation,false,
gunt,10107356633366528,2010-12-01,"RT @BIGGUNT: I NEED ALL MY FAM AND SUPPORTERS TO RT THIS... NEW BIG GUNT ""MY COLOGNE"" http://youtu.be/s6Q0dEWdtkM",35314252,overhanging gut/crotch area; body-shape term,appearance,casual_conversation,false,
gunt,10107999708250112,2010-12-01,"RT @_MrSoulFood: RT @BIGGUNT: I NEED ALL MY FAM AND SUPPORTERS TO RT THIS... NEW BIG GUNT ""MY COLOGNE"" http://youtu.be/s6Q0dEWdtkM",35595075,overhanging gut/crotch area; body-shape term,appearance,casual_conversation,false,
gunt,9759833347596288,2010-12-01,@jenamabob TNA pants give me a gunt so don't worry,122174926,overhanging gut/crotch area; body-shape term,appearance,casual_conversation,false,
gunt,9766510314659840,2010-12-01,@BostonsBoy gunt!!!!,219411518,overhanging gut/crotch area; body-shape term,appearance,casual_conversation,false,
gunt,9766873784651776,2010-12-01,RT @jonpegnato: @BostonsBoy gunt!!!!,16746867,overhanging gut/crotch area; body-shape term,appearance,casual_conversation,false,
gunt,9767692814786562,2010-12-01,THIS BEAT IS TUFF *Rick ross gunt*,65652279,overhanging gut/crotch area; body-shape term,appearance,commenting,false,
gunt,9771579290419200,2010-12-01,"Msn gunt me niet =) ""nice""",60571373,overhanging gut/crotch area; body-shape term,appearance,commenting,false,
gunt,10150517321764864,2010-12-02,Gunt ass passes! C'mon bruh,40121273,overhanging gut/crotch area; body-shape term,appearance,commenting,false,
gunt,10181622699659264,2010-12-02,@injun_gunt hello~,103532133,overhanging gut/crotch area; body-shape term,appearance,casual_conversation,false,
gunt,10205368940498944,2010-12-02,"Gunt
This is a combo of gut and cunt. The gunt is the huge layer of belly fat that hangs over the waist on (cont) http://tl.gd/78sk0v",58168494,overhanging gut/crotch area; body-shape term,appearance,commenting,false,
gunt,10209880900112384,2010-12-02,"Anyone else familiar with the term ""Gunt"" .. or is it just a family special?",5885632,overhanging gut/crotch area; body-shape term,appearance,commenting,false,
gunt,10216972079861760,2010-12-02,@JAdams111 I think the gunt/fupa is more prevelant than the dickydo in my geographical region. Purely observational research.,27445283,overhanging gut/crotch area; body-shape term,appearance,casual_conversation,false,
gunt,10242412936962048,2010-12-02,I swear eretime the pointe security come say somin bout noise niggaz clean get to treatin dey ass...fugg get gunt by da whole team #RentACop,74331214,overhanging gut/crotch area; body-shape term,appearance,commenting,false,
gunt,10251477020835840,2010-12-02,School gunt me geen rust,79207147,overhanging gut/crotch area; body-shape term,appearance,commenting,false,
gunt,12291841684672512,2010-12-07,"#NEWMUSIC BIG GUNT- IM SPECIAL (RETARD FLO) FREESTYLE PROD. BY @BOLODAPRODUCER ""IT IS WHAT IT IS"" http://www.youtube.com/watch?v=15ywidjRgmc",18067904,overhanging gut/crotch area; body-shape term,appearance,casual_conversation,false,
gunt,12293677481205760,2010-12-07,"#NEW BIG GUNT- IM SPECIAL (RETARD FLO) FREESTYLE PROD. BY @BOLODAPRODUCER ""IT IS WHAT IT IS"" http://www.youtube.com/watch?v=15ywidjRgmc RT",18067904,overhanging gut/crotch area; body-shape term,appearance,casual_conversation,false,
gunt,12306156298969088,2010-12-08,Wie gunt me die followers dan ..,154907699,overhanging gut/crotch area; body-shape term,appearance,commenting,false,
gunt,12328913019600896,2010-12-08,"#NEW BIG GUNT- IM SPECIAL (RETARD FLO) FREESTYLE PROD. BY @BOLODAPRODUCER ""IT IS WHAT IT IS"" http://www.youtube.com/watch?v=15ywidjRgmc",18067904,overhanging gut/crotch area; body-shape term,appearance,casual_conversation,false,
gunt,12375834471960576,2010-12-08,"RT @Gunt_r: YUSTIN BEAVER, Y U NO have testicles?",17415512,overhanging gut/crotch area; body-shape term,appearance,casual_conversation,false,
gunt,12410446652907520,2010-12-08,@kitcopemma snot utarus? Cum turtle? Bitch snatch? War clam? In liner? Gunt bunny? Turd striker? Brock lessner? Lube basket? Clamtared?,26798304,overhanging gut/crotch area; body-shape term,appearance,casual_conversation,false,
gunt,12414748192669696,2010-12-08,Well lose the gunt!!!,82814746,overhanging gut/crotch area; body-shape term,appearance,commenting,false,
gunt,12418523833831424,2010-12-08,dus niemand gunt me 30 followers xD,151947688,overhanging gut/crotch area; body-shape term,appearance,commenting,false,
gunt,12481779218784256,2010-12-08,God gunt of god gunt niet,129974055,overhanging gut/crotch area; body-shape term,appearance,commenting,false,
gunt,12524983787986944,2010-12-08,What a lying bastard gunt. &gt;.&lt;,73443394,overhanging gut/crotch area; body-shape term,appearance,commenting,false,
gunt,12617374490435584,2010-12-08,RT @Dyvaraisha: Wie gunt me 3 Folowers =) // follow der gwn x,114869610,overhanging gut/crotch area; body-shape term,appearance,casual_conversation,false,
gunt,12617490609733632,2010-12-08,@jloidl you think my avatars' boobs are scary?  What about the #GUNT ?  :),54169762,overhanging gut/crotch area; body-shape term,appearance,casual_conversation,false,
gunt,12620160695275520,2010-12-08,OMG!!! Look at the gunt on that tourist!! *vomits* Oh velour velour velour #apprentice,16498084,overhanging gut/crotch area; body-shape term,appearance,commenting,false,
gunt,12629248619581440,2010-12-08,Me ex  gunt me niks !,197055586,overhanging gut/crotch area; body-shape term,appearance,commenting,false,
gunt,12635840404520960,2010-12-08,RT @Qan_: RT @MJi_: Toff dat @Qan_ me mijn copyrights gunt ! =D // Is die love toch « yeahh,126880018,overhanging gut/crotch area; body-shape term,appearance,casual_conversation,false,
gunt,12639428195389440,2010-12-08,"Eyh swa , door my follow @thiszchella - @RasDtje k gun hem mr hy gunt my niet ;o",145742293,overhanging gut/crotch area; body-shape term,appearance,casual_conversation,false,
gunt,12668873992044544,2010-12-09,@JLYoungsma my fupa (or gunt as Scot calls them) is crossed as well.,23655155,overhanging gut/crotch area; body-shape term,appearance,casual_conversation,false,
gunt,12671455514857472,2010-12-09,wie gunt me followerss =(,208225251,overhanging gut/crotch area; body-shape term,appearance,commenting,false,
gunt,12683648163643392,2010-12-09,"Once one has seen front-butt/gunt on a dude, it cannot be unseen. Know this. Haunting...",62139027,overhanging gut/crotch area; body-shape term,appearance,commenting,false,
gunt,12690239571103744,2010-12-09,This woman doctor on untold stories of ER needs to get kicked in her gunt.,26835693,overhanging gut/crotch area; body-shape term,appearance,commenting,false,
gunt,13285311274557440,2010-12-10,RT @CerrTunechi_: RT @Devante_: Wie gunt me +1 voor die 70 - Follow Him ! • Follow MY !,153156982,overhanging gut/crotch area; body-shape term,appearance,casual_conversation,false,
gunt,13285452597436416,2010-12-10,RT @Makka28: RT @CerrTunechi_: RT @Devante_: Wie gunt me +1 voor die 70 - Follow Him ! • Follow MY ! - Naah,93709414,overhanging gut/crotch area; body-shape term,appearance,casual_conversation,false,
gunt,13302378551840768,2010-12-10,New Music: Big Gunt - My Cologne http://youtu.be/s6Q0dEWdtkm  Rt & tell a friend!!!,18067904,overhanging gut/crotch area; body-shape term,appearance,article_sharing,false,
gunt,13302715455115264,2010-12-10,wie gunt me die 2 followers,207668589,overhanging gut/crotch area; body-shape term,appearance,commenting,false,
gunt,13303091046649856,2010-12-10,Trouble squeezing into your jeggings? Ask for gunt talc by lentheric,23585344,overhanging gut/crotch area; body-shape term,appearance,commenting,false,
gunt,13323290789548032,2010-12-10,RT @senorwinces: Happiness is a warm gunt.,100897614,overhanging gut/crotch area; body-shape term,appearance,casual_conversation,false,
gunt,13325796538064896,2010-12-10,RT @xxJTB: RT @princesjj: wie gunt me een +4 ? - Follow haar ! &lt;3 // yeah love,80373255,overhanging gut/crotch area; body-shape term,appearance,casual_conversation,false,
gunt,13330963299831808,2010-12-10,wie gunt me followers,183620783,overhanging gut/crotch area; body-shape term,appearance,commenting,false,
gunt,13332928377397248,2010-12-10,“@Sboy_xGavinn: Wie gunt me die +5 :)” • follow @Sboy_xGavinn :),147960308,overhanging gut/crotch area; body-shape term,appearance,casual_conversation,false,
gunt,13539298213109760,2010-12-11,@shannondotjpeg http://tinychat.com/cattycake GUNT,30177747,overhanging gut/crotch area; body-shape term,appearance,casual_conversation,false,
gunt,13553211638022144,2010-12-11,@TheFlashpacker Or just get the fat lady parachute ones (you know the ones made to cover their gunt?) and wear them like shorts?,64279761,overhanging gut/crotch area; body-shape term,appearance,commenting,false,
gunt,13553326662623232,2010-12-11,@Emmblah hehe gunt has to be the best word EVER,24750507,overhanging gut/crotch area; body-shape term,appearance,casual_conversation,false,
gunt,13553611543941120,2010-12-11,@TheFlashpacker I concur. Gunt gunty gunt gunt!,64279761,overhanging gut/crotch area; body-shape term,appearance,casual_conversation,false,
gunt,13559162453630976,2010-12-11,@TheFlashpacker @RubyWildflower TBH I just take any opportunity to say 'gunt' gratuitously.,64279761,overhanging gut/crotch area; body-shape term,appearance,casual_conversation,false,
gunt,13559218170761216,2010-12-11,@Emmblah its cause hes a Scando. Im half Swedish and that half of me is a gunt,24750507,overhanging gut/crotch area; body-shape term,appearance,casual_conversation,false,
gunt,13561902944755712,2010-12-11,What exactly does @domjoly contribute to society? Being a fat obnoxious gunt and using simpletons to stroke his overinflated ego = #hasbeen,38267803,overhanging gut/crotch area; body-shape term,appearance,commenting,false,
gunt,13568688028389376,2010-12-11,@showgirrl that's cos you're a gunt and we love you. No spills tonight :),20830468,overhanging gut/crotch area; body-shape term,appearance,casual_conversation,false,
gunt,13579325462810624,2010-12-11,wie gunt my nog 8 followers ? :$,176214162,overhanging gut/crotch area; body-shape term,appearance,commenting,false,
gunt,13590269433749504,2010-12-11,Wie gunt followers,164381579,overhanging gut/crotch area; body-shape term,appearance,commenting,false,
gunt,20649440347947008,2010-12-31,RT @Neftalie_: Wie gunt me 3+ =$ - FOLLOW HAAR !!!!,88771069,overhanging gut/crotch area; body-shape term,appearance,casual_conversation,false,
gunt,20650830147354624,2010-12-31,RT @Mawfucker: RT @JordyyMorato: RT @Neftalie_: Wie gunt me 3+ =$ &gt;! • #NF - #FB love,122961963,overhanging gut/crotch area; body-shape term,appearance,casual_conversation,false,
gunt,20651084338954240,2010-12-31,RT @ZamoClh: RT @Neftalie_: Wie gunt me 3+ =$ - FOLLOW HAAR !!!! - LOVE,122961963,overhanging gut/crotch area; body-shape term,appearance,casual_conversation,false,
gunt,20658971048148992,2010-12-31,Blackjack #dreef gunt 40 eu winst,133514303,overhanging gut/crotch area; body-shape term,appearance,commenting,false,
gunt,20662593211334656,2010-12-31,kk twitter gunt me niets,100278045,overhanging gut/crotch area; body-shape term,appearance,commenting,false,
gunt,20671100664938496,2010-12-31,Ey man Shani gunt me niet:(,180177254,overhanging gut/crotch area; body-shape term,appearance,commenting,false,
gunt,20672018651283456,2010-12-31,RT @MaroushaLVB: #Nf @RichYorke - *gunt weer 's een followback na 500 nf's*,196746681,overhanging gut/crotch area; body-shape term,appearance,casual_conversation,false,
gunt,20672313011740672,2010-12-31,RT @RichYorke: RT @MaroushaLVB: #Nf @RichYorke - *gunt weer 's een followback na 500 nf's* « =),149298323,overhanging gut/crotch area; body-shape term,appearance,casual_conversation,false,
gunt,20691686921342976,2010-12-31,Es The Gunt... Segeeeer...,158742392,overhanging gut/crotch area; body-shape term,appearance,commenting,false,
gunt,20715247228686336,2010-12-31,Happiness is a warm gunt.,151726840,overhanging gut/crotch area; body-shape term,appearance,commenting,false,
gunt,20986099245514752,2010-12-31,Gunt gunt gunt gunt gunt. Vote taken and Mat is a gunt hopper!! Ha ha! #HappyNewYear everyone!!! xxx,105922656,overhanging gut/crotch area; body-shape term,appearance,commenting,false,
gunt,21003804530974720,2011-01-01,33 followers wie gunt me meer,219754530,overhanging gut/crotch area; body-shape term,appearance,commenting,false,
gunt,21014384151105536,2011-01-01,@AshleyThizzdale lmfao gunt?,151448846,overhanging gut/crotch area; body-shape term,appearance,casual_conversation,false,
gunt,21029476485824512,2011-01-01,Zo twitter gunt me weeer ! :O,178356421,overhanging gut/crotch area; body-shape term,appearance,commenting,false,
gunt,21075342563213312,2011-01-01,I remember when I used to be able to tell What kind of gun the gunt shots came from,25792652,overhanging gut/crotch area; body-shape term,appearance,commenting,false,
gunt,21084324702978048,2011-01-01,Same to u RT @Safriyani1995 Happy new year @bloodvampz @bungalevista @CINMYQO @fiafilia @girlchance @gyzqha @Gunt_daVinci @ HarryPotterLand,162965248,overhanging gut/crotch area; body-shape term,appearance,casual_conversation,false,
gunt,21118503620706304,2011-01-01,This one chicks got a gunt big enough to feed Sudan....,27110354,overhanging gut/crotch area; body-shape term,appearance,commenting,false,
gunt,21204231688032256,2011-01-01,"aaaaiight 99 followers, 99 following, wie gunt me die +1 ?",130823376,overhanging gut/crotch area; body-shape term,appearance,commenting,false,
gunt,21210637443010560,2011-01-01,"Gunts fans showing their class with the ""hibees are gay song"". I'd rather be gay that a gunt.",20907288,overhanging gut/crotch area; body-shape term,appearance,commenting,false,
gunt,21219162747576320,2011-01-01,zie gunt me new #folwers ???,226231463,overhanging gut/crotch area; body-shape term,appearance,commenting,false,
locks,7398876500,2010-01-05,How to: Get faster GPS locks - and how to stay patient when you can't http://tinyurl.com/ybrk6qv,45493282,hair; especially one's hairstyle or tresses,appearance,technology_discussion,false,Manual override -> technology_discussion
locks,7398943041,2010-01-05,JR's BBQ Blog: Monday Night Thoughts...Doc's Services Friday at 2:30 p.m....Boise State locks up #2 in the Nation http://ow.ly/16gLSV,89556802,hair; especially one's hairstyle or tresses,appearance,sports_discussion,false,Manual override -> sports_discussion
locks,7398965464,2010-01-05,"If  7-11 is open 24 hours a day, 365 days a year, why are there locks on the doors?",29142052,hair; especially one's hairstyle or tresses,appearance,commenting,false,Manual override -> commenting
locks,7399338701,2010-01-05,@mellalicious knew you'd love that car!  Yup I think its the price & the fact that the pump locks don't work any more! Miss those!,15225949,hair; especially one's hairstyle or tresses,appearance,casual_conversation,false,
locks,7399374459,2010-01-05,@young_lupe lol hurry b4 it locks in and takes affect. Wellp nite love,31109564,hair; especially one's hairstyle or tresses,appearance,casual_conversation,false,
locks,7399381346,2010-01-05,@jaywilliamsPR are you doing a stand-up at the Comedy Store on Deansgate Locks that night too :-),20247188,hair; especially one's hairstyle or tresses,appearance,casual_conversation,false,
locks,7399386092,2010-01-05,@ILUSupernatural What??? Locks of hair what???,31772941,hair; especially one's hairstyle or tresses,appearance,fashion_beauty,false,Manual override -> fashion_beauty
locks,7399388031,2010-01-05,"Police: Man locks up grandma to shoot fireworks 
    (AP) http://tinyurl.com/ydlf2w6",91534525,hair; especially one's hairstyle or tresses,appearance,article_sharing,false,
locks,7399404074,2010-01-05,@lighthousemedia Can't believe Raphael Selbourne will be at Locks Work today and I'm snowed in!  Not fair!,19646605,hair; especially one's hairstyle or tresses,appearance,casual_conversation,false,
locks,7399410853,2010-01-05,@ohnoeric I do that every day God gave. Only my locks busted.,30902224,hair; especially one's hairstyle or tresses,appearance,commenting,false,
locks,7639387106,2010-01-11,"RT @Love_Chan: So now blackberry has an app that locks, unlocks & starts ur car?? Cool friggin beans.»What's the name of the app?",65747414,hair; especially one's hairstyle or tresses,appearance,technology_discussion,false,
locks,7639532974,2010-01-11,Kate Gosselin's New Hair Faces Frizz: Long locks are a breeze when you have a famous hairstylist tending to you.. http://bit.ly/7SH3qE,78268978,hair; especially one's hairstyle or tresses,appearance,fashion_beauty,false,Manual override -> fashion_beauty
locks,7639559061,2010-01-11,"If you live in Ireland, Little People in Dublin now stock and distribute My Buggy Buddy clips and locks.",86787152,hair; especially one's hairstyle or tresses,appearance,technology_discussion,false,
locks,7639685456,2010-01-11,"@minxlj I 'think' there are a few UPVC locks which can guard against it, but there are as many youtube videos showing you how to break them",13509662,hair; especially one's hairstyle or tresses,appearance,casual_conversation,false,
locks,7639758812,2010-01-11,Does metrosexuals mean that you wouldn't say no if somebody stuck their finger up yer bum? Lose the man locks and get a man hair cut! Shaven,102346450,hair; especially one's hairstyle or tresses,appearance,commenting,false,
locks,7639823011,2010-01-11,"Besides pride, loyalty, discipline, heart, and mind, confidence is the key to all the locks. Joe Paterno",96210317,hair; especially one's hairstyle or tresses,appearance,commenting,false,
locks,7639832255,2010-01-11,"U lost ur charm when u cut off ur locks ;0) RT @leemajor11 ""My girl say I use my charm too loosely I tell her I'm too fly to have to con...",25785715,hair; especially one's hairstyle or tresses,appearance,fashion_beauty,false,Manual override -> fashion_beauty
locks,7639832298,2010-01-11,Kate Gosselin's New Hair Faces Frizz: Long locks are a breeze when you have a famous hairstylist tending to you.. http://bit.ly/79ekj0,85553618,hair; especially one's hairstyle or tresses,appearance,fashion_beauty,false,
locks,7639853730,2010-01-11,This is why we get bad raps&gt;&gt;&gt;&gt;&gt;&gt; It only takes 1 ....... Greyhound Bus Driver Locks Passengers in Bus  - http://bit.ly/7B3Wqb #ireport,31223257,hair; especially one's hairstyle or tresses,appearance,article_sharing,false,
locks,7639857492,2010-01-11,"@tantanoo That was the spell to open locks, right??? Evanesco is my fav! :D",47881499,hair; especially one's hairstyle or tresses,appearance,casual_conversation,false,
locks,8142378851,2010-01-24,ps. A REALLY BLACK BITCH SHUD NEVA PUT GOLDIE LOCKS BRWN IN THERE HAIR NOR HIGHLIGHTER PINK U TOO BLACK FOR THT SHIT MA.. =),50810659,hair; especially one's hairstyle or tresses,appearance,fashion_beauty,false,Manual override -> fashion_beauty
locks,8142478988,2010-01-24,"@morriscat Definitely. *whispers* it was a test of the sekurity system, not a real raid. @SylvieDog needs better locks on the Tequila room.",22887237,hair; especially one's hairstyle or tresses,appearance,casual_conversation,false,
locks,8142495149,2010-01-24,"2002 Chevrolet Tracker zr2 ( Toronto ) $6,000.00: 2002 chevy tracker.it has 145 km ,power windows,locks,mirrors,st... http://bit.ly/5fnGn0",34961331,hair; especially one's hairstyle or tresses,appearance,article_sharing,false,
locks,8142528940,2010-01-24,@Petino_LivUp soon start grow locks doaw?,33096574,hair; especially one's hairstyle or tresses,appearance,casual_conversation,false,
locks,8142682991,2010-01-24,"#naturalhair so, it's 2:49 a.m. and I just got done with my avocado DT and palm rolling SO's locks.  yes, they are long enough to palm roll!",40616223,hair; especially one's hairstyle or tresses,appearance,commenting,false,
locks,8142731349,2010-01-24,RT @youngsinick: @candyann will go off if you get out of pocket for a traffic violation. &lt;~~ he puts on the child safety locks.,16223662,hair; especially one's hairstyle or tresses,appearance,casual_conversation,false,
locks,8142761706,2010-01-24,"@with2ns Your dad is a very naughty boy:) Do have good locks? If everything is secure they will just go to the next house. Anyway, how much",73819237,hair; especially one's hairstyle or tresses,appearance,casual_conversation,false,
locks,8142815609,2010-01-24,@Designsdbj we have super locks! Hopefully they just saw a mess.,21859100,hair; especially one's hairstyle or tresses,appearance,casual_conversation,false,
locks,8142862206,2010-01-24,@Jakebrutha litey ruff wrestlin     #my4play ( my leg locks go hard lol),63902322,hair; especially one's hairstyle or tresses,appearance,casual_conversation,false,
locks,8142865957,2010-01-24,Slumping Turkoglu trying not to press | Other Sports | Sports ...: I'm not the guy who locks himself in the gym. I... http://bit.ly/6mIkgA,74367925,hair; especially one's hairstyle or tresses,appearance,article_sharing,false,
locks,8174575972,2010-01-25,"Lot of 2 - TSA Approved 4 Dial Combination Locks NEW - Chicago,IL - $10.00http://bit.ly/4Kd6n5/",93688879,hair; especially one's hairstyle or tresses,appearance,article_sharing,false,
locks,8174585920,2010-01-25,"@ExquisiteLocks sassy, classy, and the BEST rocking with Exquisite Locks gets you fine within due time! ((Like that slogan?? Lol",49871319,hair; especially one's hairstyle or tresses,appearance,casual_conversation,false,
locks,8174615042,2010-01-25,And with these little skinnies and dread locks he's lookin like a gospel LIL wayne yes TYE TRIBBIT IS THE GOSPEL WAYNE  LMAO,19103206,hair; especially one's hairstyle or tresses,appearance,commenting,false,
locks,8174621638,2010-01-25,"back to the #tebow fans, getting me to 300 followers locks it in. I'll be there and even take extra pictures of tebow for you.",70624996,hair; especially one's hairstyle or tresses,appearance,commenting,false,
locks,8174709420,2010-01-25,@quilssexgoddess *locks car & walks around to u* kinda thought u might need it with all that moving i felt *walks with u to the bathrooms*,102282966,hair; especially one's hairstyle or tresses,appearance,casual_conversation,false,
locks,8174739705,2010-01-25,Goldie Locks - http://www.rachelzoe.com/oribe-24k-pomade,37972797,hair; especially one's hairstyle or tresses,appearance,article_sharing,false,
locks,8174773500,2010-01-25,JAVASCRIPTS ::  Turning on off caps num scroll locks: Turning on off caps num scroll locks ... http://bit.ly/6nSPoJ,91740249,hair; especially one's hairstyle or tresses,appearance,article_sharing,false,
locks,8174858282,2010-01-25,"@girljungle HILARIOUS! i'm tempted to pour ice in the locks, but that'd be childish. or is it? #strokesinvisblethinkingbeard @STARBUCKLY",20644292,hair; especially one's hairstyle or tresses,appearance,casual_conversation,false,
locks,8174927275,2010-01-25,"I posted 5 photos on Facebook in the album ""Ski & Snowboard Locks"" http://bit.ly/6zQh70",23142750,hair; especially one's hairstyle or tresses,appearance,article_sharing,false,
locks,8175050137,2010-01-25,"Has no Internet. This is what I pay tuition for? Wireless gone wrong, switched locks and smelly rooms, sigh.",107353928,hair; especially one's hairstyle or tresses,appearance,commenting,false,
locks,8429513363,2010-01-30,"It's time to change all your passwords: Everyone realizes that like those expensive locks you put on your doors, y... http://bit.ly/bxhmOz",65955724,hair; especially one's hairstyle or tresses,appearance,technology_discussion,false,
locks,8429597613,2010-01-30,"Dog locks itself in car, then unlocks door http://bit.ly/9Ogki2",36428038,hair; especially one's hairstyle or tresses,appearance,article_sharing,false,
locks,8429651647,2010-01-30,one of my cats can open cupboards with child-locks.  this is also the cat i'm convinced is secretly building a robot version of me.,15853384,hair; especially one's hairstyle or tresses,appearance,commenting,false,
locks,8429694761,2010-01-30,@TheRealGoodz you gonna leave his locks on the wall like high school (in memory of arsenal da rebel),30665569,hair; especially one's hairstyle or tresses,appearance,casual_conversation,false,
locks,8429710332,2010-01-30,Amiyah Hears Birthday Party & Get Alil Tooooo Excited. She Need To Sit Still & Get Her Hair Done!! I Soon Cut Her Curly Locks Off -_-,46295520,hair; especially one's hairstyle or tresses,appearance,commenting,false,
locks,8429741730,2010-01-30,@OrianthiDouble D: STAY AWAY FROM ME. /locks you in a cage.,87375350,hair; especially one's hairstyle or tresses,appearance,casual_conversation,false,
locks,8429800242,2010-01-30,"RT @CoalIsFilthy: $9,625 total bail for tree sit -- Send Lawyers, Locks and Money!  Please! http://youtu.be/uuJGQ9Nh9FU #stopmtr #coal #mjs",89954749,hair; especially one's hairstyle or tresses,appearance,casual_conversation,false,
locks,8429915534,2010-01-30,RT @tweetmeme FreewayAuction.com - Locks & Keys http://ow.ly/1nQUBO,66517447,hair; especially one's hairstyle or tresses,appearance,casual_conversation,false,
locks,8429922754,2010-01-30,"I'm fuckin superman. I leave my house, get to the bus stop, run back up 3 flights of stairs, open 2 locks, run to  (cont) http://tl.gd/652lc",73267432,hair; especially one's hairstyle or tresses,appearance,article_sharing,false,
locks,8429923983,2010-01-30,Ashley Tisdale's Long Golden Locks | Disnology http://ad.vu/szw5,82337386,hair; especially one's hairstyle or tresses,appearance,article_sharing,false,
locks,8432253321,2010-01-31,Funny yesterday Hogan said Orton would be one of the guys he'd love to bring over to TNA then the next day mcmahon locks him to Ten years :),72047167,hair; especially one's hairstyle or tresses,appearance,commenting,false,
locks,8432265807,2010-01-31,#randomthought shuld I cut my locks?,33038377,hair; especially one's hairstyle or tresses,appearance,commenting,false,
locks,8432310270,2010-01-31,"Lot of 10 TSA locks  Black Equinox Luggage Strap - Daly City,CA - $12.50http://bit.ly/4Kd6n5/",93688879,hair; especially one's hairstyle or tresses,appearance,article_sharing,false,
locks,8432482446,2010-01-31,Pension Product Development Manager job in Locks Heath at Reed Insurance http://bit.ly/anljhU #jobs,47343966,hair; especially one's hairstyle or tresses,appearance,article_sharing,false,
locks,8432494435,2010-01-31,Louise Galvin Sacred Locks Shampoo for Thick or Curly Hair | Fix ...: Product DescriptionThe only corners cut are ... http://bit.ly/d6aXWZ,91885107,hair; especially one's hairstyle or tresses,appearance,article_sharing,false,
locks,8432573066,2010-01-31,@MomsofAmerica Just had to get my blonde locks in everyone's stream! ;)  LOL,109372287,hair; especially one's hairstyle or tresses,appearance,casual_conversation,false,
locks,8432699603,2010-01-31,@dr_devlinstien don't you dare cut those beautiful locks.,14332206,hair; especially one's hairstyle or tresses,appearance,casual_conversation,false,
locks,8432743492,2010-01-31,@kissmemeaghan GOLDIE LOCKS. ;),61817580,hair; especially one's hairstyle or tresses,appearance,casual_conversation,false,
locks,8432847426,2010-01-31,"Mon. we are in Seattle taking More , yes more classes on Texture for your Locks ! curl, wavy, soft , shinny hair !... http://fb.me/8iRQoUo",24132215,hair; especially one's hairstyle or tresses,appearance,article_sharing,false,
locks,8432882513,2010-01-31,"@kissmemeaghan No, no, no. Brunettes most definitely have more fun. (AND GINGIE LOCKS. HAH. That lasted a while.)",61817580,hair; especially one's hairstyle or tresses,appearance,casual_conversation,false,
locks,8714156115,2010-02-06,*presses car remote and locks ur lips up* Ok we wont RT @xmleo22x: Haaa! Don't get me started! RT @Pworldwide: @SarahJabbs,19938868,hair; especially one's hairstyle or tresses,appearance,casual_conversation,false,
locks,8714174279,2010-02-06,#rumor Central Catholic locks doors based on GISH rumors (Grand Island Independent) http://bit.ly/dcHEMw,36916394,hair; especially one's hairstyle or tresses,appearance,article_sharing,false,
locks,8714268564,2010-02-06,"*Locks the door and goes into the kitchen, grabs the glasses and puts them in the sink, washes them quickly so I wont have to do it later*",71176172,hair; especially one's hairstyle or tresses,appearance,commenting,false,
locks,8714489106,2010-02-06,@NewNew803 yeah the first few min are great! Locks u in early,25533230,hair; especially one's hairstyle or tresses,appearance,casual_conversation,false,
locks,8714606875,2010-02-06,"never locks her door but is tonight, so no one can walk in and wake her up.",24088610,hair; especially one's hairstyle or tresses,appearance,commenting,false,
locks,8714735132,2010-02-06,I'm on theeeee way RT @xclusivelyBRE: I dnt trust this guy crashing on my couch :-/ *locks my bedroom door*,18650764,hair; especially one's hairstyle or tresses,appearance,casual_conversation,false,
locks,8714917392,2010-02-06,@casseinogen haha my my mum locks them all away!,46397202,hair; especially one's hairstyle or tresses,appearance,casual_conversation,false,
locks,8714947598,2010-02-06,"Locks of Love accepting hair donations at salons|A local charity has started its annual drive for Locks of Love, .. http://oohja.com/x6vwL",56636727,hair; especially one's hairstyle or tresses,appearance,article_sharing,false,
locks,8714994368,2010-02-06,RT @YouCanHelp:Locks of Love accepting hair donations @ salons|Local charity started its annual drive 4 Locks of Love http://oohja.com/x6vwL,53539909,hair; especially one's hairstyle or tresses,appearance,casual_conversation,false,
locks,8894326423,2010-02-10,fake dread locks=failure,26579654,hair; especially one's hairstyle or tresses,appearance,commenting,false,
locks,8894548455,2010-02-10,@TMarcus15 Lmaooo Yea I LOCKS up Nigga.. and I Dimes Niggas.. now I'm Layin Niggas #NoEltonJohn,72992699,hair; especially one's hairstyle or tresses,appearance,casual_conversation,false,
locks,8894654985,2010-02-10,"The #Pilot shifter offers an OD Off switch which locks out the top two gears, so if you want fourth to...Read...  http://tinyurl.com/yjus93n",67098303,hair; especially one's hairstyle or tresses,appearance,article_sharing,false,
locks,8894677371,2010-02-10,Lot of 2 TSA Luggage Suitcase Travel Locks Black Green - USA - $4.99http://bit.ly/8H6wO8/,93688879,hair; especially one's hairstyle or tresses,appearance,article_sharing,false,
locks,8894750970,2010-02-10,@clubfloozy I jess loved his blonde locks!!!,43828173,hair; especially one's hairstyle or tresses,appearance,casual_conversation,false,
locks,8894840335,2010-02-10,"My theory on double standards: If a key opens many locks, it's a ""master key"". If a lock is opened by many keys, well that's a shitty lock.",56852916,hair; especially one's hairstyle or tresses,appearance,commenting,false,
locks,8895129457,2010-02-10,"Are Your Locks ""Bump Proof?"" http://bit.ly/94XJ4y",15343506,hair; especially one's hairstyle or tresses,appearance,article_sharing,false,
locks,8895311300,2010-02-10,"#lr - door locks ?????? help please: Hi all, you helped me in the past and  im sure you can this time. 
I have a 4... http://bit.ly/bMHMHU",27821069,hair; especially one's hairstyle or tresses,appearance,article_sharing,false,
locks,8895359464,2010-02-10,@Karls_Lesbian Lol my mistake maybe you could get her to put coded locks on everything like you said :p,85859446,hair; especially one's hairstyle or tresses,appearance,casual_conversation,false,
locks,8895487353,2010-02-10,Oh no!! I've literally JUST gone blonde when I see the lovely @nicolerichie with her glossy brown locks...do I go back to the dark side??,34241142,hair; especially one's hairstyle or tresses,appearance,casual_conversation,false,
locks,9322392235,2010-02-19,@twonesix this box that rock.and guys with dred locks.yea i agree. hahah,38364278,hair; especially one's hairstyle or tresses,appearance,casual_conversation,false,
locks,9322518674,2010-02-19,@missladielee81 yo u change the locks tho? or u was frontin?,89884051,hair; especially one's hairstyle or tresses,appearance,commenting,false,
locks,9322610601,2010-02-19,Study: Cost of closing Chicago locks exaggerated http://bit.ly/alvZoc,14484307,hair; especially one's hairstyle or tresses,appearance,article_sharing,false,
locks,9322612124,2010-02-19,Study: Cost of closing Chicago locks exaggerated http://bit.ly/9sWmjl,14484307,hair; especially one's hairstyle or tresses,appearance,article_sharing,false,
locks,9322612285,2010-02-19,#CELTIC'S #7 DUDE! WHAT U GOT DREAD  LOCKS OR BRAIDS! ?? LOOKS LIK BOTTH,46711030,hair; especially one's hairstyle or tresses,appearance,commenting,false,
locks,9322712153,2010-02-19,Yessss!!! Thank God for power door locks. Just found the rental from a block and a half away!,20722511,hair; especially one's hairstyle or tresses,appearance,commenting,false,
locks,9322732786,2010-02-19,"rt @TameMe_ 
  
RT @BeautybdatBeast: shout outs to @NeyaSoSpecial for the sexy locks in my twitcon- wrd &lt;lol ayy ya hair popin s/o to me",30325741,hair; especially one's hairstyle or tresses,appearance,casual_conversation,false,
locks,9322862162,2010-02-19,"Looks like I'll be home alone for 2 more days. Mom's texts centered on gas tank, door locks, and electric plugs. I know, Mom. I'm fine, btw.",18301827,hair; especially one's hairstyle or tresses,appearance,commenting,false,
locks,9322871074,2010-02-19,"RT @iAmorStreetz
  
grab hym by his locks & give hym sum good box!!!!!!! haha baby 123..&lt;I LOVE IT WEN SHE SAY 123",32151982,hair; especially one's hairstyle or tresses,appearance,casual_conversation,false,
locks,9322893723,2010-02-19,"Suspect hunt locks down animal shelter | Albuquerque, N.M. | KRQE ...: At least one family was stuck inside the We... http://bit.ly/dls4WC",77601820,hair; especially one's hairstyle or tresses,appearance,article_sharing,false,
locks,9335941431,2010-02-19,oh. my. god. Flower seems to have sent the entire team to the barber's this week. Where have Stuey's flowing locks gone??,19649020,hair; especially one's hairstyle or tresses,appearance,commenting,false,
locks,9335953251,2010-02-19,"New post: Palm Beach Security &amp; Safes ,West Palm Beach - Locks &amp; Locksmiths (http://bit.ly/cX139B)",96061453,hair; especially one's hairstyle or tresses,appearance,article_sharing,false,
locks,9335986350,2010-02-19,"I donated it Locks of Love for two years now. Yes, that's two 12 inch donations in 2 years. #myhairisflatterthanacrepe",25240992,hair; especially one's hairstyle or tresses,appearance,commenting,false,
locks,9336130664,2010-02-19,"I hate Arrecife, something always goes wrong there. The locks that were working on the car stopped working, had to smash a window to get in!",28089029,hair; especially one's hairstyle or tresses,appearance,commenting,false,
locks,9336195741,2010-02-19,putting locks on all facebook portals,49689040,hair; especially one's hairstyle or tresses,appearance,commenting,false,
locks,9336305110,2010-02-19,"@Clarkee21 have a hunt for ""unlocker"" that should help you find out which naught process has the file locks.",7609722,hair; especially one's hairstyle or tresses,appearance,casual_conversation,false,
locks,9336331693,2010-02-19,The music is on loud so when i talk online I USE CAPS LOCKS SO YOU CAN HEAR ME AND MY AWESOMENESS!!!! http://bit.ly/9DPpnI,19591686,hair; especially one's hairstyle or tresses,appearance,article_sharing,false,
locks,9336521639,2010-02-19,"local high school locks out late students. Like the concept, but anything with ZERO tolerance makes me nervous - http://tinyurl.com/yhtpg3q",16811002,hair; especially one's hairstyle or tresses,appearance,article_sharing,false,
locks,9336522488,2010-02-19,"And not every hacker
is an abstract Platonic computer-nerd  Some few are quite experienced
at picking locks robbing phone-trucks and",15922065,hair; especially one's hairstyle or tresses,appearance,commenting,false,
locks,9336529883,2010-02-19,The Pony Tail lost - am now back to civilised normality SB&S and a years' home-grown locks gone forever,110250370,hair; especially one's hairstyle or tresses,appearance,commenting,false,
locks,9505390332,2010-02-23,. @badd_ass_dejah i aint gone say nothin bout how yo coochie grew dread locks! ol rusty ass pussy,48212429,hair; especially one's hairstyle or tresses,appearance,casual_conversation,false,
locks,9505408429,2010-02-23,http://blog-love.web-popular.com - Robert Pattinson Tames his Tousled Locks: Love It or Hate It ...,46264318,hair; especially one's hairstyle or tresses,appearance,article_sharing,false,
locks,9505420642,2010-02-23,RT @TxTaraTodd: RT @MommyPR and @LittleMissJulia -  Locks Of Love Donation from Little Miss Julia hair accessories-  http://bt.io/EXjp,45756215,hair; especially one's hairstyle or tresses,appearance,casual_conversation,false,
locks,9505422467,2010-02-23,@CompleteBeauty you growing locks miss?,21886034,hair; especially one's hairstyle or tresses,appearance,casual_conversation,false,
locks,9505437651,2010-02-23,Man task of the day: Repaired a wire in the door harness of my Jeep so my windows/locks work again. #diy #auto #fb,1163001,hair; especially one's hairstyle or tresses,appearance,commenting,false,
locks,9505481167,2010-02-23,Goldie Locks Has Chicken Pox - http://tinyurl.com/y8nbtdw,116173949,hair; especially one's hairstyle or tresses,appearance,article_sharing,false,
locks,9505531375,2010-02-23,Hardware support for Locks http://twurl.nl/o0zyky,14810393,hair; especially one's hairstyle or tresses,appearance,article_sharing,false,
locks,9505556901,2010-02-23,@Locks_ofLove so it didnt happen...i dnt feel bad n e more... i cnt wait to hear ur poetry thou...u got skills,23396373,hair; especially one's hairstyle or tresses,appearance,casual_conversation,false,
locks,9505576316,2010-02-23,"@FashionTAI lol. Dude with locks was talking shit, so I said we'd smack him & he'd transform to Lil Wayne.. Hence the ""uhmmm.. Yaahht""",28697421,hair; especially one's hairstyle or tresses,appearance,casual_conversation,false,
locks,9505658170,2010-02-23,@bsboyd123 It would probably be about the same if I cut it (has to be 10 inches for locks of love).,46424204,hair; especially one's hairstyle or tresses,appearance,casual_conversation,false,
locks,9548679577,2010-02-23,"@justin_james17 *stuff all her things into a little suitcase, locks it* *sighs and waits, sitting on her bed, smiling(",68973055,hair; especially one's hairstyle or tresses,appearance,casual_conversation,false,
locks,9548703332,2010-02-23,High Quality Locks Can Help Prevent Break-ins http://bit.ly/9BxNec http://bit.ly/9BxNec,97588498,hair; especially one's hairstyle or tresses,appearance,article_sharing,false,
locks,9548765781,2010-02-23,I just chopped off all my hair to donate it to locks of love.,28509323,hair; especially one's hairstyle or tresses,appearance,commenting,false,
locks,9548788593,2010-02-23,News: New report criticizes Corps plan for locks and dams: Several environmental groups are not happy with a... http://tinyurl.com/yecvs7o,13829772,hair; especially one's hairstyle or tresses,appearance,article_sharing,false,
locks,9548930239,2010-02-23,"Wildcats face Texas Tech hoping to break skid: Until the door is shut, slammed and lock with 10 different locks, I... http://bit.ly/9SD612",82929682,hair; especially one's hairstyle or tresses,appearance,article_sharing,false,
locks,9549110435,2010-02-23,"RT @TeamMinajKY: @diamondsloren Lmaoooo « aaawww mann @MandyLBarbie don't know what ""baldy locks"" is ?? smh da bestest thinqq n da world lol",42233408,hair; especially one's hairstyle or tresses,appearance,casual_conversation,false,
locks,9549179239,2010-02-23,Aww I came home && they changed the locks on the door. And my dad got me a Hello Kitty key for the door. Love him&lt;33,24855123,hair; especially one's hairstyle or tresses,appearance,commenting,false,
locks,9549256241,2010-02-23,"""O thou with dewy locks, who lookest down Through the clear windows of the morning, turn Thine angel eyes..."" http://tumblr.com/xxp6qtcm0",19718582,hair; especially one's hairstyle or tresses,appearance,article_sharing,false,
locks,9549271655,2010-02-23,It is a #badidea to build a fancy account config system that locks users out after the first time they see it.,78842507,hair; especially one's hairstyle or tresses,appearance,commenting,false,
locks,9549398139,2010-02-23,@stickyheels my aunt had extra locks on her front door because she use to sleepwalk outside.,13126572,hair; especially one's hairstyle or tresses,appearance,casual_conversation,false,
locks,9583873256,2010-02-24,A new car built by my company leaves somewhere traveling at 60 miles per hour. The rear differential locks up.,14552423,hair; especially one's hairstyle or tresses,appearance,commenting,false,
locks,9583911467,2010-02-24,OpenWays Presents its iPhone Application to Bypass Front Desks and Open Room Locks http://ow.ly/1aNGG,22230269,hair; especially one's hairstyle or tresses,appearance,technology_discussion,false,
locks,9583970684,2010-02-24,Last Night in New York: It?s a Reality|Tyra Banks sported short locks and Rosario Dawon went to an opening party .. http://oohja.com/x7xas,39601160,hair; especially one's hairstyle or tresses,appearance,article_sharing,false,
locks,9584035498,2010-02-24,@foodbymark are you near Tottenham? I ran past loads of locks on my run the other day...,18800627,hair; especially one's hairstyle or tresses,appearance,casual_conversation,false,
locks,9584093047,2010-02-24,@noramoss LMAoo...Damn KiLLa..*Locks Door* *Rolls up Window*....,36393982,hair; especially one's hairstyle or tresses,appearance,casual_conversation,false,
locks,9584096807,2010-02-24,"This Michelle on AI is a mixture of Alicia Keys n Leona Lewis' voice, n she is sizzlingly HOT.. ! PS: me want her curly locks :)",43917601,hair; especially one's hairstyle or tresses,appearance,commenting,false,
locks,9584290592,2010-02-24,HSBC locks browsers with anti-malware filter http://ping.fm/jdCni,44541642,hair; especially one's hairstyle or tresses,appearance,article_sharing,false,
locks,9584306514,2010-02-24,"Hotel Locks Defeated by Piece of Wire, Secured http://gizmodo.com/5477600/ #security #lockpicking",15270543,hair; especially one's hairstyle or tresses,appearance,article_sharing,false,
locks,9584342676,2010-02-24,*locks pinky* promise girlie lol @LipsSoJuicy,44278930,hair; especially one's hairstyle or tresses,appearance,casual_conversation,false,
locks,9584347962,2010-02-24,"RT @675 Hotel Locks Defeated by Piece of Wire, Secured by Towel - #Lockpicking - Gizmodo http://tumblr.com/xdh6r0muj #security",33959396,hair; especially one's hairstyle or tresses,appearance,casual_conversation,false,
locks,9744805590,2010-02-27,Got new doorknob & locks on master bedroom w/KEY YAY!,50034452,hair; especially one's hairstyle or tresses,appearance,commenting,false,
locks,9744918544,2010-02-27,Ok time to change some more locks....shoot I am tired.,23430810,hair; especially one's hairstyle or tresses,appearance,commenting,false,
locks,9744952601,2010-02-27,"@danielfox118 Yeah, that's right. I AM cool! As for the car, it does not. Nor does it have power windows or locks.",33047963,hair; especially one's hairstyle or tresses,appearance,casual_conversation,false,
locks,9744984372,2010-02-27,@lzzyfan Ooh. Well if you ever decide to get 10 or more inches cut off consider donating it to Locks of Love. I've done that a few times.,26867284,hair; especially one's hairstyle or tresses,appearance,casual_conversation,false,
locks,9745122776,2010-02-27,@_hustlher & this is why they should put locks on their kids privates. Lmao,16357364,hair; especially one's hairstyle or tresses,appearance,casual_conversation,false,
locks,9745174643,2010-02-27,da locks been swtich back 4 my daddy can come on in n do da damn thang baby 1 mo month 2 go watch dem hoes fall off keep it secure daddy!!!!,78347144,hair; especially one's hairstyle or tresses,appearance,commenting,false,
locks,9745192954,2010-02-27,Got locked out had to change the locks...,29611156,hair; especially one's hairstyle or tresses,appearance,commenting,false,
locks,9745421453,2010-02-27,"got bike jacket, gloves, locks and helmet... now all i need is my moped! :D",20868875,hair; especially one's hairstyle or tresses,appearance,commenting,false,
locks,9745465156,2010-02-27,@RealtorRon Twitter implements a limit on post floods which locks them from posting important breaking messages. Spam control.,3499911,hair; especially one's hairstyle or tresses,appearance,casual_conversation,false,
locks,9745560511,2010-02-27,@ErinDealey so glad it worked out! Goldie Locks has been checked out 3 times since last week. :)),8824552,hair; especially one's hairstyle or tresses,appearance,casual_conversation,false,
locks,10058277835,2010-03-06,"1998 Dodge Neon ***OBO*** ( Halifax ) $1,500.00: I have a 1998 dodge neon, 2 dr, 5 speed, DOHC, has power locks, w... http://bit.ly/dwjZN4",34910709,hair; especially one's hairstyle or tresses,appearance,article_sharing,false,
locks,10058279497,2010-03-06,I'm tryna get locks but I don't wanna look like that dirty white dude on the subway...ayudame,40679624,hair; especially one's hairstyle or tresses,appearance,commenting,false,
locks,10058337555,2010-03-06,"Pushing the Envelope: It was a kitchen sink spilling over with photographs, seed samples, locks of hair, dress samples, socks, screwdr...",69790239,hair; especially one's hairstyle or tresses,appearance,fashion_beauty,false,
locks,10058372409,2010-03-06,@3LWTV Well I would have 2 tweet u the photo when I find it again. Not the face tho..only them locks..lol,31050688,hair; especially one's hairstyle or tresses,appearance,casual_conversation,false,
locks,10058416486,2010-03-06,@Ms_YOKEELEE lol ok well u know locks are super common in brooklyn!,20831692,hair; especially one's hairstyle or tresses,appearance,casual_conversation,false,
locks,10058422213,2010-03-06,@Devito_Korleone locks? Really Devy ?,34791343,hair; especially one's hairstyle or tresses,appearance,casual_conversation,false,
locks,10058444592,2010-03-06,"5 laps to go and my DVR locks up, time to get this thing replaced",20152072,hair; especially one's hairstyle or tresses,appearance,commenting,false,
locks,10058489009,2010-03-06,RT @bevlove: I don't know why I get mad at people with locks on their twitters...but I do. you that private? don't tweet. bevlove.,22570871,hair; especially one's hairstyle or tresses,appearance,casual_conversation,false,
locks,10058536503,2010-03-06,RT @3LWTV: @Ms_YOKEELEE lol ok well u know locks are super common in brooklyn!// Don't  I know it..most of my cousins have em...,31050688,hair; especially one's hairstyle or tresses,appearance,casual_conversation,false,
locks,10058625865,2010-03-06,Windsor Locks: Former Red Sox To Visit Windsor Locks High School - http://bit.ly/aDwKyn #WindsorLocks #Connecticut,89813491,hair; especially one's hairstyle or tresses,appearance,article_sharing,false,
locks,10570346216,2010-03-16,I'm in Neptune I need a bagel and d'locks asap no butter and a OJ thank u and god bless,21784653,hair; especially one's hairstyle or tresses,appearance,commenting,false,
locks,10570413830,2010-03-16,"@GeekShui Now this is funny! (My daughters say I am too old, so they don't worry about walking in!) LOCKS, MY FRIEND!! ;)",16229274,hair; especially one's hairstyle or tresses,appearance,casual_conversation,false,
locks,10570503241,2010-03-16,"Replacement locks, handles and more!  Need only ONE part to finish that project?  We can help. http://ow.ly/1mRdI",70308224,hair; especially one's hairstyle or tresses,appearance,article_sharing,false,
locks,10570525352,2010-03-16,RT @DetNewsOutdoors: RT @glbmag: U.S. Supreme Court to reconsider closure of Chicago locks to prevent spread of Asian carp  http://shar. ...,14969525,hair; especially one's hairstyle or tresses,appearance,casual_conversation,false,
locks,10570533649,2010-03-16,Have you or a family member lost a house key?  Then upgrade your locks? (Loksafe Services Inc) http://mcclip.me/Fd2a #coupon #shreveport,52550612,hair; especially one's hairstyle or tresses,appearance,article_sharing,false,
locks,10570656506,2010-03-16,RT @LoLo2410: Yay I get to drop 70 bucks on changin my locks this mornin. Im so excited about this. I got a #stalker &lt;paul?,28745971,hair; especially one's hairstyle or tresses,appearance,casual_conversation,false,
locks,10570703629,2010-03-16,Chardonnay has finished the primary so am off to winery to put the air locks on the 3 large carboys.,115660510,hair; especially one's hairstyle or tresses,appearance,commenting,false,
locks,10570915310,2010-03-16,Even the ArkLaMiss Rep locks her keys in the car. Thank Goodness for OnStar!!!! Check it out www.chevy.com,54873884,hair; especially one's hairstyle or tresses,appearance,commenting,false,
locks,10570927890,2010-03-16,had just completed Grindley staircase locks - what a work out! http://twitpic.com/18xthg,17562352,hair; especially one's hairstyle or tresses,appearance,article_sharing,false,
locks,10570970425,2010-03-16,Bravo Lock   Safe added by Automatt in Bear Locks   Locksmiths: http://rateitall.com/i-3201525,42938722,hair; especially one's hairstyle or tresses,appearance,article_sharing,false,
locks,10913478298,2010-03-23,"Dark matter: Fearne Cotton keeps her locks brown after dyeing her hair for Sport Relief, http://www.milliongossip.com/?p=50106",17113763,hair; especially one's hairstyle or tresses,appearance,article_sharing,false,
locks,10913552093,2010-03-23,tatoshop McGard 27000 Chrome Bolt Style Cone Seat Wheel Locks (M14 x 1.5 Thread Size) – Set of 4: McGard 27000 Chr... http://bit.ly/ayVohQ,115320226,hair; especially one's hairstyle or tresses,appearance,technology_discussion,false,
locks,10913606459,2010-03-23,Preconceived notions are the locks on the door to wisdom. ~Merry Browne,19820947,hair; especially one's hairstyle or tresses,appearance,commenting,false,
locks,10913607433,2010-03-23,Top court again nixes closing locks http://bit.ly/9CeiSw #fishing #fish,124724829,hair; especially one's hairstyle or tresses,appearance,article_sharing,false,
locks,10913621199,2010-03-23,My phone locks up when I'm texting...#fail everybody should have bbm so I can do that instead,16552186,hair; especially one's hairstyle or tresses,appearance,commenting,false,
locks,10913847971,2010-03-23,Security: Mac OS X is like living in a farmhouse in the country with no locks http://bit.ly/cE00ro,1366651,hair; especially one's hairstyle or tresses,appearance,article_sharing,false,
locks,10913854314,2010-03-23,..... then he locks the car door and pretends hes guna leave me,55792433,hair; especially one's hairstyle or tresses,appearance,commenting,false,
locks,10913897657,2010-03-23,"@ShiftingSeth **closes the door & locks it reflexively** Thanks. Lauren's asleep, I think. She's always asleep",62366520,hair; especially one's hairstyle or tresses,appearance,casual_conversation,false,
locks,10913996227,2010-03-23,@rupertbu not biting in the daylight hours.. Hmmm *locks target audience* haha @jessicaswann,124579515,hair; especially one's hairstyle or tresses,appearance,casual_conversation,false,
locks,10914122006,2010-03-23,"West Edmonton Mall now locks its doors at 11p, becoming a 24-sq. block obstacle and adding 20 extra mins of walking to my commute home.",3311361,hair; especially one's hairstyle or tresses,appearance,commenting,false,
locks,10987276423,2010-03-24,"Plus this small leather look hard case from the 50's, with english locks - Again only £4.95 - A real steal, full of... http://bit.ly/capp78",52381849,hair; especially one's hairstyle or tresses,appearance,article_sharing,false,
locks,10987295750,2010-03-24,@EDHMovement hood lol all hood niggas wit keys trying to open all locks,78036433,hair; especially one's hairstyle or tresses,appearance,casual_conversation,false,
locks,10987459682,2010-03-24,@rdmw your shopping to be a spy and cutting locks?,15682140,hair; especially one's hairstyle or tresses,appearance,casual_conversation,false,
locks,10987505414,2010-03-24,The fact dat ur white and ur kids owt white and wit locks ought to tell u something,56548863,hair; especially one's hairstyle or tresses,appearance,commenting,false,
locks,10987532020,2010-03-24,The fact dat ur white and ur kids owt str8 dark wit locks ought to tell u something,56548863,hair; especially one's hairstyle or tresses,appearance,commenting,false,
locks,10987540428,2010-03-24,Jus had to drive home from work to let the Maintaince ppl n cuz they key dnt work! Now they gotta change my locks! Smh,81500574,hair; especially one's hairstyle or tresses,appearance,commenting,false,
locks,10987572913,2010-03-24,"@acronkyoung oh, I'm sorry... I didn't know you were Goldie Locks and you needwd it JUUUST RIGHT!",14789070,hair; especially one's hairstyle or tresses,appearance,casual_conversation,false,
locks,10987735500,2010-03-24,"#classified #video Access Control & Locks: Jalian Impex - Offering effective after sales support, wherein we condu...  http://bit.ly/a8aoxz",103298276,hair; especially one's hairstyle or tresses,appearance,article_sharing,false,
locks,10987783353,2010-03-24,I hate how my MSN don't have spell-checker and also locks me out of Yahoo mail! Firefox upload to 79% at funnyordie... praying!,28607912,hair; especially one's hairstyle or tresses,appearance,commenting,false,
locks,10988009714,2010-03-24,"Total Bay Locksmith Oakland, CA 10$ off any lock work http://spag.es/c3Z9mw #Oakland Locks & Locksmiths #coupon",83459894,hair; especially one's hairstyle or tresses,appearance,article_sharing,false,
locks,11005743611,2010-03-24,TextArrest is showing an app that locks phone so no texting while driving. Yea! #omsrocks,14739514,hair; especially one's hairstyle or tresses,appearance,technology_discussion,false,
locks,11005777439,2010-03-24,"@Xcalibur24 You tweet about the 'locks a lot, I see. I thought you're not supposed to wash them, or is that just for, *ahem* hippie locks?",115598973,hair; especially one's hairstyle or tresses,appearance,casual_conversation,false,
locks,11005798833,2010-03-24,http://twitpic.com/1apm5g - Locks of love postcard,19311325,hair; especially one's hairstyle or tresses,appearance,article_sharing,false,
locks,11005841953,2010-03-24,@aFamousRapper just the hippie locks dude lol,73557296,hair; especially one's hairstyle or tresses,appearance,casual_conversation,false,
locks,11005909354,2010-03-25,"Bike Locks, Locks for Bicycles, Kryptonite ULocks, OnGuard Cable Locks | A&J's Bike Locks &gt;&gt; http://is.gd/aXqvL",118695524,hair; especially one's hairstyle or tresses,appearance,article_sharing,false,
locks,11005928809,2010-03-25,Alleged Burglar Locks Self In Storage Unit - Mar 24 @ 8:00 PM ET (TN) http://pulpnews.com/t.php?i=49661,100986964,hair; especially one's hairstyle or tresses,appearance,casual_conversation,false,
locks,11005956656,2010-03-25,AD Safety Tip: Hide a spare house key outside in case your loved one with AD locks you out.  #alzheimers #patientsafety,22111637,hair; especially one's hairstyle or tresses,appearance,commenting,false,
locks,11005961562,2010-03-25,"@BlissyCakes ripped up stuffed animals, severed telephone cords, mad locks on the door, overturned furniture, surveillance cameras",20694956,hair; especially one's hairstyle or tresses,appearance,casual_conversation,false,
locks,11005967428,2010-03-25,"Chamillia bracelets, necklaces and locks including Chamilia charms http://rt.nu/tuh8u4-v9 via http://retweet.com",123867130,hair; especially one's hairstyle or tresses,appearance,article_sharing,false,
locks,11006172875,2010-03-25,Hair Cuts Help Fight A Devastating Disease: Local fraternity brothers cut their locks to raise money for the Alzhe... http://bit.ly/cGXb0d,78396512,hair; especially one's hairstyle or tresses,appearance,article_sharing,false,
locks,11953658440,2010-04-10,RT @SkyNews: Kyrgyz Dead Mourned As US Base Locks Down http://bit.ly/9YaV9D,117874804,hair; especially one's hairstyle or tresses,appearance,casual_conversation,false,
locks,11953667158,2010-04-10,When did Gago cut the locks?,44815719,hair; especially one's hairstyle or tresses,appearance,commenting,false,
locks,11953685072,2010-04-10,RT @madflows: Big ups @missdiem for hookin me up and keepin my locks all nice and shiny!! Haha--&gt; anytime!! :),78188618,hair; especially one's hairstyle or tresses,appearance,casual_conversation,false,
locks,11953714384,2010-04-10,@kittemau @cgalla2008 kitteh clearly just likes the concept of me being a short haired boy not colin.. colin looks good with long locks :D,20404232,hair; especially one's hairstyle or tresses,appearance,fashion_beauty,false,
locks,11953740342,2010-04-10,I just saw this elderly woman with the most beautiful grey hair and her was in locks.  I stopped to tell her how beautiful they looked.,26337041,hair; especially one's hairstyle or tresses,appearance,commenting,false,
locks,11953746677,2010-04-10,"Ideal Gifts for Travelers @ www.TravelSuitsYou.com.Travel Products for Comfort,
Luggage Locks, Comfort Sets, Travel Bottles. Much More!",125431821,hair; especially one's hairstyle or tresses,appearance,casual_conversation,false,
locks,11953890614,2010-04-10,Just cracked two mysterious locks. Now to discover the secrets that they hide. http://bit.ly/75BFbC #iphone,19757446,hair; especially one's hairstyle or tresses,appearance,article_sharing,false,
locks,11954070595,2010-04-10,#itsoverwhen u come home... n the locks on the door been changed... n all ur shit in the street...... ON FIRE! lls...,58406771,hair; especially one's hairstyle or tresses,appearance,commenting,false,
locks,11954192652,2010-04-10,"Irda locks horns with Sebi, asks insurers to keep selling Ulips: J Harinarayan, chairman, Irda, told DNA, “I think... http://bit.ly/cqaYce",74480970,hair; especially one's hairstyle or tresses,appearance,article_sharing,false,
locks,11954214688,2010-04-10,"Irda locks horns with Sebi, asks insurers to keep selling Ulips: New Delhi: Less than 24 hours after the stock mar... http://bit.ly/cqaYce",73137707,hair; especially one's hairstyle or tresses,appearance,article_sharing,false,
locks,12815775683,2010-04-25,/locks myself at home. HAHAHAHA RT @dancingkyu: @_donghae can we like meet before zaty fly and then see ur hair also OTL,41319498,hair; especially one's hairstyle or tresses,appearance,casual_conversation,false,
locks,12815890556,2010-04-25,Sunday Bridge Series - Ballard Locks RR Bridge http://bit.ly/b6yhm6 via http://outside.in/98107,17130115,hair; especially one's hairstyle or tresses,appearance,article_sharing,false,
locks,12815892901,2010-04-25,Sunday Bridge Series - Ballard Locks RR Bridge http://bit.ly/dyXF7E via http://outside.in/98199,17126592,hair; especially one's hairstyle or tresses,appearance,article_sharing,false,
locks,12815928958,2010-04-25,Common Repair for Chevy Olds Pontiac Power Door Locks http://cli.gs/jhqT5,127311842,hair; especially one's hairstyle or tresses,appearance,article_sharing,false,
locks,12816143370,2010-04-25,"http://bit.ly/9toRA7   Hayden Panettiere, Adrian Grenier and Heidi Klum Chop Their Locks! 1",119047613,hair; especially one's hairstyle or tresses,appearance,article_sharing,false,
locks,12816338720,2010-04-25,NDTV: Prince Harry locks himself in loo to escape girls: Report http://bit.ly/aONDm0,53577919,hair; especially one's hairstyle or tresses,appearance,article_sharing,false,
locks,12816339093,2010-04-25,"Prince Harry locks himself in loo to escape girls: Report: Prince Harry, the third-in-line to the British throne, ... http://bit.ly/cXmUhr",89893125,hair; especially one's hairstyle or tresses,appearance,article_sharing,false,
locks,12816339176,2010-04-25,"Prince Harry locks himself in loo to escape girls: Report: Prince Harry, the third-in-line to the British throne, ... http://bit.ly/b9LGZe",89893125,hair; especially one's hairstyle or tresses,appearance,article_sharing,false,
locks,12816341165,2010-04-25,Prince Harry locks himself in loo to escape girls: Report http://bit.ly/cXmUhr,99027109,hair; especially one's hairstyle or tresses,appearance,article_sharing,false,
locks,12916021909,2010-04-27,@TheDebauchee I will send u one if you send me your lovely blonde locks haha,21778741,hair; especially one's hairstyle or tresses,appearance,casual_conversation,false,
locks,12916151726,2010-04-27,"Photo: Seoul Tower- Locks of love. You write your name and the name of the one you love, put it on the fence... http://tumblr.com/xmk94oo4x",12844562,hair; especially one's hairstyle or tresses,appearance,article_sharing,false,
locks,12916168291,2010-04-27,POST: That's amore! But lovers' locks are littering the Brooklyn Bridge: A pop cultural phenomenon that has turned... http://bit.ly/aNi6FA,64319595,hair; especially one's hairstyle or tresses,appearance,article_sharing,false,
locks,12916250046,2010-04-27,That's amore! But lovers' locks are littering the Brooklyn Bridge ... http://u.hulds.com/5zl,15041053,hair; especially one's hairstyle or tresses,appearance,article_sharing,false,
locks,12916283539,2010-04-27,That's amore! But lovers' locks are littering the Brooklyn Bridge: A pop cultural phenomenon that has turned an It... http://bit.ly/aNi6FA,58362275,hair; especially one's hairstyle or tresses,appearance,article_sharing,false,
locks,12916346229,2010-04-27,I love well groomed locks @sexiidreadii and @PrentoJr big up oonu self,19245493,hair; especially one's hairstyle or tresses,appearance,casual_conversation,false,
locks,12916347019,2010-04-27,Photo: Seoul Tower in South Korea - Locks of Love You write your name and the name of the one you love put it... http://tumblr.com/xzb94ov05,53703813,hair; especially one's hairstyle or tresses,appearance,article_sharing,false,
locks,12916381823,2010-04-27,"Woolies locks in catalogue printer (InsideRetailing 23rd April 2010)
http://bit.ly/9bHyDt",36092051,hair; especially one's hairstyle or tresses,appearance,article_sharing,false,
locks,12916505152,2010-04-27,"The bathroom situation at DC's union station is all sorts of unacceptable. Gross, ill-kept, no locks, nowhere to hang bag and coat. Awful.",15473329,hair; especially one's hairstyle or tresses,appearance,commenting,false,
locks,12916521092,2010-04-27,@valitaapplebum *locks door* oh.....hai,18254460,hair; especially one's hairstyle or tresses,appearance,casual_conversation,false,
locks,12935282743,2010-04-27,rt @d3finitelyfad3d    Has someone ever locked yall bike up to a gate whit a bunch of random locks u don't have the keys&lt; haha,42272286,hair; especially one's hairstyle or tresses,appearance,casual_conversation,false,
locks,12935576890,2010-04-27,Stearns Heavy-Duty Steel Oar Locks (1/2-Inch) http://www.rfvr.com/astore/ItemDetailsmlac.aspx?ASINID=B00199CHHA,111704480,hair; especially one's hairstyle or tresses,appearance,article_sharing,false,
locks,12935625624,2010-04-27,"1998 Volkswagen Beetle-New GLS Hatchback ( Ottawa ) $2,500.00: Nice Beetle. Power windows,door locks, alarm,tilt,c... http://bit.ly/bRtlLz",34910709,hair; especially one's hairstyle or tresses,appearance,article_sharing,false,
locks,12935665071,2010-04-27,"HelfulMechanic.com Does my BMW have child locks, and if so, how do I set them? http://helpfulmechanic.com/?p=15637",54126395,hair; especially one's hairstyle or tresses,appearance,article_sharing,false,
locks,12935683891,2010-04-27,Invasive News: Court will not hear case to close locks - UW Badger Herald: CBC.caCourt will not hear case to close... http://bit.ly/cs3itJ,48399119,hair; especially one's hairstyle or tresses,appearance,article_sharing,false,
locks,12935796197,2010-04-27,"@locks holy shit, it even has Lundgren, :O",7492672,hair; especially one's hairstyle or tresses,appearance,casual_conversation,false,
locks,12936150343,2010-04-27,New Arrival:  Moving Sales - Safety 1st 11002 Cabinet Slide Locks (2pcs) http://w.sns.ly/Oox41,14489642,hair; especially one's hairstyle or tresses,appearance,article_sharing,false,
locks,12936237871,2010-04-27,"Stripped down the locks of an 04 Mondeo, rekeyed them and reprogrammed the car to accept new transponder keys after the original was stolen",57896499,hair; especially one's hairstyle or tresses,appearance,commenting,false,
locks,12936243931,2010-04-27,"@Team_Cherek I know - the closer this tour gets, the more nervous I get lol.  Hope her tour bus and dressing room doors have strong locks!",117040345,hair; especially one's hairstyle or tresses,appearance,casual_conversation,false,
locks,12936481434,2010-04-27,"i think the most amazing thing in a relationship is a kiss im being serious haha thats what locks you down
????????",118285333,hair; especially one's hairstyle or tresses,appearance,commenting,false,
locks,13124581300,2010-04-30,"Fedex Freight, Inc.: P&amp;D Driver-Full-Time (Windsor Locks, CT) #Jobs , http://job.bs/j/Rqig",28748474,hair; especially one's hairstyle or tresses,appearance,article_sharing,false,
locks,13124723140,2010-04-30,I love Chloe but if this heffa locks me out the house again we're gonna have to scrap lol,20916334,hair; especially one's hairstyle or tresses,appearance,commenting,false,
locks,13124730674,2010-04-30,Software New: Activision locks up `Halo' creators for 10 years http://9downsoft.com/2010/04/activision-locks-up-halo-creators-for-10-years/,116632664,hair; especially one's hairstyle or tresses,appearance,article_sharing,false,
locks,13125079869,2010-04-30,Cadeado Espiral Chave 1M - http://www.bikepoint.com.br/produto/1857/cadeado-espiral-chave-1m-x-0.6mm-best-locks-acessorios-cadeados.html,55977373,hair; especially one's hairstyle or tresses,appearance,article_sharing,false,
locks,13125133424,2010-04-30,"@JasonTheNewsGuy Aw, Guy!  I remember those locks too!",56345739,hair; especially one's hairstyle or tresses,appearance,casual_conversation,false,
locks,13125146505,2010-04-30,Cadeado Espiral Chave -http://www.bikepoint.com.br/produto/1122/cadeado-espiral-chave-1.5m-x-0.6mm-best-locks-acessorios-cadeados.html,55977373,hair; especially one's hairstyle or tresses,appearance,article_sharing,false,
locks,13125208838,2010-04-30,"Motorhome For Sale: 2006 Gulfstream Ultra 26' - Atkinson, IL: POWER LOCKS, POWER WINDOWS, A/C, CD PLAYER, AC UNITS... http://bit.ly/a1DgTH",71592445,hair; especially one's hairstyle or tresses,appearance,article_sharing,false,
locks,13125245634,2010-04-30,@Ray_RnBMVP #dontactlikeyounever pulled a steven at work...it must b the locks,38662695,hair; especially one's hairstyle or tresses,appearance,casual_conversation,false,
locks,13125397759,2010-04-30,Standard Drop Box with Shield and Locks http://bit.ly/9riQF6,56054844,hair; especially one's hairstyle or tresses,appearance,article_sharing,false,
locks,13125535406,2010-04-30,Yall try to jack us!? Wat a coinsidence....all wheels loose but da locks not!? Yall get urs trust 1 time! We come wit it!! Fuck wit us again,25257492,hair; especially one's hairstyle or tresses,appearance,commenting,false,
locks,13268575941,2010-05-02,"RT @TwistMyLocs: Sorry it just reminded me of myselfT @IMAN_STER ""Can I twist ur locks...while I lay up on his cross???"" Lmao&lt;&lt;&lt;wat u mean?",26839563,hair; especially one's hairstyle or tresses,appearance,casual_conversation,false,
locks,13268582750,2010-05-02,Smoking a slpiff listening to some rukers tunes and twisting my empress locks......feels like I'm some were on an island chilin..,40623600,hair; especially one's hairstyle or tresses,appearance,commenting,false,
locks,13268587310,2010-05-02,RT @Catballou: @66Betty  check your locks ... stock up on firearms ... They're watching you ... #GreysAnatomyConspiracy : ),800594,hair; especially one's hairstyle or tresses,appearance,casual_conversation,false,
locks,13268601437,2010-05-02,ooop... caps locks...lol,112788136,hair; especially one's hairstyle or tresses,appearance,commenting,false,
locks,13268635153,2010-05-02,"I'm going to bed, ever hopeful of that illusive lie in.....locks on doors may be the way forward!! Kx",21755115,hair; especially one's hairstyle or tresses,appearance,commenting,false,
locks,13268805888,2010-05-02,"Does any of my followers kno how to retwist locks? If so, how much? And dm info",58972648,hair; especially one's hairstyle or tresses,appearance,commenting,false,
locks,13268831942,2010-05-02,RT @PGATOUR: Rory's final birdie gives him the course record (62) and locks up the distinction of youngest PGA TOUR winner since Tiger W ...,105452211,hair; especially one's hairstyle or tresses,appearance,casual_conversation,false,
locks,13268927747,2010-05-02,"@Arch1Natty removing providers locks and predefine themes,images and profile locks or wap locks etc.....one bag of stress *sigh",36157466,hair; especially one's hairstyle or tresses,appearance,casual_conversation,false,
locks,14966574055,2010-05-29,"Doug Larson: \""Instead of giving a politician the keys to the city, it might be better to change the locks.\""",29869559,hair; especially one's hairstyle or tresses,appearance,commenting,false,
locks,14966609221,2010-05-29,Shorn locks on way to wig factory. Head is very much egg-like. Will be wearing my ski hat until marathon day to cut down on mortification,125090914,hair; especially one's hairstyle or tresses,appearance,commenting,false,
locks,14966657455,2010-05-29,Published a new blog post: High Quality Locks Can Help Prevent Break-ins http://bit.ly/dkGrvN,125030446,hair; especially one's hairstyle or tresses,appearance,article_sharing,false,
locks,14966684800,2010-05-29,THAT FUCKING DOES IT. -locks self in bathroom-,100010574,hair; especially one's hairstyle or tresses,appearance,commenting,false,
locks,14966830658,2010-05-29,"@jonasmagazine Well I notice his big beautiful brown eyes, his soulful and amazing smile, & his brown cute curly locks. He's just amazing!!",103591998,hair; especially one's hairstyle or tresses,appearance,casual_conversation,false,
locks,14966973406,2010-05-29,Roofing Contractor 3 Dura Grip® Adhesive Locks the shingles in place on the roof 941.244.3507 http://twurl.nl/j1l8wj,65409506,hair; especially one's hairstyle or tresses,appearance,article_sharing,false,
locks,14967029434,2010-05-29,"@mercybell we can arrange some weekly stalking activities.  i'll show you my ""locks of missy's hair"" collection too, if you ask nicely.",7446572,hair; especially one's hairstyle or tresses,appearance,casual_conversation,false,
locks,14967085512,2010-05-29,Mobile Catering Trailer Locks | Don't Let Thieves Take Your Business http://goo.gl/fb/MXSli,15237041,hair; especially one's hairstyle or tresses,appearance,article_sharing,false,
locks,14967200688,2010-05-29,@iamspacebar I have the fitted strap locks on all my electrics...can't be without them!,22545958,hair; especially one's hairstyle or tresses,appearance,casual_conversation,false,
locks,14967258472,2010-05-29,beyond the days of locks and keys.,79034749,hair; especially one's hairstyle or tresses,appearance,commenting,false,
locks,15054942971,2010-05-30,@mac_freedom is my new best friend. Locks ur Internet for 15 min to 8 hrs (unless you reload your machine). Best $10 I ever spent!,27555506,hair; especially one's hairstyle or tresses,appearance,casual_conversation,false,
locks,15054956116,2010-05-30,"Locksmiths Detroit - MI Detroit, MI 10% Off Services http://spag.es/aw8K5b #Detroit Locks & Locksmiths #coupon",82253976,hair; especially one's hairstyle or tresses,appearance,article_sharing,false,
locks,15055042861,2010-05-30,@HG_Locks ALL WEN U ROLLIN WID DI ARMY DAT NUH SCARE ME ( KARTEL VOICE) LMFAOOOO,72223755,hair; especially one's hairstyle or tresses,appearance,casual_conversation,false,
locks,15055068608,2010-05-30,nicki minaj wild said grab him by his locks give him some good box...something something something give him some good top,127409115,hair; especially one's hairstyle or tresses,appearance,commenting,false,
locks,15055127891,2010-05-30,@HG_Locks LMFAOO OKAY ME EVER STRAPP,72223755,hair; especially one's hairstyle or tresses,appearance,casual_conversation,false,
locks,15055184877,2010-05-30,@JackiePatie @Rantalot999 Aw fab love lickly allsorts! *tries to open window* damn child locks!,49632158,hair; especially one's hairstyle or tresses,appearance,casual_conversation,false,
locks,15055200638,2010-05-30,Zipper Locks Vacuum Storage Bags http://www.sell-by-owner-info.com/5943/zipper-locks-vacuum-storage-bags/,16067151,hair; especially one's hairstyle or tresses,appearance,article_sharing,false,
locks,15055272536,2010-05-30,@HG_Locks LOL NO IM NOT IF I GET A RIDE IMMA BE THERE TO FIGHT U LOL,72223755,hair; especially one's hairstyle or tresses,appearance,casual_conversation,false,
locks,15055394050,2010-05-30,Short hair isn't as awesome as long hair :/ I miss my locks,36716111,hair; especially one's hairstyle or tresses,appearance,commenting,false,
locks,15055666200,2010-05-30,@HG_Locks LOL U CANT BEAT NOBODY UPP LOL,72223755,hair; especially one's hairstyle or tresses,appearance,casual_conversation,false,
locks,15757128583,2010-06-09,Where all these #niggas come from at #MurphyExpress??!??.... I'm lowkey uncomfortable..... *locks doors*,135029206,hair; especially one's hairstyle or tresses,appearance,commenting,false,
locks,15757130451,2010-06-09,Yep changing the locks tonite....,134177371,hair; especially one's hairstyle or tresses,appearance,commenting,false,
locks,15757156497,2010-06-09,RT :@CauseSomeHARM Mom:(looks at black boys) Locks: click click ◄lmfao !!!!!,40096148,hair; especially one's hairstyle or tresses,appearance,casual_conversation,false,
locks,15757168523,2010-06-09,RT @KFIAM640: Voters in Costa Mesa overwhelmingly back Measure C; locks in zoning for OC fairgrounds to ensure property cannot be used f ...,21596896,hair; especially one's hairstyle or tresses,appearance,casual_conversation,false,
locks,15757197993,2010-06-09,"smooching pictures,kiss poster,lip kiss, kissing,kisses,hot lip locks-Most shocking moments… http://goo.gl/fb/gF698",65574375,hair; especially one's hairstyle or tresses,appearance,article_sharing,false,
locks,15757257543,2010-06-09,truth is @BizzySkyz has held the key to my heart the past 3yrs &nd im just not ready to chanqe the locks .,52585040,hair; especially one's hairstyle or tresses,appearance,casual_conversation,false,
locks,15757461154,2010-06-09,"New blog post: Master Lock 90TRISPT Keyed-Alike Trigger Locks, 3-Pack Lowest Price! http://bit.ly/a0fyQZ",117016626,hair; especially one's hairstyle or tresses,appearance,article_sharing,false,
locks,15757512014,2010-06-09,hot in her locks. #wow. #hicks is stealing that phrase. #yoink,45649167,hair; especially one's hairstyle or tresses,appearance,commenting,false,
locks,15757512210,2010-06-09,"@SirDwave word son niggas was locks most of Da night but he make 1 shot wit 3 mins left n Da 4th quarter And dats coming up n ""crunch time""",148148585,hair; especially one's hairstyle or tresses,appearance,casual_conversation,false,
locks,15757551337,2010-06-09,@euphoriafish Apparently so. With interesting hair. Defiant locks. @batshelter,103972644,hair; especially one's hairstyle or tresses,appearance,casual_conversation,false,
locks,15964708885,2010-06-12,"RT @skiheavenly: Ten days left to purchase the Heavenly 2010/11 season pass for $339. Don't miss out on this, $49 locks in this price ht ...",31286103,hair; especially one's hairstyle or tresses,appearance,casual_conversation,false,
locks,15964731481,2010-06-12,@ImDunkin24 clean professional joints only!!! And it's not about locks but locks with a bangin body as a compliment!!!,91941441,hair; especially one's hairstyle or tresses,appearance,casual_conversation,false,
locks,15964807820,2010-06-12,@autumnlovechild @missgrumpee lol I kno what she mean them door locks are MADD backwards,37201041,hair; especially one's hairstyle or tresses,appearance,casual_conversation,false,
locks,15964912032,2010-06-12,@alisongo They're adorable but they get into EVERYTHING and they NEVER rest! And they have thumbs and know how to pick locks.,14606098,hair; especially one's hairstyle or tresses,appearance,casual_conversation,false,
locks,15964928074,2010-06-12,Dude wit the locks has more time to look @ me! Its goin down...Basement *bats eyes*,64756376,hair; especially one's hairstyle or tresses,appearance,casual_conversation,false,
locks,15965000786,2010-06-12,@imperialV what locks? On the inside of the apartment to get out doofus? That's the only locks u need other than that u need that censor,18249028,hair; especially one's hairstyle or tresses,appearance,casual_conversation,false,
locks,15965014711,2010-06-12,RT@MissterRay: This group of folks tht jus got off the Metro bus @Fair Oaks looks like a casting call for G's 2 Gents *locks door*&lt;they soft,116098901,hair; especially one's hairstyle or tresses,appearance,casual_conversation,false,
locks,15965096062,2010-06-12,"#jobs #Aviation #Tec A&P Mechanic - USA-CT-Windsor Locks: Send this job to a friend
See all **MEMBERS ONLY**SIGN U... http://bit.ly/9t8Kmm",19761336,hair; especially one's hairstyle or tresses,appearance,article_sharing,false,
locks,15965167580,2010-06-12,STUMP THE SUPERFAN Q6: Name the episode in wich a former SRU veteran locks himself in the station's safe room http://bit.ly/bcXjlI,151609478,hair; especially one's hairstyle or tresses,appearance,article_sharing,false,
locks,16188044596,2010-06-15,@markwilsonit locks - unlocker might be your friend...,20326673,hair; especially one's hairstyle or tresses,appearance,casual_conversation,false,
locks,16188092190,2010-06-15,Mi and the bro @HG_Locks was looking like the celetics out here,90045816,hair; especially one's hairstyle or tresses,appearance,casual_conversation,false,
locks,16188095819,2010-06-15,"my house got broken into :( the nice solid wood door is crow barred apart, door wont even close, locks totally busted",64922461,hair; especially one's hairstyle or tresses,appearance,commenting,false,
locks,16188104517,2010-06-15,RT @lyncejr: Only in guam will u see this shit!! Locks on the hood  http://tweetphoto.com/27280738,41570035,hair; especially one's hairstyle or tresses,appearance,casual_conversation,false,
locks,16188203797,2010-06-15,"NOW PLAYING: TUNE BROTHERS FT ANTHONY LOCKS
 - I LIKE IT
radiosoundfm.nl",27695298,hair; especially one's hairstyle or tresses,appearance,commenting,false,
locks,16188342695,2010-06-15,RT @HG_Davii: Mi and the bro @HG_Locks was looking like the celetics out here--lmao odhee @NotNiceNecy @NotNiceTiff @IDesign_Dreams preed it,51355032,hair; especially one's hairstyle or tresses,appearance,casual_conversation,false,
locks,16188381578,2010-06-15,"I wonder if my hair is long enough to cut the 10 inches to donate it for ""locks of love""",94638354,hair; especially one's hairstyle or tresses,appearance,commenting,false,
locks,16188582609,2010-06-15,"Follow this ... Nanny faces hair-raising challenge: By ANNA SMITH LONG locks were hair today, ... http://bit.ly/b632bs ""Follow me - CallyJ""",134706734,hair; especially one's hairstyle or tresses,appearance,fashion_beauty,false,
locks,16188620828,2010-06-15,"06 Chevy (Harrison, AR) $11000: 06 Chevy Silverado, Extended cab, 5.3 v8 engine, power locks & windows, 60,000 mil... http://bit.ly/dD5jQz",98001039,hair; especially one's hairstyle or tresses,appearance,article_sharing,false,
locks,16188661128,2010-06-15,go 2 pick up my last check @ wendy's n the manager def locks me n the office n tried to kiss me... #thatswhyimunemployeed,116545594,hair; especially one's hairstyle or tresses,appearance,casual_conversation,false,
locks,16388435455,2010-06-17,@furiousyellow me just looking longlingly at those locks mon,155687804,hair; especially one's hairstyle or tresses,appearance,casual_conversation,false,
locks,16388610160,2010-06-17,You: Cops: 90-year-old repeatedly raped in Windsor Locks:  http://bit.ly/dwG843,694863,hair; especially one's hairstyle or tresses,appearance,article_sharing,false,
locks,16388646843,2010-06-17,"RT @moehlert: Every time a publisher locks up an academic journal behind a paywall, a kitten dies.",13332772,hair; especially one's hairstyle or tresses,appearance,casual_conversation,false,
locks,16388652513,2010-06-17,Got my locks fixed ony car ... Then locked my keys in it ... Dumb ass.... (via @RobbyTakac) Ohhhhhh crap,117293212,hair; especially one's hairstyle or tresses,appearance,casual_conversation,false,
locks,16388799553,2010-06-17,{design} @ideo + @steelcase update the school desk! do those casters have locks?http://ow.ly/1ZuIx,15747570,hair; especially one's hairstyle or tresses,appearance,casual_conversation,false,
locks,16388849427,2010-06-17,"@tiffbunch caitlin never locks her door ever, whether she's there or not.  you could probably go break in right now.",43777682,hair; especially one's hairstyle or tresses,appearance,casual_conversation,false,
locks,16389128697,2010-06-17,RT @methodtweet: {design} @ideo + @steelcase update the school desk! do those casters have locks?http://ow.ly/1ZuIx,15485524,hair; especially one's hairstyle or tresses,appearance,casual_conversation,false,
locks,16389217222,2010-06-17,@Brannu1 mornin neighbor... why she make me go to homke depot and get more locks for the door lmao,25415558,hair; especially one's hairstyle or tresses,appearance,casual_conversation,false,
locks,16389255143,2010-06-17,RT @jkdegen: reader & writer astroturfing about digital locks reads like bad marketing fluff  http://bit.ly/bYyVLO #fixC32,71012822,hair; especially one's hairstyle or tresses,appearance,casual_conversation,false,
locks,16389279796,2010-06-17,NBA & MLB Guaranteed Locks NBA Finals 5-1 MLB Lock Won Wed. Hit Big Tonight Guaranteed.Hop on and Run Your Man... http://bit.ly/aeMLWi,23167287,hair; especially one's hairstyle or tresses,appearance,article_sharing,false,
locks,18160832240,2010-07-10,I think people are like locks. Really complicated and frustrating. But you can’t force them. You have to take time and be fiddly. Leverage,41978994,hair; especially one's hairstyle or tresses,appearance,commenting,false,
locks,18160859766,2010-07-10,RT @TheDudesAndroid: Hey Android manufacturers. Encrypting/Locking NAND/bootloader is like putting biometric locks on computers. #yurdoi ...,15878864,hair; especially one's hairstyle or tresses,appearance,casual_conversation,false,
locks,18160943160,2010-07-10,Mom is cutting her locks off ! And guess whose cutting them...yuup ME!,48582436,hair; especially one's hairstyle or tresses,appearance,commenting,false,
locks,18160965244,2010-07-10,"Designing novelty yarn from Kool Aid dyed locks made by kids who were victims of domestic abuse. What to knit? Charity, of course.",20744602,hair; especially one's hairstyle or tresses,appearance,commenting,false,
locks,18161004030,2010-07-10,"@rifkafox @Kyo_Foxtrot called shenanigans on that excuse. As I've never had any desire to dye my coppery locks, I defer to his judgment. ;D",59725011,hair; especially one's hairstyle or tresses,appearance,casual_conversation,false,
locks,18161036086,2010-07-10,#heat do you think Cleveland had to change the locks to the city?,87536792,hair; especially one's hairstyle or tresses,appearance,commenting,false,
locks,18161149218,2010-07-10,@jadande pretty sure the locks were changed this morning.,41853922,hair; especially one's hairstyle or tresses,appearance,casual_conversation,false,
locks,18161295641,2010-07-10,"Project Engineer - EMID - NEEDED NOW!!-CT,Windsor Locks http://bit.ly/brtOYZ #jobs #it",148829404,hair; especially one's hairstyle or tresses,appearance,article_sharing,false,
locks,18161391585,2010-07-10,Chris Bosh looks 100x's better with a hair cut. Nothing against locks but #imjustsayin,23000059,hair; especially one's hairstyle or tresses,appearance,commenting,false,
locks,18161503164,2010-07-10,@iMakeEmSay_Yum mhmm  *locks in pinky and gives a nod*,49800231,hair; especially one's hairstyle or tresses,appearance,casual_conversation,false,
locks,18589990704,2010-07-15,@TomFelton don't shave it! wear your weasley locks proudly! &lt;3,65785491,hair; especially one's hairstyle or tresses,appearance,casual_conversation,false,
locks,18590071262,2010-07-15,"@shanenickerson HAaaa! HA! Damnit! You, on the other hand, are extremely witty at 2AM with your luscious brunette locks. #unfairfight",30553064,hair; especially one's hairstyle or tresses,appearance,casual_conversation,false,
locks,18590076391,2010-07-15,Twenty-One Locks has welcome notes of dark Northern humour http://bit.ly/dwFB3Q,78406667,hair; especially one's hairstyle or tresses,appearance,article_sharing,false,
locks,18590140516,2010-07-15,"dreamnt bout cutting my hair last night, its a sign, the locks must go!",21845885,hair; especially one's hairstyle or tresses,appearance,commenting,false,
locks,18590185089,2010-07-15,"2005 Hyundai XG350 (Hot Springs) $5999: Automatic Transmission, 70,000 Miles, Power Door Locks... http://bit.ly/af3OjR http://bit.ly/8gHq0w",97881366,hair; especially one's hairstyle or tresses,appearance,article_sharing,false,
locks,18590193596,2010-07-15,Green Locksmith Chula Vista was just updated by Mirabelle Lorinda - http://bit.ly/a2rysN - #keys #lock #locks #locksmith #lock key #locks...,20165094,hair; especially one's hairstyle or tresses,appearance,article_sharing,false,
locks,18590257463,2010-07-15,"""Instead of giving a politician the keys to the city, it might be better to change the locks. [Doug Larson]""",63301342,hair; especially one's hairstyle or tresses,appearance,commenting,false,
locks,18590541372,2010-07-15,"yes, i love how the computer locks up every 10 min",47797939,hair; especially one's hairstyle or tresses,appearance,commenting,false,
locks,18590615125,2010-07-15,Door Locks  http://bit.ly/dpPWRP,147599369,hair; especially one's hairstyle or tresses,appearance,article_sharing,false,
locks,18590664260,2010-07-15,"@hanaphylactic Haha, my ""wonderful locks"" are still around, but they're shorter! I'm still a little bit thrown by it to be honest!",47077438,hair; especially one's hairstyle or tresses,appearance,casual_conversation,false,
locks,19223155324,2010-07-22,"I do apologize to the heterosexual women out there with locks that are mistaken for liking pussy on their tongues though. That must ""suck""..",50011527,hair; especially one's hairstyle or tresses,appearance,commenting,false,
locks,19223157050,2010-07-22,"so cocky thats why I like he, keep a spare no locks no keys, lets play spades, mama ace jackin these hoes kings bitch call me queen!",124114869,hair; especially one's hairstyle or tresses,appearance,commenting,false,
locks,19223382455,2010-07-22,`I got a trick for ha ass [locks the door] ... stay yo ass out my room doee ..! #HA!,110025775,hair; especially one's hairstyle or tresses,appearance,commenting,false,
locks,19223410814,2010-07-22,"@mae_vaughan *locks lips and tosses the key somewhere she can't find it*....LOL, nice move.",15226302,hair; especially one's hairstyle or tresses,appearance,casual_conversation,false,
locks,19223429013,2010-07-22,"Hey @dragonage , I just got patched on Xbox ... and now DA locks up when loading the game. How do I roll back the patch ?",21889632,hair; especially one's hairstyle or tresses,appearance,casual_conversation,false,
locks,19223459998,2010-07-22,"*pops, locks, and drops it*",23021731,hair; especially one's hairstyle or tresses,appearance,commenting,false,
locks,19223481913,2010-07-22,"Q: Which Disney princess would you rathe... A: Aurora(:.
she has lovely golden locks: http://chatter.com/ask/everybodylovesamixgirl/ek5aa",45977735,hair; especially one's hairstyle or tresses,appearance,article_sharing,false,
locks,19223495262,2010-07-22,"I just finished putting child locks on all my cabinets, trash cans and cupboards. Now let's see those kids get out of  there.",109710885,hair; especially one's hairstyle or tresses,appearance,commenting,false,
locks,19223863647,2010-07-22,Really feining for some KFC....my mother doesn't feed me when she locks me under the stairs *sigh*,122499810,hair; especially one's hairstyle or tresses,appearance,commenting,false,
locks,19224022237,2010-07-22,Ppl always wanna put locks and codes on shit... NIGGA don't nobody care an regardless if I'm determined enough I WILL crack yo shit open! HA,129968338,hair; especially one's hairstyle or tresses,appearance,commenting,false,
locks,20008155491,2010-07-31,Bog post: Q&A: Hairstyle name AND Locks of Love questions!!!? http://bit.ly/cCnos5,58094828,hair; especially one's hairstyle or tresses,appearance,article_sharing,false,
locks,20008201503,2010-07-31,Trouble with reverse ?: Now and again my '83 spider tranny locks up when I put it in reverse. It... http://bit.ly/aqCc3B #alfaromeo #alfabb,32739737,hair; especially one's hairstyle or tresses,appearance,article_sharing,false,
locks,20008238852,2010-07-31,Biometric and Other Locks Fail to Foil Hackers at DefCon http://bit.ly/afZJ7s,44559196,hair; especially one's hairstyle or tresses,appearance,article_sharing,false,
locks,20008267741,2010-07-31,"@markyjay630 to them as dreadful locs n over time they became dread locks, its not looked at as bad like it used to be,..but It used to be",120279242,hair; especially one's hairstyle or tresses,appearance,casual_conversation,false,
locks,20008281296,2010-07-31,@evenyoulie *locks the door*,166404370,hair; especially one's hairstyle or tresses,appearance,casual_conversation,false,
locks,20008366187,2010-07-31,"I'm at Bridge of the Gods (Bridge of the Gods, Cascade Locks). http://4sq.com/aP3Fv0",18777603,hair; especially one's hairstyle or tresses,appearance,article_sharing,false,
locks,20008383611,2010-07-31,Just tidy up locks. Not to do the same to my beard. Who know a decent barber near east street.,21999799,hair; especially one's hairstyle or tresses,appearance,commenting,false,
locks,20008430952,2010-07-31,NOWS THEY LOCKS ME UPS SO I CANT COMES!  I CRYINGSSSS!,38543086,hair; especially one's hairstyle or tresses,appearance,commenting,false,
locks,20008440153,2010-07-31,"@blkballet u still lockin your hair, I started Jon's locks the other day",27488453,hair; especially one's hairstyle or tresses,appearance,casual_conversation,false,
locks,20008490646,2010-07-31,"Forklift Mechanic - Windsor Locks, CT (http://tinyurl.com/24ntvxh) Get Heavy Equipment Mechanic Jobs #HeavyEquipmentMechanic #06096 #jobs",16917102,hair; especially one's hairstyle or tresses,appearance,article_sharing,false,
locks,20114820733,2010-08-02,@MrTwYsT AHHH! You look so different without the locks! But you look nice :),21043463,hair; especially one's hairstyle or tresses,appearance,casual_conversation,false,
locks,20114898739,2010-08-02,@aud33y YOI. Twinings Gaga will incorporate freshly milled platinum blonde locks and a dash of crazy brain essence. mighty precious!,18159408,hair; especially one's hairstyle or tresses,appearance,casual_conversation,false,
locks,20114989018,2010-08-02,Last night some lady told me that I look like Laurent from Twilight. His locks aren't even real!,7009452,hair; especially one's hairstyle or tresses,appearance,commenting,false,
locks,20115133292,2010-08-02,Just got home. There was hella traffic!  One more day til I can wash my golden locks!!,16459647,hair; especially one's hairstyle or tresses,appearance,commenting,false,
locks,20115302983,2010-08-02,*locks doors & windows* RT @JusJoh31: Yuppity RT @Itsz_Chriiszy: @JusJoh31 uh oh u in ny?,95849077,hair; especially one's hairstyle or tresses,appearance,casual_conversation,false,
locks,20115370036,2010-08-02,*starts chainsaw* RT @Itsz_Chriiszy: *locks doors & windows* RT @JusJoh31: Yuppity RT @Itsz_Chriiszy: @JusJoh31 uh oh u in ny?,32636063,hair; especially one's hairstyle or tresses,appearance,casual_conversation,false,
locks,20115378388,2010-08-02,Does the iphone stay connected to the internet if you start an application and it locks?,121699167,hair; especially one's hairstyle or tresses,appearance,commenting,false,
locks,20115428357,2010-08-02,"Mostly Cloudy and 67 F at Windsor Locks, Bradley International Airport, CT Winds are South at 5.8 MPH (5 KT). The press http://s1z.us/wf.htm",170471315,hair; especially one's hairstyle or tresses,appearance,article_sharing,false,
locks,20115682543,2010-08-02,"Halifax 2005 Buick Century Sedan  $7,995.00 

		It has Power Windows,Power Locks,Keyless Entry,Power Brakes... http://tinyurl.com/35rqfcz",98150242,hair; especially one's hairstyle or tresses,appearance,article_sharing,false,
locks,20115829944,2010-08-02,@monse9 @kristinashouts *locks the jobros in a cage* see now try aren't aloud in the corner now go!!!! *points at the corner*,61088371,hair; especially one's hairstyle or tresses,appearance,casual_conversation,false,
locks,20245314226,2010-08-03,RT @TrueTeenQuotes I hate it when your seatbelt randomly locks and you can't move. #TTQ,24395454,hair; especially one's hairstyle or tresses,appearance,casual_conversation,false,
locks,20245428789,2010-08-03,@Pinksterrr Ur lucky mine is alrdy tellin me that if i dnt make something happen in the nxt 2 yrs shes changing the locks can u imagine,130410158,hair; especially one's hairstyle or tresses,appearance,casual_conversation,false,
locks,20245658913,2010-08-03,"RT @ALuckyCharmHG: ""@HG_Locks: I think I needa girlfriend lol"" LOU !!!!!!!!!!!!!!!!!!!!!!--lmfaooo...ah joke ting jus bill",51355032,hair; especially one's hairstyle or tresses,appearance,casual_conversation,false,
locks,20245681005,2010-08-03,RT @JadezSweetDreaM: RT @HG_Locks    I think I needa girlfriend lol *PUH-LEEZ--lmaoo #comedy rite lol,51355032,hair; especially one's hairstyle or tresses,appearance,casual_conversation,false,
locks,20245776285,2010-08-03,WHERE THE FUCK MY BRO AT NIGGA TAKING MAD LONG ANYTHING HAPPEN TO  HIM IN THE STUY NIGGAS BRING OUT THE G LOCKS ; ),61197171,hair; especially one's hairstyle or tresses,appearance,commenting,false,
locks,20245810897,2010-08-03,I cannot believe the list price on most Schlage commercial locks. Quality costs. #locksmith,108444289,hair; especially one's hairstyle or tresses,appearance,commenting,false,
locks,20245868382,2010-08-03,"@Dr_Cheryl Mr Sylv sort of looks like shaggy, maybe @fastfingerz75 will be more fred-like with his blonde locks?",20068393,hair; especially one's hairstyle or tresses,appearance,casual_conversation,false,
locks,20245960867,2010-08-03,I'm hype they came in here and fixed the aptm now my door locks so these thieves don't steal anymore of my juices,149735268,hair; especially one's hairstyle or tresses,appearance,commenting,false,
locks,20246045526,2010-08-03,"Fall Hair Trends: This fall, instead of plain locks, try one of these fun new 'dos from ""Best of Boston... http://bit.ly/9JVJPJ #teen #buzz",63047562,hair; especially one's hairstyle or tresses,appearance,article_sharing,false,
locks,20246079759,2010-08-03,"Fall Hair Trends: This fall, instead of plain locks, try one of these fun new 'dos from ""Best of Boston... http://... http://bit.ly/c4EO88",32972612,hair; especially one's hairstyle or tresses,appearance,article_sharing,false,
locks,21467769369,2010-08-18,:D loooool Locks pretty dawg.. :) RT: @TheTherapistSOL @Mikey_NNG A Diss Ting? ^__-,28345669,hair; especially one's hairstyle or tresses,appearance,casual_conversation,false,
locks,21467810389,2010-08-18,@katylittlelady Thanks :) I'm aching all over today though! Those locks are hard work,43932441,hair; especially one's hairstyle or tresses,appearance,casual_conversation,false,
locks,21467884487,2010-08-18,But back to Papa Bear. I always wanted to ask you... Why did you get mad at Goldie Locks? All she wanted was pourage @GeniusRetard,25533230,hair; especially one's hairstyle or tresses,appearance,casual_conversation,false,
locks,21467953146,2010-08-18,Somebody thought I Aint kno the history of my locks. Dumb mufucka. I kno. Rausta,27610530,hair; especially one's hairstyle or tresses,appearance,commenting,false,
locks,21467979958,2010-08-18,Latest: Christini Ricci locks lips with Robert Pattinson http://bit.ly/anqmJP,109039216,hair; especially one's hairstyle or tresses,appearance,article_sharing,false,
locks,21467988024,2010-08-18,"Overcast and 67 F at Windsor Locks, Bradley International Airport, CT Winds are Calm. The pressure is 1017.6 mb and the http://s1z.us/wf.htm",170471315,hair; especially one's hairstyle or tresses,appearance,article_sharing,false,
locks,21468107570,2010-08-18,Now I'm at the 7 locks filling out paper work fml,58375048,hair; especially one's hairstyle or tresses,appearance,commenting,false,
locks,21468423174,2010-08-18,"@fudgecrumpet How can a locksmith be funky? I am imagining bits of lock not quite lined up. Locks need to be aligned, surely",49366829,hair; especially one's hairstyle or tresses,appearance,casual_conversation,false,
locks,21468476834,2010-08-18,Oh Delilah! She mek me cut mi dred locks.,43976293,hair; especially one's hairstyle or tresses,appearance,commenting,false,
locks,21468491597,2010-08-18,"Went through mcds drive through.  After payin, lady closes n locks the window as i wait for my food..dont know how i should feel about that.",27563131,hair; especially one's hairstyle or tresses,appearance,commenting,false,
locks,22455189598,2010-08-29,"2002 Chevrolet Impala Sedan ( Calgary ) Swap / Trade: v-6 , 3.8 ltr ,power seat windows locks, tilt , cloth front ... http://bit.ly/bk3MlE",34961331,hair; especially one's hairstyle or tresses,appearance,article_sharing,false,
locks,22455225708,2010-08-29,@rida4sho this is what you do.....put HER shit outside the house and change the house locks....,104427313,hair; especially one's hairstyle or tresses,appearance,casual_conversation,false,
locks,22455290973,2010-08-29,"RT @kennyshakir 95% of commercials that feature black women have their hair natural. Curls, locks,Lol so unrealistic&lt; I noticed that! Too",29355625,hair; especially one's hairstyle or tresses,appearance,casual_conversation,false,
locks,22455570598,2010-08-29,"A Few Clouds and 91 F at Windsor Locks, Bradley International Airport, CT Winds are Northwest at 6.9 MPH (6 KT). The pr http://s1z.us/wf.htm",170471315,hair; especially one's hairstyle or tresses,appearance,article_sharing,false,
locks,22455818289,2010-08-29,Locksmith Locks Lockout Service 24 Hour Los Angeles 1-877-364-5264 http://goo.gl/6FKo,9213662,hair; especially one's hairstyle or tresses,appearance,article_sharing,false,
locks,22455821876,2010-08-29,Locksmith Locks Lockout Service 24 Hour Los Angeles 1-877-364-5264 http://goo.gl/6FKo http://ff.im/-pTsp4,37612101,hair; especially one's hairstyle or tresses,appearance,article_sharing,false,
locks,22455821890,2010-08-29,Locksmith Locks Lockout Service 24 Hour Los Angeles 1-877-364-5264 http://goo.gl/6FKo http://ff.im/-pTsp5,23691388,hair; especially one's hairstyle or tresses,appearance,article_sharing,false,
locks,22455837404,2010-08-29,Locksmith Locks Lockout Service 24 Hour Los Angeles 1-877-364-5264 http://ping.fm/vQOTV,23691388,hair; especially one's hairstyle or tresses,appearance,article_sharing,false,
locks,22455840157,2010-08-29,Locksmith Locks Lockout Service 24 Hour Los Angeles 1-877-364-5264 http://ping.fm/vQOTV http://ff.im/-pTspO,37612101,hair; especially one's hairstyle or tresses,appearance,article_sharing,false,
locks,22455840168,2010-08-29,Locksmith Locks Lockout Service 24 Hour Los Angeles 1-877-364-5264 http://ping.fm/vQOTV http://ff.im/-pTspP,23691388,hair; especially one's hairstyle or tresses,appearance,article_sharing,false,
locks,23049106499,2010-09-05,"Locks Chocks Tiedowns, need to lock up your vehicle? See them on Ahwooga.com http://www.ahwooga.com/storecatalog.asp?userid=236",49851619,hair; especially one's hairstyle or tresses,appearance,article_sharing,false,
locks,23049345407,2010-09-05,@androidbrian with eugenes hybrid on xda my vibrant gps locks right on,87520258,hair; especially one's hairstyle or tresses,appearance,technology_discussion,false,
locks,23049351879,2010-09-05,"Nice karate training with sensei Olivier, karate blocking techniques combined with arm locks (@ center court) http://4sq.com/5P2frM",7504712,hair; especially one's hairstyle or tresses,appearance,casual_conversation,false,
locks,23049408081,2010-09-05,"Thule TK1 fit kit, 430 tracker II feet w, locks: For Sale is the Thule TK1 Tracker Fit Kit… http://goo.gl/fb/s7XsA",61757101,hair; especially one's hairstyle or tresses,appearance,article_sharing,false,
locks,23049535501,2010-09-05,RT @OMGihatethat: when your seatbelt randomly locks and you can't move. #omgihatethat,30122579,hair; especially one's hairstyle or tresses,appearance,casual_conversation,false,
locks,23050519519,2010-09-05,Um.... RT @GoToTennis FAN GIRLS SNAG LOCKS OF RAFAEL NADAL’S HAIR http://bit.ly/ddMaZD #tennis,51889242,hair; especially one's hairstyle or tresses,appearance,casual_conversation,false,
locks,23050926323,2010-09-05,some joints I put in @IGotDa_JuiceNow locks (@LoveliiKee)http://yfrog.com/5n2jjjj,28737676,hair; especially one's hairstyle or tresses,appearance,casual_conversation,false,
locks,23051005865,2010-09-05,Ok GoodNite 4Real. *locks door*,26948836,hair; especially one's hairstyle or tresses,appearance,commenting,false,
locks,23051074015,2010-09-05,"Wistful Cinematic Editorials - The 'Like a Movie' Photo Shoot is Hauntingly Beautiful (GALLERY):  Tousled locks, l... http://bit.ly/ctORCs",120038851,hair; especially one's hairstyle or tresses,appearance,article_sharing,false,
locks,23051075606,2010-09-05,"morning hair style, god damn the monster that comes at night to ruffle my curly locks!!!",144540657,hair; especially one's hairstyle or tresses,appearance,commenting,false,
locks,25476836049,2010-09-25,"1992 oldsmobile ciera cutler (orlando) $1800: 1992 

automatic

power windows

power locks

cruise control

$600 a... http://bit.ly/dkKS6r",54783720,hair; especially one's hairstyle or tresses,appearance,article_sharing,false,
locks,25476840511,2010-09-25,*does backflips thru rings of fire then pop locks n drop it* RT @MrFlintStone5: I sure could go for some entertainment right about now,120170196,hair; especially one's hairstyle or tresses,appearance,casual_conversation,false,
locks,25476888219,2010-09-25,I'm the type of chick that locks her keys in the car with the lights on but while waiting for AAA wins $100 on a lotto scratcher,21829870,hair; especially one's hairstyle or tresses,appearance,commenting,false,
locks,25476952297,2010-09-25,@komplexxprod naw that's messed up. U changed the locks. 1st u kick me out but damn now this. #WellDamn *Gucci Voice*,52117395,hair; especially one's hairstyle or tresses,appearance,casual_conversation,false,
locks,25477049703,2010-09-25,RT @Laz_Locks: U fuckn bitch!,30489319,hair; especially one's hairstyle or tresses,appearance,casual_conversation,false,
locks,25477129331,2010-09-25,"1992 oldsmobile ciera cutler (orlando) $1800: 1992 
&lt;br&gt;
automatic
&lt;br&gt;
power windows
&lt;br&gt;
power locks
&lt;br&gt;
cruise... http://bit.ly/8XXer1",106243067,hair; especially one's hairstyle or tresses,appearance,article_sharing,false,
locks,25477362417,2010-09-25,@simpleejazzy lol you already know... tell me why this clown locks the keys in one of the buildings lol we have no way of getting inside lol,90552616,hair; especially one's hairstyle or tresses,appearance,casual_conversation,false,
locks,25477504795,2010-09-25,I hate when my iPod locks up. Does it more & more since I upgraded OS.,20126604,hair; especially one's hairstyle or tresses,appearance,commenting,false,
locks,25477564505,2010-09-25,"RT @Rossel64 Not sure of Utah Jazz's place in Carmelo Anthony -&gt; Nets trade. Kirilenko gives cap room after '11, Diaw locks down extra...",182157957,hair; especially one's hairstyle or tresses,appearance,casual_conversation,false,
locks,25477577814,2010-09-25,Hahaha!! #foolish! *locks door* lol jk RT @ChasingFvR: @dancingqueen88 plzzzzz plzzzz plzzzzz lol,137759138,hair; especially one's hairstyle or tresses,appearance,casual_conversation,true,"Irony audit: Contains '*locks door* lol jk', an explicit joking threat."
locks,26127877242,2010-10-02,1995 TOYOTA COROLLA (GLENDALE ) $1400 - selling 95 corolla power windows power locks cd player automatic 4 doors ve... http://is.gd/fFoRl,177804779,hair; especially one's hairstyle or tresses,appearance,article_sharing,false,
locks,26127880247,2010-10-02,RT @bostonshawn @JermichaelF88 You keep the barber the hell away from @ClayMatthews52 HeMan locks. It gives that cat extra D-Power. #P...,181569321,hair; especially one's hairstyle or tresses,appearance,casual_conversation,false,
locks,26127906343,2010-10-02,Me too “@RoniB00: I'm def thinking about getting locks ”,35154993,hair; especially one's hairstyle or tresses,appearance,casual_conversation,false,
locks,26127998324,2010-10-02,just got my heart broken its okay ill fix my shit back up this time imma put stronger locks on my shit,120907582,hair; especially one's hairstyle or tresses,appearance,commenting,false,
locks,26128158113,2010-10-02,Phoenix Home Security Systems - Wireless Video Surveillance (VSS) and Fingerprint Locks http://bit.ly/c3xJLS,192036288,hair; especially one's hairstyle or tresses,appearance,article_sharing,false,
locks,26128236284,2010-10-02,Bike locks are boring. Bling it up. http://tinyurl.com/25cqj7q,71174117,hair; especially one's hairstyle or tresses,appearance,article_sharing,false,
locks,26128403621,2010-10-02,"~locks my door and looks around before walking to my car and sliding into the driver's seat, backs out of my drive, pulling off in the &gt;&gt;",177351005,hair; especially one's hairstyle or tresses,appearance,commenting,false,
locks,26128521910,2010-10-02,So I intended on dining and dashes at my dads bday dinner and guess what my bro locks my keys in the car wtf!!!!!! AAA needs to hurry up,85853563,hair; especially one's hairstyle or tresses,appearance,commenting,false,
locks,26128666374,2010-10-02,@shessofancy you are a whorebucket!!!!! Call me Baldly locks!lol,107807876,hair; especially one's hairstyle or tresses,appearance,casual_conversation,false,
locks,26128763012,2010-10-02,Don't let the perfectly coiffed golden locks fool you. Kirk is absolutely lethal on dead balls.,49468569,hair; especially one's hairstyle or tresses,appearance,commenting,false,
locks,27119915399,2010-10-12,@SM Help fight bike theft. Kryptonite locks partners with global reg site Bike Revolution to beat bike crime. http://bit.ly/dcarD4,141301368,hair; especially one's hairstyle or tresses,appearance,casual_conversation,false,
locks,27119923568,2010-10-12,"@elociNahtnamaS How about Gorilla Glue with 5 master locks, because your heart is mine! &lt;3",94957114,hair; especially one's hairstyle or tresses,appearance,casual_conversation,false,
locks,27120014319,2010-10-12,Spread the word and fight bike theft. Global bike reg site partners with Kryptonite locks for geared for cyclists. http://bit.ly/dcarD4,141301368,hair; especially one's hairstyle or tresses,appearance,article_sharing,false,
locks,27120147456,2010-10-12,Help spread the word. Global bike reg and recovery site launched at Interbike with Kryptonite locks. http://bit.ly/ddEZ9D #coalition,141301368,hair; especially one's hairstyle or tresses,appearance,article_sharing,false,
locks,27120185772,2010-10-12,*locks texts back* nah I'm not ready for that yet,116628667,hair; especially one's hairstyle or tresses,appearance,commenting,false,
locks,27120253935,2010-10-12,"#BreakingNews - Laptop locks a must, ClickSafe makes it simple http://ow.ly/19pcLH",111778457,hair; especially one's hairstyle or tresses,appearance,article_sharing,false,
locks,27120279595,2010-10-12,"@Ms_Curly_Locks there, there, there. Everything is alright, young Curly Locks. (v)",35162879,hair; especially one's hairstyle or tresses,appearance,casual_conversation,false,
locks,27120285375,2010-10-12,"Briefly: Adobe updates BrowserLab, new Kensington locks http://krazydealz.info/briefly-adobe-updates-browserlab-new-kensington-locks",186118429,hair; especially one's hairstyle or tresses,appearance,article_sharing,false,
locks,27120330944,2010-10-12,Hunting for locks and key blanks with Toool.nl guys #HITB2010KUL,14535751,hair; especially one's hairstyle or tresses,appearance,commenting,false,
locks,27120608046,2010-10-12,"New Article: NFL Notebook: Brett Favre, Randy Moss and 10 Bold Monday Night Locks http://bit.ly/91Njmu",176643418,hair; especially one's hairstyle or tresses,appearance,article_sharing,false,
locks,28487607404,2010-10-23,@deanoshoes @SenorGibbo @Crystal_Spirit ah Dean *tttttttwack *runs and locks himself in the toilet,20147299,hair; especially one's hairstyle or tresses,appearance,casual_conversation,false,
locks,28487611541,2010-10-23,"Lady GaGa Goes Grey!
Lady GaGa has revealed a severe new hairstyle, dying her famous blonde locks grey.

The (cont) http://tl.gd/6k4mbi",185676389,hair; especially one's hairstyle or tresses,appearance,article_sharing,false,
locks,28487673597,2010-10-23,"RT @gaganational: Lady GaGa Goes Grey!
Lady GaGa has revealed a severe new hairstyle, dying her famous blonde locks grey.

The (cont) ht ...",58162581,hair; especially one's hairstyle or tresses,appearance,casual_conversation,false,
locks,28487876642,2010-10-23,iFixit: Apple locks down new MacBook Air | Nanotech - The Circuits Blog - CNET News http://t.co/pS0MPUc via @cnet　http://t.co/rtHDt7R,80450657,hair; especially one's hairstyle or tresses,appearance,casual_conversation,false,
locks,28488000829,2010-10-23,@JamieLangley13 good stuff lad x we will have to hook up and go for a coffee x I want to play with your locks,119404359,hair; especially one's hairstyle or tresses,appearance,casual_conversation,false,
locks,28488105303,2010-10-23,@JamieLangley13 by locks I ment hair... Not door locks for anyone #steriotyping ha,119404359,hair; especially one's hairstyle or tresses,appearance,casual_conversation,false,
locks,28488110996,2010-10-23,#Door #Locks http://doorlockstools8.co.cc/ #Tools #Shopping for Door Locks #discount,206050617,hair; especially one's hairstyle or tresses,appearance,article_sharing,false,
locks,28488407123,2010-10-23,RT @gr8nick: A lock opened with many keys is bad lock but key opening many locks is MASTER KEY....!! #NICESAYING,139978135,hair; especially one's hairstyle or tresses,appearance,casual_conversation,false,
locks,28488442910,2010-10-23,Judge focuses on carp DNA in lawsuit over locks http://dlvr.it/7Qcrr,182017869,hair; especially one's hairstyle or tresses,appearance,article_sharing,false,
locks,28488498073,2010-10-23,"@DarkLittleWolf @Hynderson Ahhh! I'm the same (w/the locks), except I have to do EVERYTHING in 3s (or any mumber that can be divided by 3).",14416611,hair; especially one's hairstyle or tresses,appearance,casual_conversation,false,
locks,29697850193,2010-11-04,"My hair is au natural today,rockin the wavy locks",99804328,hair; especially one's hairstyle or tresses,appearance,commenting,false,
locks,29698011566,2010-11-04,"RT @JBreak23: ""Lace-locks on my Jordan 1's nah homie they ain't come like that""",52209538,hair; especially one's hairstyle or tresses,appearance,casual_conversation,false,
locks,29698103203,2010-11-04,@alibakes for how long till it locks up? we taking bets?,12120812,hair; especially one's hairstyle or tresses,appearance,casual_conversation,false,
locks,29698202908,2010-11-04,I wonder if #2 wanna touch up my locks???,75169690,hair; especially one's hairstyle or tresses,appearance,commenting,false,
locks,29698245194,2010-11-04,"@SI_JayClemons is Cutler also on the list of ""locks for at least 3 int's and/or 6 sacks""?",42479208,hair; especially one's hairstyle or tresses,appearance,casual_conversation,false,
locks,29698331766,2010-11-04,"I know I was growing my hair out for locks of love, but I think I'm starting to get a weird attatchment to my hair. Lol",21542192,hair; especially one's hairstyle or tresses,appearance,commenting,false,
locks,29698396237,2010-11-04,"You can tell this budding starlet loves to rock her locks - long, short, whatever! : http://on.fb.me/agVx1U",49747660,hair; especially one's hairstyle or tresses,appearance,article_sharing,false,
locks,29698403442,2010-11-04,"Welp, sorry @_Lucky_lefty *closes&locks door* RT @Stfu_BITCH He has a girl no deal",88809558,hair; especially one's hairstyle or tresses,appearance,casual_conversation,false,
locks,29698405730,2010-11-04,Lower Templestowe lad to have locks lopped for a mate - http://fwix.com/a/110_44ececc847,105331060,hair; especially one's hairstyle or tresses,appearance,article_sharing,false,
locks,29698413185,2010-11-04,"Light Rain Fog/Mist and 46 F at Windsor Locks, Bradley International Airport, CT Winds are from the North at 15.0 gusti http://s1z.us/wf.htm",170471315,hair; especially one's hairstyle or tresses,appearance,article_sharing,false,
locks,3628726428377088,2010-11-14,finna start getting ready for the club!* didnt get the nappy locks redone but that just mean hat time!& throw my 5o1's on 7 a graphic tee!*,213487173,hair; especially one's hairstyle or tresses,appearance,commenting,false,
locks,3628802215247872,2010-11-14,RT @King_James83: Man aint nothin like gettin these locks done. When it come to locks @eyekneeduhname is thee BEST in the Bay. She got s ...,14370710,hair; especially one's hairstyle or tresses,appearance,casual_conversation,false,
locks,3629732419600385,2010-11-14,"A Few Clouds and 39 F at Windsor Locks, Bradley International Airport, CT Winds are Northwest at 3.5 MPH (3 KT). The pr http://s1z.us/wf.htm",170471315,hair; especially one's hairstyle or tresses,appearance,article_sharing,false,
locks,3630154215596032,2010-11-14,"@Ms_Curly_Locks Follow me & Download New song ""paper rouTe"" http://bit.ly/apV1kN",34856923,hair; especially one's hairstyle or tresses,appearance,casual_conversation,false,
locks,3630812352221184,2010-11-14,@HG_Locks & Whose Holding Me Back?? You Can't See I Set The Rules Stop Fronting,75576285,hair; especially one's hairstyle or tresses,appearance,casual_conversation,false,
locks,3630841745903616,2010-11-14,A lock that lets in alot of keys is a bad lock but a key that opens a lot of locks is a master key ;),203780243,hair; especially one's hairstyle or tresses,appearance,commenting,false,
locks,3631115491352577,2010-11-14,"So, maybe one day the pain will go away, And I will see your face, I won't even care. Changing all the locks 'cause I can't change you. ♪♪",188934046,hair; especially one's hairstyle or tresses,appearance,commenting,false,
locks,3631413177880577,2010-11-14,RT @HG_Locks: Sippin on sum rum cream...boutta bill up a zig nd ting&gt;BILLY WHERE U GOT THT FRM MY MANZ LIQuor STORE DNT SELL THT SHIT,95687441,hair; especially one's hairstyle or tresses,appearance,casual_conversation,false,
locks,3631552021921792,2010-11-14,"#10: Schaller Guitar Strap Locks and Buttons (Pair), Nickel http://goo.gl/fb/dTCCD",135140070,hair; especially one's hairstyle or tresses,appearance,article_sharing,false,
locks,3631939227488256,2010-11-14,@ClauVasconcelos ok ok follow you now: D if I have the information you bothering with me recently without locks:),210483889,hair; especially one's hairstyle or tresses,appearance,casual_conversation,false,
locks,4067603257499648,2010-11-15,"Brady aka ""Locks of Love"" aka ""Bag em All"" shut it down tonight! #fb",114505198,hair; especially one's hairstyle or tresses,appearance,commenting,false,
locks,4067700594704384,2010-11-15,HOROSCOPE11/15:Have people been prying into your life? Pluto is in your house and not just astrological. Locks buddy. Use em.,196467315,hair; especially one's hairstyle or tresses,appearance,commenting,false,
locks,4067919193444353,2010-11-15,"@DeLaSelis and yeah do itttttt! locks are a lot though, especially the intermediate phase lol",27376845,hair; especially one's hairstyle or tresses,appearance,casual_conversation,false,
locks,4069363032264704,2010-11-15,John Urquhart : Man locks himself in Covington home - Seattle Post Intelligencer http://uxp.in/21754871,189567101,hair; especially one's hairstyle or tresses,appearance,article_sharing,false,
locks,4069918324559872,2010-11-15,"@ZonesForDDD *shakes his head in disbelief* ....Yer a total selfish bitch sometimes, y'know that? *slams Freq's door and locks it*",187386795,hair; especially one's hairstyle or tresses,appearance,casual_conversation,false,
locks,4070369044471808,2010-11-15,I hate how my suitemate locks the bathroom just because she's taking a shower wtf I need the sink!,31517907,hair; especially one's hairstyle or tresses,appearance,commenting,false,
locks,4071210010804224,2010-11-15,I hate when I'm driving&the seat belt locks up on me..  And I have to do the lean back lean forward dance in my seat to fix it. #irritating,18066553,hair; especially one's hairstyle or tresses,appearance,commenting,false,
locks,4071767568031745,2010-11-15,@ThaNannerpuss must be my brown locks ;),79579762,hair; especially one's hairstyle or tresses,appearance,casual_conversation,false,
locks,4072231428694016,2010-11-15,First my man locks the keys in the car now my mom locks hers in the trunk? WHAT IS GOING ON ha ha,41957832,hair; especially one's hairstyle or tresses,appearance,commenting,false,
locks,4072577525874688,2010-11-15,#LT There go my cap locks fuckin up again lol,141660581,hair; especially one's hairstyle or tresses,appearance,commenting,false,
locks,4943019111354368,2010-11-17,Gun threat locks down Withrow High School.. #smh,106796180,hair; especially one's hairstyle or tresses,appearance,commenting,false,
locks,4943118814158848,2010-11-17,Winter is almost here. That means it is time for some major deep conditioning. Have you loved your locks yet this season? http://ow.ly/3badS,45500480,hair; especially one's hairstyle or tresses,appearance,article_sharing,false,
locks,4943482288349184,2010-11-17,This lady on the train has some of the most BEAUTIFUL LOCKS ive seen in a while. Shit is Gorgeous!,150275293,hair; especially one's hairstyle or tresses,appearance,commenting,false,
locks,4943849126363137,2010-11-17,Local Seven-Year-Old Girl Donates To Locks Of Love - WHNT: Local Seven-Year-Old Girl Donates To Locks Of LoveWHN... http://bit.ly/9nQdrS,94419951,hair; especially one's hairstyle or tresses,appearance,article_sharing,false,
locks,4943949227626497,2010-11-17,@Gblizmusic is the only nigga I know whose parents got combination locks on the microwaves in his house! LMAO,114953346,hair; especially one's hairstyle or tresses,appearance,casual_conversation,false,
locks,4944155943895041,2010-11-17,"@2fantabulush again: sweet !  Locks of
Love!",58554951,hair; especially one's hairstyle or tresses,appearance,casual_conversation,false,
locks,4944181822758913,2010-11-17,okay my curls have evolved into dread locks. must straighten asap!,145077048,hair; especially one's hairstyle or tresses,appearance,commenting,false,
locks,4944330003324929,2010-11-17,"double murder in Sunningdale, Berkshire? - *locks doors and phones friends in Ascot*.",155976046,hair; especially one's hairstyle or tresses,appearance,commenting,false,
locks,4944419329417216,2010-11-17,"i snack b/c my computer locks up. it's the truth. when it gets stuck, i go get something to eat. it happens way too much, too!",14468660,hair; especially one's hairstyle or tresses,appearance,commenting,false,
locks,4944440682610688,2010-11-17,@MissVOCAB it was just a snarky comment relax goldie locks lol,18055399,hair; especially one's hairstyle or tresses,appearance,casual_conversation,false,
locks,11787124110004224,2010-12-06,"For Sale: 1997 BUICK REGAL (CHENOA,IL) $2595: 1997 BUICK REGAL WITH POWER LOCKS,POWER WINDOWS,TILT,C... http://bit.ly/gVtkqQ #blonoautos",60167401,hair; especially one's hairstyle or tresses,appearance,article_sharing,false,
locks,11787779243507712,2010-12-06,@dreamchaserYAS *pop locks*,40306370,hair; especially one's hairstyle or tresses,appearance,casual_conversation,false,
locks,11788266915233792,2010-12-06,"Fun and Games • Re: Irritations: Nothing wrong with canal locks, Yvonne. They stop the water running off down the… http://goo.gl/fb/1bnrx",20147094,hair; especially one's hairstyle or tresses,appearance,article_sharing,false,
locks,11788550395666432,2010-12-06,"RT @QuoteDaily: ""By the pricking of my thumbs, something wicked this way comes. Open, locks, whoever knocks!"" - William Shakespeare",116747651,hair; especially one's hairstyle or tresses,appearance,casual_conversation,false,
locks,11788883771527168,2010-12-06,"2011 Honda Civic LX Sedan Automatic
- $142/month for 30 months and 12k miles/year
- Pwr windows/doors/locks,... http://fb.me/KIwgmntm",17238448,hair; especially one's hairstyle or tresses,appearance,article_sharing,false,
locks,11788926851227648,2010-12-06,Re: My phone locks up :(: Quote from: engrbip on Today at 04:21:39 AMI was trying to change the font of my new g... http://bit.ly/h0xUFf,127070212,hair; especially one's hairstyle or tresses,appearance,article_sharing,false,
locks,11790207389007872,2010-12-06,RT @SKGreaterDayton: Recall Alert: Child Safety Hazard: Defective American Red Cross® Cabinet Swing Locks Recalled http://fb.me/Lernyi0m,25130333,hair; especially one's hairstyle or tresses,appearance,casual_conversation,false,
locks,11791241310117888,2010-12-06,"2011 Nissan Rogue S AWD 
- $207/month for 39 months and 12k miles/year
- Pwr windows/doors/locks, iPod Adapter,... http://fb.me/KKRYCJYw",17238448,hair; especially one's hairstyle or tresses,appearance,article_sharing,false,
locks,11791732685414400,2010-12-06,I believe #tombrady is growing his hair out long for locks of love @mikeandmike,190988796,hair; especially one's hairstyle or tresses,appearance,casual_conversation,false,
locks,11792386938109952,2010-12-06,cleaning time! Locks like shit in this apt,94914463,hair; especially one's hairstyle or tresses,appearance,commenting,false,
locks,17179395114401792,2010-12-21,"95 civic ex (ridgeland, ms) $2500: 5spd trans, sunroof, power windows, power locks, nice acura wheels, small cra... http://bit.ly/ifSSIH",98014258,hair; especially one's hairstyle or tresses,appearance,article_sharing,false,
locks,17180012272685056,2010-12-21,"Overcast and 28 F at Windsor Locks, Bradley International Airport, CT Winds are from the North at 11.5 gusting to 18.4  http://s1z.us/wf.htm",170471315,hair; especially one's hairstyle or tresses,appearance,article_sharing,false,
locks,17180242590306304,2010-12-21,"HOME SECURITY TIPS CHANGING BAD HABITS , DOOR LOCKS http://bit.ly/dJ5oXa",223523838,hair; especially one's hairstyle or tresses,appearance,article_sharing,false,
locks,17180275498815488,2010-12-21,@AlionaVilani you are the most graceful and beautiful of dancer aliona strictly would not be the same without your flowing red locks,20599157,hair; especially one's hairstyle or tresses,appearance,casual_conversation,false,
locks,17180582928715776,2010-12-21,"Oh I love how My sister Locks my new Ipod ""/",202308785,hair; especially one's hairstyle or tresses,appearance,commenting,false,
locks,17182014704717824,2010-12-21,"@garham @acejet I'm assuming magic door entry doesn't involve locks, so should be OK. Chimney security only an issue for Santas & starlings.",5111771,hair; especially one's hairstyle or tresses,appearance,casual_conversation,false,
locks,17182248121929728,2010-12-21,@Jasper_Dominic dread locks? No way! Ang maintenance bayeet!,27598811,hair; especially one's hairstyle or tresses,appearance,casual_conversation,false,
locks,17182804219527168,2010-12-21,"For those who were locked out of their car this morning, this handy sized lock deicer will thaw door locks quickly http://bit.ly/eG10dk",46640060,hair; especially one's hairstyle or tresses,appearance,article_sharing,false,
locks,17183787901263872,2010-12-21,"Calgary 1997 Nissan Pathfinder SUV  $3,200.00 

		4 doors, power door locks, power windows, kenwood cd p... http://tinyurl.com/28z839n",97545875,hair; especially one's hairstyle or tresses,appearance,article_sharing,false,
locks,17186708420296704,2010-12-21,"@ItsJessicaBiel 
Mine I phone auto locks so hopefully you won't be making any long distance phone calls",226512187,hair; especially one's hairstyle or tresses,appearance,casual_conversation,false,
slack-jawed,7276788952,2010-01-01,That news must've left ya slack-jawed! RT @anamariecox: RT @pourmecoffee: Good omen for teabaggers. Year begins w/ball being slowly lowered.,18176907,"stupid-looking, vacant, or open-mouthed in a dull or stunned way",appearance,reaction,false,Manual override -> reaction
slack-jawed,7276864987,2010-01-01,Slack-jawed amazement.,68729795,"stupid-looking, vacant, or open-mouthed in a dull or stunned way",appearance,reaction,false,Manual override -> reaction
slack-jawed,7283832092,2010-01-02,@chesterfly I saw that taco bell drivethrudiet thing and felt the exact same way. I'm pretty sure I sat slack jawed thru the next commercial,13181282,"stupid-looking, vacant, or open-mouthed in a dull or stunned way",appearance,reaction,false,
slack-jawed,7287519181,2010-01-02,Shirtless bogans skanky chicks slack jawed jay walking tourists hungover hipsters #bondiinjanuary,52015723,"stupid-looking, vacant, or open-mouthed in a dull or stunned way",appearance,commenting,false,
slack-jawed,7363040075,2010-01-04,@Seraphim75 Ever seen Cletus the slack jawed yokel? @indydreaming,15872622,"stupid-looking, vacant, or open-mouthed in a dull or stunned way",appearance,television_reference,false,
slack-jawed,7374477816,2010-01-04,"""stfu u slack-jawed hooker"" #undeniablyrude",15491015,"stupid-looking, vacant, or open-mouthed in a dull or stunned way",appearance,criticism,false,
slack-jawed,7380277211,2010-01-04,ah beckham was turned down to appear in the simpsons. the only man alive who'd make cleetus the slack jawed yokel look like mensa candidate,18552979,"stupid-looking, vacant, or open-mouthed in a dull or stunned way",appearance,television_reference,false,
slack-jawed,7385666209,2010-01-05,The Moore brothers look like a couple of slack jawed yokles #fiestabowl,27815847,"stupid-looking, vacant, or open-mouthed in a dull or stunned way",appearance,sports_discussion,false,
slack-jawed,7393495426,2010-01-05,Bunch of slack jawed faggots 'round here! http://www.youtube.com/watch?v=IctBSH5a9Sw,62766984,"stupid-looking, vacant, or open-mouthed in a dull or stunned way",appearance,criticism,false,
slack-jawed,7598736027,2010-01-10,Slack-jawed by escape/POW-conditions stories told by German-born American pilot shot down @ Vietnam Little Dieter Wants to Fly Werner Herzog,48211058,"stupid-looking, vacant, or open-mouthed in a dull or stunned way",appearance,reaction,false,Manual override -> reaction
slack-jawed,7609407038,2010-01-10,"""The Pack is back!"" yells some slack-jawed yokel somewhere in WI. #NFLPlayoffs",15149420,"stupid-looking, vacant, or open-mouthed in a dull or stunned way",appearance,television_reference,false,
slack-jawed,7610391036,2010-01-11,"@Dizzeemonkee ""Bunch of slack-jawed faggots around here. This stuff will make you a god damned sexual Tyrannosaurus, just like me. "" :D",11944392,"stupid-looking, vacant, or open-mouthed in a dull or stunned way",appearance,television_reference,false,
slack-jawed,7617607853,2010-01-11,"@Ginger_Swan Oh you're wearing shoes?  What are shoes again?  [laughing, still slack jawed by your dress] You look breathtaking, Ginger.",66937811,"stupid-looking, vacant, or open-mouthed in a dull or stunned way",appearance,compliment,false,
slack-jawed,7635532757,2010-01-11,Slack jawed yokels are my bread and butter.,27989391,"stupid-looking, vacant, or open-mouthed in a dull or stunned way",appearance,criticism,false,
slack-jawed,7639743863,2010-01-11,I was literally (and I do mean literally) slack jawed when my professor told us about our 7AM make up class after MLK day.,8641872,"stupid-looking, vacant, or open-mouthed in a dull or stunned way",appearance,reaction,false,
slack-jawed,7643021683,2010-01-11,Ficking slack-jawed imbeciles should be sterilised!,1084811,"stupid-looking, vacant, or open-mouthed in a dull or stunned way",appearance,criticism,false,
slack-jawed,7646119028,2010-01-11,"@an_an0maly please that slack-jawed, Idina-wannabe will NEVER be too good for Quinn.",26380072,"stupid-looking, vacant, or open-mouthed in a dull or stunned way",appearance,casual_conversation,false,
slack-jawed,7647223213,2010-01-11,"@Noggin_ Not news, babe, Fox News. News for neo-cons, neo-nazis and slack-jawed red staters. She'll fit in with them just fine.",99120321,"stupid-looking, vacant, or open-mouthed in a dull or stunned way",appearance,criticism,false,
slack-jawed,7996861799,2010-01-20,"@davidmcdurham sounds like loser talk to me. Duh her her her(picture Cleetus, the slack jawed yokel, from the Simpsons)",40430407,"stupid-looking, vacant, or open-mouthed in a dull or stunned way",appearance,television_reference,false,
slack-jawed,7997387837,2010-01-20,Cletus: The Slack-jawed Yokel Approved  #allwhitehoopsleague,51158622,"stupid-looking, vacant, or open-mouthed in a dull or stunned way",appearance,television_reference,false,
slack-jawed,8002993356,2010-01-20,"@mrdavidwhitley Boycott all cultural ""shows"" out of principle. Doesn't matter where they are;  designed for slack-jawed package groups .",26201787,"stupid-looking, vacant, or open-mouthed in a dull or stunned way",appearance,casual_conversation,false,
slack-jawed,8634530742,2010-02-04,You got them in leashes. *slack jawed wonder* RT @urbanhoustonian Unleash the flying twitter monkeys!,79083980,"stupid-looking, vacant, or open-mouthed in a dull or stunned way",appearance,casual_conversation,false,
slack-jawed,8644357610,2010-02-04,"This is so esoteric, but I am currently slack-jawed at how good UW-Lax's 2006 track team was. Easily the best DIII squad ever.",11965672,"stupid-looking, vacant, or open-mouthed in a dull or stunned way",appearance,commenting,false,
slack-jawed,8645349778,2010-02-04,"@PartyMummy @kellidaisy It's not that it'll stop me from going out-it's just that I'll look like a slack jawed, stuffy nosed yokel when I do",18800022,"stupid-looking, vacant, or open-mouthed in a dull or stunned way",appearance,casual_conversation,false,
slack-jawed,8646385194,2010-02-04,"RT @ProofingSandy Any of you do anything fun today?«You mean other than staring slack-jawed at a Kirby Vac salesman, reminiscing about 1966‽",78149162,"stupid-looking, vacant, or open-mouthed in a dull or stunned way",appearance,casual_conversation,false,
slack-jawed,8659647113,2010-02-05,"@Lifemapper Yeah, well, I decided to say ""FUCK YOU"" to all the slack-jawed sycophants. Twitters a PR tool.",16960831,"stupid-looking, vacant, or open-mouthed in a dull or stunned way",appearance,casual_conversation,false,
slack-jawed,8661962029,2010-02-05,"@VMPettingill light weight.my girls on here, by now, r naked eyeing a bottle of Zopiclone and a fifth of Jack Daniels with slack jawed lust.",26151508,"stupid-looking, vacant, or open-mouthed in a dull or stunned way",appearance,casual_conversation,false,
slack-jawed,8665342663,2010-02-05,@WolfHudsonXXX the FIRST time I saw your (first) Folsom pix I went slack jawed you wear a spike collar so well! ;-),16003627,"stupid-looking, vacant, or open-mouthed in a dull or stunned way",appearance,casual_conversation,false,
slack-jawed,8732307858,2010-02-06,All these jaded new yorkers staring slack-jawed and speechless out at Howe Sound.  It's soul-expanding.  Never gets old.,18818898,"stupid-looking, vacant, or open-mouthed in a dull or stunned way",appearance,commenting,false,
slack-jawed,8745596495,2010-02-07,"I sat there wide-eyed and slack-jawed at the abject monstrosity of it all. What the fuck is wrong with these parents, especially mothers?",45052430,"stupid-looking, vacant, or open-mouthed in a dull or stunned way",appearance,commenting,false,
slack-jawed,8748911233,2010-02-07,"@metromixdc insanity!! This one family w the ""pageant trailer"" are straight up slack jawed yokels",26101133,"stupid-looking, vacant, or open-mouthed in a dull or stunned way",appearance,criticism,false,
slack-jawed,8752251220,2010-02-07,Left slack-jawed from Palin's latest speech. http://bit.ly/bkAWuh,9843622,"stupid-looking, vacant, or open-mouthed in a dull or stunned way",appearance,article_sharing,false,
slack-jawed,8981693451,2010-02-11,"Oh Fredo, you slack jawed moron.",21898465,"stupid-looking, vacant, or open-mouthed in a dull or stunned way",appearance,commenting,false,
slack-jawed,8982185980,2010-02-11,"@alarabiechase @blautreacle Um, NO. I am Cletus, the Slack-Jawed Yokel, depend on me at your peril! #pubquiz",16708532,"stupid-looking, vacant, or open-mouthed in a dull or stunned way",appearance,television_reference,false,
slack-jawed,8992476676,2010-02-12,Although I have to put up with the photo taken looking up my nose with mouth open in slack-jawed bewilderment for those 3 years.,23567494,"stupid-looking, vacant, or open-mouthed in a dull or stunned way",appearance,commenting,false,
slack-jawed,8993662303,2010-02-12,"@Quintossntially @Matt_Parkman_ *stands there, slack-jawed* *Why...why did he have to go and say that?*",78116908,"stupid-looking, vacant, or open-mouthed in a dull or stunned way",appearance,casual_conversation,false,
slack-jawed,9024103866,2010-02-12,Joe-Btfs: Let's come up with a front end that dosen't look like a slack-jawed carp... ok?...  http://jalopnik.com/c/19365297,90896826,"stupid-looking, vacant, or open-mouthed in a dull or stunned way",appearance,article_sharing,false,
slack-jawed,9024892715,2010-02-12,slack-jawed yokels here in finchley!! mr fry I protest!,27477129,"stupid-looking, vacant, or open-mouthed in a dull or stunned way",appearance,television_reference,false,
slack-jawed,9115189341,2010-02-14,@SamTeichman  Nascar?? The Olympics are on you slack jawed yokel!,27445101,"stupid-looking, vacant, or open-mouthed in a dull or stunned way",appearance,casual_conversation,false,
slack-jawed,9123707538,2010-02-15,"I shall carry on forth into the slack jawed wilderness. ""that's asine"" he says",37350876,"stupid-looking, vacant, or open-mouthed in a dull or stunned way",appearance,commenting,false,
slack-jawed,9126158721,2010-02-15,@artistrybysam I am still slack jawed by the restless leg - NONE of the docs said anything and they would give me adavain wouldn't help,68877042,"stupid-looking, vacant, or open-mouthed in a dull or stunned way",appearance,casual_conversation,false,
slack-jawed,9142529108,2010-02-15,"Staring into the back of the mini-van, slack jawed at the amount of space. I could do a photo shoot in there. Really.",69381311,"stupid-looking, vacant, or open-mouthed in a dull or stunned way",appearance,commenting,false,
slack-jawed,9262804242,2010-02-18,New Nike spot just stopped dead in me tracks. Slack jawed. It was right there in front of all of us.,2137131,"stupid-looking, vacant, or open-mouthed in a dull or stunned way",appearance,commenting,false,
slack-jawed,9269103655,2010-02-18,RT @Teem New Nike spot just stopped dead in me tracks. Slack jawed. It was right there in front of all of us. &gt; it was amazing!,14369469,"stupid-looking, vacant, or open-mouthed in a dull or stunned way",appearance,casual_conversation,false,
slack-jawed,9270365453,2010-02-18,Even better with sound! They all sound like Cletus the Slack-jawed Yokel RT @dnee HILLBILLY SMACKDOWN on Jerry Springer right now!!,19673047,"stupid-looking, vacant, or open-mouthed in a dull or stunned way",appearance,television_reference,false,
slack-jawed,9288853625,2010-02-18,I'm a goddamn sexual tyranasauris you bunch of slack jawed faggets,18734138,"stupid-looking, vacant, or open-mouthed in a dull or stunned way",appearance,commenting,false,
slack-jawed,9298878039,2010-02-18,"...Slack-jawed, with a little line of drool hanging out... RT @voteforgrant: @ianthealy I love (curling). Perfect thing to watch at work.",14580084,"stupid-looking, vacant, or open-mouthed in a dull or stunned way",appearance,casual_conversation,false,
slack-jawed,9686712712,2010-02-26,RT @DudeAbidesVTG  - Goggle in slack-jawed wonder at The Oregon Vortex... and other way out tourist attractions. http://tiny.cc/EvNZw ...,59469537,"stupid-looking, vacant, or open-mouthed in a dull or stunned way",appearance,casual_conversation,false,
slack-jawed,9689101897,2010-02-26,"i'm working from my mechanic's waiting room, with a soap opera on the telly. all 6 waiting men are staring at it slack jawed.",11059832,"stupid-looking, vacant, or open-mouthed in a dull or stunned way",appearance,commenting,false,
slack-jawed,9693468525,2010-02-26,Vintage chuckles vs technology here ... he had problems charging his nu phone!! the slack jawed yokle!!,64195942,"stupid-looking, vacant, or open-mouthed in a dull or stunned way",appearance,commenting,false,
slack-jawed,9696008712,2010-02-26,@addy4488 the only thing I know will happen is I'll sit slack jawed staring at the tv for at least 10 mins! Or (cont) http://tl.gd/c2gdk,25983443,"stupid-looking, vacant, or open-mouthed in a dull or stunned way",appearance,casual_conversation,false,
slack-jawed,9697202574,2010-02-26,"When she realizes that marriage in the 21st Century is for slack-jawed, needy people who need a therapist more than a spouse - #SheA10When",16359657,"stupid-looking, vacant, or open-mouthed in a dull or stunned way",appearance,commenting,false,
slack-jawed,9697466654,2010-02-26,Long drives make me that specific kind of sleepy in which even interesting things are unable to alter my slack-jawed countenance.,109665501,"stupid-looking, vacant, or open-mouthed in a dull or stunned way",appearance,commenting,false,
slack-jawed,9698301462,2010-02-26,"And yet I feel I owe it to myself to follow through. Who's got 13 hours to spare, a VCR, and an affinity for slack-jawed schizophrenics?",18960168,"stupid-looking, vacant, or open-mouthed in a dull or stunned way",appearance,commenting,false,
slack-jawed,9704241484,2010-02-27,"Bunch of slack-jawed faggots around here. This stuff will make you a god damned sexual Tyrannosaurus, just like me.",54677632,"stupid-looking, vacant, or open-mouthed in a dull or stunned way",appearance,television_reference,false,
slack-jawed,9708017418,2010-02-27,"New England Republican: Worm: 
Delahunt. Why do these creeps always look like this? Lard-faced, slack-jawed, water... http://bit.ly/dwq7Zz",14951707,"stupid-looking, vacant, or open-mouthed in a dull or stunned way",appearance,article_sharing,false,
slack-jawed,9718619625,2010-02-27,"&lt;— Testing a new avatar; I like cactuar's comical expression of slack-jawed astonishment, but I'm not sure it's ""me"". :O",10050372,"stupid-looking, vacant, or open-mouthed in a dull or stunned way",appearance,commenting,false,
slack-jawed,9728873667,2010-02-27,Lauren u hacked my Twitter - u truly are Cletus The Slack Jawed Yokel!,117173457,"stupid-looking, vacant, or open-mouthed in a dull or stunned way",appearance,television_reference,false,
slack-jawed,9736992120,2010-02-27,"Karen Carpenter had THE most beautiful voice. I know its hardly news to anyone, but it still leaves me a little slack-jawed on occasion.",68696887,"stupid-looking, vacant, or open-mouthed in a dull or stunned way",appearance,commenting,false,
slack-jawed,9743226704,2010-02-27,Watching the news in Hawaii. Bunch of shirtless yokel people all staring slack-jawed at the ocean. Gene pool benefit? Good or bad?,16953192,"stupid-looking, vacant, or open-mouthed in a dull or stunned way",appearance,commenting,false,
slack-jawed,9782356782,2010-02-28,@saulcozens Or the slack-jawed drooliness of the staff when you do finally corner one in a pincer movement between Hardware and Bathrooms...,779440,"stupid-looking, vacant, or open-mouthed in a dull or stunned way",appearance,casual_conversation,false,
slack-jawed,9785933210,2010-02-28,@mehulkar I have dude. crazy stuff. brought a friend who never heard him before and she was slack jawed listening to that song.,14799178,"stupid-looking, vacant, or open-mouthed in a dull or stunned way",appearance,casual_conversation,false,
slack-jawed,9792377047,2010-02-28,"At Mayday Malone's, which is full of hockey bags every Tuesday after the neighborhood rink lets out, a red and white mob stares slack-jawed.",16085441,"stupid-looking, vacant, or open-mouthed in a dull or stunned way",appearance,commenting,false,
slack-jawed,9798951542,2010-02-28,"look, guys, i would tell you about the ""baby learns to dance"" montage, but it'd cut into my ""slack-jawed grinning"" time. #dirtydancingison",10156702,"stupid-looking, vacant, or open-mouthed in a dull or stunned way",appearance,commenting,false,
slack-jawed,9807631089,2010-03-01,I am staring slack-jawed at the #closingceremonies. I think they've lost it. This is amazing in so many ways.,71834949,"stupid-looking, vacant, or open-mouthed in a dull or stunned way",appearance,commenting,false,
slack-jawed,9809620878,2010-03-01,@lullabyeblues FOYN. bats his eyes (NOW THAT'S HAHAHAHA) as he plays. with me sitting slack-jawed and nothing to say *EVERYBODY NOW!*,34540150,"stupid-looking, vacant, or open-mouthed in a dull or stunned way",appearance,casual_conversation,false,
slack-jawed,9816044574,2010-03-01,Did not know what to make of the episode of Tim and Eric on earlier. Sort of stared slack-jawed. Usual response involves projectile vomiting,19954398,"stupid-looking, vacant, or open-mouthed in a dull or stunned way",appearance,commenting,false,
slack-jawed,10328453181,2010-03-11,Twilight-me-up. Not the film (thankfully... The slack-jawed morons) but the staff meeting/training! Fun galore!!,20907919,"stupid-looking, vacant, or open-mouthed in a dull or stunned way",appearance,commenting,false,
slack-jawed,10329125927,2010-03-11,"Can't stop grinding my teeth. I catch myself doing it throughout the day. Short of slack-jawed mouth breathing, I'm not sure how to stop it.",20725756,"stupid-looking, vacant, or open-mouthed in a dull or stunned way",appearance,commenting,false,
slack-jawed,10336240374,2010-03-11,"@Tiggythepiggy I thought it was gonna be a joke or something, literally watched it slack-jawed! So clever.",102458475,"stupid-looking, vacant, or open-mouthed in a dull or stunned way",appearance,casual_conversation,false,
slack-jawed,10342720836,2010-03-11,Photo: The phrase ‘slack-jawed yokel’ was invented for this photograph. A very productive free. http://tumblr.com/xic7b4ju1,25809897,"stupid-looking, vacant, or open-mouthed in a dull or stunned way",appearance,television_reference,false,
slack-jawed,10362762203,2010-03-12,-Music/Band Scene- THREE BAD JACKS  + SLACK JAWED SONS OF BITCHES  + MOTORPUNX: Title: THREE BAD JACKS  + SLACK J... http://bit.ly/dbo6P6,40401270,"stupid-looking, vacant, or open-mouthed in a dull or stunned way",appearance,article_sharing,false,
slack-jawed,10366925103,2010-03-12,"When I get on a train, why is it always that the slack-jawed teenager with BO and tizzz tizzz tizzz eyeprod comes and sits next to me?",21184284,"stupid-looking, vacant, or open-mouthed in a dull or stunned way",appearance,commenting,false,
slack-jawed,10374946736,2010-03-12,Again omg: Made me slack jawed on the first minute of her video. Oh my GAGA... .,74179936,"stupid-looking, vacant, or open-mouthed in a dull or stunned way",appearance,commenting,false,
slack-jawed,10598717291,2010-03-17,Katie Couric's thinly veiled slack-jawed disbelief that she actually has to cover Tiger Wood's return to golf is deeply entertaining.,15756791,"stupid-looking, vacant, or open-mouthed in a dull or stunned way",appearance,commenting,false,
slack-jawed,10616590484,2010-03-17,Wondering just how long we have to suffer the slack jawed buffoon that passes himself off as our PM.... getting too old for this!,30192605,"stupid-looking, vacant, or open-mouthed in a dull or stunned way",appearance,commenting,false,
slack-jawed,10621919404,2010-03-17,Pick it Up: Sitting slack-jawed on the dining room floor in complete awe and amazement watching my daughter figure... http://bit.ly/aLwhd9,18494919,"stupid-looking, vacant, or open-mouthed in a dull or stunned way",appearance,article_sharing,false,
slack-jawed,10627508558,2010-03-17,"Back up & running, and a bit slack jawed over the Male Couture-isms from Paris F/W2010: http://tinyurl.com/ykol3qc",21888798,"stupid-looking, vacant, or open-mouthed in a dull or stunned way",appearance,article_sharing,false,
slack-jawed,10635011115,2010-03-17,"It's called 'lolo:tv'. The word 'lolo' has an oddly bovine and slack-jawed sound to it. How appropriate for force-fed telly. 
#lolo",16566726,"stupid-looking, vacant, or open-mouthed in a dull or stunned way",appearance,commenting,false,
slack-jawed,10636140102,2010-03-17,@NoelMu like cleetus the slack jawed yokelllllllll!!!!,26185179,"stupid-looking, vacant, or open-mouthed in a dull or stunned way",appearance,casual_conversation,false,
slack-jawed,10636141644,2010-03-17,"@NoelMu It's Cletus, the slack jawed yokel!",7000002,"stupid-looking, vacant, or open-mouthed in a dull or stunned way",appearance,television_reference,false,
slack-jawed,10642784514,2010-03-17,"Dear Brain: I miss you. Please check in, soon. The slack-jawed, drooling, vacant stares just aren't as much fun without you. Love, Rachael",15544656,"stupid-looking, vacant, or open-mouthed in a dull or stunned way",appearance,commenting,false,
slack-jawed,10648783776,2010-03-18,"-evidently it is not appropriate to call someone a ""slack-jawed faggot"" in a staff meeting...",18806677,"stupid-looking, vacant, or open-mouthed in a dull or stunned way",appearance,commenting,false,
slack-jawed,11622482153,2010-04-05,@juliejubz you would want a slack-jawed cat.. &gt;_&gt;,37121484,"stupid-looking, vacant, or open-mouthed in a dull or stunned way",appearance,casual_conversation,false,
slack-jawed,11639328248,2010-04-05,"So now my tooth hurts, but only when I put pressure on it you know like when I close my mouth.  So I'm trying to be slack-jawed today.",16952577,"stupid-looking, vacant, or open-mouthed in a dull or stunned way",appearance,commenting,false,
slack-jawed,11640074228,2010-04-05,Walking through Regent's Park to go to a Valentine's Day wedding Slack-Jawed Cat Can't Believe It's Eyes http://bit.ly/9Uuaer,89410497,"stupid-looking, vacant, or open-mouthed in a dull or stunned way",appearance,article_sharing,false,
slack-jawed,11642600722,2010-04-05,"So much to do today, but all I've done is stare blankly & slack jawed at my monitor for a half hour.",40237628,"stupid-looking, vacant, or open-mouthed in a dull or stunned way",appearance,commenting,false,
slack-jawed,11643398759,2010-04-05,LG X300's slack-jawed hands-on http://surl.name/1hgn,107462127,"stupid-looking, vacant, or open-mouthed in a dull or stunned way",appearance,article_sharing,false,
slack-jawed,11643941930,2010-04-05,The Dark Side of the Moviegoing Experience:   While the rest of us are slack-jawed and wide-ey... http://bit.ly/cncqxm #movienews #premiere,80698853,"stupid-looking, vacant, or open-mouthed in a dull or stunned way",appearance,article_sharing,false,
slack-jawed,11646266425,2010-04-05,"@thomasav haha exactly. I was thinking of painting a picture of slack-jawed ""art fans"" titled ""Blue Bridge"".",15946319,"stupid-looking, vacant, or open-mouthed in a dull or stunned way",appearance,casual_conversation,false,
slack-jawed,11646358671,2010-04-05,"""Be Prepared is delightfully menacing, turning a bunch of slack jawed Hyenas into the fucking third reich.""",66307419,"stupid-looking, vacant, or open-mouthed in a dull or stunned way",appearance,commenting,false,
slack-jawed,11757902237,2010-04-07,"ah, Spring on the Eastern Shore, slack-jawed tourists wandering aimlessly about and the cloying stench of chicken shit being spread",31193888,"stupid-looking, vacant, or open-mouthed in a dull or stunned way",appearance,commenting,false,
slack-jawed,11761604219,2010-04-07,@marisaroffman Chocolate's necessary no matter what ep is airing. I'm looking forward to being slack-jawed in awe and wonder. LOL @ChoeBe,49016819,"stupid-looking, vacant, or open-mouthed in a dull or stunned way",appearance,casual_conversation,false,
slack-jawed,11763135881,2010-04-07,Both of these stories so far have ended terribly and I feel like I should have this slack jawed look on my face when they are done.,126187664,"stupid-looking, vacant, or open-mouthed in a dull or stunned way",appearance,commenting,false,
slack-jawed,11765417980,2010-04-07,its egan the slack jawed yocaaaaaaal :) oh I mean cleetus XD ;),76065160,"stupid-looking, vacant, or open-mouthed in a dull or stunned way",appearance,commenting,false,
slack-jawed,11768094378,2010-04-07,"@DonP Dude, who won't be slack-jawed and drooling?! Some of my personal idols are there! You need a bright pink placard.",37168804,"stupid-looking, vacant, or open-mouthed in a dull or stunned way",appearance,casual_conversation,false,
slack-jawed,11783743089,2010-04-07,"Must remember I have things to do tonight that aren't passing out on the couch, slack-jawed and drooling.",14688411,"stupid-looking, vacant, or open-mouthed in a dull or stunned way",appearance,commenting,false,
slack-jawed,11790156652,2010-04-07,"""Turning a bunch of slack-jawed hyenas into the fucking Third Reich!"" -The Nostalgia Critic on ""Be Prepared"" (http://bit.ly/a9NUVH)",17610538,"stupid-looking, vacant, or open-mouthed in a dull or stunned way",appearance,article_sharing,false,
slack-jawed,11790421929,2010-04-07,"Oh old man sitting next to me slack jawed chewing your bag of nuts, your strategy to get me to move will not work. #passiveaggressivemuch",15256904,"stupid-looking, vacant, or open-mouthed in a dull or stunned way",appearance,commenting,false,
slack-jawed,11801329481,2010-04-08,Get to @thehideawayjc right now you slack jawed fags.  and play the circle game with Tarvo,44302037,"stupid-looking, vacant, or open-mouthed in a dull or stunned way",appearance,casual_conversation,false,
slack-jawed,11821685602,2010-04-08,"@HeyheyDRA @robertcortez @MrHoward @neithernor @pts I didn't eve WATCH Felicity, but I found it out a bit ago and was slack jawed.",14339363,"stupid-looking, vacant, or open-mouthed in a dull or stunned way",appearance,casual_conversation,false,
slack-jawed,11822565209,2010-04-08,@JonahFisher i watched the footage slack-jawed,60361290,"stupid-looking, vacant, or open-mouthed in a dull or stunned way",appearance,casual_conversation,false,
slack-jawed,11829945704,2010-04-08,"so i may get fired today, but atleast i didnt let some slack-jawed hick, white piece of trash talk to me like that",74273030,"stupid-looking, vacant, or open-mouthed in a dull or stunned way",appearance,commenting,false,
slack-jawed,11835916723,2010-04-08,"I have SUCH a headache. Can't have caffeine right now, had novocaine, and I'm all slack-jawed. Literally. Wah.",5501872,"stupid-looking, vacant, or open-mouthed in a dull or stunned way",appearance,commenting,false,
slack-jawed,11836227885,2010-04-08,@jacr13 - that link of yours just had me slack jawed. Incredible for all the wrong reasons.  Cold is finally mending thanks.,42846533,"stupid-looking, vacant, or open-mouthed in a dull or stunned way",appearance,casual_conversation,false,
slack-jawed,11845229794,2010-04-08,"I will not forget your slack jawed and gaping mouth, man in green SUV.",18242229,"stupid-looking, vacant, or open-mouthed in a dull or stunned way",appearance,commenting,false,
slack-jawed,11858209694,2010-04-09,"Some folk'll never eat a skunk - but then again, some folk'll... like Cletus the slack-jawed yokel.",14254109,"stupid-looking, vacant, or open-mouthed in a dull or stunned way",appearance,television_reference,false,
slack-jawed,11859964514,2010-04-09,"#ActionMovieQuotes - ""Bunch of slack-jawed *aggots, around here! This stuff'll make you a Goddamn sexual Tyrannosaurs! Just like me.""",18294185,"stupid-looking, vacant, or open-mouthed in a dull or stunned way",appearance,commenting,false,
slack-jawed,11864716856,2010-04-09,if i only knew that listening to really good music would give me the same buzz as slack-jawed meatloaf. eh matagal n... http://post.ly/YwVy,30227772,"stupid-looking, vacant, or open-mouthed in a dull or stunned way",appearance,article_sharing,false,
slack-jawed,11868506843,2010-04-09,"Some folk'll never eat a skunk, but then again some folk'll, like Cletus the Slack-Jawed Yokel!",6125482,"stupid-looking, vacant, or open-mouthed in a dull or stunned way",appearance,television_reference,false,
slack-jawed,12725916777,2010-04-23,RT @Wikiballs Gordon Brown earns royalties from the Simpsons character Cletus the slack jawed yokel. /via @atomdriving,79198152,"stupid-looking, vacant, or open-mouthed in a dull or stunned way",appearance,television_reference,false,
slack-jawed,12730631393,2010-04-23,Come to @travisfest tomorrow. Don't be slack jawed peckerwood.,84256228,"stupid-looking, vacant, or open-mouthed in a dull or stunned way",appearance,casual_conversation,false,
slack-jawed,12730693759,2010-04-23,"RT @alertthesky
  
Come to @travisfest tomorrow. Don't be slack jawed peckerwood.",73976013,"stupid-looking, vacant, or open-mouthed in a dull or stunned way",appearance,casual_conversation,false,
slack-jawed,12731088530,2010-04-23,RT @alertthesky: Come to @travisfest tomorrow. Don't be slack jawed peckerwood.,19404611,"stupid-looking, vacant, or open-mouthed in a dull or stunned way",appearance,casual_conversation,false,
slack-jawed,12732526686,2010-04-24,"Her small laugh at my expression – no doubt slack-jawed and hungry – was a soft, delicious sound. http://bit.ly/9TJktw @LolaShoes",13627552,"stupid-looking, vacant, or open-mouthed in a dull or stunned way",appearance,casual_conversation,false,
slack-jawed,12743913656,2010-04-24,@Open_Lane *is pulled* W-What are you doing?! And why are people SHOOTING at you?!?! *slack-jawed in shock*,117573016,"stupid-looking, vacant, or open-mouthed in a dull or stunned way",appearance,casual_conversation,false,
slack-jawed,12744309064,2010-04-24,Bluesboy Jag and the slack jawed yokels play their second ever gig tomorrow at Chateaux Aux Arc in Ozark Ar tomorrow at 12:15,17075736,"stupid-looking, vacant, or open-mouthed in a dull or stunned way",appearance,criticism,false,
slack-jawed,12744369736,2010-04-24,Blonde breezes through door / Men slack-jawed in pure wonder / They're not polymath-s #maxku,88486872,"stupid-looking, vacant, or open-mouthed in a dull or stunned way",appearance,commenting,false,
slack-jawed,12744543124,2010-04-24,RT @MaxRaunchiness Blonde breezes through door / Men slack-jawed in pure wonder / They're not polymath-s #maxku,21436196,"stupid-looking, vacant, or open-mouthed in a dull or stunned way",appearance,casual_conversation,false,
slack-jawed,12747559780,2010-04-24,rest. Slack-Jawed Cat Can't Believe It's Eyes http://bit.ly/9Uuaer,76694017,"stupid-looking, vacant, or open-mouthed in a dull or stunned way",appearance,article_sharing,false,
slack-jawed,13438175440,2010-05-05,"So exquisite are the flapper dresses in the Met's American Woman exhibit, found myself slack jawed and putting hand over my heart in awe.",16214015,"stupid-looking, vacant, or open-mouthed in a dull or stunned way",appearance,commenting,false,
slack-jawed,13443042684,2010-05-05,"Seven Wonders of the Quantum World (from @newscientist) aka Seven Reasons We're Staring Off into Space, Slack-jawed: http://ow.ly/1HnJD",112838571,"stupid-looking, vacant, or open-mouthed in a dull or stunned way",appearance,casual_conversation,false,
slack-jawed,13444828983,2010-05-05,@benjaminstrong I'm on the ferry and its full of slack jawed yokel tourists who are in the way. I need to drink.,138212853,"stupid-looking, vacant, or open-mouthed in a dull or stunned way",appearance,casual_conversation,false,
slack-jawed,13447014355,2010-05-05,@kt_writes At what point does Charles Grodin show up and stare slack-jawed?,14714178,"stupid-looking, vacant, or open-mouthed in a dull or stunned way",appearance,casual_conversation,false,
slack-jawed,13452295936,2010-05-05,"Reading CSS3 selector spec. Slack-jawed. DUDE, it goes up to ELEVEN. #nerdlove",8418982,"stupid-looking, vacant, or open-mouthed in a dull or stunned way",appearance,commenting,false,
slack-jawed,13478843061,2010-05-06,Head full Novocaine. Lack of oral dexterity nearly turned calming car fag into conflagration. Must focus to avert slack jawed coffee dribble,25821555,"stupid-looking, vacant, or open-mouthed in a dull or stunned way",appearance,commenting,false,
slack-jawed,13483570796,2010-05-06,sitting at work and being bored!! Slack-Jawed Cat Can't Believe It's Eyes http://bit.ly/9Uuaer,77452340,"stupid-looking, vacant, or open-mouthed in a dull or stunned way",appearance,article_sharing,false,
slack-jawed,13483966101,2010-05-06,Your all a bunch of Slack Jawed Faggots around here! This stuff will turn you into a god damn sexual... http://bit.ly/9pAt90,71542935,"stupid-looking, vacant, or open-mouthed in a dull or stunned way",appearance,criticism,false,
slack-jawed,13485080259,2010-05-06,"No, woman staring at me slack-jawed as I get padded down in a security booth at the airport, I'm not a terrorist. #randomscreening",17232635,"stupid-looking, vacant, or open-mouthed in a dull or stunned way",appearance,commenting,false,
slack-jawed,13588660919,2010-05-08,"I think I now know why I hate Ed Burns.  He's not slightly stupid, but he's slack-jawed, knuckle dragging, barely coherent stupid.",72782655,"stupid-looking, vacant, or open-mouthed in a dull or stunned way",appearance,commenting,false,
slack-jawed,13596138333,2010-05-08,"Whenever I hear/see David Rawlings play guitar, I get slack-jawed amazed.",756670,"stupid-looking, vacant, or open-mouthed in a dull or stunned way",appearance,commenting,false,
slack-jawed,13599020954,2010-05-08,Bound to be celebrities at tonight's Waiting For Godot opening. So you know what that means - a lot of awkward slack-jawed staring from me.,17509312,"stupid-looking, vacant, or open-mouthed in a dull or stunned way",appearance,commenting,false,
slack-jawed,13604870453,2010-05-08,"This was a mistake. Surly, slack-jawed staff, noisy customers with screaming kids, an icy draft through the restarant. Glad we've finished.",15310857,"stupid-looking, vacant, or open-mouthed in a dull or stunned way",appearance,commenting,false,
slack-jawed,13607262145,2010-05-08,"#TimothyOlyphant should be promoted as the face of the South. Before him, I dismissed many Southerners as slack jawed yokels.",11901782,"stupid-looking, vacant, or open-mouthed in a dull or stunned way",appearance,criticism,false,
slack-jawed,13607721957,2010-05-08,So what do the Tories think about this? Still slack-jawed with disbelief I expect #dontdoitnick,19341346,"stupid-looking, vacant, or open-mouthed in a dull or stunned way",appearance,commenting,false,
slack-jawed,13614048182,2010-05-08,My first time in harrods! I'm a proper slack-jawed hick.,20787028,"stupid-looking, vacant, or open-mouthed in a dull or stunned way",appearance,commenting,false,
slack-jawed,13616175676,2010-05-08,"If Nokia weren't a bunch of hopeless, slack jawed, pencil necked cretins, I'd consider sticking with them.",19567347,"stupid-looking, vacant, or open-mouthed in a dull or stunned way",appearance,commenting,false,
slack-jawed,13693041745,2010-05-09,The woman in the couple on the current Tesco adverts is the very definition of 'slack jawed'. Just watch her next time she's on...,56646876,"stupid-looking, vacant, or open-mouthed in a dull or stunned way",appearance,commenting,false,
slack-jawed,13698992306,2010-05-10,"Me to slack jawed cashier at Best Buy : ""Hey! Send someone over to help me in appliances before I take my ass to Sears!""  I'm such a badass.",9904682,"stupid-looking, vacant, or open-mouthed in a dull or stunned way",appearance,commenting,false,
slack-jawed,13711768434,2010-05-10,RT @bindo fox news Slack-Jawed Cat Can't Believe It's Eyes http://bit.ly/cUUeUB,38558510,"stupid-looking, vacant, or open-mouthed in a dull or stunned way",appearance,casual_conversation,false,
slack-jawed,13723079726,2010-05-10,"Most folk may never eat a skunk, but then again some foke'll. Like Cletus the Slack-Jawed Yokel.",17723596,"stupid-looking, vacant, or open-mouthed in a dull or stunned way",appearance,television_reference,false,
slack-jawed,13736252303,2010-05-10,"Goodbye Gordon Brown - You one eyed, slack jawed, inbred, tightfisted thieving cunt election#",27509959,"stupid-looking, vacant, or open-mouthed in a dull or stunned way",appearance,commenting,false,
slack-jawed,13737191075,2010-05-10,I am constantly awed at the slack-jawed perfection of City of Boston Mayor Tom Menino,21612784,"stupid-looking, vacant, or open-mouthed in a dull or stunned way",appearance,commenting,false,
slack-jawed,13737446834,2010-05-10,RT @HackswithHaggs: I am constantly awed at the slack-jawed perfection of City of Boston Mayor Tom Menino,1951061,"stupid-looking, vacant, or open-mouthed in a dull or stunned way",appearance,casual_conversation,false,
slack-jawed,13737964196,2010-05-10,"RT @MrrrrBatten: Goodbye Gordon Brown - You one eyed, slack jawed, inbred, tightfisted thieving cunt election#",19595181,"stupid-looking, vacant, or open-mouthed in a dull or stunned way",appearance,casual_conversation,false,
slack-jawed,13738316069,2010-05-10,RT @HackswithHaggs: I am constantly awed at the slack-jawed perfection of City of Boston Mayor Tom Menino. //sarcasm I hope?,19379243,"stupid-looking, vacant, or open-mouthed in a dull or stunned way",appearance,casual_conversation,false,
slack-jawed,13749180897,2010-05-10,"So the slack-jawed blind prick #gordonbrown is steppin down, woohoo. Dave Milliband 2 take over? Whatever happened his brother Steve's band?",20839300,"stupid-looking, vacant, or open-mouthed in a dull or stunned way",appearance,commenting,false,
slack-jawed,13892130497,2010-05-13,"@ebertchicago seems like there's nothing too offensive for the racist, ignorant, slack-jawed radical right",18200307,"stupid-looking, vacant, or open-mouthed in a dull or stunned way",appearance,casual_conversation,false,
slack-jawed,13897421076,2010-05-13,Buncha slack jawed faggots at this bar,111493016,"stupid-looking, vacant, or open-mouthed in a dull or stunned way",appearance,criticism,false,
slack-jawed,13901661089,2010-05-13,2 excellent cases of knitting hypnosis this morning - 1 child wide eyed at the mad lady with sticks & 1 slack jawed man.,34614620,"stupid-looking, vacant, or open-mouthed in a dull or stunned way",appearance,commenting,false,
slack-jawed,13907245304,2010-05-13,Nothing like going to the dentist to make you feel like a slack jawed yocal who has been abducted by aliens.,48057775,"stupid-looking, vacant, or open-mouthed in a dull or stunned way",appearance,commenting,false,
slack-jawed,13912172387,2010-05-13,"@womaninblack Yaaaaaaaaay.. You star, I do hope it was swiftly followed by slack-jawed xx",68528176,"stupid-looking, vacant, or open-mouthed in a dull or stunned way",appearance,casual_conversation,false,
slack-jawed,13918002863,2010-05-13,"RT @shaveblog Can't wait to see what Cletus the Slack-Jawed Yokel calls the iPad on upcoming Simpsons:
http://j.mp/abQA1p) Movin' Pitc...",79198152,"stupid-looking, vacant, or open-mouthed in a dull or stunned way",appearance,television_reference,false,
slack-jawed,13920078743,2010-05-13,@BDUTT While people are slack-jawed on how a representative of a big responsible party of the nation can speak so erroneously for someone,128170652,"stupid-looking, vacant, or open-mouthed in a dull or stunned way",appearance,casual_conversation,false,
slack-jawed,13922538852,2010-05-13,RT @ReverbNation Guitar Face Hall Of Fame: http://ow.ly/1Khm2 What kind of faces do you make when you're playing? &lt; slack-jawed sex faces :),37967784,"stupid-looking, vacant, or open-mouthed in a dull or stunned way",appearance,casual_conversation,false,
slack-jawed,13929768985,2010-05-13,"Yesterday we experienced the latest in slack-jawed, gape-mouthed entertainment. Not in my household, though, ever!  http://yfrog.com/j9g4ywj",8497522,"stupid-looking, vacant, or open-mouthed in a dull or stunned way",appearance,article_sharing,false,
slack-jawed,13937262143,2010-05-13,"@dragonkal Well, you know what I think of Jonsí! You were there watching me be all slack-jawed during his show!",14240857,"stupid-looking, vacant, or open-mouthed in a dull or stunned way",appearance,casual_conversation,false,
slack-jawed,15569414615,2010-06-06,"We all used to be creative about where we had sex. Like woods, or hotel stairwe Slack-Jawed Cat Can't Believe It's Eyes http://bit.ly/9Uuaer",84851935,"stupid-looking, vacant, or open-mouthed in a dull or stunned way",appearance,article_sharing,false,
slack-jawed,15577923836,2010-06-06,"@Cerithomas Seeing small slack-jawed zombies is scary, I think it becomes a crutch. They don't learn to entertain themselves.",17846354,"stupid-looking, vacant, or open-mouthed in a dull or stunned way",appearance,casual_conversation,false,
slack-jawed,15580556198,2010-06-06,"@philkirby ;-) some folks'll never eat a skunk but then again some folks'll, it's Cletus the Slack Jawed Yokel",20725516,"stupid-looking, vacant, or open-mouthed in a dull or stunned way",appearance,television_reference,false,
slack-jawed,15583629279,2010-06-06,"Slack jawed looks, & gears turning slowly when I told them ""Somebody wrote them."" Bless.",71075394,"stupid-looking, vacant, or open-mouthed in a dull or stunned way",appearance,commenting,false,
slack-jawed,15583972060,2010-06-06,My goodness Hot indian Girl. Close your mouth! You look like a slack jawed mouth breather. #Minus3Points,14734569,"stupid-looking, vacant, or open-mouthed in a dull or stunned way",appearance,commenting,false,
slack-jawed,15586060511,2010-06-06,"@rachlanger Legion, yes, OMG. Since when does ""protagonist"" mean ""unlikeable slack-jawed loser""?",21111474,"stupid-looking, vacant, or open-mouthed in a dull or stunned way",appearance,casual_conversation,false,
slack-jawed,15593285443,2010-06-07,slack jawed amazement.... i anticipated this tho i'm not shocked at all,25470197,"stupid-looking, vacant, or open-mouthed in a dull or stunned way",appearance,reaction,false,
slack-jawed,15594620694,2010-06-07,working hard on being a slack jawed yokel,9081852,"stupid-looking, vacant, or open-mouthed in a dull or stunned way",appearance,commenting,false,
slack-jawed,15604187142,2010-06-07,working...  I hate paying bills most of the time. Slack-Jawed Cat Can't Believe It's Eyes http://bit.ly/9Uuaer,94191727,"stupid-looking, vacant, or open-mouthed in a dull or stunned way",appearance,article_sharing,false,
slack-jawed,15626851376,2010-06-07,"@cosmicgirlie He has that slightly slack-jawed expession, little movement. I feel guilt, but *can't be arsed*.",18633621,"stupid-looking, vacant, or open-mouthed in a dull or stunned way",appearance,casual_conversation,false,
slack-jawed,18064225143,2010-07-08,":passes: @cooterman Bunch of slack-jawed faggots around here. This stuff will make you a god damned sexual Tyrannosaurus, just like me.",56010100,"stupid-looking, vacant, or open-mouthed in a dull or stunned way",appearance,television_reference,false,
slack-jawed,18064527998,2010-07-08,"@drabtshirt RT @El_Danny_Trejo: Mira,u don't wanna be a brokedick dog, slack-jawed faggot, or one UGLY motherfucker ,do u? Go see #Predators",27255399,"stupid-looking, vacant, or open-mouthed in a dull or stunned way",appearance,casual_conversation,false,
slack-jawed,18064692566,2010-07-08,"RT El_Danny_Trejo: Mira, you don't wanna be a broke-dick dog, slack-jawed faggot, or one...ugly...motherfucker, do you? Go see #Predators",48571925,"stupid-looking, vacant, or open-mouthed in a dull or stunned way",appearance,commenting,false,
slack-jawed,18065519035,2010-07-08,"Come to ""Bluesboy Jag & The Slack - Jawed Yokels "" 29 July from 21:00 to 00:00. Bluesboy Jag & the Slack - Jawed... http://fb.me/CYSBCIGG",17075736,"stupid-looking, vacant, or open-mouthed in a dull or stunned way",appearance,criticism,false,
slack-jawed,18065818963,2010-07-08,"RT @El_Danny_Trejo: Mira, you don't wanna be a broke-dick dog, slack-jawed faggot, or one...ugly...motherfucker, do you? Go see #Predators",32696866,"stupid-looking, vacant, or open-mouthed in a dull or stunned way",appearance,casual_conversation,false,
slack-jawed,18068450109,2010-07-08,"@FoxMe I've read the expression ""slack jawed"" in fiction, but never heard it conversation.",15319427,"stupid-looking, vacant, or open-mouthed in a dull or stunned way",appearance,casual_conversation,false,
slack-jawed,18071654476,2010-07-08,"@BigOx Bunch of slack-jawed faggots around here. This stuff will make you a god damned sexual Tyrannosaurus, just like me.",27099405,"stupid-looking, vacant, or open-mouthed in a dull or stunned way",appearance,television_reference,false,
slack-jawed,18076201066,2010-07-09,"""Bunch of slack-jawed faggots around here. This stuff will make you a god damned sexual Tyrannosaurus, just like me.""  #Predator",20379496,"stupid-looking, vacant, or open-mouthed in a dull or stunned way",appearance,television_reference,false,
slack-jawed,18090916816,2010-07-09,@theBrianMaxwell  I watched the Simpsons earlier. Seeing Cletus the Slack Jawed Yokel made me think of you. /via @ctalden that's funny shit,51129701,"stupid-looking, vacant, or open-mouthed in a dull or stunned way",appearance,television_reference,false,
slack-jawed,18448617529,2010-07-13,"Dalton Park is a horrid land of doom laden false promises, where the devil's booty is strewn before the slack-jawed masses. Not keen on it.",45685371,"stupid-looking, vacant, or open-mouthed in a dull or stunned way",appearance,commenting,false,
slack-jawed,18458448690,2010-07-13,"Even as I speak, you slack-jawed couch potatoes are slowly losing your grip on reality - which in my opinion is highly overrated anyway.",26018955,"stupid-looking, vacant, or open-mouthed in a dull or stunned way",appearance,commenting,false,
slack-jawed,18479794632,2010-07-14,FINALLY watching @MMFlint's SICKO. Im 11 min in & already Im slack jawed. Why didnt the Dems pay to air this on NBC/CBS/ABC to gain support?,15750242,"stupid-looking, vacant, or open-mouthed in a dull or stunned way",appearance,casual_conversation,false,
slack-jawed,18485768117,2010-07-14,"remember that phrase ""slack-jawed faggot"" from the original Predator",25859599,"stupid-looking, vacant, or open-mouthed in a dull or stunned way",appearance,commenting,false,
slack-jawed,18496932729,2010-07-14,"@markmatsusaka @fukumimi It's not like I'm leering brazenly, slack-jawed, with drool on my chin and a hand in my pants.",17856110,"stupid-looking, vacant, or open-mouthed in a dull or stunned way",appearance,casual_conversation,false,
slack-jawed,18500029657,2010-07-14,"Ur a bunch of slack-jawed faggots around here this stuff will make you a god damned sexual Tyrannosarus, just like me! ;)",42915564,"stupid-looking, vacant, or open-mouthed in a dull or stunned way",appearance,criticism,false,
slack-jawed,18502082811,2010-07-14,I wonder how long it took to come up with 'slack jawed chuwero scoopslut.'  http://is.gd/drlp2,164845244,"stupid-looking, vacant, or open-mouthed in a dull or stunned way",appearance,article_sharing,false,
slack-jawed,21458014768,2010-08-18,"If it wasn't for your drunk, slack jawed ancestors sacking Rome and burning books, you'd be speaking Latin and living on space stations.",14414257,"stupid-looking, vacant, or open-mouthed in a dull or stunned way",appearance,commenting,false,
slack-jawed,21458470749,2010-08-18,@AntoniaZ Rob Ford is still going to be the mayor if the sheeple slack-jawed response to #G20 is any indication.,11078152,"stupid-looking, vacant, or open-mouthed in a dull or stunned way",appearance,casual_conversation,false,
slack-jawed,21459853883,2010-08-18,RT @mcleangreaves: @AntoniaZ Rob Ford is still going to be the mayor if the sheeple slack-jawed response to #G20 is any indication.,16152553,"stupid-looking, vacant, or open-mouthed in a dull or stunned way",appearance,casual_conversation,false,
slack-jawed,21461373637,2010-08-18,"RT @claritynow: If it wasn't for your drunk, slack jawed ancestors sacking Rome and burning books, you'd be speaking Latin and living on ...",50307722,"stupid-looking, vacant, or open-mouthed in a dull or stunned way",appearance,casual_conversation,false,
slack-jawed,21461999754,2010-08-18,Casey we love you!  So glad he got signed so worth it. @lindsav is in heaven    she cannot tweet... slack jawed watching,100134775,"stupid-looking, vacant, or open-mouthed in a dull or stunned way",appearance,casual_conversation,false,
slack-jawed,21463887683,2010-08-18,RT @GabiHare: Casey we love you!  So glad he got signed so worth it. @lindsav is in heaven    she cannot tweet... slack jawed watching,147179696,"stupid-looking, vacant, or open-mouthed in a dull or stunned way",appearance,casual_conversation,false,
slack-jawed,21485908308,2010-08-18,TR @mcleangreaves: Rob Ford is still going to be the #mayor if the sheeple slack-jawed response to #G20 is any indication …/H: #Toronto,27819656,"stupid-looking, vacant, or open-mouthed in a dull or stunned way",appearance,casual_conversation,false,
slack-jawed,21496305766,2010-08-18,"@NJrugger45 ...was slack-jawed when I sprang into action. Me: ""What? You wanted to work on the project. We're WORKING on it! &nothing else.""",26873498,"stupid-looking, vacant, or open-mouthed in a dull or stunned way",appearance,casual_conversation,false,
slack-jawed,21504764551,2010-08-18,"""Howling at the moon like a slack jawed fool.""  #AwesomeLyric. #RayLaMontagne. #BegStealOrBorrow",31425368,"stupid-looking, vacant, or open-mouthed in a dull or stunned way",appearance,commenting,false,
slack-jawed,22053158552,2010-08-25,Week 5 of parenting: slack jawed staring is up an upsetting 1400%,14395863,"stupid-looking, vacant, or open-mouthed in a dull or stunned way",appearance,commenting,false,
slack-jawed,22059623090,2010-08-25,"When Big Bird started on Sesame Street, he was sort of like Cletus the Slack Jawed Yokel, til Caroll Spinney changed it. http://t.co/9ZOieGa",28170925,"stupid-looking, vacant, or open-mouthed in a dull or stunned way",appearance,television_reference,false,
slack-jawed,22059817109,2010-08-25,"RT @labunnywtf: When Big Bird started on Sesame Street, he was sort of like Cletus the Slack Jawed Yokel, til Caroll Spinney changed it. ...",19304481,"stupid-looking, vacant, or open-mouthed in a dull or stunned way",appearance,television_reference,false,
slack-jawed,22065181794,2010-08-25,"MY city serves as a tiny island of sanity in MY province of slack-jawed hicks. And when it comes to flying anywhere, #ecca is NOT my airport",24137030,"stupid-looking, vacant, or open-mouthed in a dull or stunned way",appearance,commenting,false,
slack-jawed,22066635039,2010-08-25,"@sunlightandsnow no but good to see @mirandadevine has started talking down to slack jawed yokels from ""the bush""",17301525,"stupid-looking, vacant, or open-mouthed in a dull or stunned way",appearance,criticism,false,
slack-jawed,22068126758,2010-08-25,"I'm a little bit slack jawed right now, at how good this car is. Blimey indeed! #Alfa http://post.ly/tcqG",17335071,"stupid-looking, vacant, or open-mouthed in a dull or stunned way",appearance,article_sharing,false,
slack-jawed,22068503006,2010-08-25,@HezEMT *Stares at slack jawed* .......Wwhat?,138841851,"stupid-looking, vacant, or open-mouthed in a dull or stunned way",appearance,casual_conversation,false,
slack-jawed,22071089107,2010-08-25,'Square-eyed and slack-jawed' via @telecomtv - books are rectangular too. How about oval-shaped phone screens? http://bit.ly/bHRFPY,14291983,"stupid-looking, vacant, or open-mouthed in a dull or stunned way",appearance,casual_conversation,false,
slack-jawed,22077780463,2010-08-25,"@Eidolonkami I will refrain from cluttering up my Twitter-feed by ?ing you like Tweetus, The Slack-Jawed Luddite and wish you good night. :)",18848677,"stupid-looking, vacant, or open-mouthed in a dull or stunned way",appearance,casual_conversation,false,
slack-jawed,22093953947,2010-08-25,"Yey for the Giulietta! RT @richardaucock I'm a little bit slack jawed right now, at how good this car is. Blimey indeed! http://post.ly/tcqG",125990413,"stupid-looking, vacant, or open-mouthed in a dull or stunned way",appearance,casual_conversation,false,
slack-jawed,22454180962,2010-08-29,"@Jennandtonica I heart that movie, even if it makes Alabamians look like a bunch of civil war reinacting slack jawed yokels-- nevermind.",26101133,"stupid-looking, vacant, or open-mouthed in a dull or stunned way",appearance,criticism,false,
slack-jawed,22456177546,2010-08-29,"@ normancorp Ted Nugent + Lindsey Graham = Todd Palin // LOL 
Ted Nugent+Todd Palin=""Cletus the slack-jawed Yokel"" (the Simpsons)",174036746,"stupid-looking, vacant, or open-mouthed in a dull or stunned way",appearance,television_reference,false,
slack-jawed,22463624999,2010-08-29,Ive never been surrounded by so many slack jawed hillbillies in my life as I am on this trip to DC. #takinbackmurrca #iblameglenbeck,10018142,"stupid-looking, vacant, or open-mouthed in a dull or stunned way",appearance,commenting,false,
slack-jawed,22495356504,2010-08-30,@NikkiBenz it is really difficult not to stare slack-jawed at u.  U r magnificent,13849232,"stupid-looking, vacant, or open-mouthed in a dull or stunned way",appearance,casual_conversation,false,
slack-jawed,22497615246,2010-08-30,Honestly - I'm not kidding. Nurse Betty's really a comedy? I am slack-jawed over here...,45965506,"stupid-looking, vacant, or open-mouthed in a dull or stunned way",appearance,commenting,false,
slack-jawed,22499949127,2010-08-30,@paulandstorm ... but you don't forget it anytime soon.  It left me slack-jawed.  #christucker #fifthelement,17825703,"stupid-looking, vacant, or open-mouthed in a dull or stunned way",appearance,casual_conversation,false,
slack-jawed,22500190037,2010-08-30,@danieltosh lol i loved that kid bangin his head on the table when i saw it my reaction was incredulous slack-jawed wide-eyed staring lol,184652857,"stupid-looking, vacant, or open-mouthed in a dull or stunned way",appearance,casual_conversation,false,
slack-jawed,22502620055,2010-08-30,@JRCarmichael are you watching it slack jawed like I did?,142174262,"stupid-looking, vacant, or open-mouthed in a dull or stunned way",appearance,casual_conversation,false,
slack-jawed,24536953517,2010-09-15,"@daveweigel @sarahailemariam @downwithtyranny what do they call this slack-jawed, head-shaking feeling i have right now?",132252345,"stupid-looking, vacant, or open-mouthed in a dull or stunned way",appearance,casual_conversation,false,
slack-jawed,24556508565,2010-09-15,"@Rubyletters hiya! all good, a bit slack-jawed thanks to dentist visit this morning *drool*",39121779,"stupid-looking, vacant, or open-mouthed in a dull or stunned way",appearance,casual_conversation,false,
slack-jawed,24567289220,2010-09-15,I am slack-jawed with astonishment http://www.youtube.com/watch?v=Nc9xq-TVyHI (via @gtdguy) #fb,8029062,"stupid-looking, vacant, or open-mouthed in a dull or stunned way",appearance,casual_conversation,false,
slack-jawed,24580576969,2010-09-15,"San Bruno fire benefit show @ Voodoo Lounge Tues. 9/21. Talky Tina, Them Slack Jawed Bastards, @BetaState & @montana1948. $10.50 to get in.",34730577,"stupid-looking, vacant, or open-mouthed in a dull or stunned way",appearance,casual_conversation,false,
slack-jawed,24584212126,2010-09-15,"Nocturnalist | Same Faces, Different Places: There, Mr. McGinley stood slack-jawed by the mosh pit as Karen O. fro... http://bit.ly/dkkBh1",57618682,"stupid-looking, vacant, or open-mouthed in a dull or stunned way",appearance,article_sharing,false,
slack-jawed,24599190707,2010-09-15,"@RenZephyr lights flashed, things buzzed. It worked fine as a inducer of slack jawed distraction, never tried it to surf the web though",16343659,"stupid-looking, vacant, or open-mouthed in a dull or stunned way",appearance,casual_conversation,false,
slack-jawed,24607751588,2010-09-15,@BisForBabb First to fill a glass with slack-jawed dribble?,19766035,"stupid-looking, vacant, or open-mouthed in a dull or stunned way",appearance,casual_conversation,false,
slack-jawed,24607929882,2010-09-15,Lost sense of perspective? I posted this in January but have just been left slack-jawed (by it) all over again. http://tinyurl.com/yaremkk,14873585,"stupid-looking, vacant, or open-mouthed in a dull or stunned way",appearance,article_sharing,false,
slack-jawed,24738755762,2010-09-17,watching the advert break on Milkshake slack jawed in shock. SO MUCH TAT! And Moon Dough?,19593706,"stupid-looking, vacant, or open-mouthed in a dull or stunned way",appearance,commenting,false,
slack-jawed,24750166484,2010-09-17,"This anonymous clan of slack-jawed troglodytes has cost me the election. Yet if I was to have them killed, I would be the one to go to jail.",32897151,"stupid-looking, vacant, or open-mouthed in a dull or stunned way",appearance,commenting,false,
slack-jawed,24752026844,2010-09-17,@amba12 It's those big flights of Slack Jawed Yokels that bird watchers fancy most!,21168327,"stupid-looking, vacant, or open-mouthed in a dull or stunned way",appearance,criticism,false,
slack-jawed,24765153754,2010-09-17,"11 o'clock conference call. So tired I am a slack jawed, drooling mess. Should go well.",65199982,"stupid-looking, vacant, or open-mouthed in a dull or stunned way",appearance,commenting,false,
slack-jawed,24772568955,2010-09-17,Bunch of slack jawed faggots around here. This pope will make you a god damn sexual tyrannosaurus..... #moviedialoguewithpopesubstitute,146062309,"stupid-looking, vacant, or open-mouthed in a dull or stunned way",appearance,television_reference,false,
slack-jawed,24773661995,2010-09-17,"RT @JamesIp: John Baird doesn't like Toronto elites; so stop picking up in our gay village & hookup w slack-jawed yokels elsewhere, ya dufus",64617479,"stupid-looking, vacant, or open-mouthed in a dull or stunned way",appearance,television_reference,false,
slack-jawed,24775133395,2010-09-17,"""Dude, You Have No Qu'ran"" #reallymeans I'm a slack jawed yokel and I have no self respect so it's impossible for me to respect you!",15446261,"stupid-looking, vacant, or open-mouthed in a dull or stunned way",appearance,commenting,false,
slack-jawed,24778194733,2010-09-17,@tiggtag Does it really refer to Edward the Confessor as British?  I am slack-jawed.,17810744,"stupid-looking, vacant, or open-mouthed in a dull or stunned way",appearance,casual_conversation,false,
slack-jawed,24790234059,2010-09-17,Black republican #reallymeans I'm a Slow southern slack jawed coon who doesn't know any better #masa,85521011,"stupid-looking, vacant, or open-mouthed in a dull or stunned way",appearance,commenting,false,
slack-jawed,24790470861,2010-09-17,"Be careful what you do, 'cause Im a gonna turn google against you *in a cleatus the slack jawed yokel voice*",38257897,"stupid-looking, vacant, or open-mouthed in a dull or stunned way",appearance,commenting,false,
slack-jawed,25777283989,2010-09-28,"@renegaderaine I know, right?  I was slack jawed with an OMFG expression over that one for a while.",23150625,"stupid-looking, vacant, or open-mouthed in a dull or stunned way",appearance,casual_conversation,false,
slack-jawed,25782422981,2010-09-28,"@deililly Slack-jawed, one-eyed, bag o' shite. That one.",51844789,"stupid-looking, vacant, or open-mouthed in a dull or stunned way",appearance,casual_conversation,false,
slack-jawed,25795284188,2010-09-28,"Good lord, where does the news find these slack-jawed yokels they interview? Thanks for perpetuating the hick stereotype, asswipes.",48723115,"stupid-looking, vacant, or open-mouthed in a dull or stunned way",appearance,television_reference,false,
slack-jawed,25815895911,2010-09-28,"@giagia We are recording it, we'll watch it another night, no doubt slack-jawed and stunned!",46439777,"stupid-looking, vacant, or open-mouthed in a dull or stunned way",appearance,casual_conversation,false,
slack-jawed,25821757991,2010-09-28,"@zenfrogyeah oh aye - the pirates had (and me) slack jawed in awe, the horses had her jumping up and down clapping her little hands off",2692851,"stupid-looking, vacant, or open-mouthed in a dull or stunned way",appearance,casual_conversation,false,
slack-jawed,25841233210,2010-09-29,howlin at the moon like a slack-jawed fool,90970014,"stupid-looking, vacant, or open-mouthed in a dull or stunned way",appearance,commenting,false,
slack-jawed,25849078097,2010-09-29,"chadleymacguff: I was slack jawed, then I was rolling around and screaming, then that ^, then almost crying,... http://tumblr.com/xs5jzdk6i",79358003,"stupid-looking, vacant, or open-mouthed in a dull or stunned way",appearance,article_sharing,false,
slack-jawed,26617312938,2010-10-07,@filmclassics I go all slack-jawed and bug-eyed. :-P,56293678,"stupid-looking, vacant, or open-mouthed in a dull or stunned way",appearance,casual_conversation,false,
slack-jawed,26632621800,2010-10-07,I don't ask for much but not being forced into the presence of slack jawed fuck nuggets would be nice,34266327,"stupid-looking, vacant, or open-mouthed in a dull or stunned way",appearance,commenting,false,
slack-jawed,26641707322,2010-10-07,@kitchenwench I thought after I drank my morning coffee it would make more sense to me but I'm still staring at it slack jawed.,15297156,"stupid-looking, vacant, or open-mouthed in a dull or stunned way",appearance,casual_conversation,false,
slack-jawed,26644643241,2010-10-07,"Some folk'll never eat a skunk, but then again, some folk'll, like cletus, the slack jawed yokel..",83795997,"stupid-looking, vacant, or open-mouthed in a dull or stunned way",appearance,television_reference,false,
slack-jawed,26646679948,2010-10-07,The velocity of JPY's parabolic assent ($USDJPY collapse) could very well overwhelm Japan's BOJ/MOF leaving them slack jawed observers. $$,5640242,"stupid-looking, vacant, or open-mouthed in a dull or stunned way",appearance,commenting,false,
slack-jawed,26651127896,2010-10-07,doesn't understand how some people have to slow down to gawk at a minor fender bender on an interstate like a bunch of slack jawed yokels,194814075,"stupid-looking, vacant, or open-mouthed in a dull or stunned way",appearance,criticism,false,
slack-jawed,26651672616,2010-10-07,@CharlieBeckett @franbury tells me it's hilarious to watch journalists watching her use audioboo - slack jawed staring like magic,17945305,"stupid-looking, vacant, or open-mouthed in a dull or stunned way",appearance,casual_conversation,false,
slack-jawed,26651753546,2010-10-07,@willperrin  @franbury But slack-jawed staring is what we do best!,13939772,"stupid-looking, vacant, or open-mouthed in a dull or stunned way",appearance,casual_conversation,false,
slack-jawed,26658734458,2010-10-07,Cletus the slack jawed yokel is hogging the computer and I can't print my boarding pass. http://post.ly/12XG1,809428,"stupid-looking, vacant, or open-mouthed in a dull or stunned way",appearance,television_reference,false,
slack-jawed,26662903030,2010-10-07,@LOLPattz He looks precious when he's all slack-jawed.   @LindzSpice @saramiele @JustJmac @lolpattz,19002666,"stupid-looking, vacant, or open-mouthed in a dull or stunned way",appearance,casual_conversation,false,
slack-jawed,27514046222,2010-10-16,Just woke up from my slack jawed nap. There's something chewy in my mouth. It's tasty.,20451646,"stupid-looking, vacant, or open-mouthed in a dull or stunned way",appearance,commenting,false,
slack-jawed,27519971849,2010-10-16,"Bunch of slack jawed faggots, this shit will turn you into a sexual tyrannasaur, just like me.",30607155,"stupid-looking, vacant, or open-mouthed in a dull or stunned way",appearance,criticism,false,
slack-jawed,27541621785,2010-10-16,hanging barn wood at 'the farm' today. would a productive use of my time be to stand there slack jawed and watch in excitement?! i think so.,184082877,"stupid-looking, vacant, or open-mouthed in a dull or stunned way",appearance,commenting,false,
slack-jawed,27564079149,2010-10-16,@BeardedFeck Not looking at timeline; prefer the illusion that I was brilliant & witty rather than face truth of slack-jawed obnoxiousness,48778272,"stupid-looking, vacant, or open-mouthed in a dull or stunned way",appearance,casual_conversation,false,
slack-jawed,27571019561,2010-10-16,"@bigmouthedwoman But PC *has* gone mad. Its like you can't even be a slow-witted, slack-jawed bigot anymore without ...er...ppl disagreeing",89736622,"stupid-looking, vacant, or open-mouthed in a dull or stunned way",appearance,casual_conversation,false,
slack-jawed,27574553083,2010-10-16,What training course do Tescos subject their staff to that leaves them so slack-jawed?,2968541,"stupid-looking, vacant, or open-mouthed in a dull or stunned way",appearance,commenting,false,
slack-jawed,27579878361,2010-10-16,I love OK Go! http://youtu.be/nHlJODYBLKs their videos make me slack jawed in delight. Trying to imagine this one done with cats...,15340387,"stupid-looking, vacant, or open-mouthed in a dull or stunned way",appearance,article_sharing,false,
slack-jawed,28025047601,2010-10-21,"In Waitrose, staring slack-jawed in awe at wall upon wall of antipasti. I have arrived at olive Mecca",186000784,"stupid-looking, vacant, or open-mouthed in a dull or stunned way",appearance,commenting,false,
slack-jawed,28037495982,2010-10-21,If I have to talk to one more Slack-Jawed Yokol today Im gonna lose my mind!,23214023,"stupid-looking, vacant, or open-mouthed in a dull or stunned way",appearance,commenting,false,
slack-jawed,28049010879,2010-10-21,@JoePedraza you go to Walmart a lot.  There musnt be any slack jawed yokels in your one...,24795809,"stupid-looking, vacant, or open-mouthed in a dull or stunned way",appearance,criticism,false,
slack-jawed,28053634001,2010-10-21,"@s_pass Have you seen Heartbreaks? Remember, Jedward, Moonalike, rentboy (slack jawed) and Any McLuskey OMD. Watch his feet. Hilarious.",22749273,"stupid-looking, vacant, or open-mouthed in a dull or stunned way",appearance,casual_conversation,false,
slack-jawed,28060703336,2010-10-21,"And breathe. There wasn't much smiling from the audience at the circus.   We all just sat there like staring, slack jawed gobby Goldfish",21917619,"stupid-looking, vacant, or open-mouthed in a dull or stunned way",appearance,commenting,false,
slack-jawed,28061888680,2010-10-21,":: Cletus, the slack-jawed Yokel ::",88329561,"stupid-looking, vacant, or open-mouthed in a dull or stunned way",appearance,television_reference,false,
slack-jawed,28373234160,2010-10-22,"@markindelicato awe.. Screw 'em on being ""standoffish"". You just know your too good for some Slack-jawed yokels. :)",184556021,"stupid-looking, vacant, or open-mouthed in a dull or stunned way",appearance,television_reference,false,
slack-jawed,28394037195,2010-10-22,"@evie5225 delayed flights I can deal with, ignorant, po-faced, slack jawed airline desk monkeys should be killed. Why are u in EMA?",144887255,"stupid-looking, vacant, or open-mouthed in a dull or stunned way",appearance,casual_conversation,false,
slack-jawed,28397230060,2010-10-22,"COMIC FRI (5) ""Pearls before Swine"". Ben's greatest ever philosophical nugget is wasted on slack-jawed Luke (1977/78) http://fb.me/M6KiomPd",94418218,"stupid-looking, vacant, or open-mouthed in a dull or stunned way",appearance,article_sharing,false,
slack-jawed,28540106506,2010-10-23,Big John Clay is rumbling right now....watchout hawkeyes you slack jawed faggots,90800483,"stupid-looking, vacant, or open-mouthed in a dull or stunned way",appearance,criticism,false,
slack-jawed,28550701267,2010-10-24,why is taeyeon so permanently slack-jawed,21812958,"stupid-looking, vacant, or open-mouthed in a dull or stunned way",appearance,commenting,false,
slack-jawed,28552535202,2010-10-24,"Another exciting Saturday night. Sit slack-jawed watching tv, or sit slack-jawed in front of the computer? Decisions, decisions.",88018922,"stupid-looking, vacant, or open-mouthed in a dull or stunned way",appearance,commenting,false,
slack-jawed,28562086860,2010-10-24,"To quote @PaulimusPrime; I'll never hear the end of this from slack-jawed yokels who never even applied to, much less went to, Mizzou.",14320815,"stupid-looking, vacant, or open-mouthed in a dull or stunned way",appearance,television_reference,false,
slack-jawed,28568100222,2010-10-24,"pactenbo: Little Matty Post writes: ...[R]eferring to everyone at Purdue as ""slack-jawed, inbred hicks"" i...  http://deadspin.com/c/31259782",90896826,"stupid-looking, vacant, or open-mouthed in a dull or stunned way",appearance,article_sharing,false,
slack-jawed,28605411233,2010-10-24,"i mean like i get that ""slack-jawed stupidity"" IS normal for her but i am jw",21812958,"stupid-looking, vacant, or open-mouthed in a dull or stunned way",appearance,commenting,false,
slack-jawed,28611603302,2010-10-24,8 hours until hoot ;_____________; i don't even want to do anything today just stare slack-jawed at my computer and wait ;________;,21812958,"stupid-looking, vacant, or open-mouthed in a dull or stunned way",appearance,commenting,false,
slack-jawed,28623951859,2010-10-24,Thank you. Jeff Reed the slack-jawed yokel.,124676677,"stupid-looking, vacant, or open-mouthed in a dull or stunned way",appearance,television_reference,false,
slack-jawed,28625167811,2010-10-24,@Colin_Whitepaw I sound like a slack-jawed hyper-ironic hipster from the bay area in Cali :3 Yours isn't that bad,35244401,"stupid-looking, vacant, or open-mouthed in a dull or stunned way",appearance,casual_conversation,false,
slack-jawed,28993457101,2010-10-28,"Works every time!  RT @HollyMVG: I was slack-jawed and irritable, but coffee & several minutes of staring at Facebook have cheered me up. :)",97024704,"stupid-looking, vacant, or open-mouthed in a dull or stunned way",appearance,casual_conversation,false,
slack-jawed,29011426413,2010-10-28,"@MWJ1231 First time I saw her do that, I was just slack-jawed.  ""Why would stand & wait to shake THAT hand??"" LOL",17340590,"stupid-looking, vacant, or open-mouthed in a dull or stunned way",appearance,casual_conversation,false,
slack-jawed,29014393078,2010-10-28,"Thanks guys! RT @itsmesarahp: slack jawed & drooling. RT @collazoprojects: @davidtpage's big project 4 @MatadorNetwork. Wooh, she's pretty.",31426047,"stupid-looking, vacant, or open-mouthed in a dull or stunned way",appearance,casual_conversation,false,
slack-jawed,29018487559,2010-10-28,"Oh my good god, how many are you feeding #nigella ? Oh just you *slack jawed in admiration*",19607969,"stupid-looking, vacant, or open-mouthed in a dull or stunned way",appearance,commenting,false,
slack-jawed,29033325630,2010-10-28,"Wish we'd taken pics. Watched hoochie mama strike provocative poses on hotel lawn, with her mom behind lens. Too slack jawed to react.",1058581,"stupid-looking, vacant, or open-mouthed in a dull or stunned way",appearance,commenting,false,
slack-jawed,29034055921,2010-10-28,"RT @SimsGroove: Watchin @doyledykes at the store!  And eatin pizza. ""I get slack jawed watching him play! """,177688004,"stupid-looking, vacant, or open-mouthed in a dull or stunned way",appearance,casual_conversation,false,
slack-jawed,29035242227,2010-10-28,"RT @JLBeacham: RT @SimsGroove: Watchin @doyledykes at the store!  ""I get slack jawed watching him play! "" ""That's what she said""",22597641,"stupid-looking, vacant, or open-mouthed in a dull or stunned way",appearance,casual_conversation,false,
slack-jawed,29051338856,2010-10-29,"You know that moment in Calvin & Hobbes when he looks out of the frame wide-eyed, slack-jawed, sometimes there's an asterisk over his head?",25847047,"stupid-looking, vacant, or open-mouthed in a dull or stunned way",appearance,commenting,false,
slack-jawed,29054009295,2010-10-29,"According to @matthewclemmons & some slack-jawed, yokel, Bammer mom Cam N. deserves death penalty. Could we trade Cam for 3 Hitlers? Please?",66150979,"stupid-looking, vacant, or open-mouthed in a dull or stunned way",appearance,casual_conversation,false,
slack-jawed,29054589776,2010-10-29,Slack Jawed Jezebel — at Crystal Ballroom http://gowal.la/c/2MpEP?137,808608,"stupid-looking, vacant, or open-mouthed in a dull or stunned way",appearance,article_sharing,false,
slack-jawed,29292569647,2010-10-31,"and she purses her lips, bats her eyes and she plays, with me sitting there slack-jawed and nothing to say",100598273,"stupid-looking, vacant, or open-mouthed in a dull or stunned way",appearance,commenting,false,
slack-jawed,29292638733,2010-10-31,Vote for the winning team not those slack jawed Democrats,112921460,"stupid-looking, vacant, or open-mouthed in a dull or stunned way",appearance,commenting,false,
slack-jawed,29298755821,2010-10-31,"Who am I kidding, this isn't a Cleetus The Slack Jawed Yokel cosutme, I just haven't ironed a shirt yet",18120632,"stupid-looking, vacant, or open-mouthed in a dull or stunned way",appearance,commenting,false,
slack-jawed,29302635785,2010-10-31,"Of all spooky stuff seen this Halloween weekend, the scariest was a slack-jawed 80-ish woman driving a Toyota with obvious body damage.",18161572,"stupid-looking, vacant, or open-mouthed in a dull or stunned way",appearance,commenting,false,
slack-jawed,29311200201,2010-10-31,"RT @eggsngrits: Of all spooky stuff seen this Halloween weekend, the scariest was a slack-jawed 80-ish woman driving a Toyota with obvio ...",111086478,"stupid-looking, vacant, or open-mouthed in a dull or stunned way",appearance,casual_conversation,false,
slack-jawed,29324020673,2010-11-01,Just had some ass hole teen boys who didnt say a word. Just stood slack jawed with bags opened,38172927,"stupid-looking, vacant, or open-mouthed in a dull or stunned way",appearance,commenting,false,
slack-jawed,29328799206,2010-11-01,Obamalamma goes to Virginia to campaign for the slack jawed  Liberals...and he couldn't find them. No one was home.,112921460,"stupid-looking, vacant, or open-mouthed in a dull or stunned way",appearance,commenting,false,
slack-jawed,29331773515,2010-11-01,Jeff Reed the slack jawed yokellllll,124676677,"stupid-looking, vacant, or open-mouthed in a dull or stunned way",appearance,commenting,false,
slack-jawed,29334034000,2010-11-01,@omgsars welcome to my world. Its full of slack jawed yokels always requesting the SAME songs! It hurts. It really does.,153139988,"stupid-looking, vacant, or open-mouthed in a dull or stunned way",appearance,criticism,false,
slack-jawed,29345351754,2010-11-01,"Goodbye Lisa Murkowski, We will miss seeing you slack jawed and bug eyed at the thought of your demise.(lie)         #tcot #tlot #joemiller",42549498,"stupid-looking, vacant, or open-mouthed in a dull or stunned way",appearance,commenting,false,
slack-jawed,365653471010817,2010-11-05,"Close your mouth, you look like a slack jawed yokel",202492678,"stupid-looking, vacant, or open-mouthed in a dull or stunned way",appearance,commenting,false,
slack-jawed,406999175008256,2010-11-05,"For clarification, :^O signifies an expression of slack-jawed amazement, and not my ""O-Face"".  Just sayin'.",22154326,"stupid-looking, vacant, or open-mouthed in a dull or stunned way",appearance,commenting,false,
slack-jawed,428250870325248,2010-11-05,Oh Juju you slack jawed mouth breather. Close down twitter... You fools. #ancyl #morons,14742280,"stupid-looking, vacant, or open-mouthed in a dull or stunned way",appearance,commenting,false,
slack-jawed,595518669455360,2010-11-05,"Ghandi looking gentleman who chews like the most slack-jawed of toothless hillbillies, you should not chew gum.",204964796,"stupid-looking, vacant, or open-mouthed in a dull or stunned way",appearance,commenting,false,
slack-jawed,618912907526144,2010-11-05,Neanderthals were always on the pull looking for sex!! - Neanderthals may be lampooned as slack-jawed low-brows who ... http://ow.ly/19P2b4,208527185,"stupid-looking, vacant, or open-mouthed in a dull or stunned way",appearance,article_sharing,false,
slack-jawed,629207281434624,2010-11-05,"@gasp @darrinsden I know, kids on lawn made Cleetus The Slack Jawed Yokel pop into my head for some reason lol",26873451,"stupid-looking, vacant, or open-mouthed in a dull or stunned way",appearance,casual_conversation,false,
slack-jawed,1013536830525440,2010-11-06,Am slack jawed with awe #xfactor,202632528,"stupid-looking, vacant, or open-mouthed in a dull or stunned way",appearance,commenting,false,
slack-jawed,1039797544026112,2010-11-06,"@lastyearsgirl_ You never really joined in with the Dolls, you watched them in slack-jawed amazement.",665003,"stupid-looking, vacant, or open-mouthed in a dull or stunned way",appearance,casual_conversation,false,
slack-jawed,1049830793150464,2010-11-06,I think zombies are just lacking a little love and affection. I'm sure all of their slack jawed shambling is all about seeking hugs.,10423402,"stupid-looking, vacant, or open-mouthed in a dull or stunned way",appearance,commenting,false,
slack-jawed,1057925472714752,2010-11-06,God DAMN has #ESPN on #Xbox360 gone to shit now that every slack jawed idiot has access to it. Where's that extra $10 for #LIVE going?,29717119,"stupid-looking, vacant, or open-mouthed in a dull or stunned way",appearance,commenting,false,
slack-jawed,1067695273418752,2010-11-07,@AnthonyFloyd speechless...slack jawed,32268015,"stupid-looking, vacant, or open-mouthed in a dull or stunned way",appearance,casual_conversation,false,
slack-jawed,1148318302347264,2010-11-07,"To the slack jawed moron who spat their bubble gum at the junip gig, I hope your tongue falls out.",15026081,"stupid-looking, vacant, or open-mouthed in a dull or stunned way",appearance,commenting,false,
slack-jawed,1221802697162752,2010-11-07,"@davidvitty cardle was awesome. I sat slack jawed at his performance and at vankers, but for totally different reasons.",144440388,"stupid-looking, vacant, or open-mouthed in a dull or stunned way",appearance,reaction,false,
slack-jawed,1260960773832704,2010-11-07,"@DrEmica whaaaaat? they were students. Slack jawed and gormless with bed hair that took three hours to make, C'mooooooonnnnn",14747394,"stupid-looking, vacant, or open-mouthed in a dull or stunned way",appearance,casual_conversation,false,
slack-jawed,1261555802963968,2010-11-07,Nicky Hayden has the same voice as Cletus the Slack-Jawed Yokel! Proper country boy! #motogp,13099572,"stupid-looking, vacant, or open-mouthed in a dull or stunned way",appearance,television_reference,false,
slack-jawed,1264284881387520,2010-11-07,I'm Barrett.  Nice to meet you. RT @MadeByFoot: @_GeauxTigersGo  : @BarrettSallee  Who's this slack jawed hack?,46260740,"stupid-looking, vacant, or open-mouthed in a dull or stunned way",appearance,casual_conversation,false,
slack-jawed,2493065344327680,2010-11-10,RT @gamesbrief: Just posted: Television is not just for slack-jawed old people waiting to die any more http://bit.ly/9sRW90,136038539,"stupid-looking, vacant, or open-mouthed in a dull or stunned way",appearance,casual_conversation,false,
slack-jawed,2495843655487488,2010-11-10,i swear that andrew lincoln could not be any hotter than when he's telling off a slack-jawed yokel.  mmmmm,19431288,"stupid-looking, vacant, or open-mouthed in a dull or stunned way",appearance,television_reference,false,
slack-jawed,2567375043952640,2010-11-11,"Slack-jawed, mouth-breathing apes.",23136233,"stupid-looking, vacant, or open-mouthed in a dull or stunned way",appearance,commenting,false,
slack-jawed,2577342157299712,2010-11-11,"DenOfEvi: If this scruffy, slack-jawed, bulky man somehow qualifies as a hunk, then color me satisfied to ...  http://gawker.com/c/32265743",90896826,"stupid-looking, vacant, or open-mouthed in a dull or stunned way",appearance,article_sharing,false,
slack-jawed,2703581966770177,2010-11-11,Feast your slack jawed gaze on my Brinks crate of pearls!!!!  http://t.co/yWiB42m,195581644,"stupid-looking, vacant, or open-mouthed in a dull or stunned way",appearance,article_sharing,false,
slack-jawed,2719244491956224,2010-11-11,"@YankeesInk I went slack-jawed. Stunned, absolutely stunned.",72153092,"stupid-looking, vacant, or open-mouthed in a dull or stunned way",appearance,casual_conversation,false,
slack-jawed,2735409159213056,2010-11-11,Love the slack jawed dummy expression on this speakers face: http://ht.ly/389JI from @chrisbrogan,20493641,"stupid-looking, vacant, or open-mouthed in a dull or stunned way",appearance,casual_conversation,false,
slack-jawed,2764057664819200,2010-11-11,"Judging by the abundance of slack-jawed yokels, we are in Simpleton",14992257,"stupid-looking, vacant, or open-mouthed in a dull or stunned way",appearance,television_reference,false,
slack-jawed,2776456161656833,2010-11-11,Don't join the slack jawed jackwagon Liberal party! Keep America strong.,112921460,"stupid-looking, vacant, or open-mouthed in a dull or stunned way",appearance,commenting,false,
slack-jawed,2776945909571584,2010-11-11,@niamhpitts we were a little slack jawed ourselves after seeing it,119494687,"stupid-looking, vacant, or open-mouthed in a dull or stunned way",appearance,casual_conversation,false,
slack-jawed,4408650726637568,2010-11-16,@zackvh do you think ridding the world of one more slack jawed imbecile would be commendable?,182212336,"stupid-looking, vacant, or open-mouthed in a dull or stunned way",appearance,casual_conversation,false,
slack-jawed,4492138045775872,2010-11-16,"""Some folk'll never eat a skunk and then again some folk'll, Like Cletus the slack-jawed yokel."" Couldn't find him on dentist's poster. Damn",141630417,"stupid-looking, vacant, or open-mouthed in a dull or stunned way",appearance,television_reference,false,
slack-jawed,4521409208393728,2010-11-16,"""Bunch of slack-jawed faggots around here! This stuff will make you a goddamned sexual tyrannosaurus, just like me.""",66288251,"stupid-looking, vacant, or open-mouthed in a dull or stunned way",appearance,television_reference,false,
slack-jawed,4576119852367872,2010-11-16,@john_geoffrey White trash all the way man. Cleodus the slack jawed yokel.,182470142,"stupid-looking, vacant, or open-mouthed in a dull or stunned way",appearance,casual_conversation,false,
slack-jawed,4610087708532736,2010-11-16,"A royal wedding? Oh, goody, yet another pointless waste of our hard-earned taxes. Fracking slack-jawed, overbred parasites!",8624242,"stupid-looking, vacant, or open-mouthed in a dull or stunned way",appearance,commenting,false,
slack-jawed,4614317664116737,2010-11-16,@michaellegge I did a VO for a C4 advertising cunts thingie and sat slack jawed at it. Its like a filler character from a Jim davidson show,14531164,"stupid-looking, vacant, or open-mouthed in a dull or stunned way",appearance,casual_conversation,false,
slack-jawed,4628101875105792,2010-11-16,Slack jawed slump. http://bit.ly/c1Choc,14810523,"stupid-looking, vacant, or open-mouthed in a dull or stunned way",appearance,article_sharing,false,
slack-jawed,4642268224950272,2010-11-16,"RT @procrastinatrix: A royal wedding? Oh, goody, yet another pointless waste of our hard-earned taxes. Fracking slack-jawed, overbred pa ...",16212816,"stupid-looking, vacant, or open-mouthed in a dull or stunned way",appearance,casual_conversation,false,
slack-jawed,4682577197666304,2010-11-16,"#disclaimer if you have beautiful eyes, stay away from me as I may or may not be enamored with you and stare slack jawed in amazement",157096271,"stupid-looking, vacant, or open-mouthed in a dull or stunned way",appearance,commenting,false,
slack-jawed,4687147009310720,2010-11-17,what with the fact my whole family are slack jawed bigot morons,44605065,"stupid-looking, vacant, or open-mouthed in a dull or stunned way",appearance,commenting,false,
slack-jawed,7920959000420353,2010-11-25,and she plays with me sitting there slack jawed and nothing to say,84765872,"stupid-looking, vacant, or open-mouthed in a dull or stunned way",appearance,commenting,false,
slack-jawed,7982454413463554,2010-11-26,@SirScrapalot @heathergw818 @emmasmommy0728 I lov ethe idea of sleeping slack jawed and drooling under my snazzy napper,41697931,"stupid-looking, vacant, or open-mouthed in a dull or stunned way",appearance,casual_conversation,false,
slack-jawed,8017168708935681,2010-11-26,Fri Nov 26 Them Slack Jawed Sons of B***Hes / Mark Matos & Os Beaches / Huntinann @ Hotel Utah Saloon San Francisco http://bit.ly/gPM2j2,22433399,"stupid-looking, vacant, or open-mouthed in a dull or stunned way",appearance,casual_conversation,false,
slack-jawed,8022975550857216,2010-11-26,@WayToo_Rad I got fam in NC :D. but they slack jawed idiots =l,104649691,"stupid-looking, vacant, or open-mouthed in a dull or stunned way",appearance,casual_conversation,false,
slack-jawed,8025625898000385,2010-11-26,"Good news, slack-jawed internet sheeple: researchers now believe that no matter how many u...  http://reduce.li/avfj6s #amount",79411686,"stupid-looking, vacant, or open-mouthed in a dull or stunned way",appearance,article_sharing,false,
slack-jawed,8055650525384704,2010-11-26,"My usual slack-jawed admiration for @gnat and all his works has been tarnished of late, due to curry-eating and conference-attending fails.",14372427,"stupid-looking, vacant, or open-mouthed in a dull or stunned way",appearance,casual_conversation,false,
slack-jawed,8064328041242624,2010-11-26,Slack-jawed on the couch playing Puzzle Quest. It's about all I can manage right now. Zzzzz...,14356908,"stupid-looking, vacant, or open-mouthed in a dull or stunned way",appearance,commenting,false,
slack-jawed,8098287357792256,2010-11-26,"If you all stand, slack jawed, staring at the monitors things will definitely change. 
 http://yfrog.com/5f5rg0j",13499992,"stupid-looking, vacant, or open-mouthed in a dull or stunned way",appearance,article_sharing,false,
slack-jawed,8099998994530305,2010-11-26,Watched most of Monsters vs Aliens on new 3DTV last night. Realise now that I could sit slack-jawed in front of pile of dog-sick if in 3D.,155499046,"stupid-looking, vacant, or open-mouthed in a dull or stunned way",appearance,commenting,false,
slack-jawed,8107135091089408,2010-11-26,"Man, playing many different genres of competitive online games, FPS are guaranteed to be populated by slack-jawed fuck-tards...it's 2010 so",25264603,"stupid-looking, vacant, or open-mouthed in a dull or stunned way",appearance,commenting,false,
slack-jawed,17012861289111552,2010-12-21,They had to call it ESPN Favre because FNC was already taken by another 24 hour news channel that panders to slack-jawed rural Midwesterners,170211842,"stupid-looking, vacant, or open-mouthed in a dull or stunned way",appearance,commenting,false,
slack-jawed,17031067114405888,2010-12-21,"and the slack-jawed imbecile working customer service says ""well... we're sure exactly WHICH flight they were put on...""",185755847,"stupid-looking, vacant, or open-mouthed in a dull or stunned way",appearance,commenting,false,
slack-jawed,17050158067884032,2010-12-21,How long 'til the AI_AWG bot sends us a nasty gram...like I'd follow those slack jawed liberal jackwagons,112921460,"stupid-looking, vacant, or open-mouthed in a dull or stunned way",appearance,commenting,false,
slack-jawed,17053771716628480,2010-12-21,Has there ever been a more moronix group of slack-jawed troglodytes/masters of the obvious/jock-sniffers? #MondayNightFootball,228156470,"stupid-looking, vacant, or open-mouthed in a dull or stunned way",appearance,commenting,false,
slack-jawed,17068354003017728,2010-12-21,"@GodOfWarJasper *stares after you slack jawed until Kallie finally just smacks my arm* Ow! Damn it, Kallie, I am listening! *smiling as &gt;&gt;",227149673,"stupid-looking, vacant, or open-mouthed in a dull or stunned way",appearance,casual_conversation,false,
slack-jawed,17078243865661440,2010-12-21,There's a fine line between waiting for a lunar eclipse and staring slack-jawed at nighttime smog,72627052,"stupid-looking, vacant, or open-mouthed in a dull or stunned way",appearance,commenting,false,
slack-jawed,17078464960008192,2010-12-21,@jamesrocchi @jenyamato Y'all aren't going to join the slack-jawed reactions to Gulliver's Travels we're having around here?,15977633,"stupid-looking, vacant, or open-mouthed in a dull or stunned way",appearance,casual_conversation,false,
slack-jawed,17116024461598720,2010-12-21,"Man, you could spend three weeks explaining to me how MANTIS came to be, and I would still be slack-jawed in bewilderment.",756302,"stupid-looking, vacant, or open-mouthed in a dull or stunned way",appearance,commenting,false,
slack-jawed,17205686148534272,2010-12-21,"Ughh Birmingham, never before have I seen such a display of slack-jawed Yokels in one place as Sainburys.",89664385,"stupid-looking, vacant, or open-mouthed in a dull or stunned way",appearance,television_reference,false,
slack-jawed,17228339584434176,2010-12-21,I know it's a stereotypical to think that all people from the south are dumb slack jawed hicks but they're accents don't help out at all lls,144852156,"stupid-looking, vacant, or open-mouthed in a dull or stunned way",appearance,commenting,false,
slack-jawed,19186704388722688,2010-12-27,Get Eli the Slack Jawed Yokel the fuck out of my life please.,19725981,"stupid-looking, vacant, or open-mouthed in a dull or stunned way",appearance,commenting,false,
slack-jawed,19187621246799872,2010-12-27,“@DragonflyJonez: Get Eli the Slack Jawed Yokel the fuck out of my life please.” - weaaaaaaak!,63756380,"stupid-looking, vacant, or open-mouthed in a dull or stunned way",appearance,casual_conversation,false,
slack-jawed,19189087072165888,2010-12-27,LMAO!!! Everyone follow this man---&gt;RT @DragonflyJonez: Get Eli the Slack Jawed Yokel the fuck out of my life please.,21441327,"stupid-looking, vacant, or open-mouthed in a dull or stunned way",appearance,casual_conversation,false,
slack-jawed,19190981597339648,2010-12-27,RT @DragonflyJonez: Get Eli the Slack Jawed Yokel the fuck out of my life please.&lt;---- Word to Cletus,26955945,"stupid-looking, vacant, or open-mouthed in a dull or stunned way",appearance,television_reference,false,
slack-jawed,19206119545110528,2010-12-27,RT @DragonflyJonez: Get Eli the Slack Jawed Yokel the fuck out of my life please.,80930028,"stupid-looking, vacant, or open-mouthed in a dull or stunned way",appearance,casual_conversation,false,
slack-jawed,19213949811556352,2010-12-27,Obama translates to slack-jawed jackwagon in some language.,112921460,"stupid-looking, vacant, or open-mouthed in a dull or stunned way",appearance,commenting,false,
slack-jawed,19239746333048832,2010-12-27,"At the playpark, relaxing after weaving through the slack-jawed fatties and shufflers at the shops. #fb",14046632,"stupid-looking, vacant, or open-mouthed in a dull or stunned way",appearance,commenting,false,
slack-jawed,20020156830846976,2010-12-29,"Elvis Presley!!! OH MY! So fine, he'll make an old woman lose her teeth slack jawed! One handsome devil!",229352791,"stupid-looking, vacant, or open-mouthed in a dull or stunned way",appearance,commenting,false,
slack-jawed,20127171666255872,2010-12-29,I loathe slack-jawed yokles who spread disinformation. If you don't know what you are talking say nothing,14338300,"stupid-looking, vacant, or open-mouthed in a dull or stunned way",appearance,commenting,false,
slack-jawed,20161140742950912,2010-12-29,"Of all the Pawn Shoppe-style videogame stores, Game Insane has to be the worst. Utterly useless, uneducated, slack-jawed idiots. #retailrage",30242746,"stupid-looking, vacant, or open-mouthed in a dull or stunned way",appearance,commenting,false,
slack-jawed,20189070428737536,2010-12-29,"with my cold, I'm a slack-jawed mouth-breather, but still working with the public. It may make me more approachable for some.",15238597,"stupid-looking, vacant, or open-mouthed in a dull or stunned way",appearance,commenting,false,
slack-jawed,20217409084325888,2010-12-29,I am slack-jawed at this polar bear doc on BBC1. Startling.,20605210,"stupid-looking, vacant, or open-mouthed in a dull or stunned way",appearance,commenting,false,
slack-jawed,20237690414833664,2010-12-29,"Jesse D. Stanek's Top Albums of 2010: ... with the same slack jawed reverence we all look at Led Zeppelin IV, an... http://bit.ly/fhPKya",184199830,"stupid-looking, vacant, or open-mouthed in a dull or stunned way",appearance,article_sharing,false,
slack-jawed,21077794792411136,2011-01-01,@realjohngreen I can't wait for your slack-jawed followers to smugly pat you on the back for telling that Kanye yokel what's what!,23722619,"stupid-looking, vacant, or open-mouthed in a dull or stunned way",appearance,casual_conversation,false,
slack-jawed,21234565888614400,2011-01-01,Curse yah for breathing yah slack-jawed idiot!,38313538,"stupid-looking, vacant, or open-mouthed in a dull or stunned way",appearance,commenting,false,
slack-jawed,21257390666027008,2011-01-01,"""I'm gonna invite you to all our soirees, mixers, and drink em ups!"" -Cletus the slack jawed yokel",131318898,"stupid-looking, vacant, or open-mouthed in a dull or stunned way",appearance,television_reference,false,
slack-jawed,21274416021250048,2011-01-01,"For the Miss St reaction to Michigan's touchdown, ESPN finds Cletus the Slack-Jawed Yokel. To be fair, that's every Miss St fan.",105521032,"stupid-looking, vacant, or open-mouthed in a dull or stunned way",appearance,television_reference,false,
slack-jawed,21274795744165888,2011-01-01,"FIFY @HS_BHGP ESPN finds Cletus the Slack-Jawed Yokel. To be fair, that's every (SEC) fan.",176561069,"stupid-looking, vacant, or open-mouthed in a dull or stunned way",appearance,television_reference,false,
slack-jawed,21279862996082688,2011-01-01,"RT @HS_BHGP: For the Miss St reaction to Michigan's touchdown, ESPN finds Cletus the Slack-Jawed Yokel. To be fair, that's every Miss St fan",127279533,"stupid-looking, vacant, or open-mouthed in a dull or stunned way",appearance,television_reference,false,
slack-jawed,21293216867291136,2011-01-01,"RT @HS_BHGP: For the Miss St reaction to Michigan's touchdown, ESPN finds Cletus the Slack-Jawed Yokel. To be fair, that's every Miss St ...",19550384,"stupid-looking, vacant, or open-mouthed in a dull or stunned way",appearance,television_reference,false,
styling,7623602090,2010-01-11,Video:  Jeep Liberty. With fun and traditional Jeep styling and a modern twist the Liberty will satisfy...http://tinyurl.com/yldkfe4,84481463,fashionable grooming or dressing; being stylish,appearance,advertising_spam,false,Manual override -> advertising_spam
styling,7623603185,2010-01-11,"Video:  Dodge Ram HD. Ram has aggressive styling, not for all, but it is practical and has great value...http://tinyurl.com/yh5jy2b",84937032,fashionable grooming or dressing; being stylish,appearance,advertising_spam,false,Manual override -> advertising_spam
styling,7623645035,2010-01-11,@shaylamarie21 are you styling the shoot and show?!? Makeup or modeling? Or all the above?,19994712,fashionable grooming or dressing; being stylish,appearance,fashion_beauty,false,Manual override -> fashion_beauty
styling,7623665293,2010-01-11,From The Doors to Eminem. That's gotta be the weirdest jump in musical styling.,7794162,fashionable grooming or dressing; being stylish,appearance,music_discussion,false,Manual override -> music_discussion
styling,7623693741,2010-01-11,"@Apuje I absolutely LOVE the ""April"" ""Testing"" shots, the styling was just perfect for the concept and feel of the story and shoot.",25286154,fashionable grooming or dressing; being stylish,appearance,fashion_beauty,false,Manual override -> fashion_beauty
styling,7623695449,2010-01-11,Theres black ppl free styling in my house,64947265,fashionable grooming or dressing; being stylish,appearance,music_discussion,false,Manual override -> music_discussion
styling,7623785623,2010-01-11,"""all-in-one self-styling"" (translation: there's so much going on, you don't need any additional elements). http://bit.ly/5T2vAa",103526298,fashionable grooming or dressing; being stylish,appearance,article_sharing,false,
styling,7623812833,2010-01-11,"GMC Granite Concept Revealed for Detroit Auto Show 2010:  In terms of styling, the Granite features a massive gril... http://bit.ly/60TewT",39645431,fashionable grooming or dressing; being stylish,appearance,technology_discussion,false,Manual override -> technology_discussion
styling,7623813441,2010-01-11,"GMC Granite Concept Revealed for Detroit Auto Show 2010:  In terms of styling, the Granite features a massive gril... http://bit.ly/4OYGK5",21467840,fashionable grooming or dressing; being stylish,appearance,article_sharing,false,Manual override -> article_sharing
styling,7623855500,2010-01-11,"Video:  Dodge Magnum. Magnum has aggressive styling, not for all, but it is practical and has great value...http://tinyurl.com/yzvgxuo",75868530,fashionable grooming or dressing; being stylish,appearance,article_sharing,false,Manual override -> article_sharing
styling,8468495298,2010-01-31,The Sims 2 - Styling Factory ger cd - http://bit.ly/9xfkts,105325374,fashionable grooming or dressing; being stylish,appearance,gaming,false,Manual override -> gaming
styling,8468526313,2010-01-31,"RT @taximap: New version of the #TaxiMap plugin rolled out to users. Updates include styling, SMS management, waiting time charging, iPh ...",19884941,fashionable grooming or dressing; being stylish,appearance,technology_discussion,false,Manual override -> technology_discussion
styling,8468551478,2010-01-31,"@Biso_Fly That's my point.  Fashion, hair styling, and makeup are all predominantly female industries.  So how did these men rise so far??",18518627,fashionable grooming or dressing; being stylish,appearance,fashion_beauty,false,Manual override -> commenting | Darwin audit -> fashion_beauty
styling,8468580153,2010-01-31,"RT @GTRoberts: RT @engadget  8.9-inch ExoPC Slate has iPad looks, Windows 7 soul http://bit.ly/a57DlQ Nice! Has 'HP' styling?",24448557,fashionable grooming or dressing; being stylish,appearance,technology_discussion,false,Darwin audit -> technology_discussion
styling,8468733735,2010-01-31,Brand new styling for 2010 for Brig Rib Tubes http://bit.ly/bK7B2b,110225766,fashionable grooming or dressing; being stylish,appearance,article_sharing,false,
styling,8468782427,2010-01-31,Brand New tube styling for Brig Falcon Riders http://bit.ly/aHDSZV,110225766,fashionable grooming or dressing; being stylish,appearance,article_sharing,false,
styling,8469044502,2010-01-31,@jillianriscoe my friend styling some people! :p,24492224,fashionable grooming or dressing; being stylish,appearance,casual_conversation,false,
styling,8469077659,2010-01-31,"RT @larissamdiaz: @J_Rocka ""Styling his #tomsshoes sole"" @#sandalschurch ""Step Into Service"" http://twitpic.com/10qmsn",10813892,fashionable grooming or dressing; being stylish,appearance,casual_conversation,false,
styling,8469364096,2010-01-31,In Bev Hills styling for the Grammys! Everyone is looking beautiful in Hollywood.,57227317,fashionable grooming or dressing; being stylish,appearance,fashion_beauty,false,Manual override -> fashion_beauty
styling,8469407870,2010-01-31,"@RRTisMe True, But the Combo needs a styling update like 3 years ago! :)",65809322,fashionable grooming or dressing; being stylish,appearance,casual_conversation,false,
styling,9276296434,2010-02-18,@SamanthaOZ34 i already have a fringe like that haha its more of the colours and abit of styling coz i have a side fringe already,42229027,fashionable grooming or dressing; being stylish,appearance,casual_conversation,false,
styling,9276381360,2010-02-18,"Milestone (early thoughts) - Superb screen, great feel, sleek styling, quality camera, v fast browsing, voice recog search - so far v good",18473913,fashionable grooming or dressing; being stylish,appearance,commenting,false,
styling,9276398501,2010-02-18,"09 THOR PHASE GLOVES SM EVENT: Durability, fit and styling, all of these are legendary Thor qualities and they are... http://bit.ly/aqkuoi",19138434,fashionable grooming or dressing; being stylish,appearance,article_sharing,false,
styling,9276465224,2010-02-18,"at haridressers today, old lady next to me was given free wash/blowdry/styling...she then asked for more freebies! greedy granny!",36009025,fashionable grooming or dressing; being stylish,appearance,commenting,false,
styling,9276482125,2010-02-18,On set.  Once again I am styling myself I should request a extra fee. Not saying the stylist isn't good but I am wearing my own garms.,20526670,fashionable grooming or dressing; being stylish,appearance,commenting,false,
styling,9276585505,2010-02-18,Having flirted with 'Web 2.0' styling and chunky Verdana it's good to see the BBC getting back on form with this - http://bit.ly/d1NXSk,5863782,fashionable grooming or dressing; being stylish,appearance,article_sharing,false,
styling,9276718003,2010-02-18,"""no mam, don't use styling gel and charge me for that as the 1st thing i'm going to do back home is washing my hair and style it myself""",39974969,fashionable grooming or dressing; being stylish,appearance,commenting,false,
styling,9276876611,2010-02-18,Forum Icon legend.. styling is whacked... http://tinyurl.com/ya8fyq8,40475333,fashionable grooming or dressing; being stylish,appearance,article_sharing,false,
styling,9277001757,2010-02-18,Triple-roll socks - Classic anklet-style socks with roll-cuff styling offer a cozy fit and come in an... http://dealnay.com/348981,80276897,fashionable grooming or dressing; being stylish,appearance,article_sharing,false,
styling,9277100026,2010-02-18,Turned out faboosh! Now for styling (:,26439695,fashionable grooming or dressing; being stylish,appearance,commenting,false,
styling,9609833386,2010-02-25,@pearpimpisa n'pear! I don't know what's wrong with twitter (web) search for Marina and The diamonds | Hollywood. Only styling na ja.,34211067,fashionable grooming or dressing; being stylish,appearance,casual_conversation,false,
styling,9609931593,2010-02-25,#uever asked a nigga r they mad cause u styling on em,64904077,fashionable grooming or dressing; being stylish,appearance,commenting,false,
styling,9610144885,2010-02-25,RT @TriNicZ: @Isnt_She_Lov3ly lol yea we goin 2morrow to don't get mad cute styling & shit beetch &lt;-- I'm goin too #imjustsayin,32993365,fashionable grooming or dressing; being stylish,appearance,casual_conversation,false,
styling,9610341899,2010-02-25,Shane is on location styling hair for the latest X-Press fashion magazine.,79928518,fashionable grooming or dressing; being stylish,appearance,fashion_beauty,false,
styling,9610423191,2010-02-25,#DidUReallyThink that you was styling in them filas?,18081796,fashionable grooming or dressing; being stylish,appearance,commenting,false,
styling,9610446400,2010-02-25,"2- 14"" inch weaves later; I'm finally done styling these broads hair_whatsqood twitter?",30367039,fashionable grooming or dressing; being stylish,appearance,commenting,false,
styling,9610482808,2010-02-25,@sirFashioN Balmain inspired blazer for a client im styling for CIAA...,24590995,fashionable grooming or dressing; being stylish,appearance,fashion_beauty,false,
styling,9610586990,2010-02-25,"RT @ALIST_INTL: Reinaldo Irizarry @reyalfashion, our Creative Director, will be on E! for a celebrity styling competition for the Oscars ...",25410931,fashionable grooming or dressing; being stylish,appearance,fashion_beauty,false,
styling,9610607510,2010-02-25,"@franticfoodie Yes, anyone else who has fun talking about food styling is golden in my book.",22878150,fashionable grooming or dressing; being stylish,appearance,casual_conversation,false,
styling,9610650086,2010-02-25,Web Design: The Definitive Guide To Styling Web Links. http://bit.ly/aMu9SN,14147835,fashionable grooming or dressing; being stylish,appearance,article_sharing,false,
styling,9667110168,2010-02-26,"Conditioners, shampoos, Hair Care, Colors and Hair Styling Products on Discount at HerbsMD. http://www.herbsmd.com/hair-764.html",84776322,fashionable grooming or dressing; being stylish,appearance,fashion_beauty,false,
styling,9667230827,2010-02-26,http://twitpic.com/15e0r2 - Me and @amirachantal are styling @iamtayon!,19296710,fashionable grooming or dressing; being stylish,appearance,casual_conversation,false,
styling,9667263623,2010-02-26,Timex Women's Gold-Tone Dress Watch | Mens Womens Kids Watches: Casual elegance and classic styling by Timex; Wate... http://bit.ly/cNGMu1,116470785,fashionable grooming or dressing; being stylish,appearance,article_sharing,false,
styling,9667290365,2010-02-26,"@AndyHutchins Yeah. She's a cute girl, but could get better styling, both costumes and make-up.",16934068,fashionable grooming or dressing; being stylish,appearance,casual_conversation,false,
styling,9667613003,2010-02-26,"Honda to introduce 110CC CB Twister priced at 45K, with CB 1000R styling to lure entry level bikes buyer |Afaqs",18363460,fashionable grooming or dressing; being stylish,appearance,commenting,false,
styling,9667738507,2010-02-26,#Becauseofmydicc #styling is the new wave... My lady friends kno what I'm talking about...,57827608,fashionable grooming or dressing; being stylish,appearance,commenting,false,
styling,9667805721,2010-02-26,Going to bed now. It's WAY bed time I had set. Tomorrow is a really exciting day. Filming my Oscars styling segment for @eonline!!! nite!!,25410931,fashionable grooming or dressing; being stylish,appearance,casual_conversation,false,
styling,9667913869,2010-02-26,MOROCCAN OIL: HYDRATING STYLING CREAM FOR A...: http://bit.ly/bxoxQA,107404538,fashionable grooming or dressing; being stylish,appearance,fashion_beauty,false,
styling,9667960418,2010-02-26,man i feel good n i feel like free styling,114838741,fashionable grooming or dressing; being stylish,appearance,music_discussion,false,
styling,9668050441,2010-02-26,"@CHAYANNEMUSIC ...and still extremely personal.Very elegant styling, even on up-tempo pieces.Your talents seems to know no bounds!",60888244,fashionable grooming or dressing; being stylish,appearance,music_discussion,false,
styling,9914802071,2010-03-03,"Star-styling story/tip: ""^_^"". Read more: http://www.stardoll.com/in/?pid=25720&gid=10&turl=%2Fcampaigns%2Flookalike%2F",97274686,fashionable grooming or dressing; being stylish,appearance,article_sharing,false,
styling,9914887361,2010-03-03,"Star-styling story/tip: ""PLZZZZZZZZZZZZZZZzZzzZzZzZzZzzzzzzzzzzzzzzzzzzzzzzzzzzzzzzzzzzzzzzzzzzz..."". Read more: http://bit.ly/96jOIJ",106666531,fashionable grooming or dressing; being stylish,appearance,article_sharing,false,
styling,9914991715,2010-03-03,Check Out At MySalonBrand.com http://www.mysalonbrand.com/catalog/product/view/id/3561 Paul Mitchell Tea Tree Styling Wax 2.5 oz,110544274,fashionable grooming or dressing; being stylish,appearance,article_sharing,false,
styling,9915091388,2010-03-03,@kaileeinthecity were you styling for the Let's Talk about Pep finale?? Holla,17277514,fashionable grooming or dressing; being stylish,appearance,casual_conversation,false,
styling,9915096733,2010-03-03,"Want retro styling with digital prowess? Be prepared to shell out big bucks for the Olympus PEN EP2, a camera that has... http://1713z.tk",17588509,fashionable grooming or dressing; being stylish,appearance,article_sharing,false,
styling,9915245358,2010-03-03,Olympus’ Little Retro Point-N-Shoot Costs Big Bucks: Want retro styling with digital prowess? Be prepared to... http://tinyurl.com/ygc4zaw,102950989,fashionable grooming or dressing; being stylish,appearance,fashion_beauty,false,
styling,9915396772,2010-03-03,"Star-styling story/tip: ""just get perfect look!!!"". Read more: http://bit.ly/96jOIJ",65590642,fashionable grooming or dressing; being stylish,appearance,article_sharing,false,
styling,9915475757,2010-03-03,"personal shopping. styling.: Fotoshooting: So, now u´ll see, why i´m lately had not so much time for my blog. I ho... http://bit.ly/cb3gz8",27509264,fashionable grooming or dressing; being stylish,appearance,fashion_beauty,false,
styling,9915578127,2010-03-03,Driving Down the Road: 2011 Kia Sorento Preview: Annapolis CapitalInterior design and styling is likewise conserva... http://bit.ly/cuOimL,101285509,fashionable grooming or dressing; being stylish,appearance,article_sharing,false,
styling,9915618310,2010-03-03,How to seal the deal on date night? We've got some cute ideas for u! http://chicfiles.com/shopping/styling-in-the-kitchen/,108699504,fashionable grooming or dressing; being stylish,appearance,article_sharing,false,
styling,10467097592,2010-03-14,@DiVine_Styling you'll make it! Better sneak u a cute 30min nap lol but ur day sounds fun! I want twitpics ;&gt;),44020615,fashionable grooming or dressing; being stylish,appearance,casual_conversation,false,
styling,10467108952,2010-03-14,"New post: Giovanni LA Natural styling gel Review... Day 25 ""No Cone"" Challenge http://cli.gs/5Q9Gp",120020216,fashionable grooming or dressing; being stylish,appearance,article_sharing,false,
styling,10467295500,2010-03-14,@lizzzuy saw plains & prints billboard @ guadalupe. Love ur styling!,38663514,fashionable grooming or dressing; being stylish,appearance,casual_conversation,false,
styling,10467454027,2010-03-14,Check Out At MySalonBrand.com http://www.mysalonbrand.com/catalog/product/view/id/169 American Crew Tea Tree Firm Hold Styling Cream 4.23 oz,110544274,fashionable grooming or dressing; being stylish,appearance,fashion_beauty,false,
styling,10468838036,2010-03-14,We have a styling video available for those who ask.,19196463,fashionable grooming or dressing; being stylish,appearance,commenting,false,
styling,10468976930,2010-03-14,"Girls: zoso- posted a photo:

Photography - Giselle Natassia
Styling & Hair - George Jenkins
Models - Ladene Piggo... http://bit.ly/ahzwyN",77582174,fashionable grooming or dressing; being stylish,appearance,article_sharing,false,
styling,10468977557,2010-03-14,"Tumble: zoso- posted a photo:

Photography - Giselle Natassia
Styling & Hair - George Jenkins
Models - Ladene Pigg... http://bit.ly/cfmtdx",77582174,fashionable grooming or dressing; being stylish,appearance,article_sharing,false,
styling,10468978202,2010-03-14,"Ladene: zoso- posted a photo:

Photography - Giselle Natassia
Styling & Hair - George Jenkins
Models - Ladene Pigg... http://bit.ly/dgvYJ7",77582174,fashionable grooming or dressing; being stylish,appearance,article_sharing,false,
styling,10468989229,2010-03-14,"Follow us on youtube 
Styling: http://www.youtube.com/user/mhrrasmus
Support: http://www.youtube.com/user/SlikhaarDK?feature=mhw4

SlikDK!",122950623,fashionable grooming or dressing; being stylish,appearance,article_sharing,false,
styling,10599347360,2010-03-17,@reykeith Don't send @deontek's grumpy ass a damn thing. She can kick rocks while styling her wigs!,36237900,fashionable grooming or dressing; being stylish,appearance,casual_conversation,false,
styling,10599431223,2010-03-17,RT @Vicious_Z @reykeith Don't send @deontek's grumpy ass a damn thing. She can kick rocks while styling her wigs! and strut'n in magic boots,23664683,fashionable grooming or dressing; being stylish,appearance,casual_conversation,false,
styling,10599464115,2010-03-17,@all_just_words @reykeith @Deontek She can kick rocks while styling her wigs! and strut'n in magic boots *with NO fur! LOL*,36237900,fashionable grooming or dressing; being stylish,appearance,casual_conversation,false,
styling,10599503129,2010-03-17,LA LEONA ANDALUZA [ Behance ]: ... Design Hair Styling Hardware Architecture Ice Sculpting Illustration Industrial... http://bit.ly/ckxiqv,41796480,fashionable grooming or dressing; being stylish,appearance,fashion_beauty,false,
styling,10599526168,2010-03-17,RT @Vicious_Z @all_just_words @reykeith @Deontek She can kick rocks while styling her wigs(yak) and strut'n in magic boots *with NO fur! LOL,23664683,fashionable grooming or dressing; being stylish,appearance,casual_conversation,false,
styling,10599579394,2010-03-17,"RT @Hawaii_Moms WIN #SHOPALEA PAMPERING PACKAGE worth $435! Massage, hair styling, Mariposa, $100 gift card & tote! http://bit.ly/9FJQRi",17476100,fashionable grooming or dressing; being stylish,appearance,fashion_beauty,false,
styling,10599807253,2010-03-17,"RT @lefashionjunkie: Ok, if you dont know what is styling, you should take a look. @GhubarMagazine
http://lefashionjunkie.blogspot.com/2 ...",45721954,fashionable grooming or dressing; being stylish,appearance,fashion_beauty,false,
styling,10599911182,2010-03-17,Los Angeles- Free Hair Styling for Women (Hollywood): We will be providing free hair styling to all women with lon... http://bit.ly/9He9HF,25048533,fashionable grooming or dressing; being stylish,appearance,fashion_beauty,false,
styling,10600115233,2010-03-17,"congrats winners styling long boots theme:  1st-Lulu Breuer, 2nd -Mirranda Flux,3rd- Suzie Marenwolf goto:http://ning.it/60CcWL",50802402,fashionable grooming or dressing; being stylish,appearance,article_sharing,false,
styling,10600181664,2010-03-17,@DiVine_Styling go ahead doll get that word. Impretty good.,29630731,fashionable grooming or dressing; being stylish,appearance,casual_conversation,false,
styling,10914167235,2010-03-23,Video-Based Tutorial:Joomla! Creating and Editing Custom Templates: Template Styling- http://videobasedtutorials.com/i.jsp?id=809366,95537902,fashionable grooming or dressing; being stylish,appearance,technology_discussion,false,
styling,10914167492,2010-03-23,Video-Based Tutorial:Joomla! Creating and Editing Custom Templates: Styling Content- http://videobasedtutorials.com/i.jsp?id=809436,95537902,fashionable grooming or dressing; being stylish,appearance,technology_discussion,false,
styling,10914270607,2010-03-23,RT @Ann_Wilson: Happy happy! Have a rocking day! RT @al_ice: Wishing @CamillaCams a very happy birthday! Hope you have a styling day!,73405072,fashionable grooming or dressing; being stylish,appearance,casual_conversation,false,
styling,10914285036,2010-03-23,@spanishflysoul you say that now you and vikki stay styling,101942914,fashionable grooming or dressing; being stylish,appearance,casual_conversation,false,
styling,10914293485,2010-03-23,"Now get a Sehwag-like mop for less: While using shampoo, conditioner or styling is allowed, bleaching is not recom... http://bit.ly/b7s0v5",91885107,fashionable grooming or dressing; being stylish,appearance,article_sharing,false,
styling,10914419667,2010-03-23,@fab5ent no styling shoots and finding dope new clothing line is the best!,18926726,fashionable grooming or dressing; being stylish,appearance,fashion_beauty,false,
styling,10914423307,2010-03-23,"@miss_meka04 DO I GET STYLING CREDIT FOR
 THIS WALLPAPER",125549892,fashionable grooming or dressing; being stylish,appearance,casual_conversation,false,
styling,10914532093,2010-03-23,@bevysmith Hotel Griffou is a sure win! Just did a few styling projects for Rachel; only 1 modeling bit http://tr.im/SXMc released so far...,17654388,fashionable grooming or dressing; being stylish,appearance,fashion_beauty,false,
styling,10914739155,2010-03-23,"WWW Styling Tips: March: Whether you like to wear the biggest and bold trends, love a little sleek sophistication,... http://bit.ly/cNhBUf",21927384,fashionable grooming or dressing; being stylish,appearance,article_sharing,false,
styling,10914969036,2010-03-23,Preparing for a divine diva photoshoot today! So excited to play with my team of styling gurus ;-) Will tweet pics.,30235994,fashionable grooming or dressing; being stylish,appearance,fashion_beauty,false,
styling,11324394728,2010-03-30,Check your #CSS styling realtime | http://bit.ly/19blAX (RT @Minervity),21455183,fashionable grooming or dressing; being stylish,appearance,casual_conversation,false,
styling,11324464884,2010-03-30,"GLAM ADDICT is a One Stop Glamour Shop: Cuts, Color, Hair & Makup Styling, Boutique, Waxing, Clothes, PhotoStudio & Much More!! check us out",19057779,fashionable grooming or dressing; being stylish,appearance,commenting,false,
styling,11324672884,2010-03-30,RT @DarealButlah @itzMszthiickumz oo oo u mad cuz I'm styling on u lmfao she sicc &lt;=WATEVA LMAO I PASSED MY MATH ONE WIT A B- THANK U LML,89480329,fashionable grooming or dressing; being stylish,appearance,casual_conversation,false,
styling,11324952124,2010-03-30,Frame your face and expose those gorgeous eyes with a professional brow styling from The Sanctuary Buy one brow... http://bit.ly/a8PGmO,82974896,fashionable grooming or dressing; being stylish,appearance,article_sharing,false,
styling,11325023325,2010-03-30,"Lots of flickr photos showing decor styling ideas for art, fireplaces and tables
http://www.flickr.com/photos/foohqwah/",123256676,fashionable grooming or dressing; being stylish,appearance,article_sharing,false,
styling,11325047609,2010-03-30,"b CONFIDENT styling spray travel size is here!! Contact your distributor, your salon, or call 1-866-227-4448 to order!",28152323,fashionable grooming or dressing; being stylish,appearance,commenting,false,
styling,11325092001,2010-03-30,RT @filmfare: Bobby turns to wife for styling http://bit.ly/a3urRG,35695228,fashionable grooming or dressing; being stylish,appearance,casual_conversation,false,
styling,11325250684,2010-03-30,Currently Styling on 'em!,34989273,fashionable grooming or dressing; being stylish,appearance,commenting,false,
styling,11325415912,2010-03-30,I guess it's the first time I succeed with hair styling while trying to do it myself.. unbelievable.,116165806,fashionable grooming or dressing; being stylish,appearance,fashion_beauty,false,
styling,11325620995,2010-03-30,RT @stylebypolly: Check out www.johnsmiller.com for my styling and john's amazing fashion photography!,22384225,fashionable grooming or dressing; being stylish,appearance,fashion_beauty,false,
styling,11411339182,2010-04-01,@Khunnie0624 ohh hiiiii^^ i thought u r out for the styling thing haha i should be lucky to c u online lol!!,49235999,fashionable grooming or dressing; being stylish,appearance,casual_conversation,false,
styling,11411632954,2010-04-01,"Ummmm hang on, by the look of the new styling it's looking like they have intentions of phasing out the 5 star rating system.",3920161,fashionable grooming or dressing; being stylish,appearance,commenting,false,
styling,11411917379,2010-04-01,Kim Vo Hair Styling Products – They’Re Here! http://cli.gs/sZd3Z | #anna #sex #erotic #celebrity #gossip #miegakure miegakure,125936742,fashionable grooming or dressing; being stylish,appearance,fashion_beauty,false,
styling,11412004495,2010-04-01,New hair styling stuff RT @dailyshite Timotei’s Newest Advocate http://scrw.us/31Z,40150494,fashionable grooming or dressing; being stylish,appearance,fashion_beauty,false,
styling,11412074159,2010-04-01,Just for finished styling for Karen's Photo Shoot. Style fashion forward.....,112103702,fashionable grooming or dressing; being stylish,appearance,fashion_beauty,false,
styling,11412144297,2010-04-01,"New Syndication, ""New Modelshape with styling Card***"" - http://bit.ly/9KYL9f",71537699,fashionable grooming or dressing; being stylish,appearance,article_sharing,false,
styling,11412247104,2010-04-01,"RT @LVanderkraan: ""22 CSS Button Styling Tutorials and Techniques - Speckyboy Design Magazine"" ( http://bit.ly/A6Gcl )",77001687,fashionable grooming or dressing; being stylish,appearance,casual_conversation,false,
styling,11412297264,2010-04-01,World Bodypainting Festival - Sedcard & Styling Zone: MODEL SEDCARD Photo Shooting mit Joachim Bergauer.www.bodypa... http://bit.ly/9QMsDV,27509264,fashionable grooming or dressing; being stylish,appearance,fashion_beauty,false,
styling,11412405198,2010-04-01,Video-Based Tutorial:Dreamweaver CS3 with CSS Essential Training: T Head and T Body Styling- http://digitalproducer.com/i.jsp?id=511696,95523130,fashionable grooming or dressing; being stylish,appearance,technology_discussion,false,
styling,11412499067,2010-04-01,has a serious soft spot for the sweet vocal styling of Anita Baker.Just thought I'd share that with you. Check out www.santinobros.net!,84491427,fashionable grooming or dressing; being stylish,appearance,commenting,false,
styling,11814553276,2010-04-08,"@filmfare Apart from their styling, everything else is perfect and gorgeous :)",26712743,fashionable grooming or dressing; being stylish,appearance,casual_conversation,false,
styling,11814670296,2010-04-08,@filmfare not tht a good cover Sonam & DP's styling could have been done better & omg where is @priyankachopra? she is best of younger lot !,50245097,fashionable grooming or dressing; being stylish,appearance,casual_conversation,false,
styling,11814855078,2010-04-08,"@JUISAV Totally! DP's personal style is more along the line of the styling on the cover, but let's not go there :D",26712743,fashionable grooming or dressing; being stylish,appearance,casual_conversation,false,
styling,11814923063,2010-04-08,Von Anthony Salon Prom Headquarters!  972-731-7600. Prom styling tips.  http://tinyurl.com/yktf4wz,64385247,fashionable grooming or dressing; being stylish,appearance,article_sharing,false,
styling,11814954937,2010-04-08,"Car Styling: #2: Motor Haubenlifter, Hood Lift, Opel Astra G, CC / Coupe / Cabrio / Caravan: Motor Hau... http://bit.ly/bZKfQ0 #Auto #Teile",88202018,fashionable grooming or dressing; being stylish,appearance,article_sharing,false,
styling,11814990034,2010-04-08,"RT @thefoodaddicts: The Food Addicts Presents!: Foodbuzz 24, 24, 24: A Lesson in Food Styling from Hollywood's Food Stylist http://bit.l ...",104552067,fashionable grooming or dressing; being stylish,appearance,casual_conversation,false,
styling,11814996310,2010-04-08,Jessica Simpson To Shed Make-Up and Styling for Marie Claire Shoot http://bit.ly/bTCGH6,57825526,fashionable grooming or dressing; being stylish,appearance,fashion_beauty,false,
styling,11815000629,2010-04-08,Giveaway - KQC X-Heat Ceramic Styling Iron from Flat Iron Experts - http://sweeps4bloggers.com/?p=2924 US & Canada - ARV $160,34855366,fashionable grooming or dressing; being stylish,appearance,article_sharing,false,
styling,11815089528,2010-04-08,"Created a new Styling Studio, ""gghhjgcjiwaoedwkljduhdmhymgty;lgi9dkj3yi"", on Stardoll. You should have a look! http://bit.ly/cEGRNZ",107513234,fashionable grooming or dressing; being stylish,appearance,article_sharing,false,
styling,11815154408,2010-04-08,Hair Style Info: ghd Ultimate Hair Spray 10.1 oz: Product DescriptionWhat it is:Step 4 (Finish) styling aid in ghd... http://bit.ly/9Ic5kf,117694846,fashionable grooming or dressing; being stylish,appearance,article_sharing,false,
styling,11965519862,2010-04-11,"@FrankMurphyCom why are you styling your hair if your not going anywhere? Wait, I don't want to know.",56552473,fashionable grooming or dressing; being stylish,appearance,casual_conversation,false,
styling,11965595480,2010-04-11,Daily Styling Tip: Vests are back! Add drama to jeans & tee with a slouchy or tailored vest. Guys add a contrasting vest under your suit,48574708,fashionable grooming or dressing; being stylish,appearance,fashion_beauty,false,
styling,11965954021,2010-04-11,"ESP:: Shop! - Chris Chase Salon - Guests enjoy haircuts, styling, Shu Uemura conditioning cerem... http://dld.bz/sXG #NYC",75366677,fashionable grooming or dressing; being stylish,appearance,article_sharing,false,
styling,11965954488,2010-04-11,@Menace2societii you go to clark right? we have a student scholarship coming up at one of our events for a styling contest. DM ur email,43334379,fashionable grooming or dressing; being stylish,appearance,casual_conversation,false,
styling,11966828811,2010-04-11,My Little Pony Styling Pinkie Pie NEW Style Her Hair http://item.ebay.com/380223492135,80675250,fashionable grooming or dressing; being stylish,appearance,article_sharing,false,
styling,11966917514,2010-04-11,Good question. I put the gel in this morning before I thought about it RT @c_wal why are you styling your hair if you're not going anywhere?,65980193,fashionable grooming or dressing; being stylish,appearance,casual_conversation,false,
styling,11967053149,2010-04-11,"BEST Duro-Med Deluxe Autoclavable Bedpan: Has conventional styling
Provides indicator graduations for ounces and c... http://bit.ly/9PSi3A",131018779,fashionable grooming or dressing; being stylish,appearance,article_sharing,false,
styling,11967314296,2010-04-11,"kno what ur thinking ""Dana, give up Inking so you can focus on magnetic paper doll styling"".I'm thinking about it  http://twitgoo.com/ntaue",21043122,fashionable grooming or dressing; being stylish,appearance,article_sharing,false,
styling,11967400087,2010-04-11,Get 5&#37; #Cashback on: full length flower chemise Look exotic in this black satin long chemise Styling includes a... http://bit.ly/btTgwl,26477329,fashionable grooming or dressing; being stylish,appearance,article_sharing,false,
styling,11967565532,2010-04-11,Kit : Does anyone know of any completely organic shampoo and styling products that are available? (http://www.favsky.net/?p=281),130873367,fashionable grooming or dressing; being stylish,appearance,article_sharing,false,
styling,12022979229,2010-04-12,#5: WEN Styling Creme 6 oz - Lavender: WEN Styling Creme 6 oz - Lavender by WEN by Chaz Dean 613% Sales Rank in Be... http://bit.ly/az5CiD,68585509,fashionable grooming or dressing; being stylish,appearance,article_sharing,false,
styling,12023225251,2010-04-12,#5: WEN Styling Creme 6 oz - Lavender http://bit.ly/a3v1Jl,82120323,fashionable grooming or dressing; being stylish,appearance,article_sharing,false,
styling,12023551578,2010-04-12,Protective styling next week with ponytails!!!,32400132,fashionable grooming or dressing; being stylish,appearance,commenting,false,
styling,12023729311,2010-04-12,"ESP:: Shop! - Eva Scrivo - This bi-level space offers 16 styling stations, a color processing a... http://dld.bz/sZv #NYC",75366677,fashionable grooming or dressing; being stylish,appearance,article_sharing,false,
styling,12023865755,2010-04-12,Excerpt from today's shoot. Elite model Elle. Make up and hair Javier Martinez . Fashion styling Dann Weir. Photograp.. http://bit.ly/9fevgY,17868536,fashionable grooming or dressing; being stylish,appearance,fashion_beauty,false,
styling,12023866008,2010-04-12,Excerpt from today's shoot. Elite model Elle. Make up and hair Javier Martinez . Fashion styling Dann Weir. Photograp… http://wp.me/pIkxl-5d,17868536,fashionable grooming or dressing; being stylish,appearance,fashion_beauty,false,
styling,12024105175,2010-04-12,BARBIE PRIMP AND POLISH STYLING HEAD w/ACCESSORIES (http://bit.ly/c6CvNY),112911277,fashionable grooming or dressing; being stylish,appearance,article_sharing,false,
styling,12024306054,2010-04-12,"WEN Styling Creme 6 oz - Lavender by WEN by Chaz Dean 742% Sales Rank in Beauty: 281 (was 2,368 yesterday)  (12)Bu... http://bit.ly/d2vjwP",99766673,fashionable grooming or dressing; being stylish,appearance,article_sharing,false,
styling,12024459037,2010-04-12,Yooo that girl is styling!! Lol,31219534,fashionable grooming or dressing; being stylish,appearance,commenting,false,
styling,12024681963,2010-04-12,"Edmonton Personal Shopper for Hire!  

		Personal Shopper For Hire!    Do you need helping styling yours... http://tinyurl.com/yaoghjo",97547176,fashionable grooming or dressing; being stylish,appearance,article_sharing,false,
styling,12453471362,2010-04-19,RT @fakegeorgevu: Rt this 4 a chance 2 win personalized hair styling tips from @vudaloo. u'll nevr b as good looking as me but u cn try.,23711631,fashionable grooming or dressing; being stylish,appearance,fashion_beauty,false,
styling,12453848752,2010-04-19,Enkvist Design: Give life to dull clothes-Do some styling!: Work skills. Interior design - public and private; Hom... http://bit.ly/a0DMfr,125280174,fashionable grooming or dressing; being stylish,appearance,article_sharing,false,
styling,12453941722,2010-04-19,saya taux jg dr @dPStyz bundoi @ryoukohiroki :) i'm dreaming styling music alive. hhhhaaaa,54090552,fashionable grooming or dressing; being stylish,appearance,music_discussion,false,
styling,12453988679,2010-04-19,I love this styling: http://thesartorialist.blogspot.com/2010/04/hamptons-italian-vogue-pelle.html,82093239,fashionable grooming or dressing; being stylish,appearance,article_sharing,false,
styling,12454016004,2010-04-19,anyone here have experience with Geoserver and styling maps?,14298558,fashionable grooming or dressing; being stylish,appearance,commenting,false,
styling,12454026657,2010-04-19,@NoPantsDance makeup and styling is very classy..,14880882,fashionable grooming or dressing; being stylish,appearance,fashion_beauty,false,
styling,12454094970,2010-04-19,Wld b perf 4 Coachella.. *sob* RT @lovelyislovely #CEWbeautyawards new styling product - mass THE WINNER IS Batiste Coloured Dry Shampoo,125708220,fashionable grooming or dressing; being stylish,appearance,casual_conversation,false,
styling,12454165224,2010-04-19,The Corvette sports swoopy exterior styling and bulging front fenders...Find out more... http://tinyurl.com/qfgndx #grchevrolet,66248552,fashionable grooming or dressing; being stylish,appearance,article_sharing,false,
styling,12454237046,2010-04-19,Come play Cutie Hair Styling at http://gameosome.com/game/cutie-hair-styling/ !,19746253,fashionable grooming or dressing; being stylish,appearance,fashion_beauty,false,
styling,12454253720,2010-04-19,Yea she be styling on FatBoy tho.RT @PainCo6ane: @CertifiedFatBoy you a real tit man for this 1 @fancyfacemaris (cont) http://tl.gd/uaq8n,59882496,fashionable grooming or dressing; being stylish,appearance,casual_conversation,false,
styling,12826205304,2010-04-25,RT @quasteez: RT @StaRdaQT @MsPrinnie you was chilling w/ya SHAWTY!? Lol&lt;&lt;prinnie styling»ya tight I gotta shawty lmao&lt;inny&gt;,49426759,fashionable grooming or dressing; being stylish,appearance,casual_conversation,false,
styling,12826305371,2010-04-25,@traxor Tweetie for iPhone is really good. Loads of features and its native styling works much better.,14849130,fashionable grooming or dressing; being stylish,appearance,technology_discussion,false,
styling,12826895951,2010-04-25,@ananyah I hate it when your css styling dies.   *rolls eyes like he knows what she's tallking about*,85567541,fashionable grooming or dressing; being stylish,appearance,casual_conversation,false,
styling,12826963773,2010-04-25,look here: Styling Up Like a Diva http://freeimprove-health.com/?p=966,135527504,fashionable grooming or dressing; being stylish,appearance,article_sharing,false,
styling,12827172559,2010-04-25,#FreeNY : FREE-Ladies' SHORT CUT with STYLING (SoHo): Tue Apr 27 at 9:00am and Wed Apr 28 at 9:00am -- FREE Woman'... http://bit.ly/a2J0A1,34120773,fashionable grooming or dressing; being stylish,appearance,article_sharing,false,
styling,12827610664,2010-04-25,Have an event coming up & need hair/makeup done? Call now about package special occasion styling deals. This season... http://bit.ly/bbZ3dH,56492108,fashionable grooming or dressing; being stylish,appearance,fashion_beauty,false,
styling,12827857479,2010-04-25,"@eGlamourPhoto Hello, are you in need of styling services? Also have an online boutique. Www.uptownchicatl.com Let us know how we can help",74023413,fashionable grooming or dressing; being stylish,appearance,casual_conversation,false,
styling,12827883384,2010-04-25,Be NYC chic! IT&LY Hairfashion is found on the set of Gossip Girl = Follow @JMC4PR & RT to win $300 of IT&LY's Purity Design Styling Line!,78384041,fashionable grooming or dressing; being stylish,appearance,fashion_beauty,false,
styling,12828421693,2010-04-25,@garima0203 m saying whtaver i understand wid ma lil sense of styling.i hav d freedom 2say in ma twitter profile too i guess,27346547,fashionable grooming or dressing; being stylish,appearance,casual_conversation,false,
styling,12828477163,2010-04-25,"@DeeDonDiva Its great, my hair is growing like crazy and I'm not over styling it daily which causes damage over time as we know.",32703457,fashionable grooming or dressing; being stylish,appearance,casual_conversation,false,
styling,13269669267,2010-05-02,Watching cloverfield while styling my wig :),55877405,fashionable grooming or dressing; being stylish,appearance,commenting,false,
styling,13269954608,2010-05-02,Bed Head TIGI Small Talk Styling Cream,134378627,fashionable grooming or dressing; being stylish,appearance,fashion_beauty,false,
styling,13270114785,2010-05-02,RT @JMC4PR: B NYC chic! IT&LY Hairfashion is found on the set of Gossip Girl = Foll @JMC4PR & RT $300 of IT&LY's Purity Design Styling Line!,17757689,fashionable grooming or dressing; being stylish,appearance,fashion_beauty,false,
styling,13270549746,2010-05-02,"@harryfitz Hey harry, I'm not doing free styling, I'm justing using already made pictures. You can't get the wood or paper look i have.",138893905,fashionable grooming or dressing; being stylish,appearance,music_discussion,false,
styling,13270744144,2010-05-02,New KoB Forum Post: Styling Advice • Re: Lots of Projects http://bit.ly/azhrjg,67611344,fashionable grooming or dressing; being stylish,appearance,article_sharing,false,
styling,13270955852,2010-05-02,"RT @essenceayana: ... like, i'm still shocked this nigga was fcking the girl and free styling at the SAME time.-- I wanna see",34768189,fashionable grooming or dressing; being stylish,appearance,music_discussion,false,
styling,13270965351,2010-05-02,2011 Volvo C70: The 2011 Volvo C70 gets freshened exterior and interior styling. This 4-passenger convertible is b... http://bit.ly/cFu63V,83914873,fashionable grooming or dressing; being stylish,appearance,article_sharing,false,
styling,13271264171,2010-05-02,"@LOCKandMANE We took your advice When we 3,000 followers well give away styling tool of winner's choice http://ow.ly/1sO1w Pass it on",79100774,fashionable grooming or dressing; being stylish,appearance,casual_conversation,false,
styling,13271333062,2010-05-02,@dennisisamenace annie get yourself an afro wig!! :) no more worrying about styling/colouring - loveely!  xxx@kmgirl,17093490,fashionable grooming or dressing; being stylish,appearance,casual_conversation,false,
styling,13271349356,2010-05-02,Giovanni Organic Hair Care L.A. Natural Hard Holding Styling Gel Enriched with Certified Organic Botanicals Travel... http://bit.ly/cxBQ0W,132949403,fashionable grooming or dressing; being stylish,appearance,article_sharing,false,
styling,13498464047,2010-05-06,I'm digging the new Google styling.,1577241,fashionable grooming or dressing; being stylish,appearance,commenting,false,
styling,13498481879,2010-05-06,"I LOVE PINK:.......her styling,voice....",128910830,fashionable grooming or dressing; being stylish,appearance,commenting,false,
styling,13498572374,2010-05-06,"Giovanni Organic Hair Care L.A Natural Styling Gel Pure Organic Technology, Strong Hold, Packaging May Vary, 6.8-Ounce http://bit.ly/c6ODvf",111851753,fashionable grooming or dressing; being stylish,appearance,article_sharing,false,
styling,13498610263,2010-05-06,"***LONG STYLING HAIR MODELS NEEDED*** ($ 200.00 FLAT/ NO FEE): ADVANCED MASTER STYLIST DEMONSTRATING 

UP-DO'S AND... http://bit.ly/aQdVys",54453817,fashionable grooming or dressing; being stylish,appearance,article_sharing,false,
styling,13498616043,2010-05-06,"Ford Regrets not Moving Fast Enough on Environmental Opportunity, Styling - http://tinyurl.com/2b8ogul",110132886,fashionable grooming or dressing; being stylish,appearance,article_sharing,false,
styling,13498655173,2010-05-06,Ik vind een YouTube-video leuk -- Pink Chrome Styling Tool Review + 88 palette Giveaway! http://youtu.be/zc79C8ITYvE?a,129563406,fashionable grooming or dressing; being stylish,appearance,article_sharing,false,
styling,13498928595,2010-05-06,"Hello Fans! DVFStylist here. I just joined the @DVFNewYork account and am your go-to source for styling tips, inside DVF moments, and more!",70503840,fashionable grooming or dressing; being stylish,appearance,casual_conversation,false,
styling,13498935964,2010-05-06,am ah a weird shopper if ah go to asda and leave with New Zealand honey and VO5 styling paste?,77047763,fashionable grooming or dressing; being stylish,appearance,commenting,false,
styling,13499120727,2010-05-06,The Evolution of Hair Styling #scvhairsalon http://ourl.com/1zgf,33552412,fashionable grooming or dressing; being stylish,appearance,fashion_beauty,false,
styling,13499132510,2010-05-06,will make myself ready now :) it´s styling time =D,27271737,fashionable grooming or dressing; being stylish,appearance,commenting,false,
styling,13524170549,2010-05-07,@stylesbymaxx we should have flown you up there to give those ladies some styling advice lawd knows they need your advice lol,15946088,fashionable grooming or dressing; being stylish,appearance,casual_conversation,false,
styling,13524360176,2010-05-07,@special1004 I love the styling!,122689707,fashionable grooming or dressing; being stylish,appearance,casual_conversation,false,
styling,13524852717,2010-05-07,"Track 10 off the @godsilla album ""Truth Be Free"" is me (Truth) FREE styling live backed by  @thefiveone http://tinyurl.com/2wdx4zb",106148574,fashionable grooming or dressing; being stylish,appearance,music_discussion,false,
styling,13524914828,2010-05-07,Great styling in the Karen Neilsen Collection swim wear show. #RAFW  http://yfrog.com/b5v6aj,20054367,fashionable grooming or dressing; being stylish,appearance,article_sharing,false,
styling,13524979302,2010-05-07,I love styling for children's parties.  Here is a great tip from the queen of styling Mindy Weiss http://ht.ly/1HUpz,122887052,fashionable grooming or dressing; being stylish,appearance,article_sharing,false,
styling,13524984378,2010-05-07,Get behind-the-scenes tips & expert styling tips from celeb image makers @ClaRence_LEE & @Keithpng from today! http://brizzly.com/pic/2CM1,29426483,fashionable grooming or dressing; being stylish,appearance,casual_conversation,false,
styling,13525029301,2010-05-07,I love styling for children's parties.  Here is a great tip from the queen of styling Mindy Weiss http://ht.ly/1HUpB,136038509,fashionable grooming or dressing; being stylish,appearance,article_sharing,false,
styling,13525167521,2010-05-07,RT @mervynchan: Behind-the-scenes tips & expert styling tips from celeb image makers @ClaRence_LEE @Keithpng! http://brizzly.com/pic/2CM1,47238548,fashionable grooming or dressing; being stylish,appearance,casual_conversation,false,
styling,13525173852,2010-05-07,Photoset: some of my styling with a great photographer! Photographer: Solveig Selj Styling: Gregory Werbowsky... http://tumblr.com/x7g9jy7wj,109876596,fashionable grooming or dressing; being stylish,appearance,article_sharing,false,
styling,13772654060,2010-05-11,"RT @TedInJest: ALBERT EINSTEIN'S MOTHER: ""But it's your senior picture. Can't you do something about your hair? Styling gel, mousse, any ...",16330347,fashionable grooming or dressing; being stylish,appearance,casual_conversation,false,
styling,13772764802,2010-05-11,Lamborghini Sports Cars – Automotive Legends Both in Styling and ... http://bit.ly/aypazG,127359454,fashionable grooming or dressing; being stylish,appearance,article_sharing,false,
styling,13772898145,2010-05-11,leprechaun St. Patricks Day Styling Tips  Dress Sexy in Irish Green  Look  ;O http://bit.ly/dwI3GX,113374832,fashionable grooming or dressing; being stylish,appearance,article_sharing,false,
styling,13773088306,2010-05-11,ListBox Styling (Part 3 - Additional Templates) in Expression Blend & Silverlight - CodeProject:  http://bit.ly/bbKjAX,91771094,fashionable grooming or dressing; being stylish,appearance,article_sharing,false,
styling,13773099575,2010-05-11,hair styling programs http://bit.ly/cRU7t4   [Office Physical and Mental Health] PAO Helps with Hump Day,137123674,fashionable grooming or dressing; being stylish,appearance,fashion_beauty,false,
styling,13773111677,2010-05-11,@Dani8ward I was about to see where u were. Hope she looks that hot- they've had some pretty av styling in the past,47858397,fashionable grooming or dressing; being stylish,appearance,casual_conversation,false,
styling,13773367034,2010-05-11,"""Hamann BMW 5-Series GT with Improved Performance and Styling"" -http://tinyurl.com/277t93n",41542060,fashionable grooming or dressing; being stylish,appearance,article_sharing,false,
styling,13773712319,2010-05-11,Hair styling products are great for turning a bad haircut into a passable do.,53787518,fashionable grooming or dressing; being stylish,appearance,fashion_beauty,false,
styling,13773728350,2010-05-11,KEVIN MURPHY styling http://snipr.com/w4zid,115012136,fashionable grooming or dressing; being stylish,appearance,article_sharing,false,
styling,13773747578,2010-05-11,"Got told by a world class fashion magazine, interested in shooting me, that styling curvy women was, 'difficult.' Is that not body fascism?",28559213,fashionable grooming or dressing; being stylish,appearance,fashion_beauty,false,
styling,14390813599,2010-05-20,@XquizitScorpio lol I'm actually looking at make-up and hair styling tutorials!!,81926130,fashionable grooming or dressing; being stylish,appearance,fashion_beauty,false,
styling,14390818290,2010-05-20,"@SexyCatWoman2 I'm not great at styling, maybe I can give you tips one day, I'm at @Stark_Tony's house at the moment...",139403219,fashionable grooming or dressing; being stylish,appearance,casual_conversation,false,
styling,14390820174,2010-05-20,RT @OfficialSylver: RT @PlayazCircle Since I write verses n my head is that the same thing as free styling?&lt;~ (cont) http://tl.gd/1d7hk5,48100173,fashionable grooming or dressing; being stylish,appearance,music_discussion,false,
styling,14390843281,2010-05-20,My cousin just did her first magazine shoot styling...she always had style and often looked up to her. Now we in this business together!,29538492,fashionable grooming or dressing; being stylish,appearance,fashion_beauty,false,
styling,14390927240,2010-05-20,Thinking about #knitting a #vintage sweater for fall. I guess tweed #yarn is good for vintage styling? Love this green! http://bit.ly/apyOhh,38381745,fashionable grooming or dressing; being stylish,appearance,article_sharing,false,
styling,14391151073,2010-05-20,blogging: IN MY NEXT LIFE...: I want to be the chick who gets to do this for a living...Styling for J.Crew while t... http://bit.ly/9pGA2Q,14241704,fashionable grooming or dressing; being stylish,appearance,article_sharing,false,
styling,14391164882,2010-05-20,RT @OfficialSylver: RT @PlayazCircle Since I write verses n my head is that the same thing as free styling?&lt;~ (cont) http://tl.gd/1d7jan,48100173,fashionable grooming or dressing; being stylish,appearance,music_discussion,false,
styling,14391273650,2010-05-20,"Gettin @PatrickTCooper ready for this fashion show at Tongue and Groove, shouts out to @MukoroBespoke for styling oit all!",30463079,fashionable grooming or dressing; being stylish,appearance,fashion_beauty,false,
styling,14391284367,2010-05-20,"LAVA MOON will be entertaining you our Hawai'ibilly ALoha Rock Paniolo Styling @ Paiute Palace, Bishop, CA.",16394690,fashionable grooming or dressing; being stylish,appearance,casual_conversation,false,
styling,14391285063,2010-05-20,@TheSIRofSMC how did I miss this compliment! Thx;) And appreciate the styling from Solemates! I hope I made the ppl proud.,70484886,fashionable grooming or dressing; being stylish,appearance,casual_conversation,false,
styling,15127806231,2010-05-31,"Update: Nexxus Designing Texxtur High Fashion Styling Creme, 5.1 fl oz http://bit.ly/a1rw8f",120323692,fashionable grooming or dressing; being stylish,appearance,fashion_beauty,false,
styling,15128028595,2010-05-31,10 Hair styling products that will make bad hair days disappear http://w.sns.ly/qyD40,50375322,fashionable grooming or dressing; being stylish,appearance,fashion_beauty,false,
styling,15128125753,2010-05-31,RT @lmgtfy: We just published some styling updates to match the new Google look-n-feel http://lmgtfy.com/,42946409,fashionable grooming or dressing; being stylish,appearance,casual_conversation,false,
styling,15128231233,2010-05-31,"Created a new Styling Studio, ""sidabriuke58"", on Stardoll. You should have a look! http://bit.ly/94TG8V",130818924,fashionable grooming or dressing; being stylish,appearance,article_sharing,false,
styling,15128265295,2010-05-31,Nate is styling today. http://twitpic.com/1stvr6,81727459,fashionable grooming or dressing; being stylish,appearance,article_sharing,false,
styling,15128345151,2010-05-31,"Free styling with Jhad and PhilItUp on the road still, fuck traffic. Happy memorial day",23254083,fashionable grooming or dressing; being stylish,appearance,music_discussion,false,
styling,15128346534,2010-05-31,RT @Designrfix Creating 10 Javascript Techniques Using Pure CSS Styling http://bit.ly/ch5r17,19687246,fashionable grooming or dressing; being stylish,appearance,casual_conversation,false,
styling,15128364908,2010-05-31,Creating 10 Most-Used Javascript Techniques Using Pure CSS Styling | DevSnippets http://bit.ly/b5vLb4,79216018,fashionable grooming or dressing; being stylish,appearance,article_sharing,false,
styling,15128393180,2010-05-31,Creating 10 Most-Used Javascript Techniques Using Pure CSS Styling from DevSnippets.com http://goo.gl/5NbD,122441418,fashionable grooming or dressing; being stylish,appearance,article_sharing,false,
styling,17130398846,2010-06-27,RT @gorgeousmag: RT @CRoman_Styles: WoopWoop ! Look Out for the Next @gorgeousmag issue with @_ETaylor_ Modeling & ME Styling. #TooDope !,102316374,fashionable grooming or dressing; being stylish,appearance,fashion_beauty,false,
styling,17130453539,2010-06-27,"@StoreCrowd store called ""Oh My God What Happened & What Should I Do"" makes my styling foo harder.",16584810,fashionable grooming or dressing; being stylish,appearance,casual_conversation,false,
styling,17130483635,2010-06-27,Available at SalonBrandOnline.com http://salonbrandonline.com/catalog/product/view/id/3941 Sexy Hair Organics Styling Creme 5.1 oz,143551258,fashionable grooming or dressing; being stylish,appearance,article_sharing,false,
styling,17130752438,2010-06-27,"@YOJayMartin Its like, ex-squeeze me, but have you heard of styling gel?",102693093,fashionable grooming or dressing; being stylish,appearance,casual_conversation,false,
styling,17130796881,2010-06-27,@UCanCallmeLA is free styling. Yay.,121972827,fashionable grooming or dressing; being stylish,appearance,music_discussion,false,
styling,17130810045,2010-06-27,"2011 Honda Accord: Better fuel economy, updated styling http://bit.ly/cXDlMT",54590559,fashionable grooming or dressing; being stylish,appearance,article_sharing,false,
styling,17130880832,2010-06-27,The Maxiglide Hair Straightener Makes Hair Styling Effortless Through a Steam Burst System http://tinyurl.com/23hunzf,17025874,fashionable grooming or dressing; being stylish,appearance,fashion_beauty,false,
styling,17130891798,2010-06-27,The Maxiglide Hair Straightener Makes Hair Styling Effortless Through a Steam Burst System http://tinyurl.com/2e7ggrq http://fb.me/BXfp3Un3,17025874,fashionable grooming or dressing; being stylish,appearance,fashion_beauty,false,
styling,17131036116,2010-06-27,Find a hair styling gel for men &#34;can be difficult. Th...  http://hairstylingstuffs.info/hair_stuff/men%27s-hairstyles/,84613935,fashionable grooming or dressing; being stylish,appearance,fashion_beauty,false,
styling,17131120977,2010-06-27,"e-styling.info Topshop Amazon Glitter in Gilt: Topshop Amazon Glitter in Gilt, $12.
How would you rock this?

© Ka... http://bit.ly/d57Rxv",117507290,fashionable grooming or dressing; being stylish,appearance,article_sharing,false,
styling,18497915900,2010-07-14,"Created a new Styling Studio, ""Glam in the city:)"", on Stardoll. You should have a look! http://bit.ly/9u7869",120342269,fashionable grooming or dressing; being stylish,appearance,article_sharing,false,
styling,18497935610,2010-07-14,@littlexboexpeep Cuz I'm styling on you.,27093165,fashionable grooming or dressing; being stylish,appearance,casual_conversation,false,
styling,18497947634,2010-07-14,@GurjitP It was really good! They did a great job styling each segment. :) It wasn't as hot in there this time which was kind of nice!,24211668,fashionable grooming or dressing; being stylish,appearance,casual_conversation,false,
styling,18498608948,2010-07-14,"@NathanaelB Confluence support docs say yes, feature since V2.1! http://confluence.atlassian.com/display/DOC/Styling+Confluence+with+CSS",17439480,fashionable grooming or dressing; being stylish,appearance,casual_conversation,false,
styling,18498673337,2010-07-14,Aw You Mad Cause I'm Styling On You.....,30902629,fashionable grooming or dressing; being stylish,appearance,commenting,false,
styling,18499183276,2010-07-14,@longzheng did you ever figure out that GlowRect ProgressBar styling thing?,11577,fashionable grooming or dressing; being stylish,appearance,casual_conversation,false,
styling,18499261181,2010-07-14,"WEDNESDAYS HUSTLE 3 COUNTS, COME OUT AND 
LEARN STYLING, FOOT POSITIONS, LEADING AND FOLLOWING AND 
MORE...TIME:... http://fb.me/xZDW93l6",114687353,fashionable grooming or dressing; being stylish,appearance,article_sharing,false,
styling,18499344284,2010-07-14,5 star Review on Straight Making No Frizz Styling Jumbo: Really Works!!! bought this to block humidity and keep my curl http://bit.ly/d69upo,160654832,fashionable grooming or dressing; being stylish,appearance,article_sharing,false,
styling,18499493243,2010-07-14,"@JakeyBaby1 I did actually! and if im being honest with you we differ in musical styling, but i really enjoyed it! I wanted to know more",33962576,fashionable grooming or dressing; being stylish,appearance,music_discussion,false,
styling,18499510125,2010-07-14,Baccarat Linc (Series 2110) Chrome with Gold Facet – 22 x 9.5: Baccarat Linc wheels feature 6-spoke styling and ch... http://bit.ly/cD1lPg,130467602,fashionable grooming or dressing; being stylish,appearance,article_sharing,false,
styling,18909524240,2010-07-19,@miniems lol get started on your styling assignment!! *angry moo face*,33838398,fashionable grooming or dressing; being stylish,appearance,casual_conversation,false,
styling,18909751810,2010-07-19,"Be inspired by French Farmhouse styling. Bring relaxed, sophisticated style to your décor. http://interiorinstyle.blogspot.com/",43449880,fashionable grooming or dressing; being stylish,appearance,article_sharing,false,
styling,18909842068,2010-07-19,"lol wow Taemin has had a lot a styling gel for such a tacky hairstyle...or, I really HOPE that's gel.",58879480,fashionable grooming or dressing; being stylish,appearance,commenting,false,
styling,18910188157,2010-07-19,My Theme - I’m trying out a new theme for my page; liking the Bokeh styling. What do you think? Stick with... http://tumblr.com/x56dr7idt,21647727,fashionable grooming or dressing; being stylish,appearance,article_sharing,false,
styling,18910247712,2010-07-19,Saw Empire of the Sun at Latitude. Imagine Shane Warne going to a fancy dress party as a new romantic and you've got the styling. Not good!,84339391,fashionable grooming or dressing; being stylish,appearance,commenting,false,
styling,18910261851,2010-07-19,Romantic styling da world,166555919,fashionable grooming or dressing; being stylish,appearance,commenting,false,
styling,18910339552,2010-07-19,Wig styling =D,54232838,fashionable grooming or dressing; being stylish,appearance,commenting,false,
styling,18910536108,2010-07-19,photographs arturo alera II styling eunicena model warren macalintal black chained necklace | earrings... http://tumblr.com/x27dr7vit,88463678,fashionable grooming or dressing; being stylish,appearance,article_sharing,false,
styling,18910783830,2010-07-19,Win 2 Fabulous @Misikko Hair Styling Products From @TwoClassyChics Blog! Enter http://bit.ly/aQ0ktE US & Canada - Ends 7-28 #Giveaways,107879781,fashionable grooming or dressing; being stylish,appearance,fashion_beauty,false,
styling,18910795837,2010-07-19,"RT @LOCKandMANE We took your advice. When we hit 3,000 followers we'll give away a styling tool winner's choice! http://ow.ly/1sO1w",39876380,fashionable grooming or dressing; being stylish,appearance,casual_conversation,false,
styling,18963815942,2010-07-20,New Article: Women Jeans Guide Latest Stylin... http://jeans.saferonlinestore.com/womens-jeans/women-jeans-guide-latest-styling-and-trends/,153857025,fashionable grooming or dressing; being stylish,appearance,article_sharing,false,
styling,18964063936,2010-07-20,Best small-SUV buys for under $25k: ... go-anywhere rugged performance and styling and a close relative of the Ford Escape. A huge $40...,73692446,fashionable grooming or dressing; being stylish,appearance,commenting,false,
styling,18964153740,2010-07-20,"Best Styling Products: Finding good hair products isn't easy! Lots of trial, error,
and frustration can be involve... http://bit.ly/dCbFIv",91121713,fashionable grooming or dressing; being stylish,appearance,article_sharing,false,
styling,18964182187,2010-07-20,"Exterior auto accessories may consist of styling body kits, bike racks, ski racks etc. http://dld.bz/mNXY",138170178,fashionable grooming or dressing; being stylish,appearance,article_sharing,false,
styling,18964188785,2010-07-20,#WatDoYouDo Wen You Love SumOne ^6ut Dey Dead ^6e Styling,94519085,fashionable grooming or dressing; being stylish,appearance,commenting,false,
styling,18964237116,2010-07-20,@TheKirkKelley I actually deleted my modelmayhem page 4 styling.It was under declectic styling. 90% of my modeling port is styled by me.,22216890,fashionable grooming or dressing; being stylish,appearance,fashion_beauty,false,
styling,18964317810,2010-07-20,Thanks about to open them now ☺ RT @DiVine_Styling: @LadyShiv Hey Sis you have 3 new emails waiting for you!  http://myloc.me/9tpmx,30262791,fashionable grooming or dressing; being stylish,appearance,casual_conversation,false,
styling,18964350645,2010-07-20,"cathrynrose throwback - [graceland, 2008] model: eleanor swede styling: allison rosenbloom & rachel wittle... http://tumblr.com/x29dsy367",81302053,fashionable grooming or dressing; being stylish,appearance,article_sharing,false,
styling,18964353830,2010-07-20,"To be even greener than we are, if you use Kevin Murphy styling products (motion lotion, anti-gravity, bodyguard,... http://fb.me/BSmgBdkq",87294563,fashionable grooming or dressing; being stylish,appearance,article_sharing,false,
styling,18964487512,2010-07-20,"Check out our Makeup Styling Workshops. 

One-to-Ones would be a great present or our Group Workshops would make... http://fb.me/DaYxAftw",31057648,fashionable grooming or dressing; being stylish,appearance,fashion_beauty,false,
styling,20095936871,2010-08-01,"only thing left on #Wordpress theme is fixing display on the category pages, and styling posts based on content. Feel so accomplished!",10196742,fashionable grooming or dressing; being stylish,appearance,commenting,false,
styling,20095966652,2010-08-01,"25 Beautiful Image Styling Tutorials With CSS,jQuery http://url4.eu/6fljF",56670349,fashionable grooming or dressing; being stylish,appearance,article_sharing,false,
styling,20096063279,2010-08-01,"RT @LOCKandMANE We took your advice When we hit 3,000 followers well give away styling tool of winner's choice http://ow.ly/1sO1w",46538393,fashionable grooming or dressing; being stylish,appearance,casual_conversation,false,
styling,20096316984,2010-08-01,@nigerianphinest Um sir styling is my expertise.......I'll get ya gear on pt for the ladies....hollaaaa,77043442,fashionable grooming or dressing; being stylish,appearance,casual_conversation,false,
styling,20096623207,2010-08-01,Looking forward to our up and coming project on Tuesday... Styling for the fabulous @SharnezRitchie's blog shoot! So exciting woo!!,72839232,fashionable grooming or dressing; being stylish,appearance,fashion_beauty,false,
styling,20096765835,2010-08-01,"Hair Care : Nexxus Exxtra Hair Gel Super Hold Styling Sculptor - 8.5 OZ (Health and Beauty) newly tagged ""hai... http://amzn.to/cZ3jWD news",164581972,fashionable grooming or dressing; being stylish,appearance,article_sharing,false,
styling,20096778495,2010-08-01,"RT @LOCKandMANE RT to win! When we hit 3,000 followers we'll give away a styling tool of winner's choice! http://ow.ly/262YA",27073309,fashionable grooming or dressing; being stylish,appearance,casual_conversation,false,
styling,20096947567,2010-08-01,RT @StylingYou: Good morning!  Head to Styling You for our latest giveaway. Nokia E72 Amethyst + Ginger&Smart leather pouch. Good luck!  ...,57476383,fashionable grooming or dressing; being stylish,appearance,casual_conversation,false,
styling,20097113156,2010-08-01,I have a photoshoot with @ashbo0gie next sunday #geeked and I will be styling my own outfits,40777127,fashionable grooming or dressing; being stylish,appearance,fashion_beauty,false,
styling,20097675308,2010-08-02,My ain't in here free styling. Ctfu! She is funny,116649338,fashionable grooming or dressing; being stylish,appearance,music_discussion,false,
styling,20154580237,2010-08-02,RT @dianarikasari: Girls! I'll be competing against 3 fellow bloggers in a styling competition held by Mango...woah!! Super excited! ... ...,23097206,fashionable grooming or dressing; being stylish,appearance,casual_conversation,false,
styling,20154630617,2010-08-02,Sukses yah di :D RT @dianarikasari: Girls! I'll be competing against 3 fellow bloggers in a styling competition http://bit.ly/aVVMHs,19225090,fashionable grooming or dressing; being stylish,appearance,casual_conversation,false,
styling,20154681988,2010-08-02,Saturday Giveaway! Living Proof Straight Making Styling System http://tinyurl.com/2coecd5,58560904,fashionable grooming or dressing; being stylish,appearance,article_sharing,false,
styling,20154705407,2010-08-02,PUREOLOGY by Pureology(UNISEX) - 19.00 USD: STYLING LOTION OZ Brand:PUREOLOGY http://bit.ly/aeCG5J,90209233,fashionable grooming or dressing; being stylish,appearance,article_sharing,false,
styling,20154729322,2010-08-02,"RT @spicydesign: 25 Beautiful Image Styling Tutorials With CSS,jQuery: 
        
 http://bit.ly/cUSGBW",64971376,fashionable grooming or dressing; being stylish,appearance,casual_conversation,false,
styling,20154738932,2010-08-02,"#WIN a Black Karmin G3 Salon Pro Hair Flat Styling Iron from @ContestQueen http://bit.ly/cQvqKM 0pen CAN & US, ends AUG 15, please RT",132688894,fashionable grooming or dressing; being stylish,appearance,casual_conversation,false,
styling,20154828309,2010-08-02,August 2010 MARKTBeauty Cover Girl Lea Michele. Hair by Mark Townsend. Make-up by Jake Bailey. Styling by Estee... http://fb.me/F6cUJEVi,115167053,fashionable grooming or dressing; being stylish,appearance,article_sharing,false,
styling,20154901605,2010-08-02,I think you should post a pic ;o) LOL RT @missfeb06 My daughter is styling my hair. If you saw the makeup job you would be scared 2!,23420024,fashionable grooming or dressing; being stylish,appearance,fashion_beauty,false,
styling,20154938903,2010-08-02,@AJMukamal are you full fledge styling now??!,27344122,fashionable grooming or dressing; being stylish,appearance,casual_conversation,false,
styling,21512152531,2010-08-18,#drogerie #1: Wella Styling Mousse extra strong control 500 ml: Wella Styling Mousse extra strong control 500 ml ... http://amzn.to/bpzBdn,155919219,fashionable grooming or dressing; being stylish,appearance,article_sharing,false,
styling,21512192598,2010-08-18,RT @Motor_Trend: 2010 Acura ZDX Long Term Arrival - Sports Car SUV with Space-Race Styling http://bit.ly/9na7wV #Acura,115773894,fashionable grooming or dressing; being stylish,appearance,casual_conversation,false,
styling,21512221871,2010-08-18,Enter to #win Karmin G3 Salon Pro Hair Styling Iron ($129) Giveaway http://www.momswearyourtees.blogspot.com,92356909,fashionable grooming or dressing; being stylish,appearance,fashion_beauty,false,
styling,21512387081,2010-08-18,"Adding information, images & styling my @Virb website. #Loving",73717974,fashionable grooming or dressing; being stylish,appearance,casual_conversation,false,
styling,21512501530,2010-08-18,Rainbow Styling!!!,55132997,fashionable grooming or dressing; being stylish,appearance,commenting,false,
styling,21512546668,2010-08-18,New POST in 20 min 『Styling sl』 Fab.Pony FreshSimOpening 03:41 am http://bit.ly/9Tg1Mf #slfeed,129430093,fashionable grooming or dressing; being stylish,appearance,article_sharing,false,
styling,21512663667,2010-08-18,"Fashion Styling Program Launches at Cal State LA on September 27. 9 Courses, 8 Weeks, $350-$425 per class.

Visit... http://fb.me/FxnsgFsf",16043887,fashionable grooming or dressing; being stylish,appearance,fashion_beauty,false,
styling,21512689742,2010-08-18,Another #twistset...Love styling #naturalhair...Holla!!!,111897522,fashionable grooming or dressing; being stylish,appearance,commenting,false,
styling,21612511307,2010-08-19,Hair Styling Tools http://bit.ly/d2qXW6,110050347,fashionable grooming or dressing; being stylish,appearance,fashion_beauty,false,
styling,21612575816,2010-08-19,"Enter to #win FHI Heat's 1""    Pink GO Styling Iron #giveaway ( $79.99 Value ) @SurveyJunky Ends 8/31 www.sjunkie.com",126113450,fashionable grooming or dressing; being stylish,appearance,casual_conversation,false,
styling,21612630648,2010-08-19,"CHECK OUT KELACALA Q in FADER MAG - ISSUE #69- COLOMBIANOS
photog: ANDREW DOSUNMU  styling: MOBOLAJI DAWODU
@thefader www.fadermagazine.com",152305172,fashionable grooming or dressing; being stylish,appearance,casual_conversation,false,
styling,21612673107,2010-08-19,#style #fashion: Fiction Couture: bold & modern styling - Posted in Fashion &raquo; Fashion Blog &raquo; Fashion Pic... http://ht.ly/18E4Ly,173757461,fashionable grooming or dressing; being stylish,appearance,fashion_beauty,false,
styling,21612681260,2010-08-19,Fiction Couture: bold & modern styling: Posted in Fashion » Fashion Blog » Fashion Pictures » Fashion PictureIn a ... http://bit.ly/bK1KO2,88987206,fashionable grooming or dressing; being stylish,appearance,fashion_beauty,false,
styling,21612681585,2010-08-19,Fiction Couture: bold & modern styling: Posted in Fashion » Fashion Blog » Fashion Pictures » Fashion PictureIn a ... http://bit.ly/cvlEzg,88987206,fashionable grooming or dressing; being stylish,appearance,fashion_beauty,false,
styling,21612745276,2010-08-19,Auto body shop had autographed photos of old LA Raiders on the walls.  Styling pic of Tim Brown in acid wash jean jacket and Zubaz pants.,15844342,fashionable grooming or dressing; being stylish,appearance,commenting,false,
styling,21612969143,2010-08-19,DavidEikon.com: Fiction Couture: bold &amp; modern styling http://bit.ly/aCEzv7,75075234,fashionable grooming or dressing; being stylish,appearance,article_sharing,false,
styling,22836100244,2010-09-02,"Today's motorbike has front wheel drive, rear wheel steering, Syd Mead-style styling, and is daft. http://bit.ly/9lxxA3",42088842,fashionable grooming or dressing; being stylish,appearance,article_sharing,false,
styling,22836383236,2010-09-02,your styling bubz. please meet me? robert. — Haha sure :) http://4ms.me/bKN6wN,29667222,fashionable grooming or dressing; being stylish,appearance,article_sharing,false,
styling,22836421140,2010-09-02,"Anyone in LA needing alterations, mending, styling and custom clothing orders I'm your lady ♥ Inbox all LEGITIMATE requests thanku :)",137462082,fashionable grooming or dressing; being stylish,appearance,commenting,false,
styling,22836551170,2010-09-02,Wrapping up a styling meeting. Then off for a much needed mani pedi. Any favorite West Village nail salons I should try?,55109108,fashionable grooming or dressing; being stylish,appearance,commenting,false,
styling,22836602691,2010-09-02,"WEN BY CHAZ DEAN SWEET ALMOND CONDITIONER,STYLING CREME,INTENSIVE HAIR TREATMENT,TEXTURE BALM,WIDE TOOTH SHOWER CO... http://bit.ly/aYKpCy",160110783,fashionable grooming or dressing; being stylish,appearance,article_sharing,false,
styling,22836848222,2010-09-02,Purple dots pink spots and a bouquet  http://t.co/Ef4tCkU #wolford tights HOT or NOT #styling tips welcome ; ),121787086,fashionable grooming or dressing; being stylish,appearance,article_sharing,false,
styling,22836959413,2010-09-02,#fashion#pictures Editorial | Xenia For ALL Magazine: All Magazine (Istanbul) Shot by: Sedef Delen Styling by: Nazli... http://dlvr.it/4d2Dd,175843397,fashionable grooming or dressing; being stylish,appearance,fashion_beauty,false,
styling,22836988718,2010-09-02,"My first day went GREAT!!! I got to try-on ALL of there clothes (for styling purposes of course)!!! Ahh, I Love My Job!!! :D",29143762,fashionable grooming or dressing; being stylish,appearance,commenting,false,
styling,22837041345,2010-09-02,My next Fit Session will be at The Styling Event next Saturday!!,29143762,fashionable grooming or dressing; being stylish,appearance,commenting,false,
styling,22837115288,2010-09-02,FlashMint 2030 Hair styling salon flash template: FlashMint 2030 Hair styling salon flash… http://goo.gl/fb/tvckL,169727469,fashionable grooming or dressing; being stylish,appearance,fashion_beauty,false,
styling,22852565217,2010-09-03,"@EmpressEricka You styling on my cookery, lol.",20407931,fashionable grooming or dressing; being stylish,appearance,casual_conversation,false,
styling,22852746418,2010-09-03,$5.75  -- Living Proof No Frizz 3.4oz wave/curl styling spray NEW http://item.ebay.com/300462839986,141483728,fashionable grooming or dressing; being stylish,appearance,article_sharing,false,
styling,22852848684,2010-09-03,Since when did growing ur hair out and styling it become so complicated!?!? Lol http://twitpic.com/2kp4nh,44711716,fashionable grooming or dressing; being stylish,appearance,article_sharing,false,
styling,22853121085,2010-09-03,"RT @LOCKandMANE We took your advice. When we hit 3,000 followers we'll give away a styling tool winner's choice! http://ow.ly/1sO1w /",45900730,fashionable grooming or dressing; being stylish,appearance,casual_conversation,false,
styling,22853191842,2010-09-03,"Hi Guys, we have a styling opportunity on Monday 13th Sept at 10am in Prahran. Need makeup (and hair if possible)... http://fb.me/EaLGtOZw",87098751,fashionable grooming or dressing; being stylish,appearance,fashion_beauty,false,
styling,22853232385,2010-09-03,"Supercar Recall: Ferrari 458 Italia Fire Fix: Pininfarina styling, a 570 horsepower from a 4.5 liter V-12 powerpla... http://bit.ly/9AhO0H",37092824,fashionable grooming or dressing; being stylish,appearance,article_sharing,false,
styling,22853242791,2010-09-03,"Freebie Friday: Only One More Day To Win An InStyler, The Ultimate Hair Styling Tool http://bit.ly/9CJgkP",113762386,fashionable grooming or dressing; being stylish,appearance,fashion_beauty,false,
styling,22853389148,2010-09-03,"Express Yourself: ACU students show off their personal styling.: “As you know in fashion, one day you're in, and t... http://bit.ly/csxrFq",135980254,fashionable grooming or dressing; being stylish,appearance,fashion_beauty,false,
styling,22853403965,2010-09-03,#Win the Infiniti Pro STYLING TOOL @Conair_Hair @Jennifer_Marek (US & CA ) #dryer #hair #beauty #contest http://bit.ly/byo4EC,118121542,fashionable grooming or dressing; being stylish,appearance,casual_conversation,false,
styling,26689860678,2010-10-07,Still Open! Enter To Win The Wave Artist Styling Iron by Bed Head! http://bit.ly/9KEC2v Great Chances! Please Enter and RT!,59884116,fashionable grooming or dressing; being stylish,appearance,article_sharing,false,
styling,26689877191,2010-10-07,Enjoying my coffee while creating new client profiles for personal styling - Also planning next weeks races fashion showcase for Myer :-),28089308,fashionable grooming or dressing; being stylish,appearance,fashion_beauty,false,
styling,26689913894,2010-10-07,"RT @LOCKandMANE RT to win! When we hit 3,000 followers we'll give away a styling tool of winner's choice! http://ow.ly/2cq5v",106710569,fashionable grooming or dressing; being stylish,appearance,casual_conversation,false,
styling,26689984486,2010-10-07,RT @lukew: Styling input field placeholder text: http://bit.ly/9gJYeS (via @MobileWebKit),22988343,fashionable grooming or dressing; being stylish,appearance,casual_conversation,false,
styling,26690129642,2010-10-07,"Blizzards and bling, style and styling: Good reads on t... - http://fwix.com/a/298_ef344a3e0d",190399131,fashionable grooming or dressing; being stylish,appearance,article_sharing,false,
styling,26690274398,2010-10-07,Rediscovering hair styling. I used to be really into putting my hair in twists and rolls and braids! #thenIforgot,14735011,fashionable grooming or dressing; being stylish,appearance,fashion_beauty,false,
styling,26690279696,2010-10-07,10/13 Enjoy Styling Tips and British Food & Music at the Burberry Handbag Event http://bit.ly/bXGqLa,55963801,fashionable grooming or dressing; being stylish,appearance,music_discussion,false,
styling,26690765319,2010-10-07,"@edbott No-one cares about literal ""HTML 5"". On its own, it doesn't do anything useful--it doesn't even have scripting or styling!",11375732,fashionable grooming or dressing; being stylish,appearance,casual_conversation,false,
styling,26690976953,2010-10-07,@lorenisaac see you there cuz.... oh yeah i found my old takoma year year book and guess who was in there styling on em... lol,18048341,fashionable grooming or dressing; being stylish,appearance,casual_conversation,false,
styling,26691105673,2010-10-07,Seriously your styling is amazing!!! So proud @MiaStyleGirl everyone check out miatucker.com,55619276,fashionable grooming or dressing; being stylish,appearance,casual_conversation,false,
styling,26787153579,2010-10-08,#Praktikum in der #Online- #Redaktion - #Ressort #Mode #Beauty & #Styling #jobs #Frankfurt #Hessen http://ow.ly/2QRQf,64682417,fashionable grooming or dressing; being stylish,appearance,article_sharing,false,
styling,26787154125,2010-10-08,#Praktikum in der #Online- #Redaktion - #Ressort #Mode #Beauty & #Styling #jobs #Frankfurt #Hessen http://ow.ly/2QRRt,102625628,fashionable grooming or dressing; being stylish,appearance,article_sharing,false,
styling,26787175258,2010-10-08,omg...3 more hours to go. but im styling a fashion show nxt week. and i have auditions tonight for another one,35612846,fashionable grooming or dressing; being stylish,appearance,fashion_beauty,false,
styling,26787354699,2010-10-08,Enjoyed styling this pretty chica's hair! --&gt; @A_taste_of_jas,27735706,fashionable grooming or dressing; being stylish,appearance,casual_conversation,false,
styling,26787354917,2010-10-08,"[News] Beastly idol BEAST VS Sweet idol SHINee, the contrast styling to win the hearts of women:  If the recent is... http://bit.ly/df8JCd",198187057,fashionable grooming or dressing; being stylish,appearance,article_sharing,false,
styling,26787355086,2010-10-08,"[News] Beastly idol BEAST VS Sweet idol SHINee, the contrast styling to win the hearts of women http://tinyurl.com/275qf2o #dkpopnews",42856366,fashionable grooming or dressing; being stylish,appearance,article_sharing,false,
styling,26787389064,2010-10-08,"RT @dkpopnews: [News] Beastly idol BEAST VS Sweet idol SHINee, the contrast styling to win the hearts of women http://tinyurl.com/275qf2 ...",43052262,fashionable grooming or dressing; being stylish,appearance,casual_conversation,false,
styling,26787455272,2010-10-08,Found one of our e-shoots featured on @ThriftyinWhite blog. We did the styling for the bride and groom. http://bit.ly/cK3bgN,107323380,fashionable grooming or dressing; being stylish,appearance,fashion_beauty,false,
styling,27006808031,2010-10-11,Check out the Bed Head Styling Wave Artist Giveaway http://bit.ly/bEl2R3 from Laughing Lindsay @89linz & @BedHeadStyling,37133680,fashionable grooming or dressing; being stylish,appearance,casual_conversation,false,
styling,27006881177,2010-10-11,Karen Cheng's Fashion and Life » Blog Archive » Styling Carrie for ...: Only 300 of those 300000000 Americans are ... http://bit.ly/9foNHC,77867352,fashionable grooming or dressing; being stylish,appearance,fashion_beauty,false,
styling,27006959509,2010-10-11,2011 Volkswagen Eos Styling Update Revealed - http://newzfor.me/?8if9,111571218,fashionable grooming or dressing; being stylish,appearance,article_sharing,false,
styling,27007104496,2010-10-11,Un gallito y el Rainbow Styling!,55132997,fashionable grooming or dressing; being stylish,appearance,commenting,false,
styling,27007119565,2010-10-11,RT @MackaDiamond1: Hair styling by kiesha platinum lol http://plixi.com/p/49991598 ¤keisha is my gurlll,21620176,fashionable grooming or dressing; being stylish,appearance,fashion_beauty,false,
styling,27007130349,2010-10-11,All this love: RAINBOW STYLING!,55132997,fashionable grooming or dressing; being stylish,appearance,commenting,false,
styling,27007189833,2010-10-11,is watching Game Day on the NFL Network and wondering who in the heck is styling Deon and Michael Irvin #dicktracysuits #epicfail,61110037,fashionable grooming or dressing; being stylish,appearance,commenting,false,
styling,27007231700,2010-10-11,http://www.youtube.com/watch?v=S1BhGurqSsA&lt;------ new Supreme Styling Vid,186840854,fashionable grooming or dressing; being stylish,appearance,article_sharing,false,
styling,27860228376,2010-10-19,i'm just going thru my port on my FB styling page. they should really tell me when ppl comment on my pics!,29053821,fashionable grooming or dressing; being stylish,appearance,commenting,false,
styling,27860273784,2010-10-19,Just got a styling emergency called from a client that I need to come and rescue her.,40181622,fashionable grooming or dressing; being stylish,appearance,commenting,false,
styling,27860279822,2010-10-19,e-styling.info Fashion Sale:A Pea in the Pod Collection: Rachel Pally Strapless Knot Front Maternity Maxi Dress Re... http://bit.ly/95XNny,117507290,fashionable grooming or dressing; being stylish,appearance,fashion_beauty,false,
styling,27860284232,2010-10-19,"e-styling.info Fashion Sale:Rachel Pally Womens Turtleneck Sweater Dress, Heather Gray, Medium: Rachel Pally Women... http://bit.ly/bebR30",117507290,fashionable grooming or dressing; being stylish,appearance,fashion_beauty,false,
styling,27860284503,2010-10-19,e-styling.info Fashion Sale:Franco-Gallia: Franco-Gallia “Excerpt from the book…” Many Books and Papers have been ... http://bit.ly/bixdgo,117507290,fashionable grooming or dressing; being stylish,appearance,fashion_beauty,false,
styling,27860285642,2010-10-19,"e-styling.info Fashion Sale:STEVEN by Steve Madden Women’s Intyce Riding Boot,Cognac,9 M: STEVEN by Steve Madden W... http://bit.ly/91yMZl",117507290,fashionable grooming or dressing; being stylish,appearance,fashion_beauty,false,
styling,27860289299,2010-10-19,"e-styling.info Fashion Sale:Steve Madden Women’s Fauntain Espadrille,Natural Fabric,8.5 M US: Steve Madden Women’s... http://bit.ly/b1hiL2",117507290,fashionable grooming or dressing; being stylish,appearance,fashion_beauty,false,
styling,27860404974,2010-10-19,RT @casiestewart: Today I have my gadgets in this styling bag from @stolenGFclub #nzfw #quityou http://twitpic.com/2z2awb,22144704,fashionable grooming or dressing; being stylish,appearance,casual_conversation,false,
styling,27860436793,2010-10-19,RT @mystylequicktip: Styling Tip: @mystyle fashion editor @sydnesummer shows 3 quick tricks to update your wardrobe for fall in this VID ...,197456540,fashionable grooming or dressing; being stylish,appearance,fashion_beauty,false,
styling,27860437249,2010-10-19,@AJCBuzz we need to see a pic of your hair to determine what chicken-fighting hair-styling looks like,1653991,fashionable grooming or dressing; being stylish,appearance,casual_conversation,false,
styling,28480850487,2010-10-23,Bt in #tamilnadu no need of #gels .. Watr available here have high hardness.. RT @CENTRE_SPIKES: Use Set-Wet styling gel its damn Awesome!!!,147469233,fashionable grooming or dressing; being stylish,appearance,casual_conversation,false,
styling,28480899617,2010-10-23,RT @Links_of_London: Thanks @Stylaura - we love the styling you're doing on The X Factor!  Can't wait to see what the contestants are al ...,21654749,fashionable grooming or dressing; being stylish,appearance,casual_conversation,false,
styling,28481002577,2010-10-23,RT @lemodedujour: @AlexFolzi I love your styling collaborations that you've been doing w/Canadian bloggers like @lilfashionisto & @jessi ...,80681619,fashionable grooming or dressing; being stylish,appearance,fashion_beauty,false,
styling,28481038819,2010-10-23,@Manfred_W love the tshirt..you did a good styling  for that one. score! cute setting in the background.,140817671,fashionable grooming or dressing; being stylish,appearance,casual_conversation,false,
styling,28481292620,2010-10-23,We had a great 'Styling and Smiling' workshop today. With amazing view and food! http://fb.me/CHMM3YHT,92422556,fashionable grooming or dressing; being stylish,appearance,article_sharing,false,
styling,28481489103,2010-10-23,styling by Jayce De`leon.....,99879683,fashionable grooming or dressing; being stylish,appearance,commenting,false,
styling,28481613341,2010-10-23,#Fact... I am super impressed with Citroen's DS brand. Apparently in stands for Different Styling. #NP #AutoMundial,35756948,fashionable grooming or dressing; being stylish,appearance,commenting,false,
styling,28481663739,2010-10-23,"Great deal on Amazon: 'FHI Heat Breast Cancer Awareness Glamour Pack Technique 1"" Styling Iron' by FHI http://amzn.to/9yq4Gr",198093271,fashionable grooming or dressing; being stylish,appearance,article_sharing,false,
styling,28481904180,2010-10-23,"The look book provides details on the styling & outfit, hair & makeup, the posing, the setting and the general theme of the shoot",19278261,fashionable grooming or dressing; being stylish,appearance,fashion_beauty,false,
styling,28482104927,2010-10-23,Fall's bounty of beauty products: The Long Layers Catalyst styling cream from HerCut uses polymers to encourage mo... http://bit.ly/d5Abnl,134887794,fashionable grooming or dressing; being stylish,appearance,fashion_beauty,false,
styling,28683168988,2010-10-25,"RT @VERTICALtampa: Saturday Night Styling Tip: Just do it. Q: Should I wear thigh-high argyles? A: Just do it. And most of all, have fun ...",79555894,fashionable grooming or dressing; being stylish,appearance,casual_conversation,false,
styling,28683374071,2010-10-25,"@LS_LPiddy right now I've got it mocked up in .psd form coded into html, started styling in css and am hopefully moving it into wordpress",15384982,fashionable grooming or dressing; being stylish,appearance,casual_conversation,false,
styling,28683423761,2010-10-25,"Cosmetics - Styling Products: Compare Prices, Reviews & Buy Online ...: Shopping is the best place to comparison s... http://bit.ly/cNMoBw",157176314,fashionable grooming or dressing; being stylish,appearance,article_sharing,false,
styling,28683924284,2010-10-25,About to have a meeting about styling and then studio again tonight. Busy busy busy...,29423886,fashionable grooming or dressing; being stylish,appearance,commenting,false,
styling,28684007314,2010-10-25,"2011 Toyota HiAce Update Brings Power Increase, Improved Safety And Styling Tweaks - http://newzfor.me/?84ty",83000252,fashionable grooming or dressing; being stylish,appearance,article_sharing,false,
styling,28684284875,2010-10-25,"anyone know anybody that wants to get into styling I need an intern, I will pay travel expenses, and they will be able to roll with me :)",21729667,fashionable grooming or dressing; being stylish,appearance,commenting,false,
styling,28684647980,2010-10-25,"RT @AbukJoseph: anyone know anybody that wants to get into styling I need an intern, I will pay travel expenses, (cont) http://tl.gd/6l5s4f",43296847,fashionable grooming or dressing; being stylish,appearance,casual_conversation,false,
styling,28979070117,2010-10-28,@TheStyleInside Like It muchly! #FNI Win a top to toe YBD outfit of your styling! x,116017433,fashionable grooming or dressing; being stylish,appearance,casual_conversation,false,
styling,28979133657,2010-10-28,@jc_styling lol - we'd be a fine bunch at the Goddesses for Good event after an afternoon of that stuff~,19770845,fashionable grooming or dressing; being stylish,appearance,casual_conversation,false,
styling,28979192223,2010-10-28,THE best #FNI styling game online now! Win a top to toe outfit worth £000's! http://t.co/3DZs8sy,116017433,fashionable grooming or dressing; being stylish,appearance,article_sharing,false,
styling,28979261847,2010-10-28,"@myriamthi Excited about our upcoming shopping experience with styling secrets and gourmet food, great interest at my function tonite.",27772829,fashionable grooming or dressing; being stylish,appearance,casual_conversation,false,
styling,28979299657,2010-10-28,Havent gotten a chance to test out the Liese Wave Up styling foam but i am this saturday! Hooray! ,45836969,fashionable grooming or dressing; being stylish,appearance,commenting,false,
styling,28979345603,2010-10-28,Love home decoration and styling. This is a great read for you if youre looking for interior design ideas http://bit.ly/dDyXw5,179856547,fashionable grooming or dressing; being stylish,appearance,article_sharing,false,
styling,28979376997,2010-10-28,Evolution King Sleigh Bed: Evolution King Sleigh BedTraditional styling of the Evolution collection will add class... http://bit.ly/9DnS71,147821338,fashionable grooming or dressing; being stylish,appearance,article_sharing,false,
styling,28979474843,2010-10-28,"Liver pate for breakfast, porridge for lunch, duck confit for afternoon tea. Food styling demands huge sacrifices.",84784902,fashionable grooming or dressing; being stylish,appearance,commenting,false,
styling,28979633331,2010-10-28,Platinum Entourage will blow you away: Platinum offers blowouts and styling for $35 and full makeup for $35. Todd ... http://bit.ly/diNiU2,178043902,fashionable grooming or dressing; being stylish,appearance,fashion_beauty,false,
styling,28979675136,2010-10-28,is looking forward to styling all of the beautiful ladies for Melbourne Cup Day.  Salons are open from 7am to... http://fb.me/y2dCcZOj,101164223,fashionable grooming or dressing; being stylish,appearance,article_sharing,false,
styling,29017960266,2010-10-28,"@linda_astersage Agreed. But great styling is a talent, and like all of 'em, can be cultivated further.",33182767,fashionable grooming or dressing; being stylish,appearance,casual_conversation,false,
styling,29018013340,2010-10-28,Would love love love to interview @DaRealAmberRose for Caribbean magazine @nuwomanbs . Styling her for Indashio's show was so fab!,73994564,fashionable grooming or dressing; being stylish,appearance,casual_conversation,false,
styling,29018042279,2010-10-28,@KatieHollis Styling by Sarah Cav? She's amaaazing!!! ;-),83628164,fashionable grooming or dressing; being stylish,appearance,casual_conversation,false,
styling,29018113167,2010-10-28,The Blood of the Dragon Styling Gel conditions and encourages hair growth while adding hold to your hair!,63278414,fashionable grooming or dressing; being stylish,appearance,commenting,false,
styling,29018141117,2010-10-28,@_DModel_ me too i like;) next time im styling you.,161389658,fashionable grooming or dressing; being stylish,appearance,casual_conversation,false,
styling,29018342891,2010-10-28,Mouseover css menu Building a Forum with Dreamweaver – Part 1: Styling Your Styling Your Forum with CSS In t... http://tinyurl.com/27fr24x,197405008,fashionable grooming or dressing; being stylish,appearance,article_sharing,false,
styling,29018367914,2010-10-28,"Lmao RT @OfficiallyIce: ""I don't know a thing about hair styling. But I can make a finger wave.""",72437480,fashionable grooming or dressing; being stylish,appearance,fashion_beauty,false,
styling,29018383677,2010-10-28,On my way to a very special event ... That I'm styling!!,128094804,fashionable grooming or dressing; being stylish,appearance,commenting,false,
styling,29018644247,2010-10-28,"I need styling ideas, && I don't wear weave so that's cancelled out!",30061821,fashionable grooming or dressing; being stylish,appearance,commenting,false,
styling,29018853683,2010-10-28,Nice styling @UgoMozie :)  http://plixi.com/p/53426420,27114412,fashionable grooming or dressing; being stylish,appearance,casual_conversation,false,
styling,29114154010,2010-10-29,My daughter can finally fir her lil jordans ahhhhh she styling on bitches like she wasn't already,37787449,fashionable grooming or dressing; being stylish,appearance,commenting,false,
styling,29114200245,2010-10-29,Best Price - got2b Spiked Up Styling Gel 2.5 fl oz plastic bottle: got2b Spiked Up Styling Gel 2.5 fl oz plastic b... http://bit.ly/c5czOb,153422826,fashionable grooming or dressing; being stylish,appearance,article_sharing,false,
styling,29114231653,2010-10-29,#CrazyChain has the perfect gifts for your sweeties! www.crazychainlimited.com #fashion #styling #giftshopping #buy,191247949,fashionable grooming or dressing; being stylish,appearance,fashion_beauty,false,
styling,29114233137,2010-10-29,RT @chaneljasmin: See some of my styling on my most recent music video with Maino &gt;&gt; (cont) http://tl.gd/6nddc4,60764489,fashionable grooming or dressing; being stylish,appearance,music_discussion,false,
styling,29114427550,2010-10-29,"@persephonevint damn, this styling is killing it http://bit.ly/cMPoqz ♡",16989899,fashionable grooming or dressing; being stylish,appearance,casual_conversation,false,
styling,29148443789,2010-10-30,I uploaded a YouTube video -- Skinny Cargo Pants - Fashion Styling http://youtu.be/frUOq6vu-CE?a,190247166,fashionable grooming or dressing; being stylish,appearance,fashion_beauty,false,
styling,29148466445,2010-10-30,Can't wait!! RT @JojoBrim: countdown to OMG Tour.. Rehearsals! Videos! Styling! Band! Details Details Details Here ... http://tmi.me/2HM22,18122592,fashionable grooming or dressing; being stylish,appearance,casual_conversation,false,
styling,29148606611,2010-10-30,ON MY WAY TO BNNA CLIPS AND I DON'T THINK YALL READY! I'M STYLING ON EM! @SAMMYSLICE @THECOOLHANDLUKE @IAMJGUS,19935325,fashionable grooming or dressing; being stylish,appearance,casual_conversation,false,
styling,29148652422,2010-10-30,where can i find @Natemz 97xx png icons and are they available for personal use for styling my droid? cheers!,33113323,fashionable grooming or dressing; being stylish,appearance,casual_conversation,false,
styling,29148922718,2010-10-30,OB: Maybelline Brow Styling Gel - TAUPE http://bit.ly/9OJJmP,90187630,fashionable grooming or dressing; being stylish,appearance,article_sharing,false,
styling,29148955297,2010-10-30,#Trigga #Lehgo RT @JojoBrim: countdown to OMG Tour.. Rehearsals! Videos! Styling! Band! Details Details Details.. ... http://tmi.me/2HMFV,30734766,fashionable grooming or dressing; being stylish,appearance,casual_conversation,false,
styling,29149036968,2010-10-30,RT @JojoBrim: countdown to OMG Tour.. Rehearsals! Videos! Styling! Band! Details Details Details.. Here We Go Agian (ppp intro voice)!!!,35831421,fashionable grooming or dressing; being stylish,appearance,casual_conversation,false,
styling,29149183605,2010-10-30,"@flauntomatic any successful biz should have a styling brand, kick ass tag line and sexy website! Ur all that & a bag of chips!",25913405,fashionable grooming or dressing; being stylish,appearance,casual_conversation,false,
styling,29149584512,2010-10-30,#Styling #Gel JOICO Hair Care Curl Definer Creme/Gel 200ml/6... http://www.dropshippers.co.za/G10338154-JOICO-Curl-Definer-Creme-Gel.html,107404847,fashionable grooming or dressing; being stylish,appearance,article_sharing,false,
styling,1277018251464704,2010-11-07,"Win a Karmin G3 Salon Pro Hair Styling Iron, a $130 Value! #Giveaway ends 11/11 @aitmama  #win #contests #hair #beauty http://tiny.cc/asfaj",139155503,fashionable grooming or dressing; being stylish,appearance,fashion_beauty,false,
styling,1277800099094528,2010-11-07,Update: How to Use Hair Styling Tools : Types of Ceramic Flat Irons & Curling Irons http://bit.ly/cJU5B3,195610664,fashionable grooming or dressing; being stylish,appearance,fashion_beauty,false,
styling,1278218527051776,2010-11-07,"RT @ParisHatcher: I wish I can move to ATL & assist or do an internship with @LeahLouie she's the Queen of styling!!! :) &lt;Thx, baby!!",33022719,fashionable grooming or dressing; being stylish,appearance,casual_conversation,false,
styling,1278851963424768,2010-11-07,"love watching muslimah all over the world styling their outfit. Elegant, chick, simple, gipsy style, feminine. Such an eye candy",68649252,fashionable grooming or dressing; being stylish,appearance,commenting,false,
styling,1279698617245697,2010-11-07,Ted Baker London to Unveil Twitter-Operated Styling Studio: http://mashable.com/2010/11/05/take-on-ted/ cc @telegraphe,15792794,fashionable grooming or dressing; being stylish,appearance,casual_conversation,false,
styling,1279854183972864,2010-11-07,Styling Skype Beta for Mac — miekd http://icio.us/xcbqie,2458111,fashionable grooming or dressing; being stylish,appearance,article_sharing,false,
styling,1280202734829568,2010-11-07,@jc_styling nom nom nom. chocolate peanut butter balls make me very nostalgic for my grandmothers and their Christmas baking.,6532522,fashionable grooming or dressing; being stylish,appearance,casual_conversation,false,
styling,1281913461415936,2010-11-07,@xiomarie01 you did a great job on set with the make up and styling the girls... (YouTube http://youtu.be/qQUDCW3WT04?a),138264929,fashionable grooming or dressing; being stylish,appearance,casual_conversation,false,
styling,1282009322229761,2010-11-07,Hair Care &amp; Styling Tips : How to Create Sedu Hairstyles - http://tinyurl.com/37no3oy,42531336,fashionable grooming or dressing; being stylish,appearance,article_sharing,false,
styling,1282443352997888,2010-11-07,@powmerton I think I may be about to move away from the combats and shirt look....I have a friend styling me now!,19966509,fashionable grooming or dressing; being stylish,appearance,casual_conversation,false,
styling,2095476077756416,2010-11-09,"#StylingFiles Be Serious ! Photo Shoots, Styling and the whole 9 takes a lot of time so Be Serious and Present always",28374362,fashionable grooming or dressing; being stylish,appearance,fashion_beauty,false,
styling,2095554918092800,2010-11-09,Reporting Disney News -  Disney Store: Tangled Rapunzel Styling Head,154228087,fashionable grooming or dressing; being stylish,appearance,commenting,false,
styling,2095578448142338,2010-11-09,"@vivalabrooklyn  @etoilebystar make sure when u styling a dude make sure it ""giftedapparelnyc""  thank u. Sucka"" I wouldn hav it any oda way",164819997,fashionable grooming or dressing; being stylish,appearance,casual_conversation,false,
styling,2095733394112512,2010-11-09,Trying to get stuff for a project I'm styling at the #adidas store in #SoHo and they are going so slow and everyone seems confused! Bah.,124518064,fashionable grooming or dressing; being stylish,appearance,commenting,false,
styling,2095747885436928,2010-11-09,"@heidileez I love phomollient, the smooth infusion styling cream and the shampure candle!",14310733,fashionable grooming or dressing; being stylish,appearance,fashion_beauty,false,
styling,2095809566867456,2010-11-09,due to some recent developments in the world of laziness ive become an accidental participant in protective styling. #naturalhair @ihsanamin,16044111,fashionable grooming or dressing; being stylish,appearance,casual_conversation,false,
styling,2096010541142016,2010-11-09,Photo: Lookbook project for fashion photo styling Photography: Stan Liu Styled by: Alejandro Abarca and Sarah... http://tumblr.com/xxep97wp9,27504099,fashionable grooming or dressing; being stylish,appearance,fashion_beauty,false,
styling,2096621957419008,2010-11-09,@TiffOLOGY stylin on me Twitter smfh at the way she styling on a G,83688451,fashionable grooming or dressing; being stylish,appearance,casual_conversation,false,
styling,2096769760501760,2010-11-09,"@winxatU Thought I'd show some love to Tomo..he was so ""off"" ystd (J is obv hot) but LOVE what Shan is wearing..they are always so styling!",33868042,fashionable grooming or dressing; being stylish,appearance,casual_conversation,false,
styling,2097068785016832,2010-11-09,"Just released #Grails lamer-filter plugin 1.0-alpha2, tells MSIE6 users they suck! Now with nicer page styling thanks to @seb_grant",7583032,fashionable grooming or dressing; being stylish,appearance,casual_conversation,false,
styling,3232318844051457,2010-11-12,"Now on St. Croix, VI! Loc/Dread Starting, Extensions, Maintenance, & Styling. Designer Braids/Natural Styles & more www.dlocs.weebly.com",20827739,fashionable grooming or dressing; being stylish,appearance,commenting,false,
styling,3232487190831104,2010-11-12,@miamoretti love the look book good job styling I want every piece especially the high waisted wide leg pants!,16625802,fashionable grooming or dressing; being stylish,appearance,casual_conversation,false,
styling,3232720234741760,2010-11-12,"@LARUICCI is not only fabulous NYC based Jewelry Designer, however she's does great Styling and PR as well! #SuperWoman please follow her!",104378631,fashionable grooming or dressing; being stylish,appearance,casual_conversation,false,
styling,3232853630390272,2010-11-12,Me and my son @yungndhansome free-styling before the game http://twitvid.com/YY3HV,111486013,fashionable grooming or dressing; being stylish,appearance,casual_conversation,false,
styling,3233212448899072,2010-11-12,I chopped my hair again. I need to work on styling it otherwise #ohnoimayhavegottenamomhaircut,123750230,fashionable grooming or dressing; being stylish,appearance,commenting,false,
styling,3233742386626560,2010-11-12,@antrivers i loved the styling the busy simpleness effect worked for me,21728870,fashionable grooming or dressing; being stylish,appearance,casual_conversation,false,
styling,3233833210089472,2010-11-12,@TheKeshaEddie No I take pics! I leave the styling to @calicutie LOL,18088739,fashionable grooming or dressing; being stylish,appearance,casual_conversation,false,
styling,3234216045182976,2010-11-12,"RT @ZodiacFacts: #ZodiacFacts #Libras are born with fair complexion, which goes well with their typical styling.",191752724,fashionable grooming or dressing; being stylish,appearance,casual_conversation,false,
styling,3234729608351745,2010-11-12,@jennie_violet_x pictures and styling are sooooo cute ne :),118404707,fashionable grooming or dressing; being stylish,appearance,casual_conversation,false,
styling,3234775233990657,2010-11-12,Head is killing me. Styling is tough work!,58337410,fashionable grooming or dressing; being stylish,appearance,commenting,false,
styling,3238617040297984,2010-11-13,"I am not convinced! hihi RT @montrealfashion Awesome fits, avante garde styling, check it out, tell me what ya think: http://ow.ly/395yw",211857511,fashionable grooming or dressing; being stylish,appearance,fashion_beauty,false,
styling,3238773110345728,2010-11-13,"i remember when i first started styling this lady gave me my industry name..it was ""skinny jeans"" lol #mess !that was 2 years ago!",45742195,fashionable grooming or dressing; being stylish,appearance,commenting,false,
styling,3238902336851968,2010-11-13,"#9: Bumble and Bumble Styling Creme, 8-Ounce Bottle http://goo.gl/fb/NstY8",135501806,fashionable grooming or dressing; being stylish,appearance,article_sharing,false,
styling,3239328012574720,2010-11-13,"@Mojo1972girl i'd love to be able to pull it off, mainly 'cause i wouldn't have to bother with all the straightening & styling tbh!",21262807,fashionable grooming or dressing; being stylish,appearance,casual_conversation,false,
styling,3239415858077697,2010-11-13,"#lingerie The Measure: Dreamy: Madonna gyms, Robbie's styling and Delvaux bags. Nightmarish... http://bit.ly/cJv9sa http://bit.ly/daAaon",24685590,fashionable grooming or dressing; being stylish,appearance,article_sharing,false,
styling,3240001890418688,2010-11-13,"@franksmit I'll be gone for the weekend. If you could take a look at the styling, that would be great. All info's in the topic. Good luck!",141192660,fashionable grooming or dressing; being stylish,appearance,casual_conversation,false,
styling,3240383681134593,2010-11-13,"@tashon The video is a waste of time. No concept, poor styling, amateur editing... shall I continue? I still like the song though.",36680342,fashionable grooming or dressing; being stylish,appearance,casual_conversation,false,
styling,3241316393684993,2010-11-13,"aawww the rihrih & drake video is kinda cute, styling could've been way way harder",36125557,fashionable grooming or dressing; being stylish,appearance,commenting,false,
styling,3241597001011200,2010-11-13,Enjoying some good ole mexican food & thinking of ideas for 4 a rock band I'm styling next week. Hmmmmm,105021750,fashionable grooming or dressing; being stylish,appearance,commenting,false,
styling,3242040544460802,2010-11-13,RT @Lexus: @JoseNBCMiami. Glad you like the LFA. You can bet those styling cues and technology will trickle down. #LexusChat ^MT,155983690,fashionable grooming or dressing; being stylish,appearance,casual_conversation,false,
styling,10542327948902400,2010-12-03,2 things on my mind keep styling an keep gettin dis Shit I'm counting,69730886,fashionable grooming or dressing; being stylish,appearance,commenting,false,
styling,10543591860473856,2010-12-03,How to Styling WebKit HTML5 Search Inputs http://tinyurl.com/2dq4a64,80458010,fashionable grooming or dressing; being stylish,appearance,article_sharing,false,
styling,10543822161317888,2010-12-03,Your wedding scent needs to fit with your groom’s style and personality and blend in with the theme and wedding styling.,136058597,fashionable grooming or dressing; being stylish,appearance,commenting,false,
styling,10543860895719424,2010-12-03,RT @blogfreakz: How to Styling WebKit HTML5 Search Inputs http://tinyurl.com/2dq4a64,2570001,fashionable grooming or dressing; being stylish,appearance,casual_conversation,false,
styling,10543977149235200,2010-12-03,hair products uk - TIGI BedHead Manipulator styling and texturising cream http://t.co/uqUKbOk via @Digg,84174466,fashionable grooming or dressing; being stylish,appearance,casual_conversation,false,
styling,10543996459814912,2010-12-03,RT @missarizonausa: WOOOOO HOOOOOOO! Just got confirmation that the uber fabulous Andy Biggs will by styling our girls' hair for the...  ...,116597961,fashionable grooming or dressing; being stylish,appearance,casual_conversation,false,
styling,10545451887497216,2010-12-03,Infiniti Pro by Conair™ 1875 -Watt Salon-Performance AC Motor Styling Tool {Giveaway} http://bit.ly/i6PiNo  @LeslieVeg,25730777,fashionable grooming or dressing; being stylish,appearance,casual_conversation,false,
styling,10545559379120128,2010-12-03,Alrightt #BronBron was styling and profiling out there tonight ! :),130699168,fashionable grooming or dressing; being stylish,appearance,commenting,false,
styling,10545657395810304,2010-12-03,"For the first time since the start of the year, I went out without styling hair. Good or bad?",102665697,fashionable grooming or dressing; being stylish,appearance,commenting,false,
styling,10545660491206656,2010-12-03,"Love it! U ladies look hot ;) RT @TSummer_: Me & @KeonaDee. Jewelry by @thebanglebar, styling by me, photo (cont) http://tl.gd/79cuet",43989542,fashionable grooming or dressing; being stylish,appearance,casual_conversation,false,
styling,13177596997017600,2010-12-10,I'm at Rock Motorsports Styling (Selangor). http://4sq.com/aDg0Mu,180277311,fashionable grooming or dressing; being stylish,appearance,article_sharing,false,
styling,13178469248667652,2010-12-10,Styling lulu! Enjoying it!,222743868,fashionable grooming or dressing; being stylish,appearance,commenting,false,
styling,13178811789090816,2010-12-10,Gotta love my Styling Aqua and Styling Water! Making my curls pretty and holding 'em there! :D,129567617,fashionable grooming or dressing; being stylish,appearance,commenting,false,
styling,13180039222796288,2010-12-10,Which hair styling tool do you use?,172824384,fashionable grooming or dressing; being stylish,appearance,fashion_beauty,false,
styling,13180283687804928,2010-12-10,"♥ RT @LOCKandMANE RT to win! When we hit 3,000 followers we'll give away a styling tool of winner's choice!",80917474,fashionable grooming or dressing; being stylish,appearance,casual_conversation,false,
styling,13182615146205184,2010-12-10,here's beautiful @anyancys styling by Takeda san @shunjimatsuo  http://yfrog.com/h2yc6qj,203609113,fashionable grooming or dressing; being stylish,appearance,casual_conversation,false,
styling,13182894042251264,2010-12-10,also great to meet the nice @flamingoamy vintage hair styling guru - just wish I had more hair :(,20507508,fashionable grooming or dressing; being stylish,appearance,fashion_beauty,false,
styling,13183275451289600,2010-12-10,"@codepo8 Ah, although you enforce your own styling to the embeddable player so I'll probably have to host my own version. :)",14442542,fashionable grooming or dressing; being stylish,appearance,casual_conversation,false,
styling,13183413452283904,2010-12-10,RT @allmountworks: here's beautiful @anyancys styling by Takeda san @shunjimatsuo  http://yfrog.com/h2yc6qj,132970479,fashionable grooming or dressing; being stylish,appearance,casual_conversation,false,
styling,13869263752265730,2010-12-12,Beauty Salon | Beauty Salon Offer Skin Care Treatments And Hair Styling Options: Each one of us has visited a be... http://bit.ly/hv5twD,113608174,fashionable grooming or dressing; being stylish,appearance,fashion_beauty,false,
styling,13870114776551424,2010-12-12,@DesignedByBlind that pattern allows for styling without the use of JS in IE though,19983,fashionable grooming or dressing; being stylish,appearance,casual_conversation,false,
styling,13870961665245184,2010-12-12,#NeverDidICare lol im styling #ShitHurts,176331393,fashionable grooming or dressing; being stylish,appearance,commenting,false,
styling,13871303178063872,2010-12-12,"Missed out on a styling job last night 'cause I wasn't able to answer @yayoaguila's calls. That makes me very, very sad.",32350222,fashionable grooming or dressing; being stylish,appearance,casual_conversation,false,
styling,13871695458734080,2010-12-12,@ReneeeeCarmina SEE?? I wasn't trying to mess up your hair!2 I was actually styling it for you! ;),85931672,fashionable grooming or dressing; being stylish,appearance,casual_conversation,false,
styling,13871994688774144,2010-12-12,"RT @infernaltechno: If u spend more time styling ur gel tipped hair than u do producing that generic electro trance, ur probably a shithead",36982719,fashionable grooming or dressing; being stylish,appearance,casual_conversation,false,
styling,13872431059959808,2010-12-12,@gpodschun http://twitpic.com/3f786l - You made a great impression! Fabulous! Did you give him some styling tips? :-),49135588,fashionable grooming or dressing; being stylish,appearance,casual_conversation,false,
styling,13874372653617152,2010-12-12,It's early sunday morning let's do some more styling today. ;),58201844,fashionable grooming or dressing; being stylish,appearance,commenting,false,
styling,13878068024188928,2010-12-12,"LEVEROCCI « Styling sl: LEVEROCCI. Few weeks ago, i told you about this new cool store LEVEROCCI. Now it is open... http://bit.ly/eoUPVK",27509264,fashionable grooming or dressing; being stylish,appearance,article_sharing,false,
styling,13878069920006144,2010-12-12,aweee heydon has been styling up a storm! – Daily Look – The ...: so i had to post it!! hugss very quck post XDD... http://bit.ly/gukUDq,27509264,fashionable grooming or dressing; being stylish,appearance,article_sharing,false,
styling,19954129254219776,2010-12-29,@DwayneChampagne styling on these bammas moe! Lol hahahahahahaha! ............. Yeeeeaaah..... Lil youngin #ChampInTheGame lol!!!,111989840,fashionable grooming or dressing; being stylish,appearance,casual_conversation,false,
styling,19954576685793280,2010-12-29,Mac Miller free styling on Shade 45 right now. Legit.,39211188,fashionable grooming or dressing; being stylish,appearance,music_discussion,false,
styling,19954711788519424,2010-12-29,@QUEENMGD I love it 2 but this winter my hair began 2 shed so I'm protective styling till spring. I also haven't ... http://tmi.me/4L4PD,25965371,fashionable grooming or dressing; being stylish,appearance,casual_conversation,false,
styling,19954837361786880,2010-12-29,Are you a guy? Choose the hair styling paste that suits you... http://lx.im/19tuO  - ad,26028556,fashionable grooming or dressing; being stylish,appearance,fashion_beauty,false,
styling,19955260747419648,2010-12-29,"Walmart.com: Health & Beauty: Beauty: Hair Care: Styling Products: Shop Low Prices on Health & Beauty, Beauty, H... http://bit.ly/hLuXcB",113601756,fashionable grooming or dressing; being stylish,appearance,article_sharing,false,
styling,19955467807629312,2010-12-29,Wow lol. Backup qb styling on the eagles,29136862,fashionable grooming or dressing; being stylish,appearance,commenting,false,
styling,19955809186226176,2010-12-29,Ayo philly...joe webb is styling on your city right now. #eagles,60676826,fashionable grooming or dressing; being stylish,appearance,commenting,false,
styling,19955927096492032,2010-12-29,I hate when ppl who can't rap jus bust outta nowhere and start free styling when u vibing to a song,63618063,fashionable grooming or dressing; being stylish,appearance,music_discussion,false,
styling,19955964643901440,2010-12-29,Mariah is free-styling lol,21217642,fashionable grooming or dressing; being stylish,appearance,commenting,false,
styling,19955978438971392,2010-12-29,@Bombshell_Amber damp w/alittle product. I used to use styling creme or alittle gel. Let me know how it turns out. Or better yet take a pic.,16141671,fashionable grooming or dressing; being stylish,appearance,casual_conversation,false,
threads,7396929302,2010-01-05,i remember i couldnt stand them ppl who got in their feelings on those lil threads..about clothes..sexuality etc,97118144,clothes; outfit; garments,appearance,fashion_beauty,false,
threads,7397192367,2010-01-05,"Need help in Windows Live Movie Maker?Go to this forum!http://social.answers.microsoft.com/Forums/en-US/wlmedia/threads
#msp",23732551,clothes; outfit; garments,appearance,technology_discussion,false,Manual override -> technology_discussion
threads,7397272348,2010-01-05,Looking forward to cycling in minus temps on a race bike with no tyre threads! Interesting start to the first day back!,48480964,clothes; outfit; garments,appearance,sports_discussion,false,Manual override -> sports_discussion
threads,7397288568,2010-01-05,RT @ASoldiersMother: RT @rgoldstand:  For announcements on the Techshoret conference and trending threads on Techshoret - please follow  ...,39454459,clothes; outfit; garments,appearance,technology_discussion,false,Manual override -> technology_discussion
threads,7397303006,2010-01-05,"RT @sphinxsearch: 27 new features to document for 1.10 release. Real-time index updates, prefork/threads workers, and ""smaller"" stuff...",19016527,clothes; outfit; garments,appearance,technology_discussion,false,Manual override -> technology_discussion
threads,7397347382,2010-01-05,"@authenticsowilo For my curiosity, have the mods ever considered openly frowning upon leaving/hiatus threads? Not an actual ban though.",77140182,clothes; outfit; garments,appearance,casual_conversation,false,
threads,7397651412,2010-01-05,"Hardcore Racing Part  http://www.scpraceparts.com/index.php/catalog/product/view/id/167 16&quot; Shifter Rod, 3/8&quot;-24 Threads",94365770,clothes; outfit; garments,appearance,technology_discussion,false,Manual override -> technology_discussion
threads,7397652182,2010-01-05,@miz_missy http://community.livejournal.com/sixwordstories/30913830.html The Adelle and Cameron threads are pretty good too.,16541356,clothes; outfit; garments,appearance,commenting,false,
threads,7397791964,2010-01-05,@JAynsley86 ahhhhh makes sense! So my theory on why my phone is so slow is because I need to delete all those text threads! Ahahaa!,32260194,clothes; outfit; garments,appearance,technology_discussion,false,Manual override -> technology_discussion
threads,7397961244,2010-01-05,"You're not going to believe this, but I've only just realised that my wall was only showing threads I'd started!... http://bit.ly/6p0gt5",94595577,clothes; outfit; garments,appearance,technology_discussion,false,Manual override -> technology_discussion
threads,8878328190,2010-02-10,@RichnTatted hell yeah got to cop some new threads. so we can get it in slime,99049371,clothes; outfit; garments,appearance,fashion_beauty,false,Manual override -> fashion_beauty
threads,8878403448,2010-02-10,"i found 2 chicken breasts, raisins, and almonds. also basmati rice. curry powder, stock cube, saffron threads, ~2c boiling water, 350* oven.",27944980,clothes; outfit; garments,appearance,food_related,false,Manual override -> food_related
threads,8878453354,2010-02-10,Humor To Break The CakesGate/Drug Threads http://ow.ly/15qXt,52149988,clothes; outfit; garments,appearance,article_sharing,false,
threads,8878515709,2010-02-10,@CheshireK Have you been pulling threads out of the sewing? It's one of my favorite things to do! Purrrrrrrrrrrrrrrrs. #TunaTuesday,39725313,clothes; outfit; garments,appearance,casual_conversation,false,
threads,8878615460,2010-02-10,this girl that tries too hard actually looks cute today... i digg her threads,18070024,clothes; outfit; garments,appearance,compliment,false,Manual override -> compliment
threads,8878654792,2010-02-10,(Expanded Books) Wish List for Mr. Right - A Thin Threads Story http://ow.ly/16xv8x,18244473,clothes; outfit; garments,appearance,article_sharing,false,
threads,8878764913,2010-02-10,"I feel like I should be writing, but I'm stuck on where to go with my threads (of which only 2 are active anyway) #Shaken #notstirred",14735011,clothes; outfit; garments,appearance,commenting,false,
threads,8878876275,2010-02-10,"Sued by Asset Acceptance: Hi Everyone,
I need help again (see my previous threads I don't know how to... http://bit.ly/cSsjDz #credit #debt",19400670,clothes; outfit; garments,appearance,article_sharing,false,
threads,8878885541,2010-02-10,"Avoiding videos, threads, spoiler text...I feel like I'm walking through a minefield.",30805918,clothes; outfit; garments,appearance,commenting,false,
threads,8878907141,2010-02-10,Difficulty Leaving Threads: I'm having difficulty leaving a very few threads. Not all threads but some.... http://bit.ly/9F6zTL Audioholics,59239166,clothes; outfit; garments,appearance,article_sharing,false,
threads,9214021559,2010-02-17,"Cinebench R.11.5 now handles up to 64 processor threads (source: macnn.com): Maxon Computer, a subsidiary of Cinem... http://bit.ly/bqSb2o",53103088,clothes; outfit; garments,appearance,technology_discussion,false,Manual override -> technology_discussion
threads,9214097674,2010-02-17,"@kscwgirl I just searched back through the threads to find it, and am going to quote it for her :)",15791003,clothes; outfit; garments,appearance,casual_conversation,false,
threads,9214120612,2010-02-17,FANS!!! Feel free to post pictures of your little one in their Small Threads on my page. http://bit.ly/8YDQtw,46052276,clothes; outfit; garments,appearance,article_sharing,false,
threads,9214512466,2010-02-17,Scissor Lift Jacks: I know there have been plenty of threads about jacks and lifts for touring bikes; and I know i... http://bit.ly/b0qvVj,35004170,clothes; outfit; garments,appearance,article_sharing,false,
threads,9214623156,2010-02-17,Graphite Ear Threads by blumenkind10 on Etsy: http://bit.ly/9zqD4N via @addthis,101325951,clothes; outfit; garments,appearance,casual_conversation,false,
threads,9214713265,2010-02-17,I really want to know: Why the heck does iTunes use **26** threads???,19240388,clothes; outfit; garments,appearance,commenting,false,
threads,9214761231,2010-02-17,"Also, if you ARE wearing dark threads, the numbers should be white.  This is nuts.",34652643,clothes; outfit; garments,appearance,commenting,false,
threads,9214836385,2010-02-17,"RT @VenaRamphal: Weaving a tapestry at my beloved's heart with the threads of my own. And so, I am unravelled.",69419529,clothes; outfit; garments,appearance,casual_conversation,false,
threads,9215162035,2010-02-17,"Cinebench R.11.5 now handles up to 64 processor threads: Maxon Computer, a… http://goo.gl/fb/7fur ipad apple islate",106538805,clothes; outfit; garments,appearance,article_sharing,false,
threads,9215199517,2010-02-17,"got some new threads feeling fly &lt;w&lt;, got beast wars voltron and zombie land shirts :D",2747211,clothes; outfit; garments,appearance,fashion_beauty,false,
threads,9385390145,2010-02-20,Silver Threads Among the Gold - Father Sydney MacEwan,15494742,clothes; outfit; garments,appearance,commenting,false,
threads,9385491767,2010-02-20,Silver Threads Among the Gold - Smokey Joe Miller,15494742,clothes; outfit; garments,appearance,commenting,false,
threads,9385613729,2010-02-20,Threads to wear on Wednesday: check! ; Term paper: (X) ; Assignments: (X) ; Quizzes: (X) ; Read GQ: check! LoL,54072320,clothes; outfit; garments,appearance,commenting,false,
threads,9385649555,2010-02-20,Silver Threads Among the Gold - Bing Crosby,15494742,clothes; outfit; garments,appearance,commenting,false,
threads,9385699748,2010-02-20,Chatroulette & formspring are nothing. Try off-topic threads in a forum that requires 25 posts to let you see the links to download,19369983,clothes; outfit; garments,appearance,technology_discussion,false,
threads,9385830950,2010-02-20,I'm on brunchma.com right now.  Haven't been on there in years.  I feel like a Scrappy again.  Dunno if I should even reply to any threads.,14960093,clothes; outfit; garments,appearance,commenting,false,
threads,9385956586,2010-02-20,Found the solution for pet stains and odors on carpet.: I see threads here about what to do with pet stains and od... http://bit.ly/d8qM0W,99510196,clothes; outfit; garments,appearance,article_sharing,false,
threads,9386182882,2010-02-20,"""Pimatex Basics - Saturday Sales Blitz ~ Hawthorne Threads ""( http://twitthis.com/9jwmza )",15765857,clothes; outfit; garments,appearance,article_sharing,false,
threads,9386223947,2010-02-20,SAVE $17.50 - Threads Women's Chunky Jaquard Scarf $7.50 http://dealnay.com/325284 #cold_weather #onsale,80451947,clothes; outfit; garments,appearance,article_sharing,false,
threads,9386316843,2010-02-20,"#Twitter should really have ability to reply to oneself for tracking threads, like Echofon does",17445287,clothes; outfit; garments,appearance,commenting,false,
threads,9478942765,2010-02-22,Jack Threads (@JackThreads) offers 40% off on brand name street gear. http://bit.ly/92z1iZ,70985877,clothes; outfit; garments,appearance,technology_discussion,false,
threads,9479178043,2010-02-22,@JamesR404 Google Buzz threads? Will have to dig into that myself now :),6009792,clothes; outfit; garments,appearance,casual_conversation,false,
threads,9479219279,2010-02-22,Saints to be renamed St Helens Spartans? Just one of our hot threads. It's cold outside: go warm your hands on the Forums.,108278034,clothes; outfit; garments,appearance,technology_discussion,false,
threads,9479343655,2010-02-22,Buy them here http://tiny.cc/iuSs0 RT @StevenDavisCC Just purchased tickets 2 @Common__Threads World Festival 2010 Great cause & great event,49862982,clothes; outfit; garments,appearance,casual_conversation,false,
threads,9479582245,2010-02-22,Our school aged kids are loving their second session of @Common_Threads !  We have a whole handful of chefs-in-training!,82402640,clothes; outfit; garments,appearance,casual_conversation,false,
threads,9479589476,2010-02-22,"My thread I posted on Facepunch failed horribly. Oh well, I guess I shouldn't post threads anymore.",19010126,clothes; outfit; garments,appearance,commenting,false,
threads,9479661905,2010-02-22,PTR - PTR - Can't enter the PTR? Discuss it here.: Wryxian : To help cut down the massive amount of threads asking... http://bit.ly/aTwaQa,18770090,clothes; outfit; garments,appearance,article_sharing,false,
threads,9479778591,2010-02-22,Why are threads like these http://uselessjunk.net/showthread.php?t=309740,23434759,clothes; outfit; garments,appearance,article_sharing,false,
threads,9479778851,2010-02-22,RT @MadameSoybean I like being older & looking back on the threads in my life. There is an unseen pattern in our days of youth.,16617145,clothes; outfit; garments,appearance,casual_conversation,false,
threads,10114457273,2010-03-07,Good to hear@wadey16 is coming to watch the boyz. Not sure on the new threads,66996840,clothes; outfit; garments,appearance,fashion_beauty,false,
threads,10114842144,2010-03-07,Peaceful Threads by Fiona: My Day Book Journal http://bit.ly/anVtYg,66312813,clothes; outfit; garments,appearance,article_sharing,false,
threads,10114883009,2010-03-07,what happenedto my threads phillip: is uthink going soft again http://bit.ly/a1fyzT,22997007,clothes; outfit; garments,appearance,article_sharing,false,
threads,10115173099,2010-03-07,Update: Common Threads of Kayak Rolls http://www.kayaksblog.info/kayak-videos/common-threads-of-kayak-rolls/,119160316,clothes; outfit; garments,appearance,article_sharing,false,
threads,10115916585,2010-03-07,Read one of the funniest threads on babycenter this morning.....I will post about it later ;),79295817,clothes; outfit; garments,appearance,commenting,false,
threads,10116358850,2010-03-07,Another paracetamol product - economics: In one of the other threads someone mentioned that it is also impossible ... http://bit.ly/b3R1J5,60180736,clothes; outfit; garments,appearance,article_sharing,false,
threads,10117034087,2010-03-07,EBay http://tinyurl.com/yztgpo7 SACRED THREADS Vibrant Hippie Artsy Dress Sz M w/ FLAW,81623553,clothes; outfit; garments,appearance,article_sharing,false,
threads,10117776074,2010-03-07,: Anyone know where to get a chart to determine proper diameter rod for die cutting threads? http://bit.ly/bFAu24,115248330,clothes; outfit; garments,appearance,article_sharing,false,
threads,10117836657,2010-03-07,Sorry.: I have to appologise for posting in Omegaman's threads instead of ignoring and reporting them. :relief: http://bit.ly/dwIpSg,25074101,clothes; outfit; garments,appearance,article_sharing,false,
threads,10117846313,2010-03-07,@woodytwittwat i am dreading it. had such a lush week! @reever23  got my new threads on feelin a million dollars like whitney!,84843430,clothes; outfit; garments,appearance,fashion_beauty,false,
threads,10250342334,2010-03-10,RT @intheOZ: Enjoying the Carly storyline? Join the threads at Sony Pictures and hop on a Carly thread http://bit.ly/5M5EuC,15765028,clothes; outfit; garments,appearance,casual_conversation,false,
threads,10250447792,2010-03-10,"@cdavieswashere Threads did it best, maybe caused all the others?  Also, the north is like that anyway, so no need for special effects.",9443102,clothes; outfit; garments,appearance,casual_conversation,false,
threads,10250556877,2010-03-10,Is there a download to make Blackberry 8100 SMS threads to look like threads from the iPhone? http://bit.ly/arOaKG #iphone,80063562,clothes; outfit; garments,appearance,article_sharing,false,
threads,10250621695,2010-03-10,"I'm in ur forums, derailin ur threads",33166623,clothes; outfit; garments,appearance,technology_discussion,false,
threads,10250720689,2010-03-10,"Anyone with an 08 3s with single disc player unlock the trip computer?: I've tried searching, but all the threads ... http://bit.ly/c3RcNC",111155025,clothes; outfit; garments,appearance,article_sharing,false,
threads,10250734564,2010-03-10,"And of course, @exofficio! fRT @JohnicaReed: I love @lululemon @lucyactivewear & Barbour (http://bit.ly/bnr3Yc) for #travel threads",17032832,clothes; outfit; garments,appearance,casual_conversation,false,
threads,10250751885,2010-03-10,2000 Rear Coils and Shock Replacemnet: I know there are a ton of threads on this but I cant seem to nail down a so... http://bit.ly/9G2h0D,111425650,clothes; outfit; garments,appearance,article_sharing,false,
threads,10250789174,2010-03-10,@DeWitt Clinton I've decided not to hijack another of your threads and just post the question to you. One of the t... http://bit.ly/aBBN1p,14315026,clothes; outfit; garments,appearance,casual_conversation,false,
threads,10251090503,2010-03-10,"i was going to reply to threads, but i'm not stable enough to think clearly right now. i'm going to go and clean, since that's really the",37973002,clothes; outfit; garments,appearance,commenting,false,
threads,10251215730,2010-03-10,@kelseyxmarie join the club. If designer threads werent so expensive i would LIVE in elie saab,20098812,clothes; outfit; garments,appearance,casual_conversation,false,
threads,10530870242,2010-03-15,Doing some tv soon. Shopping for threads. No idea how y'all can afford to stay fly in the mall #marshalls4life #headedtherenow,21129105,clothes; outfit; garments,appearance,commenting,false,
threads,10530979883,2010-03-15,"OWW Genesis Forum's Monday Night War Weekly Threads (March 15, 2010) Now Open http://bit.ly/asWhl1",58594284,clothes; outfit; garments,appearance,technology_discussion,false,
threads,10531007605,2010-03-15,help with headlight painting: ive seen the few other threads about painting the lights..ive put the oven to 200deg... http://bit.ly/boslU7,112507143,clothes; outfit; garments,appearance,article_sharing,false,
threads,10531199382,2010-03-15,Pls confirm info for @Common__Threads by claiming your @giveatweet page: http://bit.ly/bvrsG5 article about us: http://j.mp/aMa7EH,105002335,clothes; outfit; garments,appearance,casual_conversation,false,
threads,10531334708,2010-03-15,5 Hours left in the GH House Challenge before closing submissions. Visit the threads as they are being updated - http://clicky.me/LvH,66085497,clothes; outfit; garments,appearance,article_sharing,false,
threads,10531344092,2010-03-15,COVETED: That’s a wrap! Foulard Threads' eco-friendly cowls http://bit.ly/b1zfaP,9237072,clothes; outfit; garments,appearance,article_sharing,false,
threads,10531346993,2010-03-15,Bomani Jones Doing some tv soon. Shopping for threads. No idea how y'all can afford to stay fly in the mall #marsh... http://bit.ly/9c0lZo,75475303,clothes; outfit; garments,appearance,article_sharing,false,
threads,10531487050,2010-03-15,'Nice threads: rap artists turned fashion designers' http://ow.ly/1l5Tr #t-shirt #fashion #rap,112455269,clothes; outfit; garments,appearance,article_sharing,false,
threads,10531508349,2010-03-15,"so I just went and spent four gift cards at Kohls and got a bunch of sweet threads.  I don't love shopping, but I love owning more stuff.",24285965,clothes; outfit; garments,appearance,commenting,false,
threads,10531687470,2010-03-15,@SteeloBrim is this to try and make up for degrading women all the time in your threads?,97524001,clothes; outfit; garments,appearance,casual_conversation,false,
threads,11038493432,2010-03-25,@escamoteur_blog thanks - keeps everyone up to date on new threads - @molsen23 told me about it http://po.st/S5G,37020380,clothes; outfit; garments,appearance,fashion_beauty,false,
threads,11038539162,2010-03-25,NPV Test: I have searched and read on here many threads about the NPV test ... but I'm still uncertain as to .. ex... http://bit.ly/92hsCO,90436002,clothes; outfit; garments,appearance,article_sharing,false,
threads,11038918490,2010-03-25,"Today's Deal of the Day - City Threads Glitter Doodle Heart Tee Reg.$44.95, Now $21.99... http://bit.ly/bgFVwq",31159882,clothes; outfit; garments,appearance,article_sharing,false,
threads,11038929989,2010-03-25,Forum Action: NPV Test - I have searched and read on here many threads about the NPV test ... but I'm still uncerta... http://ow.ly/16T5jf,17573104,clothes; outfit; garments,appearance,technology_discussion,false,
threads,11038948948,2010-03-25,"To get your head right, ya got to get your threads right. @pnoyapparel spring '10 releasing soon : ) (via @damagedxdesign)",18312102,clothes; outfit; garments,appearance,casual_conversation,false,
threads,11039242130,2010-03-25,"@AndroidAnarchy Handcent SMS, easy interface, threads messages from users, has widget.",82507592,clothes; outfit; garments,appearance,casual_conversation,false,
threads,11039474235,2010-03-25,@DrBobParsons hey bob! i've got the golf threads that will improve your golf game. or not.  either way they're the slickest on the planet!,24740970,clothes; outfit; garments,appearance,casual_conversation,false,
threads,11039736244,2010-03-25,New forum content: Is philosophy mere criticism?: Threads like the most recent one on Berkeley's a... http://bit.ly/cgPrta #galileanlibrary,87534709,clothes; outfit; garments,appearance,technology_discussion,false,
threads,11039977873,2010-03-25,New post: Broken Threads Anyone? (http://bit.ly/aTJbMl) http://bit.ly/aTJbMl,112710081,clothes; outfit; garments,appearance,article_sharing,false,
threads,11039992273,2010-03-25,"If you believe, because of your religious beliefs, that you have the right to make death threads and vandalize, then you sir are a terrorist",6904252,clothes; outfit; garments,appearance,commenting,false,
threads,12066197966,2010-04-12,"At that sonic joint gettin the whip checked out, then to otm to get my threads for the fight",119445819,clothes; outfit; garments,appearance,commenting,false,
threads,12066213570,2010-04-12,"dev-libs/dvthread-0.13.4: Classes for threads and monitors, wrapped around the posix thread library http://bit.ly/9tLUgd #Gentoo",122778132,clothes; outfit; garments,appearance,article_sharing,false,
threads,12066218449,2010-04-12,Check out Threads 4 Thought! Their shirts will be featured at the Fashion Fusion event! Get yours at One Green... http://bit.ly/cuVDA3,63489494,clothes; outfit; garments,appearance,article_sharing,false,
threads,12066241906,2010-04-12,"@threads_of_gold *turns to you, quiet horror in my eyes* I'm... I'm -dying-.",100007054,clothes; outfit; garments,appearance,casual_conversation,false,
threads,12066257251,2010-04-12,@TeLisaD yes girly!!! The plan is to go DRESSED!! In our most fabulous threads. I will bbm u deets!! I'm uber excited.,17980077,clothes; outfit; garments,appearance,casual_conversation,false,
threads,12066297097,2010-04-12,WIn It: Kourtney Kardashian's Baby's Outfit by City Threads! | Famecrawler http://bit.ly/bmVw5r,15495310,clothes; outfit; garments,appearance,article_sharing,false,
threads,12066338384,2010-04-12,"I always forget about this and it's useful. Use the ""browse"" tab in forums to look at the threads that you've posted in http://bit.ly/bq2LTC",15139049,clothes; outfit; garments,appearance,technology_discussion,false,
threads,12066343388,2010-04-12,Win It!: Kourtney Kardashian's Baby's  Outfit by City Threads http://shar.es/msZlG,112831544,clothes; outfit; garments,appearance,article_sharing,false,
threads,12066443698,2010-04-12,"Just got some new threads, practicing some more for that hearing tmrw, cravin' some tennis action.",42712812,clothes; outfit; garments,appearance,fashion_beauty,false,
threads,12066460290,2010-04-12,@lilacbrittany no problem! Anythin to help a girlie out with some threads,21196069,clothes; outfit; garments,appearance,casual_conversation,false,
threads,12243777105,2010-04-15,Sports Threads with Danny Chestnuts (4/15/10) http://bit.ly/aTM3sz,113390039,clothes; outfit; garments,appearance,article_sharing,false,
threads,12243888293,2010-04-15,I rocked the drop by leaving Loose Threads on Muckleshoot Tribal Lands! #operationtbd,16028671,clothes; outfit; garments,appearance,commenting,false,
threads,12243954627,2010-04-15,"Yay news about NASA getting a budget boost!  Boo, RPG.net threads where people decry the space program as expensive uselessness.",17927953,clothes; outfit; garments,appearance,commenting,false,
threads,12243983036,2010-04-15,"@nathanielfoster @kenjimasuda yea....might want to talk to someone about that, lol....stupid twitter system, why are there not threads!",123569959,clothes; outfit; garments,appearance,casual_conversation,false,
threads,12244052800,2010-04-15,RT @lorieanngrover: I rocked the drop by leaving Loose Threads on Muckleshoot Tribal Lands! #operationtbd,16809352,clothes; outfit; garments,appearance,casual_conversation,false,
threads,12244082147,2010-04-15,I am really hating on threads at the moment.,17796401,clothes; outfit; garments,appearance,commenting,false,
threads,12244194459,2010-04-15,"Alright, heading down to Time Square to get some new threads!  Any suggestions?",20885754,clothes; outfit; garments,appearance,fashion_beauty,false,
threads,12244383664,2010-04-15,UHM What the heck Gateworld? Where did my subscription to the Lorne threads go? *pouts*,6078982,clothes; outfit; garments,appearance,commenting,false,
threads,12244465293,2010-04-15,Blocking Accidental Multiple threads on Forum Boards.? http://bit.ly/9Bf0XX,92208230,clothes; outfit; garments,appearance,technology_discussion,false,
threads,12330254290,2010-04-17,Quilt Tip #48 From My Book.  Most threads are wrapped on the spools a certain way. The general rule of thumb... http://bit.ly/dwr-tips,117209694,clothes; outfit; garments,appearance,article_sharing,false,
threads,12330636187,2010-04-17,@traceyberry in the next photo they snuck in for a sneaky kiss! How could I forget. Always so adorable in matching Scooter threads!,25040983,clothes; outfit; garments,appearance,casual_conversation,false,
threads,12330685492,2010-04-17,"@s_dog Also, @RealScottBaio ..and I have more following me..have to check their threads though..See if they are openly conservative..",22643800,clothes; outfit; garments,appearance,casual_conversation,false,
threads,12330732665,2010-04-17,I hate posting cell phone threads when I have no creativity.  Or maybe I just hate coming up with a voicemail message in general.,21789406,clothes; outfit; garments,appearance,commenting,false,
threads,12331191422,2010-04-17,"RT @yerknickers epic garage sale at 344 George, Fitzroy. Vntg threads, fabrics, movie wardrobe items, books etc. GO!... When??",67553438,clothes; outfit; garments,appearance,casual_conversation,false,
threads,12331427793,2010-04-17,Issue trying to search threads- http://bit.ly/aSHR5f,40475333,clothes; outfit; garments,appearance,article_sharing,false,
threads,12331847563,2010-04-17,Snazzy threads: Those who want to add a subtle shine to their homes have rich choices in today’s luscious textiles. http://bit.ly/a2uJdC,25354366,clothes; outfit; garments,appearance,article_sharing,false,
threads,12331956735,2010-04-17,"New posts to ""Episode Chat & Sched - Threads Index (St..."" in Stargate Universe http://www.stargater.co.uk/tweet/68/",37504758,clothes; outfit; garments,appearance,article_sharing,false,
threads,12332191868,2010-04-17,Full size youtube in recent threads widgent- http://bit.ly/bk49PL,40475333,clothes; outfit; garments,appearance,article_sharing,false,
threads,12332556118,2010-04-17,@DREAMWALLS likewise :) I love it following conversation threads & finding new interesting people!,19682247,clothes; outfit; garments,appearance,commenting,false,
threads,12433489952,2010-04-19,"I wanted to post this in one of the ""drama"" threads, but that would mean actually participating in the discussion... http://bit.ly/cbhXLW",15053886,clothes; outfit; garments,appearance,article_sharing,false,
threads,12433677487,2010-04-19,"@AureliaCotta Oh wait, I didn't see that. We must be talking about two different threads. I'll go look.",14062221,clothes; outfit; garments,appearance,casual_conversation,false,
threads,12433766233,2010-04-19,"It's weird that I'm watching three different conversation threads on Twitter about pizza.  Wait -- wait no, it's not.",9152262,clothes; outfit; garments,appearance,technology_discussion,false,
threads,12434023754,2010-04-19,Yay got some threads for the boys to wear for the Juice TV interview.  Thanks Converse ;),53497602,clothes; outfit; garments,appearance,commenting,false,
threads,12434203467,2010-04-19,"@Sonic_vision I posted the request on both FL show threads, the echelon thread also...where else should I post it?",22102084,clothes; outfit; garments,appearance,casual_conversation,false,
threads,12434618021,2010-04-19,@sariahwilson Ive looked at others threads on public forum but not private ones. its pointless.we all get our spoilers from the same places.,38989049,clothes; outfit; garments,appearance,technology_discussion,false,
threads,12434648475,2010-04-19,I like how ma MyTouch shows my txt msgs in threads. Very konvenient and reliable #androidphones.,114058077,clothes; outfit; garments,appearance,commenting,false,
threads,12434774658,2010-04-19,@markzinger btw 502.88 at 3.36 ghz with HT enabled (HT makes this slower because it only uses four threads),24819733,clothes; outfit; garments,appearance,casual_conversation,false,
threads,12434830967,2010-04-19,@fifisexorama very nice threads,38739794,clothes; outfit; garments,appearance,casual_conversation,false,
threads,12434839643,2010-04-19,a box of threads and a wee mousie http://tw0.us/B7L,63599566,clothes; outfit; garments,appearance,article_sharing,false,
threads,13181673678,2010-05-01,Academic Dishonesty: I've read tons of threads about this very subject but have failed to find a thread that could... http://bit.ly/dlbY3c,42876263,clothes; outfit; garments,appearance,article_sharing,false,
threads,13182144577,2010-05-01,"@HardihoodCC- u know it! Hey, I'll be in vancouver in may- where's my new gear? I know u have some hot threads coming!",46206429,clothes; outfit; garments,appearance,casual_conversation,false,
threads,13182380933,2010-05-01,Wish that CS5 utilised 8 threads. Would make shit faster.,14312754,clothes; outfit; garments,appearance,commenting,false,
threads,13182986276,2010-05-01,mxd lot *4  embroidery/ CROCHET threads rayon cotton http://ping.fm/bZ2tj,130165401,clothes; outfit; garments,appearance,article_sharing,false,
threads,13183290546,2010-05-01,RT @Go_skib_Go: Beach today my #FQ team deff in there who else down ?- excuse weas the threads s/o we da one who came up with plans,47283699,clothes; outfit; garments,appearance,casual_conversation,false,
threads,13183308687,2010-05-01,Zen Threads t-shirt giveaway http://canadian-natural-mama.blogspot.com/2010/04/zen-threads-t-shirt-review-and-giveaway.html#comment-form,67186512,clothes; outfit; garments,appearance,article_sharing,false,
threads,13183651210,2010-05-01,"@SNCPlay42 Ugh, threads pwned.",39791082,clothes; outfit; garments,appearance,casual_conversation,false,
threads,13184027571,2010-05-01,Threads Tagged with arrays technosys http://www.warriorforum.com/tags/arrays%20technosys.html,115296992,clothes; outfit; garments,appearance,technology_discussion,false,
threads,13184269395,2010-05-01,"@jezykfic AWWWW, Threads! That was such a good ep, Sam so earnest w/ Jack. why didn't they hook up at the end? It was the END of the series!",47811148,clothes; outfit; garments,appearance,casual_conversation,false,
threads,13184335083,2010-05-01,AFFILIATE MARKETING TIP: Affiliate marketers can stay on the good side of a forum moderator by only posting in relevant threads.,57377665,clothes; outfit; garments,appearance,technology_discussion,false,
threads,13184986581,2010-05-01,Game play save/transfer: :confused5:I read in one of these threads that a USB hard drive can be used to save game ... http://bit.ly/clEoaL,19404431,clothes; outfit; garments,appearance,article_sharing,false,
threads,13185007743,2010-05-01,"@igotgamebra i think its really an underrated phone...like I said, I love mine, the way it threads all convos w/one person is dope",17498448,clothes; outfit; garments,appearance,casual_conversation,false,
threads,13185538245,2010-05-01,www.gifted-threads.com,18317906,clothes; outfit; garments,appearance,commenting,false,
threads,13185566554,2010-05-01,@shellk1984 is craftster working ok for you? I cant veiw threads properly or do a search,76429048,clothes; outfit; garments,appearance,casual_conversation,false,
threads,13185696871,2010-05-01,Can I get e-mail notification of replies to threads? - http://t.atsmix.com/t566854,14210021,clothes; outfit; garments,appearance,article_sharing,false,
threads,13186065583,2010-05-01,RT @deepakchopra007: pls giv few mins of ur valuabl time to read some sown threads of words in such a way tht givs warm digtl dsplay (os: ?),28172221,clothes; outfit; garments,appearance,casual_conversation,false,
threads,13386962928,2010-05-04,@theheliocentric nice threads. You'd definitely be in with a chance with your unique Bayern Goatherd-im-bierkeller look ;),19422771,clothes; outfit; garments,appearance,casual_conversation,false,
threads,13387004365,2010-05-04,EssayScam Help! Is midterm.us a legitimate website?: Study my threads closely to determine which sites are fraudul... http://bit.ly/cFnHHJ,36259798,clothes; outfit; garments,appearance,article_sharing,false,
threads,13387097904,2010-05-04,"@polestarjewelry Oh, you were just hypothetically wondering how many threads would be started about the renew button?!? Lol!!!",36109274,clothes; outfit; garments,appearance,casual_conversation,false,
threads,13387157432,2010-05-04,Hey people the dress code is UPSCALE for #whatsyouraddiction friday! Bring the nice threads out!,27695587,clothes; outfit; garments,appearance,commenting,false,
threads,13387244805,2010-05-04,"Last ""Biblical Economics"" class of the semester.  Hoping we tie some threads together in this tapestry #fb",39895863,clothes; outfit; garments,appearance,commenting,false,
threads,13387323724,2010-05-04,"Another major disaster defused,  adding a couple of threads to the sword of damocles makes me feel a little more safe.",16899147,clothes; outfit; garments,appearance,commenting,false,
threads,13387440583,2010-05-04,"@70ms Haha. I now have images of future anthropologists sifting through the strata of ancient usenet threads, looking for artifacts.",17594994,clothes; outfit; garments,appearance,casual_conversation,false,
threads,13387743799,2010-05-04,@inkmade BECAUSE I READ THREADS: http://community.livejournal.com/spn_treehouse/125787.html?thread=15404891#t15404891,137587867,clothes; outfit; garments,appearance,commenting,false,
threads,13388061592,2010-05-04,"I got tons of emails rom SFNers asking why Iam not on SFN and joing the hate beth and howard threads, well the truth is I love howard.",128681414,clothes; outfit; garments,appearance,commenting,false,
threads,13388100269,2010-05-04,Re: no boner threads for ironman 2 yet?? [4/5/2010 15:30:10] - http://is.gd/bSU5M,36866727,clothes; outfit; garments,appearance,article_sharing,false,
threads,13454281091,2010-05-05,@webboy42 It's just yours-truly trying to start threads with callables... that have already been called. Dork.,20709185,clothes; outfit; garments,appearance,casual_conversation,false,
threads,13454489912,2010-05-05,"""Gallows humor""... you know, I just now caught that, and the connection to Mr. Wednesday?  Nice - finding new threads & themes. #1b1t",94907055,clothes; outfit; garments,appearance,fashion_beauty,false,
threads,13454511107,2010-05-05,Nice flyer bredren! RT @mikezarin: ATL - THUR - 5/13 // Threads Launch & Sharon Jones Afterparty http://twitpic.com/1lcd97,38494325,clothes; outfit; garments,appearance,casual_conversation,false,
threads,13454516566,2010-05-05,@GGurls I wud holla cuz u can always buy that person some new threads! lol,120651906,clothes; outfit; garments,appearance,fashion_beauty,false,
threads,13454540230,2010-05-05,I think the threads are awesome and aots can you follow me  #aots,139615437,clothes; outfit; garments,appearance,commenting,false,
threads,13454581459,2010-05-05,RT @NBA_VIXEN: @GGurls I wud holla cuz u can always buy that person some new threads! lol,17276080,clothes; outfit; garments,appearance,fashion_beauty,false,
threads,13454611104,2010-05-05,"Interesting to get deleted to repost to another thread, but never gets reposted. HUH.. lord save me from multiple threads. fuck this crap",72620701,clothes; outfit; garments,appearance,commenting,false,
threads,13454657710,2010-05-05,#NetworkingWitches is giving away a Mommys Sippy Cup Wine Glass from @Yellow Threads http://tinyurl.com/2egpp86,29318599,clothes; outfit; garments,appearance,casual_conversation,false,
threads,13454984301,2010-05-05,#python threads have frazzled my brain ! I just don't understand :(,19187882,clothes; outfit; garments,appearance,commenting,false,
threads,13455074641,2010-05-05,"@tennisman120 MYSPACEEE. Cool threads, man :)",3725011,clothes; outfit; garments,appearance,casual_conversation,false,
threads,13855584431,2010-05-12,Hmm multiple threads!! Eats a cookie.. AT TWICE THE SPEED!,32418480,clothes; outfit; garments,appearance,commenting,false,
threads,13855641803,2010-05-12,"@myblacksmile  ""戀敏一生"" is ur devoted fan. She introduced u with many threads.Now, she is struggling for her life. Need ur encourage to her~",127903253,clothes; outfit; garments,appearance,casual_conversation,false,
threads,13855745612,2010-05-12,Vietnamese guys get hands on new iphone! Check potential new iphone video http://www.tinhte.com/threads/406545-Tren-tay-dien-thoai-duo...,17239667,clothes; outfit; garments,appearance,article_sharing,false,
threads,13855787315,2010-05-12,New Camera on sale: 72mm Filter Kit 23pcs ( for all 72mm threads Cameras  ) http://bit.ly/bgCNue,128465172,clothes; outfit; garments,appearance,article_sharing,false,
threads,13855797047,2010-05-12,New Camera on sale: 62mm Filter Kit 28pcs ( for all 62mm threads sizes) http://bit.ly/bwhOE6,128465172,clothes; outfit; garments,appearance,article_sharing,false,
threads,13855801125,2010-05-12,New Camera on sale: 67mm Filter Kit 23pcs ( for all 67mm threads Cameras  ) http://bit.ly/czdDev,128465172,clothes; outfit; garments,appearance,article_sharing,false,
threads,13855808624,2010-05-12,New Camera on sale: 72mm Filter Kit 23pcs ( for all 72mm threads Cameras  ) http://bit.ly/dmoCT5,128465172,clothes; outfit; garments,appearance,article_sharing,false,
threads,13855820451,2010-05-12,New Camera on sale: 67mm Filter Kit 23pcs ( for all 67mm threads Cameras  ) http://bit.ly/9ovl2L,128465172,clothes; outfit; garments,appearance,article_sharing,false,
threads,13856000668,2010-05-12,♫ Owl Service & Alison O'Donnell - Scarlet Threads & Silver Needles http://somafm.com #nowplaying,14203234,clothes; outfit; garments,appearance,article_sharing,false,
threads,13856076221,2010-05-12,[Rails] Re: q: notify via replace_html: Stop hijacking other people's threads! Learn to create a new topic for  ne... http://bit.ly/a92h3h,87548072,clothes; outfit; garments,appearance,article_sharing,false,
threads,14220034909,2010-05-18,"Find info for Threads Etc in Washington, DC (#ThreadsEtcinWashington,DC) at http://bit.ly/9mPaIg",141487343,clothes; outfit; garments,appearance,article_sharing,false,
threads,14220089015,2010-05-18,Eric's 2009 Elite & Triple Threads Baseball 2 Box Break http://bit.ly/b7SlQE #mlb #2009 #baseball #break #elite #eric's #threads #triple,140517223,clothes; outfit; garments,appearance,article_sharing,false,
threads,14220334497,2010-05-18,"PvP - Twink info for dummies.: Vaneras : Added a link to this thread in the ""Useful PVP Threads"" sticky:
http://fo... http://bit.ly/avsbPy",18770090,clothes; outfit; garments,appearance,article_sharing,false,
threads,14220623946,2010-05-18,"old friends, no just threads in the pattern now. I barely know them anymore & I'm sure they'd say the same of me",19941156,clothes; outfit; garments,appearance,commenting,false,
threads,14220950141,2010-05-18,just been sent this new brand by fashionista friend.get involved b4 everyone does.nice english threads. http://www.sehkelly.com/ @sehkelly,14095325,clothes; outfit; garments,appearance,casual_conversation,false,
threads,14221045634,2010-05-18,The Greatest Peter Milligan Stories Ever Told! - Voting: Here's the latest of the daily voting threads for The Gre... http://bit.ly/97Git5,20935379,clothes; outfit; garments,appearance,article_sharing,false,
threads,14221149802,2010-05-18,Forum Old post and threads- http://bit.ly/dlsUTz,40475333,clothes; outfit; garments,appearance,technology_discussion,false,
threads,14221295615,2010-05-18,Local Threads » Blog Archive » Custom Design T shirt Changes http://bit.ly/cJPvvr,45248781,clothes; outfit; garments,appearance,article_sharing,false,
threads,14221327999,2010-05-18,"Every Once in a While I Wish I Had a Faster Car...: But then I read threads like this on other car forums: 
  
mis... http://bit.ly/b6mTpr",111124873,clothes; outfit; garments,appearance,technology_discussion,false,
threads,14221399610,2010-05-18,♪04 Portishead - Threads (Guest Mix By Fluftronix) - Noise Floor Crew #inthemood,88635502,clothes; outfit; garments,appearance,commenting,false,
threads,14940454090,2010-05-28,Bean threads vegetable soup #vegan #whatveganseat http://twitpic.com/1ryavy,19712559,clothes; outfit; garments,appearance,article_sharing,false,
threads,14940632478,2010-05-29,"RT @xenijardin: ""Honey's not vegan"" = Godwin's law of vegetarianism/meat ethics threads. Came up in unrelated BB post re: cow-bashing: h ...",3594901,clothes; outfit; garments,appearance,casual_conversation,false,
threads,14940841504,2010-05-29,@nattyMONSTAAA I might hav sum lo threads for you soon...,23077552,clothes; outfit; garments,appearance,casual_conversation,false,
threads,14940915804,2010-05-29,"It's taking too long to expand comment threads. Sorry, ONTD. Hate it.",21378947,clothes; outfit; garments,appearance,commenting,false,
threads,14941383808,2010-05-29,@MJISAB2ST taesung's got three threads with jinyu to get through before he finds the locket in the third &gt;.&lt;,122878514,clothes; outfit; garments,appearance,casual_conversation,false,
threads,14941512337,2010-05-29,"@IceKayas lol,new age gotta mean new threads innit! im doing shops sunday,saw stuff online but u cant beat highstreet summertime shopping!",50668975,clothes; outfit; garments,appearance,fashion_beauty,false,
threads,14941589859,2010-05-29,Off to get some threads for special occasion. With hubby as opinion man.,44820256,clothes; outfit; garments,appearance,commenting,false,
threads,14941664075,2010-05-29,"@amaticrodriguez Just read your intview with ARC website--50/50
for EC- don't think so!!! EC threads are burnin w/ posters all over d world.",55928116,clothes; outfit; garments,appearance,casual_conversation,false,
threads,14941998160,2010-05-29,@food_mob just my normal threads with a bangin set of heels! Sooo.. Is the whole point of this so we are ALWAYS the same height?,19421774,clothes; outfit; garments,appearance,casual_conversation,false,
threads,14942433114,2010-05-29,big s/o to the Michigan Zetas! i like sororities steppin in dressy threads instead of sweats... #sorry,117138098,clothes; outfit; garments,appearance,commenting,false,
threads,14963859758,2010-05-29,RT @AcousticsDrC: @DiscoutureKat @em_vintage Sample Sale & Vintage Threads @ The Triangle Manchester... Looking fresh!,24439122,clothes; outfit; garments,appearance,casual_conversation,false,
threads,14963922944,2010-05-29,Next up on my list to say is Rue/Mint from Threads of Fate!,21131252,clothes; outfit; garments,appearance,commenting,false,
threads,14964333631,2010-05-29,AAAAAAAAAH KANAME THREADS ARE SO AWKWARD I DON'T UNDERSTAAAAAND,31661100,clothes; outfit; garments,appearance,commenting,false,
threads,14965376421,2010-05-29,@Steve_Coops be lured. It's good. Dms look like message threads and it's just easier. I love it x,76409156,clothes; outfit; garments,appearance,casual_conversation,false,
threads,14965410138,2010-05-29,Threads Started by User in Postbit and Profile for vB 4- http://bit.ly/agAe6I,40475333,clothes; outfit; garments,appearance,article_sharing,false,
threads,14965410909,2010-05-29,threadbit placement issue in firefox for threads with attachment- http://bit.ly/cWQeJi,40475333,clothes; outfit; garments,appearance,article_sharing,false,
threads,14966182170,2010-05-29,@derris_a just a guy viewing threads for a meterberry code :) (Bold 9700),112579821,clothes; outfit; garments,appearance,technology_discussion,false,
threads,14966252292,2010-05-29,Wii boxing while on the threads laterzzzzzzz,18330926,clothes; outfit; garments,appearance,commenting,false,
threads,14966308022,2010-05-29,@icod and they even have bumsex threads,142274277,clothes; outfit; garments,appearance,casual_conversation,false,
threads,14966526681,2010-05-29,"While we take a quick break to catch our breath, re-live that great Swiss hair-do & gold threads again: http://bit.ly/Z64s8. #SBSEurovision",37615178,clothes; outfit; garments,appearance,article_sharing,false,
threads,15398706509,2010-06-04,@cymberrain RT Come browse my gorgeous hand dyed silk velvets and cotton embroidery threads http://www.artfire.com/users/cymberrain,101829799,clothes; outfit; garments,appearance,casual_conversation,false,
threads,15398794128,2010-06-04,Cherryholmes IV Common Threads by Cherryholmes has been added. #Music #RMUS http://bit.ly/d6vNTU,137452001,clothes; outfit; garments,appearance,article_sharing,false,
threads,15398840198,2010-06-04,"#music #vinyl THREADS OF LIFE (LP+ BONUS 7"") . SHADOWS FALL . 2 LP http://www.inandout.at/p/e/VN:31291-C1",139927811,clothes; outfit; garments,appearance,article_sharing,false,
threads,15398921555,2010-06-04,"Just wondering, no offense intended, except for those who deserve it.

WTF?

I have read a bunch of threads, and t... http://bit.ly/b6K2xx",33110224,clothes; outfit; garments,appearance,article_sharing,false,
threads,15398940114,2010-06-04,"but the threads make the pieces, they'd been waiting to be seen & held. appreciated. ignored. maybes. so many.",23562843,clothes; outfit; garments,appearance,commenting,false,
threads,15399193947,2010-06-04,Restore Posts and Threads of Deleted User.- http://bit.ly/cvuwYl,40475333,clothes; outfit; garments,appearance,article_sharing,false,
threads,15399261944,2010-06-04,"Swakker Chat ￥0 ⇒ ￥115 http://iphone.orelabo.jp/app/345319293/ Draw in your chat threads!
Send SMS messages to any mobile phone!

Swak",20736064,clothes; outfit; garments,appearance,article_sharing,false,
threads,15399389940,2010-06-04,RT @Dragonfly194: @adamlambert you have spun your honeyed voice into golden threads that wrap themselves around my heart - weaving my so ...,54740540,clothes; outfit; garments,appearance,casual_conversation,false,
threads,15399409896,2010-06-04,Temposhark - Threads http://metaphoric.me #nowplaying,120880337,clothes; outfit; garments,appearance,article_sharing,false,
threads,15682181723,2010-06-08,"""@Sainted: Got some cool threads 2day....so me-ish"" &lt;&lt;&lt; did u get me some",112305161,clothes; outfit; garments,appearance,casual_conversation,false,
threads,15682365797,2010-06-08,Like Threads (Facebook) http://nextgendaily.com/showthread.php?t=269,111514106,clothes; outfit; garments,appearance,article_sharing,false,
threads,15682417172,2010-06-08,just realized I have some text message threads going all the way back to January. I was a completely different person back then!,20567940,clothes; outfit; garments,appearance,commenting,false,
threads,15682445468,2010-06-08,@Jon0Neal Been on those threads all night.  Nothing is working.  Thanks for the link anyhow!,14873282,clothes; outfit; garments,appearance,casual_conversation,false,
threads,15682525705,2010-06-08,Got a nice sunburn yesterday at the pool and some new threads in the mail today... summer has officially begun!,17395495,clothes; outfit; garments,appearance,fashion_beauty,false,
threads,15682721518,2010-06-08,"Is it me or there's no way of following twitter threads ""downhill"" ? (i.e. replies to a tweet instead of parents)",16573031,clothes; outfit; garments,appearance,commenting,false,
threads,15682743584,2010-06-08,Watching a series on history of sex and film. I like comparing the differences and thinking about common threads. Also what I've missed!,20760552,clothes; outfit; garments,appearance,commenting,false,
threads,15682877609,2010-06-08,Inner Sanctum • Re: Astronomy Picture of the Day: Thor's Helmet: ~Leela~ wrote:I truly love your celestial threads... http://bit.ly/aoGm2O,105060522,clothes; outfit; garments,appearance,article_sharing,false,
threads,15682911668,2010-06-08,"It's hard to synchronize threads in #jruby. I mean it's a good thing, OK?",5626592,clothes; outfit; garments,appearance,commenting,false,
threads,15682996687,2010-06-08,"women, cashflow, quality threads, dope kicks, ill beats good buddha and some good eats",121993409,clothes; outfit; garments,appearance,commenting,false,
threads,17530248973,2010-07-02,buying wolf some new threads. it pains me how much the cool stuff costs.,21173066,clothes; outfit; garments,appearance,fashion_beauty,false,
threads,17530437423,2010-07-02,I wonder why some people walk out their house with them fugly threads- wait I know why- they ain't got no mirrors,159345935,clothes; outfit; garments,appearance,commenting,false,
threads,17530689647,2010-07-02,"Inkyfingers tweeple...tell me something. What ink is the least water-resistant, in your experience? Looking for FPN threads isn't fruitful.",14689075,clothes; outfit; garments,appearance,commenting,false,
threads,17530733109,2010-07-02,"Maybe your search function (or brain) is working better than mine tonight, so if you can find some threads, please shoot 'em to me! Kthxbai!",14689075,clothes; outfit; garments,appearance,commenting,false,
threads,17530975204,2010-07-02,: : Campagnolo Veloce? Bottom Bracket--english Threads £7.35 http://bit.ly/ch0Gl7,108298014,clothes; outfit; garments,appearance,article_sharing,false,
threads,17530981660,2010-07-02,"Fav Quilting Posts: Threads of Conversation: Kikus and Hexies: I spent last night fussy cutting hexagons, not for ... http://bit.ly/91eaTl",75465587,clothes; outfit; garments,appearance,article_sharing,false,
threads,17531137020,2010-07-02,@ninadobrev @iansomerhalder @julieplec @kevwilliamson 600 threads of Damon&Elena at FanForum. 397 shippers. Biggest fandom. Fastest ever.,28061937,clothes; outfit; garments,appearance,technology_discussion,false,
threads,17531201031,2010-07-02,RT @indi303: @robinsage Woot! Can't wait to wrap u in EL threads and take compromising pix of ya,20520008,clothes; outfit; garments,appearance,casual_conversation,false,
threads,17531422649,2010-07-02,@willowtweet how are we on st berry threads?! Not to 23 yet are we?!,33565678,clothes; outfit; garments,appearance,casual_conversation,false,
threads,17531567669,2010-07-02,"@leevigraham Agreed, the forums are less-than-ideal for support in my opinion. But can't you subscribe to forum threads via email?",14167632,clothes; outfit; garments,appearance,technology_discussion,false,
threads,17802774621,2010-07-05,Pulling together threads of history to show how we got to where we are now with our whole health situation for the Hood Health Manual.,14058582,clothes; outfit; garments,appearance,commenting,false,
threads,17802828801,2010-07-05,Build: www.gifted-threads.com,18317906,clothes; outfit; garments,appearance,commenting,false,
threads,17803043182,2010-07-05,good morning masters of swom... the cyber relm in which gold en threads of conversation enlighten its marvelous and... http://swom.com/cD2WJ,155404742,clothes; outfit; garments,appearance,article_sharing,false,
threads,17803401520,2010-07-05,"wtf... if you're trying to make an argument, the worst thing you can do is to quote one of my threads -_-",16273821,clothes; outfit; garments,appearance,commenting,false,
threads,17803432432,2010-07-05,"Fabric Definition: Lame

A type of brocade fabric with interwoven metallic threads, often gold or silver. It is... http://fb.me/DhInRT4J",30980272,clothes; outfit; garments,appearance,article_sharing,false,
threads,17803527078,2010-07-05,#5: 72MM 72 MM Wide Angle + Macro lens for Canon XL2 XL1s XL1 + Any Camera lens with 72mm Filter Threads!: 72MM 7... http://amzn.to/9OhKgc,53076350,clothes; outfit; garments,appearance,article_sharing,false,
threads,17803636983,2010-07-05,"@sarramanning Me too. Major Converse product placement in Threads. Some All-Stars, at least.",8733792,clothes; outfit; garments,appearance,casual_conversation,false,
threads,17803778008,2010-07-05,Terrific news! LATA Foundation to fund Threads of Peru. More details here: http://ow.ly/26Wa7,63267199,clothes; outfit; garments,appearance,article_sharing,false,
threads,17803782729,2010-07-05,Uncommon Threads Poplin Chef Hat http://bit.ly/9Y62xQ,118932440,clothes; outfit; garments,appearance,article_sharing,false,
threads,17804220657,2010-07-05,"""I thought the sky was empty/Until I fell through it /And landed on a web of threads/Woven out of me"" From my book Two Pronouns and a Verb",17267124,clothes; outfit; garments,appearance,commenting,false,
threads,19729261729,2010-07-28,"Well, our astronautical forum moved to new location. New threads info will be posted here: @astronautyka",35886598,clothes; outfit; garments,appearance,technology_discussion,false,
threads,19729423903,2010-07-28,@kiran_happy @nisa46 was busy in too many threads. now some breathing space.,58440065,clothes; outfit; garments,appearance,casual_conversation,false,
threads,19729501615,2010-07-28,"@catdubh there are a few threads at the moment that I clicked 'post reply' swiftly followed by cancel, haven't the energy....",18901509,clothes; outfit; garments,appearance,casual_conversation,false,
threads,19729514123,2010-07-28,Whenever I read too many comment-threads I watch a couple of scenes from QI and I have faith in people again. (Stephen Fry in general helps),19740705,clothes; outfit; garments,appearance,commenting,false,
threads,19729539601,2010-07-28,"@thefourpartland Yes, I've plotted one and not another, need to have some idea of threads. Have 10000 words of 'notes' think might dive in",15460314,clothes; outfit; garments,appearance,casual_conversation,false,
threads,19729570911,2010-07-28,..&gt;&gt; Your Skin In This Weather Bourne Eye - Threads & Swollen Perfume http://bit.ly/9NVyNH,157188542,clothes; outfit; garments,appearance,article_sharing,false,
threads,19729573336,2010-07-28,&gt;   http://creedperfume.us &gt; Your Skin In This Weather Bourne Eye - Threads &amp; Swollen Perfume http://bit.ly/9NVyNH #perfume #cologne,98683231,clothes; outfit; garments,appearance,article_sharing,false,
threads,19729621497,2010-07-28,Your #Skin In #This #Weather #Bourne Eye – #Threads & #Swollen #Perfume http://goo.gl/fb/9WlBK  #creed #perfume #blog,139425999,clothes; outfit; garments,appearance,article_sharing,false,
threads,19730009440,2010-07-28,"AshRik Trivia: We started with just 2 threads. Now, we have our own blog, twitter, facebook, multiply and a lot more to come.",171251662,clothes; outfit; garments,appearance,commenting,false,
threads,20544772519,2010-08-07,"@snuffles1979 Nope, threads still seem stuffed.",54140414,clothes; outfit; garments,appearance,casual_conversation,false,
threads,20545158523,2010-08-07,"how do you secure the ends of your threads?  tying off is sooo fiddly, there must be a better way?",25096174,clothes; outfit; garments,appearance,commenting,false,
threads,20545222281,2010-08-07,"There has been information threads containing pics of instructions on how to create a killer desktop, involving s... http://bit.ly/96moFA",96994326,clothes; outfit; garments,appearance,article_sharing,false,
threads,20545424243,2010-08-07,"oh well, time to say good bye to the 2 top bead threads on the top of my hair. the two underneath can stay a bit longer.",21496396,clothes; outfit; garments,appearance,commenting,false,
threads,20545966549,2010-08-07,Gig last night was awesome. See you at Radfest tomorrow. I will have some Threads EP tapes on me if anyone wants to do swapsies?,148719598,clothes; outfit; garments,appearance,commenting,false,
threads,20545978344,2010-08-07,"Hey super-lazyweb, if you wanted to highlight your most ""popular"" forum threads, would you do by replies or views?",14659239,clothes; outfit; garments,appearance,technology_discussion,false,
threads,20546124910,2010-08-07,RT @pipestheband: Gig last night was awesome. See you at Radfest tomorrow. I will have some Threads EP tapes on me if anyone wants to do ...,12440732,clothes; outfit; garments,appearance,casual_conversation,false,
threads,20546323974,2010-08-07,We've upgraded to PE!: All those juicy threads talked us into it - we've upgraded for the return journey. ... http://DIBB.me/uwyqp9 #disney,21644736,clothes; outfit; garments,appearance,article_sharing,false,
threads,20546338908,2010-08-07,grysl: This strikes at a more interesting discussion than these yes/no threads typically suggest.  Video ga...  http://kotaku.com/c/27165417,90896826,clothes; outfit; garments,appearance,article_sharing,false,
threads,20546971923,2010-08-07,"Top threads by country: Cambodia:Drugs(where to score), Laos:Tubing (sigh), Thailand:Safety (red/yellow shirt bs) Vietnam:Ha Long scams.",14659239,clothes; outfit; garments,appearance,commenting,false,
threads,20993687441,2010-08-12,@b50 really? I struggle so much with twitter.com and can't see conversation threads at all,24358549,clothes; outfit; garments,appearance,commenting,false,
threads,20994149216,2010-08-12,@Zybroxz Stack Overflow post http://bit.ly/cPPUG4 Ordered execute threads,160839042,clothes; outfit; garments,appearance,casual_conversation,false,
threads,20994281131,2010-08-12,Back from shower. No Internet fixed until tomorrow. All threads are at a stand-still/frozen. Fuck it. Is it too early to start drinking?,21610282,clothes; outfit; garments,appearance,commenting,false,
threads,20994603564,2010-08-12,Be Inquisitive!  If a friend is looking particularly sharp go ahead and find out where he buys his threads.... http://fb.me/vmBw5lGV,48292180,clothes; outfit; garments,appearance,article_sharing,false,
threads,20994748098,2010-08-12,"@scorzayzee  BIG calls on threads from back in the day.. rocking Ewing 33's  and  a alba walk man, stop play fast fwd.. but a 3 band eq",84134131,clothes; outfit; garments,appearance,casual_conversation,false,
threads,20994780398,2010-08-12,Refinishing Stand and Stand positioning: I've asked this already in one of my other threads but thought i'd make a... http://bit.ly/927mTm,97218152,clothes; outfit; garments,appearance,article_sharing,false,
threads,20994781005,2010-08-12,"@briangriffey WAY better memory management, JVM threads, you can use most Java libraries inline. Full power of years of work on the JVM",14437022,clothes; outfit; garments,appearance,casual_conversation,false,
threads,20994786654,2010-08-12,@dezfafara Stack Overflow post http://bit.ly/cPPUG4 Ordered execute threads,160839042,clothes; outfit; garments,appearance,casual_conversation,false,
threads,20994961214,2010-08-12,Check our previous threads for more details and updates for the 'Unthinkable' Girl Fight,116793062,clothes; outfit; garments,appearance,commenting,false,
threads,20995291979,2010-08-12,"@imthinkinRB Whattup foolio ...you kno what would be tight, if you delivered ya threads #mw2 care package style",140498434,clothes; outfit; garments,appearance,casual_conversation,false,
threads,22061552074,2010-08-25,"okay guys, i have searched and cant find the threads where i know a few of you have swapped out your factory sub. ... http://bit.ly/ad4tMY",34617444,clothes; outfit; garments,appearance,article_sharing,false,
threads,22061992369,2010-08-25,Couple escapes injury in LaGrange plane crash - 44 Minutes Ago - Topix: This will search the titles of the threads... http://bit.ly/dl43Tx,22533064,clothes; outfit; garments,appearance,article_sharing,false,
threads,22062063753,2010-08-25,Check out our @vineyard_vines threads we wore while sailing the America II this weekend! http://yfrog.com/0spykj,91347161,clothes; outfit; garments,appearance,casual_conversation,false,
threads,22062527968,2010-08-25,"Why so many Malay threads lately in LYN?, http://bit.ly/arRLYW",81554296,clothes; outfit; garments,appearance,article_sharing,false,
threads,22062766565,2010-08-25,http://boomstyles.com Apple deletes support threads talking about Consumer Reports iPhone 4 story: We mentioned http://url4.eu/71zLv,159632551,clothes; outfit; garments,appearance,article_sharing,false,
threads,22062769074,2010-08-25,http://boomstyles.com Apple deletes support threads talking about Consumer Reports iPhone 4 story: We mentioned http://url4.eu/71zLl,159638479,clothes; outfit; garments,appearance,article_sharing,false,
threads,22062813343,2010-08-25,http://boomstyles.com Apple deletes support threads talking about Consumer Reports iPhone 4 story: We mentioned http://url4.eu/71zM5,159637311,clothes; outfit; garments,appearance,article_sharing,false,
threads,22062841860,2010-08-25,"Evolution, not revolution: a look at AMD's Bulldozer: Ars TechnicaSo SMT essentially keeps two or more threads loa... http://bit.ly/aaPPee",82321359,clothes; outfit; garments,appearance,article_sharing,false,
threads,22062845103,2010-08-25,"Evolution, not revolution: a look at AMD's Bulldozer: Ars TechnicaSo SMT essentially keeps two or more threads loa... http://bit.ly/cbDSHA",145291121,clothes; outfit; garments,appearance,article_sharing,false,
threads,22063091051,2010-08-25,Sleeping in my Hawaii threads like i do every night. Take me to the islands!,21953935,clothes; outfit; garments,appearance,commenting,false,
threads,22297092931,2010-08-27,@GiftedThreads Hold a tournament and have gifted threads host it lol,151667813,clothes; outfit; garments,appearance,casual_conversation,false,
threads,22297352513,2010-08-27,A nice overview of threads in Ruby and Rails:  http://bit.ly/9LwmXz,17194029,clothes; outfit; garments,appearance,article_sharing,false,
threads,22297736992,2010-08-27,"@Dave_lol TF2Items.com probably has the best idea for it, making loads of threads will just get messy imo.",42334903,clothes; outfit; garments,appearance,casual_conversation,false,
threads,22297823261,2010-08-27,daily alert!!! getting closer to $10k for @common__threads... keep voting!! http://ht.ly/2s4P0 (thanks to all who haven't gotten sick of it),18944397,clothes; outfit; garments,appearance,casual_conversation,false,
threads,22297938642,2010-08-27,@julianhyde  What is the best guide for performance tweaks for Pentaho analyzer views and BIServer? tips on number of threads to DB etc...,29901467,clothes; outfit; garments,appearance,casual_conversation,false,
threads,22297990700,2010-08-27,"There are times where I really wish Gmail's ""mute"" feature worked on email threads containing my email address.",14801185,clothes; outfit; garments,appearance,commenting,false,
threads,22298043087,2010-08-27,"Good job, 'Soulsers! All of the open threads have replies! If you have a thread in need of reply, post here: http://ow.ly/2vXLr",89372726,clothes; outfit; garments,appearance,article_sharing,false,
threads,22298083424,2010-08-27,You can subscribe to your favorite discussion threads now.  http://bit.ly/aCeBqJ,32173967,clothes; outfit; garments,appearance,article_sharing,false,
threads,22298090723,2010-08-27,Loving @WonderlandSongs Forum. It looks so great now after we did all the cleaning to the duplicate threads and all that stuff!!,53440641,clothes; outfit; garments,appearance,technology_discussion,false,
threads,22298110905,2010-08-27,RT @StephAndTheGoat: daily alert!!! getting closer to $10k for @common__threads... keep voting!! http://ht.ly/2s4P0 (thanks to all who h ...,43579684,clothes; outfit; garments,appearance,casual_conversation,false,
threads,22636253437,2010-08-31,"You can purchase ""Threads of Hope"" bracelets and bookmarks to help keep Filipino children out of prostitution here: http://is.gd/eNJCm",18673262,clothes; outfit; garments,appearance,article_sharing,false,
threads,22636271354,2010-08-31,MacBook vs. MBP: I know this issue has been debated and I've read the threads.  Here's my situation: my teenage da... http://bit.ly/9psiVe,50110940,clothes; outfit; garments,appearance,article_sharing,false,
threads,22636344967,2010-08-31,"Inter Caste Marriage - Clarifications !!: All , 
  
  I have already read few threads on Inter-Caste Marriages, Th... http://bit.ly/bDPXeA",110336813,clothes; outfit; garments,appearance,article_sharing,false,
threads,22636563422,2010-08-31,RT @pfleidi: RT @danielpunkass Software defects can be classified into three groups: 1. Your bugs. 2. Their bugs. 3. Threads.,105160289,clothes; outfit; garments,appearance,casual_conversation,false,
threads,22636594560,2010-08-31,Wonders why some people find the need to change the subject of every single email. Really ruins my Gmail threads.,8572112,clothes; outfit; garments,appearance,commenting,false,
threads,22636744238,2010-08-31,@wyvernfriend Not seeing any threads on the topic. Profile-comment me more details?,5917472,clothes; outfit; garments,appearance,casual_conversation,false,
threads,22636861039,2010-08-31,is heading home from Threads teardown. #threadslarp,14849958,clothes; outfit; garments,appearance,commenting,false,
threads,22637042206,2010-08-31,Inbox down from 600+ threads to 450. If you contacted me I may reply this month :-),14803550,clothes; outfit; garments,appearance,commenting,false,
threads,22637113819,2010-08-31,Widget: Most Popular (Replies) Threads - http://bit.ly/drDX1j,182660338,clothes; outfit; garments,appearance,article_sharing,false,
threads,22637169081,2010-08-31,Song of the Day : Threads by This Will Destroy You. Because post-rock doesn't have to be boring,17448861,clothes; outfit; garments,appearance,commenting,false,
threads,24449974274,2010-09-14,Mark Madden on Nashes Twitter Comments http://www.pwsforums.com/threads/158632-RVD-CAREER-PISSANT.-NASH-nWo.?p=1755685#post1755685,94486293,clothes; outfit; garments,appearance,technology_discussion,false,
threads,24450122680,2010-09-14,"Conair.com - Travel Accessories &gt; Travel Appliances &gt; Model Ts800lr: Removes pills, threads and fuzz Keeps clothes looking like new Re...",77317341,clothes; outfit; garments,appearance,fashion_beauty,false,
threads,24450268246,2010-09-14,"My phone just did its annual ""erase all my damn textin threads""",138278003,clothes; outfit; garments,appearance,commenting,false,
threads,24450530956,2010-09-14,Feeding the beast. Hitting the lab soon. Watch those threads...,76157334,clothes; outfit; garments,appearance,commenting,false,
threads,24450659494,2010-09-14,"[ubuntu] A way to disable gnome-panel restarting after quitting?: I have seen a couple of threads about this, for ... http://bit.ly/cihr0c",174251549,clothes; outfit; garments,appearance,article_sharing,false,
threads,24450668721,2010-09-14,@JenDelena18 where do u have those threads? I decided to stop by and say hello?!,33181859,clothes; outfit; garments,appearance,casual_conversation,false,
threads,24450727586,2010-09-14,"Ethnic FALAH Clutches, TALKING THREADS collection, Nightwear from CURVES, stunning GEETANJALI jewelry & EDELWEISS toys
Log in Today @ 11am!",89159223,clothes; outfit; garments,appearance,casual_conversation,false,
threads,24450805179,2010-09-14,"@laneylogic I left but I still lurk (obviously).  It may be why there are weird, one-sided conversations in some older threads.",26159009,clothes; outfit; garments,appearance,casual_conversation,false,
threads,24450920778,2010-09-14,I can't reply in any Soompi threads. Lmao.,109839321,clothes; outfit; garments,appearance,commenting,false,
threads,24451119824,2010-09-14,@candlemama @shell1009 @MovieMel you guys busy right now? few threads that can use some CARBO love at NBC,33428670,clothes; outfit; garments,appearance,casual_conversation,false,
threads,25194733514,2010-09-22,@HtDeE Look up his two new threads this morning too. :)),50237363,clothes; outfit; garments,appearance,fashion_beauty,false,
threads,25194831718,2010-09-22,Capcom-fan? Must have: http://www.spillegal.no/threads/18628-CAPCOM-cross-TGS-2010-sakeflaske,20357565,clothes; outfit; garments,appearance,article_sharing,false,
threads,25194883210,2010-09-22,#bmwland One of the best build threads ever... http://bit.ly/ax6mia,28082751,clothes; outfit; garments,appearance,article_sharing,false,
threads,25195556736,2010-09-22,@MCC2040 THAT WOULD TOTES WORK. WE NEED THE KEEPER IN ON THIS ASAP Oooh we should plan this in ninja threads so it's all a surprise for R,139924330,clothes; outfit; garments,appearance,casual_conversation,false,
threads,25195575912,2010-09-22,"so I just realized, I've failed at the title for the last three threads I've posted in Motion and nobody told me lol /FIX'D ALREADY THOUGH",19772182,clothes; outfit; garments,appearance,commenting,false,
threads,25195596835,2010-09-22,@confessorlove Ninja threads? I AM LOST. but yes. R must not know. Your R or my R rofl,36512184,clothes; outfit; garments,appearance,casual_conversation,false,
threads,25195808671,2010-09-22,Dead Threads Skull Camo Bondage Shirt http://www.gothchoice.com/content/dead-threads-skull-camo-bondage-shirt,136063194,clothes; outfit; garments,appearance,article_sharing,false,
threads,25195842529,2010-09-22,"@SlackerDJ -shivers, threads fingers in your hair and whimpers- If you stopped, yes...don't...",174591489,clothes; outfit; garments,appearance,casual_conversation,false,
threads,25195843117,2010-09-22,@attyjong nope. i'm not that mean. lol! I've seen that ngaz-u nick in the fantasy threads.regular ata yan sa pex,50719446,clothes; outfit; garments,appearance,casual_conversation,false,
threads,25196037572,2010-09-22,Dead Threads Witchy Skirt http://www.gothchoice.com/content/dead-threads-witchy-skirt,136063194,clothes; outfit; garments,appearance,article_sharing,false,
threads,25422063934,2010-09-24,"threads and so much more, learn about it in real-time 
http://safe.mn/gDo",90931955,clothes; outfit; garments,appearance,article_sharing,false,
threads,25422158370,2010-09-24,Triple Threads is now live! Listings going up on eBay throughout the weekend. Some nice stuff including Strasburg oncard autos. @toppscards,62305136,clothes; outfit; garments,appearance,casual_conversation,false,
threads,25422229208,2010-09-24,Speaking of @ toppscards Triple Threads. I will post some pics on twitter of some cards early this evening,62305136,clothes; outfit; garments,appearance,casual_conversation,false,
threads,25422548217,2010-09-24,Member Photo Threads • Re: Ryan (570)'s Photo Thread *NEW PICS 09/22/2010*: Thanks  Going to get some more soon in... http://bit.ly/9S8TUb,85024916,clothes; outfit; garments,appearance,article_sharing,false,
threads,25422629935,2010-09-24,should I go to FF? Is there a lot of people? :) Is it a huge massacre of threads? *hopeful look* :D,33041582,clothes; outfit; garments,appearance,commenting,false,
threads,25423149862,2010-09-24,@Kathiiee92 oh ok lol did you ask him personally through a message or on one of the threads?,25898864,clothes; outfit; garments,appearance,casual_conversation,false,
threads,25423451955,2010-09-24,#Amazeballs - Stephen Colbert Threads Needle With In-Character Congressional Testimony Q&A http://mediaite.com/a/eoszy,156117109,clothes; outfit; garments,appearance,article_sharing,false,
threads,25423497908,2010-09-24,Threads of Color:  http://bit.ly/aPOH4Q,59567398,clothes; outfit; garments,appearance,article_sharing,false,
threads,25423872337,2010-09-24,there should be a penalty or something for diggin up EIGHT MONTH OLD THREADS,51538476,clothes; outfit; garments,appearance,commenting,false,
threads,26044447364,2010-10-01,"Take a look at this site. I know there are some threads here about the same subject, but I can't seem to... http://bit.ly/brLkSq #Microsoft",170899878,clothes; outfit; garments,appearance,article_sharing,false,
threads,26044464881,2010-10-01,@IGGE_Threads grow up Peter Pan. You really just had sushi for the first time?,31782454,clothes; outfit; garments,appearance,casual_conversation,false,
threads,26044808922,2010-10-01,Who's world is this? It's yours - www.gifted-threads.com,18317906,clothes; outfit; garments,appearance,commenting,false,
threads,26044871983,2010-10-01,"Tired and a little lonely, reluctantly winding down threads of conversations across media until it's silent. And goodnight :)",142476050,clothes; outfit; garments,appearance,commenting,false,
threads,26044979283,2010-10-01,"@HHotelConsult yahoo is crawling with haters, in general. Reading their comment threads for too long can rattle your faith in humanity.",37013476,clothes; outfit; garments,appearance,casual_conversation,false,
threads,26045199317,2010-10-01,@MR_THREADS you lucky bastard,26543448,clothes; outfit; garments,appearance,casual_conversation,false,
threads,26045365729,2010-10-01,Sweet!! RT @MattLanter: Thanks to @DeeMurthy and @FiveFour for the sweet new threads! #fivefourclothing,22591657,clothes; outfit; garments,appearance,fashion_beauty,false,
threads,26045637434,2010-10-01,@unBrujo has visto los troll physics threads? son la ondisima,15143338,clothes; outfit; garments,appearance,casual_conversation,false,
threads,26045697508,2010-10-01,"guys check out our endorsments, fear clothing, chivalry clothing and also eyes of envy, make sure you get some of there neat threads!",65360896,clothes; outfit; garments,appearance,commenting,false,
threads,26045796605,2010-10-01,"Just got home and am finally resting. What. A. Day! Scored some sweet new threads, though!",10369302,clothes; outfit; garments,appearance,fashion_beauty,false,
threads,27310691024,2010-10-14,"classic rock bass drum: after reading many posts from many threads concerning the audix d6 and the akg d112, some ... http://bit.ly/9SY9b3",119617419,clothes; outfit; garments,appearance,article_sharing,false,
threads,27310853362,2010-10-14,Motorized Bicycle Electrics ?: Where'd all the threads go? This is strange....:-|| http://bit.ly/aVyLiz,37623813,clothes; outfit; garments,appearance,article_sharing,false,
threads,27310888745,2010-10-14,RT Motorized Bicycle Electrics ?: Where'd all the threads go? This is strange....:-|| http://bit.ly/aVyLiz http://snipurl.com/1b2bvg,17053116,clothes; outfit; garments,appearance,article_sharing,false,
threads,27310932468,2010-10-14,Got some fresh new @VitalBMX threads! Stoked! http://plixi.com/p/50516238,58713335,clothes; outfit; garments,appearance,casual_conversation,false,
threads,27311231933,2010-10-14,Teaching is rewarding even if it's only a few hours a week. Common threads is a great program.,112284448,clothes; outfit; garments,appearance,commenting,false,
threads,27311566636,2010-10-14,"964 Cab child seat center anchor  - ROW?: Hello, there have been several threads about the rear child seat tether ... http://bit.ly/b21hTY",111419123,clothes; outfit; garments,appearance,article_sharing,false,
threads,27311593946,2010-10-14,Mail Day 1/19/10 (2009 Triple Threads Cole Hamels Bookliet) http://goo.gl/fb/c7hRw,195564733,clothes; outfit; garments,appearance,article_sharing,false,
threads,27311848980,2010-10-14,RT @MikePortnoy: Check out the shirt on this Brazilian fan at our hotel...nice threads dude! Brazil rules http://twitpic.com/2x22j4,89236207,clothes; outfit; garments,appearance,casual_conversation,false,
threads,27311895000,2010-10-14,encontrou Jesus! @MikePortnoy CheckOut the shirt on thisBrazilian fan at our hotel.nice threads dude! Brazil rules http://twitpic.com/2x22j4,51854550,clothes; outfit; garments,appearance,casual_conversation,false,
threads,27482675636,2010-10-15,@LittleBigNim Damn those threads are annoying. I was checking to see if anyone got theirs yet and it's full of useless spam.,41480905,clothes; outfit; garments,appearance,casual_conversation,false,
threads,27482846112,2010-10-15,@ellymelly I KNOW! UM. I'll be on later. You can pounce me then. :P WE NEED TO HAVE THREADS SOMEHOW. WATSON MISSES HIS BFF...of sorts. lol!,36709884,clothes; outfit; garments,appearance,casual_conversation,false,
threads,27482894542,2010-10-15,"@NEVERSAYNAT Act like a noob, and post in threads acting like you have no idea what everyone's talking about.",147254872,clothes; outfit; garments,appearance,casual_conversation,false,
threads,27482918714,2010-10-15,"Curled up in the fetal position in my double bed in sweats and a threads for thought shirt, watching 30 rock. this. is. comfort.",14102955,clothes; outfit; garments,appearance,commenting,false,
threads,27482954576,2010-10-15,CMS Multiple comment threads-http://skripterz.info/r/jc6,40475333,clothes; outfit; garments,appearance,article_sharing,false,
threads,27482974147,2010-10-15,just changed from out of my funeral threads...about to go back to grandma's and then chill with my cousin,25508962,clothes; outfit; garments,appearance,commenting,false,
threads,27483086806,2010-10-15,"RT @ShentonStage: Smart, elegant & sophisticated, SONGS FROM A HOTEL BEDROOM threads a dreamlike canvas of movement through the songs vi ...",53015480,clothes; outfit; garments,appearance,casual_conversation,false,
threads,27483130123,2010-10-15,"RT @VitacostService: The Vitacost community has new discussion threads! There are movies, sports and all of your favorite vitamin thread ...",203253280,clothes; outfit; garments,appearance,casual_conversation,false,
threads,27483280311,2010-10-15,Eyebrow maintenance. (@ Threads) http://4sq.com/dfVXOW,20466327,clothes; outfit; garments,appearance,casual_conversation,false,
threads,28547628436,2010-10-24,"RT @NaNoWriMo: 2010 Tally: 82,360 authors signed up so far. 7,972 threads with 165,162 comments in the general forum.",91795651,clothes; outfit; garments,appearance,technology_discussion,false,
threads,28547986715,2010-10-24,"When you see the new threads don't ask me where I got them from, I'm being stingy with that info",92841567,clothes; outfit; garments,appearance,fashion_beauty,false,
threads,28548104938,2010-10-24,Y se ciclaron los threads u.u!,19052335,clothes; outfit; garments,appearance,commenting,false,
threads,28548227044,2010-10-24,Davidson: Theatre Threads luncheon is wear the past com... - http://fwix.com/a/27_f6777e8ff2,42385383,clothes; outfit; garments,appearance,article_sharing,false,
threads,28548245316,2010-10-24,"Good music, good food, good women, good threads, good everything. #GoodTimes LML",23734443,clothes; outfit; garments,appearance,commenting,false,
threads,28548266188,2010-10-24,"http://t.co/bFXpIXt RT @TheyLoveDan - Good music, good food, good women, good threads, good everything. #GoodTimes LML  http://t.co/bFXpIXt",90312928,clothes; outfit; garments,appearance,casual_conversation,false,
threads,28548459994,2010-10-24,motorcycle rides toy runs - Topix: This will search the titles of the threads in the Piggott forum. Search the Pig... http://bit.ly/cTmD9z,151765309,clothes; outfit; garments,appearance,technology_discussion,false,
threads,28548548260,2010-10-24,Taking full advantage of my #P90X recovery day to catch up on the million shows saved on my DVR and read Beachbody threads,16347252,clothes; outfit; garments,appearance,commenting,false,
threads,28548812571,2010-10-24,The utter reading comprehension failure of @edbrayton's readers certainly explains his lengthy comment threads of fucknuttedness. #fwdaoti,26589498,clothes; outfit; garments,appearance,casual_conversation,false,
threads,1299228114558976,2010-11-07,#28801 : materialitems: Dallas- Free used tires 75R15 (midcities): They are used but still have threads http://b... http://bit.ly/9fJhmS,25363412,clothes; outfit; garments,appearance,article_sharing,false,
threads,1299636019007489,2010-11-07,#doctors #mbbs final year: yup..lets hope someone answers ur queries..do check old threads… http://goo.gl/fb/8kwxp,20051580,clothes; outfit; garments,appearance,article_sharing,false,
threads,1300082997600256,2010-11-07,I ♥ this colorful threads.,37366204,clothes; outfit; garments,appearance,commenting,false,
threads,1300401374629888,2010-11-07,"What the... I searched for some old threads in MSF to put in our website
 but could find some new ones only. They... http://fb.me/vjZ8REjS",188110285,clothes; outfit; garments,appearance,article_sharing,false,
threads,1300824290496513,2010-11-07,i think everyone should check out http://www.monstar.com.au/ by @Mon_Star9 for some killer threads! great Chrissy present ideas! :),78793671,clothes; outfit; garments,appearance,casual_conversation,false,
threads,1301174619742208,2010-11-07,@Nessa_Nikki Bah thats right threaded!  Im such a dude xD  K no threads but Wing Stop FOR SURE omg drooooooooooolll,24937021,clothes; outfit; garments,appearance,casual_conversation,false,
threads,1301343130099712,2010-11-07,Arsians: anybody else think tensions are running a bit high in the Open Lounge? Saw at least three threads go off track this morning. WTF.,12284252,clothes; outfit; garments,appearance,commenting,false,
threads,1301700543520768,2010-11-07,"LWFW Poll: Ok, I have read the various threads about the positive aspects of a LWFW as well as the apparent harm... http://bit.ly/dbgCtT",111419123,clothes; outfit; garments,appearance,article_sharing,false,
threads,1302230623854592,2010-11-07,@MariahEBelle thanks for the compliment on the threads! - Darren,21670781,clothes; outfit; garments,appearance,casual_conversation,false,
threads,1302913469124608,2010-11-07,@Popy85 Unfortunately not. ):  I do have the information in threads on BoardAloud though.  I'll link you!,19286240,clothes; outfit; garments,appearance,casual_conversation,false,
threads,4090323676430337,2010-11-15,"@Swanny_32  PMs & posting on threads he had nothing to do with, when I told him where to go he claimed I had started it and it was my fault.",52370481,clothes; outfit; garments,appearance,casual_conversation,false,
threads,4091783642349568,2010-11-15,(sigh) Trolls in the threads. Again.,26971593,clothes; outfit; garments,appearance,commenting,false,
threads,4093449531817984,2010-11-15,"RT @ariandalen: She held sanity ~ Closely, with gentle touch by ~ Short, friable threads.  #artwiculate #senryu",64709346,clothes; outfit; garments,appearance,casual_conversation,false,
threads,4093467391168512,2010-11-15,Silken Threads in a Fine Tapestry ➪ @StoryRoute @bluejessamine @fitinmyheart @cadevvi @DivaUSA @MovingLight @nursemom90 TYHugs #Follow,55288936,clothes; outfit; garments,appearance,casual_conversation,false,
threads,4094381309038592,2010-11-15,found this clip of @mrbrief on one of his trips into ashford to buy himself some new threads - not bad for an old 'un.. http://bit.ly/arcaTy,141261186,clothes; outfit; garments,appearance,fashion_beauty,false,
threads,4094742438617088,2010-11-15,"""Thoughts are the threads that bind us to deeds.Deeds are the ropes that bind us to habits.Habits are the chains... http://fb.me/JKMwA1Xk",52981231,clothes; outfit; garments,appearance,article_sharing,false,
threads,4096226274316288,2010-11-15,Fungal threads are the internet of the plant world: keep an eye on your tomato plants. There's no knowing what t... http://bit.ly/cDVw0z,56681846,clothes; outfit; garments,appearance,article_sharing,false,
threads,4096283459452929,2010-11-15,Spam is invading threads now ... http://tinyurl.com/24dvkfo,200789184,clothes; outfit; garments,appearance,article_sharing,false,
threads,4096915788529664,2010-11-15,More colours release in the tabbed icons series. #xenforo http://xenforo.com/community/threads/tabbed-status-icons.8024/,100348500,clothes; outfit; garments,appearance,article_sharing,false,
threads,4096986059907072,2010-11-15,threads sticking out of my gum you  are getting annoying. I hope you're dissolvable.,20866169,clothes; outfit; garments,appearance,commenting,false,
threads,7761939312676864,2010-11-25,"Forum: Whinging about ....... whinging: Seriously lads. There are plenty of match threads available, lots of rug... http://bit.ly/gVQ4ow",134984662,clothes; outfit; garments,appearance,technology_discussion,false,
threads,7761987417153536,2010-11-25,HEY!! READ PREVIOUS THREADS BEFORE POSTING THE EXACT SAME THING! http://bit.ly/f5wlmX,194120127,clothes; outfit; garments,appearance,article_sharing,false,
threads,7762068140724224,2010-11-25,Getting ready for our #Thanksgiving #turkeytrot  #fitblog  wearing @raw_threads shirts!!,54339398,clothes; outfit; garments,appearance,casual_conversation,false,
threads,7762449692368896,2010-11-25,Have fun! RT @pure2raw: Getting ready for our #Thanksgiving #turkeytrot  #fitblog  wearing @raw_threads shirts!!,105196190,clothes; outfit; garments,appearance,casual_conversation,false,
threads,7764048955310080,2010-11-25,Chef Threads Offering Aprons Starting From $3.05 http://widepr.com/4196,44846395,clothes; outfit; garments,appearance,article_sharing,false,
threads,7765544879001601,2010-11-25,"I uploaded a YouTube video -- Response to 4 threads 1 video Mrhoffame, Dhancyz, JosephO... http://youtu.be/UUlxbE0dKmQ?a",7079462,clothes; outfit; garments,appearance,article_sharing,false,
threads,7767671873474560,2010-11-25,Heading off to the foundling museum today to write a report. Has anybody been to the threads of feeling exhibition?,16085883,clothes; outfit; garments,appearance,commenting,false,
threads,7768073251590144,2010-11-25,Top Threads - Sidebar - http://skripterz.info/r/koz,40475333,clothes; outfit; garments,appearance,article_sharing,false,
threads,7769412488663040,2010-11-25,Best Mobile Phone For A World Traveler : Travel Gear Forum ...: Travel Gear Threads. Best Mobile Phone For A Wor... http://bit.ly/huPEPJ,191704178,clothes; outfit; garments,appearance,technology_discussion,false,
threads,7770459655372801,2010-11-25,Memories are the threads that hold the patchwork of friendship together.,89609883,clothes; outfit; garments,appearance,commenting,false,
threads,7851685615505408,2010-11-25,Shout out Remi Torres always showing mad love. @DTE_threads,36739331,clothes; outfit; garments,appearance,casual_conversation,false,
threads,7851901139820544,2010-11-25,@cyantist Spider Woman taught us so many things- especially how to make threads and how to weave our rugs.,42088324,clothes; outfit; garments,appearance,casual_conversation,false,
threads,7851927278718976,2010-11-25,like candles without threads the wax wont burn,85183340,clothes; outfit; garments,appearance,commenting,false,
threads,7851984472252416,2010-11-25,"Gracias a la vida, grateful 4 the amazing beautiful people in my life who span the world like golden threads of light.  http://bit.ly/DYGus",14109004,clothes; outfit; garments,appearance,article_sharing,false,
threads,7852171622096896,2010-11-25,@Alkaffeine email threads can be replied from home. Hard to work when you can't collaborate.,158908762,clothes; outfit; garments,appearance,casual_conversation,false,
threads,7852780760858624,2010-11-25,"From Archive: : Whether Google Treating ""Blog Comments"" as Forum threads ? http://bit.ly/bqhy2j #tson",76067735,clothes; outfit; garments,appearance,technology_discussion,false,
threads,7853965043572736,2010-11-25,@Jturn230 I only buy on and off 3 and 7 in the NFL... got some good threads in the NFL forum about how often they hit and the percentages..,40375940,clothes; outfit; garments,appearance,technology_discussion,false,
threads,7854431995432960,2010-11-25,"CMS Forum Block ""Latest Threads"" as Widget ""Latest Threads"" - http://skripterz.info/r/nt1",40475333,clothes; outfit; garments,appearance,technology_discussion,false,
threads,7855329035419648,2010-11-25,@MosiSenwot I don't care wut its about lol I don't kno them clownz n I hv tweetcaster I kan read threads! U work 2day?,183751566,clothes; outfit; garments,appearance,casual_conversation,false,
threads,7855691557502976,2010-11-25,"Everyone go check out our good friends Pyknic!!
They just dropped some awesome new threads
Go like there page and... http://fb.me/viNmSVmx",105934786,clothes; outfit; garments,appearance,fashion_beauty,false,
threads,8480318566703104,2010-11-27,Loving Emily and her threads! Should not be drinking though! Glad I didn't have to hospitalise myself lol,28288487,clothes; outfit; garments,appearance,commenting,false,
threads,8481871818137600,2010-11-27,#bigtittygirls keep the old bra thats the comfy one wit the threads coming out lol,123068307,clothes; outfit; garments,appearance,commenting,false,
threads,8483367490158592,2010-11-27,MaxiForum | UNLIMITED SHARING - Threads Tagged with nazar değmesi http://ping.fm/e1HZW,204477957,clothes; outfit; garments,appearance,technology_discussion,false,
threads,8486717887614976,2010-11-27,@kstatefan Your work sounds most ambitious. How will you draw these various threads together? Let me know if I can be of assistance.,29673341,clothes; outfit; garments,appearance,casual_conversation,false,
threads,8486808224538625,2010-11-27,The Soiled Threads - http://b2l.me/ayraCt,132096833,clothes; outfit; garments,appearance,article_sharing,false,
threads,8486913920995329,2010-11-27,"What gadgets you equipped in your igoogle? - IhAv.NET: Similar Threads. Thread, Thread Starter, Forum, Replies, ... http://bit.ly/hJIYMk",79767289,clothes; outfit; garments,appearance,technology_discussion,false,
threads,8488355654270976,2010-11-27,"Threads: Holidays, with a little dressing on the side - http://fwix.com/a/33_9fa9b474be",57279667,clothes; outfit; garments,appearance,article_sharing,false,
threads,8492289198395392,2010-11-27,Upcoming event: The Silver Threads - 12/1/2010 http://bit.ly/eLW20L #nashville,79316839,clothes; outfit; garments,appearance,article_sharing,false,
threads,8492494501187584,2010-11-27,"Photo: At work christmas party, all new threads. Bout it! http://tumblr.com/xujs4zolm",27214426,clothes; outfit; garments,appearance,fashion_beauty,false,
threads,8493486055624706,2010-11-27,She's Gone by Hall & Oates: Rep Power: 325. Poetry She's Gone by Hall & Oates. Similar Threads. Hall & Oates can... http://bit.ly/gtuIXK,134887794,clothes; outfit; garments,appearance,article_sharing,false,
threads,8627245744652288,2010-11-27,Summerchild that sits by the water weaving sunlight threads in his hands (8),101126665,clothes; outfit; garments,appearance,commenting,false,
threads,8628229761929216,2010-11-27,Wilson threads the needle to Davis.  Moves ball down to Maryland 30.  Gain of 21.,29761786,clothes; outfit; garments,appearance,commenting,false,
threads,8631251854426112,2010-11-27,"Just got my shirt in the mail from @iSkeeterpan my threads is to ""Dank!""",83761639,clothes; outfit; garments,appearance,casual_conversation,false,
threads,8631893817819136,2010-11-27,"RT @incubusquotes: If it came down to it, would you high-tail home and hide? Or dance on fire and enjoy the ride? ~ Pendulous Threads",93268262,clothes; outfit; garments,appearance,casual_conversation,false,
threads,8632071228497920,2010-11-27,"CTSUSA.com Sewing Supply 10% Off Coupon 3 Day Sale (Sewing Threads, Machine Needles, Elastic) http://sockroll.com/cf31yg",217617224,clothes; outfit; garments,appearance,article_sharing,false,
threads,10945363280142336,2010-12-04,@dannysgirlsg1 8 hrs = ewww.... not staying up for Threads? ;),5820122,clothes; outfit; garments,appearance,casual_conversation,false,
threads,10946519884636160,2010-12-04,"Exporter of Threads & Yarns: Kavy Exports: Manufacturer and exporter of cotton yarn, viscose yarn, acrylic yarn,... http://bit.ly/hLQO05",18923681,clothes; outfit; garments,appearance,article_sharing,false,
threads,10946537379078144,2010-12-04,"Exporter of Threads & Yarns: Kavy Exports: Manufacturer and exporter of cotton yarn, viscose yarn, acrylic yarn... http://bit.ly/hrbjdz",18923681,clothes; outfit; garments,appearance,article_sharing,false,
threads,10949245267877888,2010-12-04,"@triplep220 Best thing about Twitter web interface is pop-out right pane, it creates threads so you can see what tweets are in reply to. :)",16186589,clothes; outfit; garments,appearance,casual_conversation,false,
threads,10951235616120832,2010-12-04,Returning the Favor: Shaquille O'Neal threads the needle with a sweet pass  inside the paint to Ra... http://on.nba.com/dYV6El #NBARecap,117881236,clothes; outfit; garments,appearance,article_sharing,false,
threads,10951278741950464,2010-12-04,@TheBippi Stupid Osfoora for iPhone is breaking some of my threads/convos. :(,115601662,clothes; outfit; garments,appearance,casual_conversation,false,
threads,10951998786502656,2010-12-04,@motorbot @dlux_art caught up on some of the related SB threads. Interesting stuff to say the least,25549651,clothes; outfit; garments,appearance,casual_conversation,false,
threads,10954341418541056,2010-12-04,RT @GemsFit4AQueen: #FF @silverestrellas @greenchicvtg @happy threads @BohemianWeasel @VogueVintage,50501881,clothes; outfit; garments,appearance,casual_conversation,false,
threads,10955046028050432,2010-12-04,RT @onlineNBA: Returning the Favor: Shaquille O'Neal threads the needle with a sweet pass  inside the paint to Ra... http://on.nba.com/d ...,196329995,clothes; outfit; garments,appearance,casual_conversation,false,
threads,14440068332654592,2010-12-13,"*BE NICE TODAY, OK?* Threads of Discovery, to Weave a Plan of Attack: By GINA KOLATA Alzheimer's researchers are... http://bit.ly/frDZng",55878877,clothes; outfit; garments,appearance,article_sharing,false,
threads,14440068848558080,2010-12-13,"**PLS SMILE, OK?** Threads of Discovery, to Weave a Plan of Attack: By GINA KOLATA Alzheimer's researchers are o... http://bit.ly/frDZng",58320714,clothes; outfit; garments,appearance,article_sharing,false,
threads,14440098913329152,2010-12-13,"Threads of Discovery, to Weave a Plan of Attack http://bit.ly/eNy1YX",159644006,clothes; outfit; garments,appearance,article_sharing,false,
threads,14440207889735680,2010-12-13,"gfrTwt&gt; Ivory Coast Debate Lights Up on Twitter: So-called threads, or ongoing discussions, on the Twitter websi... http://bit.ly/hoytd9",754753,clothes; outfit; garments,appearance,article_sharing,false,
threads,14440268031852544,2010-12-13,Class Conscious Threads - Fabrics Illustrate Rank in Gareth Holt’s Social Order Shirt #Design:  http://bit.ly/ejXEio,111191225,clothes; outfit; garments,appearance,article_sharing,false,
threads,14440571468779520,2010-12-13,"@divadee007 I went on the help forums and complained a couple of times about how many I'd lost, threads in known issues!",20451274,clothes; outfit; garments,appearance,technology_discussion,false,
threads,14440934565486592,2010-12-13,Class Conscious Threads - Fabrics Illustrate Rank in Gareth Holt&#8217;s Social Order Shirt (GALLERY): (Tr... http://tinyurl.com/24wjgms,39630006,clothes; outfit; garments,appearance,article_sharing,false,
threads,14441053973123072,2010-12-13,@granvillemag Happy to help! I love sporting ethical threads but solutions can be scarce after size 10 :p,11594592,clothes; outfit; garments,appearance,casual_conversation,false,
threads,14441359494619136,2010-12-13,"SOS Sleep Update Threads of Discovery, to Weave a Plan of Attack http://bit.ly/i2RERf #medical #treatment",172891346,clothes; outfit; garments,appearance,article_sharing,false,
threads,16185141340672000,2010-12-18,Can't rate own threads - http://skripterz.info/r/smq,40475333,clothes; outfit; garments,appearance,article_sharing,false,
threads,16186275581136896,2010-12-18,"[iii.co.uk] Shareholder Bonus: I've never posted on this discussion board, but have often followed the threads w... http://bit.ly/eWwIDI",149970884,clothes; outfit; garments,appearance,article_sharing,false,
threads,16186706055143424,2010-12-18,Are there any oga workaround threads for vista: Microsoft recently updated it's version of Office Genuine advant... http://bit.ly/eRFJx4,7149302,clothes; outfit; garments,appearance,article_sharing,false,
threads,16187360622411776,2010-12-18,Build with us: www.gifted-threads.com,18317906,clothes; outfit; garments,appearance,commenting,false,
threads,16187449654910976,2010-12-18,"New Thread! Weird Al head commission?: Hey guys, other people have started threads like these. So I thought what the http://bit.ly/gVoyvf",47794437,clothes; outfit; garments,appearance,article_sharing,false,
threads,16189551697461248,2010-12-18,use threads;,189543353,clothes; outfit; garments,appearance,commenting,false,
threads,16190111364423680,2010-12-18,Help sito http://www.teenforum.it/threads/45041-Help-sito,86907778,clothes; outfit; garments,appearance,technology_discussion,false,
threads,16193758999617536,2010-12-18,@evenruins LOLOLOL it's totally cool.I followed you!  twitter threads are difficult because by the time you write out the next 1 ur mixed up,78805997,clothes; outfit; garments,appearance,casual_conversation,false,
threads,16194228329652224,2010-12-18,Discussion: Overclocking Questions: First let me begin by asking not to clog Devs and Mods threads with question... http://bit.ly/fkrZNA,177734697,clothes; outfit; garments,appearance,article_sharing,false,
threads,16194591640256512,2010-12-18,"@gidalkaiser Tron strictly pieced together small plot threads with excuses for video game footage, Tron Legacy actually had a real plot",68699361,clothes; outfit; garments,appearance,casual_conversation,false,
threads,16762411587469312,2010-12-20,Come browse my gorgeous hand dyed silk velvets and cotton embroidery threads http://www.artfire.com/users/RainbowFingers,6399082,clothes; outfit; garments,appearance,article_sharing,false,
threads,16764750285246464,2010-12-20,why?: How come when I post a new thread it won't show up on my account page showing my new threads? http://bit.ly/eI8uo3,136001010,clothes; outfit; garments,appearance,fashion_beauty,false,
threads,16764793251700738,2010-12-20,small threads - Amy Bahrt http://bit.ly/groIyS,65665387,clothes; outfit; garments,appearance,article_sharing,false,
threads,16766060573233152,2010-12-20,trends or threads?,224186845,clothes; outfit; garments,appearance,commenting,false,
threads,16772581797396480,2010-12-20,2013 RB Derrick Henry FL: I know there aren't many 2013 threads but this guy is a special talent. As of no... http://bit.ly/gVkDdx #vols,110015954,clothes; outfit; garments,appearance,article_sharing,false,
threads,16772666652364800,2010-12-20,SMALL MAG : small threads - Amy Bahrt: We are busy putting the final touches on the new issue of Small and it sh... http://bit.ly/e8qKOM,189653898,clothes; outfit; garments,appearance,article_sharing,false,
threads,16773817569382400,2010-12-20,"@connerstella Broken lines, broken strings, Broken threads, broken springs, Broken idols, broken heads, People sleeping in broken beds.",200272047,clothes; outfit; garments,appearance,casual_conversation,false,
threads,16774556500893696,2010-12-20,Edited Posts!: I have any New messages to threads I have contributed to sent straight to my email a... http://bit.ly/gOVmdS (# dog dogs),112773146,clothes; outfit; garments,appearance,article_sharing,false,
threads,16775450227384320,2010-12-20,RT @FreePavarotti: I am slyly pulling threads from the fringe of Kurt's pillow to make a nest. That's what he gets for leaving my cage n ...,215653720,clothes; outfit; garments,appearance,casual_conversation,false,
threads,16775633078063104,2010-12-20,extra long and thick saffron threads that expand even further on soaking and steeping http://www.indiakashmirsaffron.com/,192848720,clothes; outfit; garments,appearance,food_related,false,
threads,18962959879376896,2010-12-26,Open Thread – Fly On http://dlvr.it/C71PQ #Open_Threads #50 #p2,196109220,clothes; outfit; garments,appearance,article_sharing,false,
threads,18963108739420160,2010-12-26,Threads - Pop Rox Collection. This swimsuit is hand made and is a limited edition item... http://www.lilanikole.com/threads/ #LilaNikole,23091889,clothes; outfit; garments,appearance,article_sharing,false,
threads,18967258449584128,2010-12-26,"@wirebutterfly I love that S6 seems to be hinting at answers to S5 mysteries and loose threads.  First this, and Lodger!TARDIS in trailer.",16699961,clothes; outfit; garments,appearance,casual_conversation,false,
threads,18970532158382080,2010-12-26,ill Threads Is Sold OUt /:,184191035,clothes; outfit; garments,appearance,commenting,false,
threads,18974923087155200,2010-12-26,"About gifting games (long, no tl:dr): I saw a lot of great threads these last few days. I saw people just giving... http://bit.ly/e0aAvj",14264731,clothes; outfit; garments,appearance,article_sharing,false,
threads,18974923359784960,2010-12-26,"About gifting games (long, no tl:dr): I saw a lot of great threads these last few days. I saw people just giving... http://bit.ly/grHNLY",75036741,clothes; outfit; garments,appearance,article_sharing,false,
threads,18974923863101440,2010-12-26,"#SocialMediaNews #US About gifting games (long, no tl:dr): I saw a lot of great threads the... http://bit.ly/eB37sS #SEONews #SocMedNews",20385597,clothes; outfit; garments,appearance,article_sharing,false,
threads,18975127911792640,2010-12-26,"About gifting games (long, no tl:dr) - I saw a lot of great threads these last few days. I saw people just giving aw... http://ow.ly/1aBQI8",74800461,clothes; outfit; garments,appearance,article_sharing,false,
threads,18975671669760000,2010-12-26,"Cross country road trip suggestions?: I know there are quite a few cross country road trip threads already, but ... http://bit.ly/i8Y51t",111157682,clothes; outfit; garments,appearance,article_sharing,false,
threads,20206242983059456,2010-12-29,I need some new threads by friday,56037433,clothes; outfit; garments,appearance,fashion_beauty,false,
threads,20206683691159552,2010-12-29,Just came from #Alternative#Consingnment  on Downie. COOL threads footwear accs. Great prices,224045090,clothes; outfit; garments,appearance,commenting,false,
threads,20206808270376960,2010-12-29,COMMENTS LIKE EVERYONE'S THREADS,58879480,clothes; outfit; garments,appearance,commenting,false,
threads,20207013896126464,2010-12-29,@eevee It's a bit easier for me to just ignore everything than to untangle the threads of he-said-she-said drama and morality. :|,14699482,clothes; outfit; garments,appearance,casual_conversation,false,
threads,20209082992431104,2010-12-29,RT @hishonscustom: Just came from #Alternative#Consingnment  on Downie. COOL threads footwear accs. Great prices,150681715,clothes; outfit; garments,appearance,casual_conversation,false,
threads,20209498006228992,2010-12-29,#jibberish has some hella sick threads  http://yfrog.com/h7tj6cj,180033625,clothes; outfit; garments,appearance,article_sharing,false,
threads,20210164711821312,2010-12-29,@RaeEssie It's people being bored trying to start stuff by making threads and I think everyone is just tired of having to defend themselves!,14986852,clothes; outfit; garments,appearance,casual_conversation,false,
threads,20210409352994816,2010-12-29,These Salon Shoes are Sparkling: Badgley Mischka 'Humbie II' Pump: Luminous glittering threads add glamorous... http://fb.me/NX3bzWF4,57574418,clothes; outfit; garments,appearance,article_sharing,false,
threads,20211029703135232,2010-12-29,[stackoverflow] Do user events get spawned on separate threads in Cocos2d / Objective C: I have scheduled a repe... http://bit.ly/eUukN3,202823752,clothes; outfit; garments,appearance,article_sharing,false,
threads,20211683037290496,2010-12-29,Interesting Add-on released at #xenforo by Jaxel http://xenforo.com/community/threads/8wayrun-com-xenutiles-tools.9754/,100348500,clothes; outfit; garments,appearance,article_sharing,false,
zories,8295290847,2010-01-27,welcome to ZORIES SOLUTIONS,108248744,flip-flops; thong sandals,appearance,advertising_spam,false,Manual override -> technology_discussion | Darwin audit -> advertising_spam
zories,8406691407,2010-01-30,zories solutions training program for 2010,108248744,flip-flops; thong sandals,appearance,advertising_spam,false,Manual override -> technology_discussion | Darwin audit -> advertising_spam
zories,9617696450,2010-02-25,ZORIES SOLUTIONS re-introduces its classic Piping Design with PDMS and Pipe Stress Analysis with CAESAR II.,108248744,flip-flops; thong sandals,appearance,technology_discussion,false,Manual override -> technology_discussion
zories,9785098508,2010-02-28,"chrishal: smithy cat: Here in Guam, its not too odd to see people walking around in zories (sandals) or sli...  http://kotaku.com/c/19921644",90896826,flip-flops; thong sandals,appearance,article_sharing,false,Manual override -> article_sharing
zories,10744346750,2010-03-19,omg i haven't worn real tsaud zories since my Guam ages. with my bright red islander nasty toes @xoxosabby hahahah remember!,53857069,flip-flops; thong sandals,appearance,casual_conversation,false,
zories,10744762285,2010-03-19,My entire working day was spent in my fleece-lined zories. niiiiiice #fb,43346915,flip-flops; thong sandals,appearance,self_description,false,Darwin audit -> self_description
zories,10781532144,2010-03-20,"Best day of the year: First Day of Spring.  Shorts and zories weather here in the DC area.  Very welcome after a long, tough winter.",19471445,flip-flops; thong sandals,appearance,fashion_beauty,false,Manual override -> fashion_beauty
zories,13171544498,2010-05-01,"Myrtle Beach puts flop on top - The Sun News: In Hawaii, they're called thongs or zories. In New Zealand, they are... http://bit.ly/d3UNVC",103136325,flip-flops; thong sandals,appearance,article_sharing,false,Manual override -> article_sharing
zories,13524489258,2010-05-07,They said slippers on Bones. So nice to not hear flip flops or zories.,30315063,flip-flops; thong sandals,appearance,fashion_beauty,false,
zories,14057619513,2010-05-15,getting a zories tanline. finally.,32946303,flip-flops; thong sandals,appearance,fashion_beauty,false,
zories,14207018753,2010-05-18,"Thank u frens for being with me all d way today, pearls, eyebrows, zories, and all. Heart y'all!! Makes d 19✈ left too too short. ☮❥☺",131210421,flip-flops; thong sandals,appearance,fashion_beauty,false,
zories,14699106336,2010-05-25,@JonsIslandGirl oh wait..no it's Zories Only is the name..damn..lmfao,49213996,flip-flops; thong sandals,appearance,casual_conversation,false,
zories,15080476753,2010-05-31,"boboy is laying on the bed k.t.f.o , snoring his life away, w/ his zories still on. limh",25395555,flip-flops; thong sandals,appearance,commenting,false,
zories,16053907358,2010-06-13,"RT @DEhlersGuam: It may be #Guam, but I still don't think shorts (or jeans), a T-shirt and zories is proper attire for church. #fb",41570035,flip-flops; thong sandals,appearance,casual_conversation,false,
zories,19029749481,2010-07-20,"You wear flip flops.  I wear ""Zories"" still.",32649804,flip-flops; thong sandals,appearance,fashion_beauty,false,
zories,20266918970,2010-08-04,Sneakers or sandals? - zories. Hey what’s up? http://tumblr.com/xxwew7jwf,28946150,flip-flops; thong sandals,appearance,fashion_beauty,false,
zories,20268478113,2010-08-04,"Photo: my male fetish - guys wearing flip-flops, slippas, zori’s, zories - whatever you call ‘em, looking for... http://tumblr.com/xrdew9imk",51297653,flip-flops; thong sandals,appearance,sexual_context,false,Manual override -> sexual_context
zories,21784436475,2010-08-21,"I was wearing my dad's thong earlier. You know, because that's what white people call their zories. #thingswhitepeopledo",86038429,flip-flops; thong sandals,appearance,fashion_beauty,false,
zories,21848642487,2010-08-22,"@nerdseyeview my Sicilian grandmother called them ""zories"". But I think that was actually a Japanese word not Italian. # iamnohelptoyou",18666314,flip-flops; thong sandals,appearance,casual_conversation,false,
zories,22084469180,2010-08-25,"I need a new pair of ""ZORIES""....gosh a lab this word..ehehehhehe.....",34197313,flip-flops; thong sandals,appearance,fashion_beauty,false,Darwin audit -> fashion_beauty
zories,23123556561,2010-09-06,"@hattiltsideways i will see, but i didn't dress for the occasion!!! i'm wearing some paint spotted jeans, a black shirt, and some zories!",30099135,flip-flops; thong sandals,appearance,casual_conversation,false,
zories,24128939542,2010-09-10,"* Afrika Selatan: slops
* Amerika Serikat: sandals, flip-flops, go-aheads, thongs, dan zories
* Arge...201 votes 0... http://bit.ly/cEra3k",55962027,flip-flops; thong sandals,appearance,fashion_beauty,false,
zories,24721844678,2010-09-17,"@bahaki that is my favorite all time GPD description. 5""7' brown eyes, wearing a black tshirt, zories and board shorts, possibly local",18044262,flip-flops; thong sandals,appearance,casual_conversation,false,
zories,25559604571,2010-09-26,Yeah I got a pair of zories,73746828,flip-flops; thong sandals,appearance,commenting,false,
zories,27697273431,2010-10-18,"Oh good God, I chose the right day to finally wear zories to school. Haha. Maipe Guam is hottt!",35377471,flip-flops; thong sandals,appearance,commenting,false,
zories,28758307116,2010-10-26,"Today, on FB I learned flip flops are also called thongs, zories, showershoes and flopflippers. This was an educaional day to say the least!",54331320,flip-flops; thong sandals,appearance,fashion_beauty,false,
zories,28760375308,2010-10-26,"@TruBBle Zories was a friend in Texas, might be a Texas thang!",54331320,flip-flops; thong sandals,appearance,casual_conversation,false,
zories,3287654435127296,2010-11-13,"Tschaud alert! Picture this: middle aged guy, beer belly, no shirt on, camouflage pants, zories, carrying a bag of ice and a 6 pack of bud.",16374285,flip-flops; thong sandals,appearance,commenting,false,
zories,21421495490183168,2011-01-02,@Patty_Mills zories?,172267732,flip-flops; thong sandals,appearance,casual_conversation,false,
zories,21813745080606720,2011-01-03,@MALAFUNKSHUN I miss Guam....it's cold here in the ATL...can't wear my zories!,49213996,flip-flops; thong sandals,appearance,casual_conversation,false,
zories,21908366964039680,2011-01-03,Zories 2011 Calendar coming soon,108248744,flip-flops; thong sandals,appearance,commenting,false,
