word,id,date,text,author_id,term_meaning,term_category,usage_context,is_ironic,annotation_notes
bupkis,7325704366,2010-01-03,"@KathleenRake It means bupkis.It's vague.Not a linear measurement of traffic or even position within an industry (eg-retailers, blogs, etc.)",20476993,nothing; nothing at all,emphasis,commenting,false,Manual override -> commenting
bupkis,7367889187,2010-01-04,"Epic Fail: After partisan witch hunt, MD Dems find bupkis and wind up with egg on their faces  http://bit.ly/50Dide  #TCOT #MDREPS #MDTWEETS",17492541,nothing; nothing at all,emphasis,article_sharing,false,Manual override -> article_sharing
bupkis,7371715516,2010-01-04,"@BootsInTheOven while Clive does bupkis for cocktails, it's cute, clean, the staff is friendly & prices are reasonable. Drink #beer there",15772272,nothing; nothing at all,emphasis,casual_conversation,false,
bupkis,7374280641,2010-01-04,"the 3-year-warranty on my power supply is expired by 5 days. Well. guess that means the ""Warranty Void If Removed"" sticker means bupkis now",47038948,nothing; nothing at all,emphasis,commenting,false,
bupkis,7379948482,2010-01-04,"Second Place in the Olympics: Silver Medal, Flowers, Pomp & Circumstance. Second Place in the Biz Dev: Bupkis.",9766942,nothing; nothing at all,emphasis,commenting,false,
bupkis,7380042141,2010-01-04,@CharlieCurve What's a Bupkis?,15256188,nothing; nothing at all,emphasis,casual_conversation,false,
bupkis,7646928852,2010-01-11,"Drove across town to Goodwill & only bought a plastic bin for video games. Some days you score big, other days there's bupkis.",30532062,nothing; nothing at all,emphasis,self_description,false,
bupkis,7648894549,2010-01-12,Obama's own chart $787B borrow/spend stimulus = a catastrophe. Promised immediate 3 mil jobs.  Delivered bupkis http://bit.ly/bMOzI #tcot,18583055,nothing; nothing at all,emphasis,article_sharing,false,
bupkis,7648948491,2010-01-12,RT @Boomerjeff: Obama's own chart $787B borrow/spend stimulus = a catastrophe. Promised immediate 3 mil jobs.  Delivered bupkis http://b ...,27928942,nothing; nothing at all,emphasis,article_sharing,false,
bupkis,7665160097,2010-01-12,AP: Shovel-Ready Projects Accomplish Bupkis :: Political News and ... http://bit.ly/4QViBZ,44789875,nothing; nothing at all,emphasis,article_sharing,false,Manual override -> article_sharing
bupkis,7665617485,2010-01-12,trying to motivate myself to get ready and go to work.....it isn't going so well. maybe I need dick bupkis to motivate me,59085317,nothing; nothing at all,emphasis,commenting,false,
bupkis,7673837225,2010-01-12,Excellent article~ Sen Schumer sells out NY for Sen. Leader position ~ NY gets bupkis ~ Re-elect 2010? http://bit.ly/6fPxYb on NYPOST.com ~,98158642,nothing; nothing at all,emphasis,article_sharing,false,
bupkis,8281261846,2010-01-27,the Big Bupkis now on Travalanche: travsd.wordpress.com,17191053,nothing; nothing at all,emphasis,advertising_spam,false,Manual override -> advertising_spam
bupkis,8288725783,2010-01-27,"Hey...thought @macrumors was going to be livetweeting #iPad announcement, but I see bupkis.",25377011,nothing; nothing at all,emphasis,technology_discussion,false,Manual override -> technology_discussion
bupkis,8290128189,2010-01-27,"Oh, sure, you give the iPad a numeric keypad but the aluminum wireless gets bupkis.",13324552,nothing; nothing at all,emphasis,technology_discussion,false,
bupkis,8291804461,2010-01-27,"@TechCrunch & @Mashable, I love you guys, but why don't your newsletters ever function properly?  Clickity-click-click on the links, bupkis.",18301249,nothing; nothing at all,emphasis,casual_conversation,false,
bupkis,8302768684,2010-01-28,@joanwalsh Trivia for you re: Chris Matthews. Dick Van Dyke (& Morey Amsterdam) wrote a song named Bupkis on the old D VanD TV show,17043155,nothing; nothing at all,emphasis,casual_conversation,false,
bupkis,8304396237,2010-01-28,RT @CornDogComputer: RT @Bupkis: The iPad is really going to cause a lot of confusion in Boston Apple stores.,19248179,nothing; nothing at all,emphasis,technology_discussion,false,Manual override -> technology_discussion
bupkis,8322522673,2010-01-28,"It is the republicans Fault AGAIN !  It's the Previous Administrations Fault , AGAIN !, we the MAJORITY Could Accomplish BUPKIS COZ OF U !",20617717,nothing; nothing at all,emphasis,commenting,false,
bupkis,8329730687,2010-01-28,"@Bupkis  Ok, so you're trying to fill my entire browser window with just your tweets, right?",70012073,nothing; nothing at all,emphasis,casual_conversation,false,
bupkis,8826410766,2010-02-08,Attn Writers: Sign new Writers' Petition for a living wage. Don't work for bupkis anymore! http://writerspetition.ning.com/  Pass it on.,19673338,nothing; nothing at all,emphasis,advertising_spam,false,Manual override -> advertising_spam
bupkis,8827656446,2010-02-08,"The Dick Van Dyke Show: Season 4: ""Bupkis"" #netflix http://bit.ly/97p5Jh",106490334,nothing; nothing at all,emphasis,television_reference,false,Manual override -> television_reference
bupkis,8829430597,2010-02-08,Part of being a pale (relatively) parent of lovely brown children: learning about the perils of dry skin. Whitey knows bupkis about lotion!,792121,nothing; nothing at all,emphasis,commenting,false,
bupkis,8837654476,2010-02-09,"@OrangeComputer But if the shipping differential &lt; the labor differential, the barrier to entry ultimately means bupkis. My two cents...",23012716,nothing; nothing at all,emphasis,commenting,false,
bupkis,8874184352,2010-02-09,"@Gartenberg I vote ""bupkis.""",17177001,nothing; nothing at all,emphasis,casual_conversation,false,
bupkis,8876410464,2010-02-09,"@jane_l Can I rant now abt what publishers spend to promote a guaranteed best-seller, while midlist authors get bupkis in promo/support?",15634495,nothing; nothing at all,emphasis,casual_conversation,false,
bupkis,8888122058,2010-02-10,Bupkis on Craig's List nearly all listings for nannies.  Guess I will have to stick with my own cooking and cleaning.  Argh.,41664791,nothing; nothing at all,emphasis,commenting,false,
bupkis,9162422574,2010-02-16,"here we go again. NWS says up 2 8 in. snow forecast for Hamp, parts north. Parts south get bupkis. believe it when i see it. #westernma",111226850,nothing; nothing at all,emphasis,commenting,false,
bupkis,9209400386,2010-02-17,This is stunning.  $49 million settlement in a class action and plaintiffs' lawyers get  bupkis.  Zip.  Zero.  Nada.  http://tiny.cc/HAc1N,19372387,nothing; nothing at all,emphasis,article_sharing,false,
bupkis,9252178728,2010-02-17,Having “fun” trying to work out different ways elegantly to migrate a relatively small Lightroom 2 library to Aperture 3. So far: bupkis.,15392494,nothing; nothing at all,emphasis,commenting,false,
bupkis,9254192278,2010-02-17,@chrisphin bupkis?? Don't bother :),17849330,nothing; nothing at all,emphasis,casual_conversation,false,
bupkis,9582103309,2010-02-24,Nucleus of RT'd link: TRUSTe means bupkis.,23012716,nothing; nothing at all,emphasis,commenting,false,
bupkis,9631782881,2010-02-25,This will amount to Bupkis! Nothing!!  Only a play by the Progressives to appear bi-partisan.  #Summit #tcot,54237828,nothing; nothing at all,emphasis,commenting,false,
bupkis,9636710598,2010-02-25,@charah673 yeah we got bupkis hoping it continues to be 0 and that the wind isn't too bad,16628838,nothing; nothing at all,emphasis,commenting,false,
bupkis,9642301699,2010-02-25,"John McCain suggests tort reform to bring down health care costs.  CBO has repeatedly said that tort reform saves BUPKIS.  Sorry, John...",17878153,nothing; nothing at all,emphasis,commenting,false,
bupkis,9724317398,2010-02-27,"RT @RandallGrahm: Chatting w/ other suppliers, waiting to do their presentation to sales staff. Pity the poor guys who represent Chateau ...",82100982,nothing; nothing at all,emphasis,casual_conversation,false,
bupkis,9724395537,2010-02-27,"@RandallGrahm Of course 1 of those suppliers carrying Bupkis could get lucky & represent that new Napa ""cult"" mountain wine, Chateau Gonif!",82100982,nothing; nothing at all,emphasis,casual_conversation,false,
bupkis,9732033611,2010-02-27,"Obama proves he knows bupkis about insurance: I saw this up yesterday but didn't have time to post it. Here, Obama... http://bit.ly/aaaeJY",19821793,nothing; nothing at all,emphasis,article_sharing,false,
bupkis,9736558724,2010-02-27,"Sorry RT @Greetums: Can you believe that they recorded 20 inches of snow in Central Park but up here in the Hudson Valley I got bupkis, geez",106626924,nothing; nothing at all,emphasis,commenting,false,
bupkis,9738414679,2010-02-27,"RT @hyscience: Obama proves he knows bupkis about insurance: I saw this up yesterday but didn't have time to post it. Here, Obama... htt ...",22407074,nothing; nothing at all,emphasis,casual_conversation,false,
bupkis,9740575572,2010-02-27,"Even for Lady Gaga, streaming Internet music pays bupkis: As the music business continues to watch traditional rev... http://bit.ly/dsKlPx",19944307,nothing; nothing at all,emphasis,article_sharing,false,
bupkis,9743088634,2010-02-27,"Even for Lady Gaga, streaming Internet music pays bupkis - Vancouver Sun http://bit.ly/dsKlPx Michael Jackson",56274590,nothing; nothing at all,emphasis,article_sharing,false,
bupkis,9743141717,2010-02-27,"AND WHILE I'M AT IT, BEFORE WE TRUNCATE ALL ETYMOLOGICAL ROOTS, IT'S 'Bupkis', NOT 'Buttkiss'. IT'S YIDDISH FOR GOAT SHIT. GASRH &lt;/capslock&gt;",36649437,nothing; nothing at all,emphasis,commenting,false,
bupkis,9857076072,2010-03-02,Q:What does your day at work consist of? A:A whole lotta bupkis. No really. We start wit... http://formspring.me/sweetestofdekes/q/250579708,2628011,nothing; nothing at all,emphasis,work_school,false,Manual override -> work_school
bupkis,9907007116,2010-03-03,#LOST you promised me answers and I got bupkis!,17065752,nothing; nothing at all,emphasis,commenting,false,
bupkis,10582640929,2010-03-16,@BirdieBob This has just been torture. I'll never forgive them. 'Course that means bupkis.  :),19453476,nothing; nothing at all,emphasis,commenting,false,
bupkis,10626791322,2010-03-17,"Hey, @toto99com. I'm not speaking to you people until you announce shows in L.A. Except for right now. But other than this, BUPKIS! ;-)",13963112,nothing; nothing at all,emphasis,casual_conversation,false,
bupkis,10639953433,2010-03-17,@sodapoplv oh that's bupkis! What a bunch of douches!,6010772,nothing; nothing at all,emphasis,casual_conversation,false,
bupkis,12207443497,2010-04-15,@BUPKIS THANKS FOR RETOOTING ME SIR.,87627071,nothing; nothing at all,emphasis,casual_conversation,false,Manual override -> casual_conversation
bupkis,12207676237,2010-04-15,@BUPKIS YES MY EMAIL IS DRWSPECKER@http://http/;//WWWDRWSPECKERCOM,87627071,nothing; nothing at all,emphasis,casual_conversation,false,Manual override -> casual_conversation
bupkis,12207741213,2010-04-15,@BUPKIS MY ALTERNATE EMAIL FOR _STRICTLY_ NON SPAM PURPOSES IS DRWSPECKER@COM,87627071,nothing; nothing at all,emphasis,casual_conversation,false,Manual override -> casual_conversation
bupkis,12207800751,2010-04-15,@BUPKIS AND DONT TRY TO TRICK ME OUT OF EMAILS I KNOWS YOU GUYS I AM BIGTIME DOCOR THANK VERY MUCH SIRS,87627071,nothing; nothing at all,emphasis,casual_conversation,false,Manual override -> casual_conversation
bupkis,12207888630,2010-04-15,@Bupkis can i help you?,133176549,nothing; nothing at all,emphasis,casual_conversation,false,Manual override -> casual_conversation
bupkis,12208016782,2010-04-15,@Bupkis you crazy fool,133176549,nothing; nothing at all,emphasis,casual_conversation,false,Manual override -> casual_conversation
bupkis,12208242656,2010-04-15,"DM@BUPKIS I REFUSE PAYMENT WITHOUT A VALID CONTRACT WITH CONSIDERATION, I WILL SUE YOU FOR BREACH OF PENIS ENLARGEMENT CONTRACT",87627071,nothing; nothing at all,emphasis,casual_conversation,false,Manual override -> casual_conversation
bupkis,12224162862,2010-04-15,"RT @EnergyCollectiv Bupkis http://bit.ly/cAbQk8 The scientific investigation of CRU turned up, what do you know, scientists doing science.",9210392,nothing; nothing at all,emphasis,article_sharing,false,Manual override -> article_sharing
bupkis,12230791326,2010-04-15,http://initforthegold.blogspot.com/2010/04/still-bupkis.html Phil Jones #agw #climategate,82531755,nothing; nothing at all,emphasis,article_sharing,false,Manual override -> article_sharing
bupkis,12236841560,2010-04-15,@Saladworks changed my favorite salad. Bupkis.,124558336,nothing; nothing at all,emphasis,casual_conversation,false,
bupkis,12479732542,2010-04-19,"@Bupkis Is giving naughty kids coal a bad idea, since it pollutes the air?",15505354,nothing; nothing at all,emphasis,casual_conversation,false,
bupkis,12485565887,2010-04-20,So @lapp asks a math question [I was told there would be no math] I'm the only guy that answers and then...bupkis.  Is it my breath?,36733850,nothing; nothing at all,emphasis,casual_conversation,false,
bupkis,12491703524,2010-04-20,Attempting to dominate Excel again today - even using pivot tables! Still not sure how I've gone this long in IT knowing bupkis about Excel.,7785002,nothing; nothing at all,emphasis,technology_discussion,false,
bupkis,13629002971,2010-05-08,@Bupkis hey man u wanna be on techwebcast in a week of ur free?,19434669,nothing; nothing at all,emphasis,casual_conversation,false,Manual override -> casual_conversation
bupkis,13629244796,2010-05-08,@Bupkis hey man u wanna be on techwebcast in a week if ur free?,19434669,nothing; nothing at all,emphasis,casual_conversation,false,Manual override -> casual_conversation
bupkis,13636798549,2010-05-09,"Lmfao RT @Bupkis: I may not have any personality or style, but at least I'm terrible in bed.",12944952,nothing; nothing at all,emphasis,humor,false,Manual override -> humor
bupkis,13638242616,2010-05-09,"RT @laaabaseball: Lmfao RT @Bupkis: I may not have any personality or style, but at least I'm terrible in bed... Or am I?",12247122,nothing; nothing at all,emphasis,humor,false,Manual override -> humor
bupkis,13671255707,2010-05-09,@LukeRomyn Look at that.Mozart is having his Sunday bath.He gets a pie tin at least.I got bupkis.,122210073,nothing; nothing at all,emphasis,commenting,false,
bupkis,13707894929,2010-05-10,"@static35 You know, as long as they're having fun, my opinion on their wardrobe means bupkis. :)",84691192,nothing; nothing at all,emphasis,commenting,false,
bupkis,13927084686,2010-05-13,So @Bupkis and @chris_ace2 have found something that's UNDER 9000... #thetechbuzz #trolls #australia #engineering,15505354,nothing; nothing at all,emphasis,casual_conversation,false,Manual override -> casual_conversation
bupkis,13928994523,2010-05-13,"For that last retweet, see how many Annie song titles you can find in there.  The winner gets... okay, the winner gets bupkis...",20339833,nothing; nothing at all,emphasis,commenting,false,
bupkis,13935028512,2010-05-13,@AndrewGroen @MitchyD Are they going out? Our freelancer's gotten bupkis.,17495434,nothing; nothing at all,emphasis,casual_conversation,false,
bupkis,13952294914,2010-05-14,"@Frumph for instance, if I could just get my comics to actually appear on my site, I'd be a happy camper. So far, bupkis.",17069757,nothing; nothing at all,emphasis,casual_conversation,false,
bupkis,13974208824,2010-05-14,"@stevenmarsh Or, more likely, you'll get bupkis for 30 bucks. If you just set fire to the money, you might at least see some pretty colors.",15744583,nothing; nothing at all,emphasis,casual_conversation,false,
bupkis,14004546239,2010-05-14,The Feed Live is going to be having a great show tonight with @Bupkis! Tune in at 8pm EST www.thefeedlive.com @TheShowz @StealHrt @Justintv,22452886,nothing; nothing at all,emphasis,advertising_spam,false,Manual override -> advertising_spam
bupkis,14008977129,2010-05-15,RT @TheFeedLive: The Feed Live is going to be having a great show tonight with @Bupkis! Tune in at 8pm EST www.thefeedlive.com @TheShowz ...,93961374,nothing; nothing at all,emphasis,advertising_spam,false,Manual override -> advertising_spam
bupkis,14077879787,2010-05-16,@TheBeerWench You bet your bupkis we are!  Looking forward to seeing you and drinking some beers together!,15834660,nothing; nothing at all,emphasis,casual_conversation,false,
bupkis,14093177366,2010-05-16,"I had a stroke of design genius earlier. Apparently I've used up my quota for the day already, because now I got bupkis.",14246975,nothing; nothing at all,emphasis,commenting,false,
bupkis,14190514185,2010-05-17,#Memories4Nov POTUS is not his Half-Brothers keeper... George in the MudHut gets Bupkis from Barry,21603385,nothing; nothing at all,emphasis,commenting,false,
bupkis,14852072642,2010-05-27,"@pabba Agreed. ""We're going to let you fight through this whole game based on drops toward a giant treasure trove of goodies""And then bupkis",137919418,nothing; nothing at all,emphasis,casual_conversation,false,
bupkis,14855429224,2010-05-27,I built an orbital death cannon. Recognition? Bupkis. BP accidentally causes an #oilspill and becomes evil incarnate. How is that fair?,71182689,nothing; nothing at all,emphasis,commenting,false,
bupkis,14856887976,2010-05-27,"#FirstDraftShakespeare ""It is a tale told by an idiot, full of sound and fury, signifying bupkis.""",13339592,nothing; nothing at all,emphasis,commenting,false,
bupkis,14871463499,2010-05-28,@crcpr21 $730 million?  that's all? And they pay bupkis in taxes.  We keep electing their reps. What is that all about?,12081832,nothing; nothing at all,emphasis,casual_conversation,false,
bupkis,14879426489,2010-05-28,"@meechone Bragging blogger blurts barren belly boast, bites bupkis #feedmeech",16919099,nothing; nothing at all,emphasis,casual_conversation,false,
bupkis,14880183864,2010-05-28,Web Marketing: How To Run A Web Marketing Campaign When You Have Bupkis For A ... http://bit.ly/9lF8RG,27160574,nothing; nothing at all,emphasis,article_sharing,false,Manual override -> article_sharing
bupkis,14939415230,2010-05-28,The Feed Live Starts In 24 Minutes with @Bupkis! http://bit.ly/b1uDhz,22452886,nothing; nothing at all,emphasis,advertising_spam,false,Manual override -> advertising_spam
bupkis,14939568096,2010-05-28,Hey @Justin.tv fans The Feed Live kicks off its second season in 20 minutes with @Bupkis on @TheShowz Interactive! www.theshowz.net,22452886,nothing; nothing at all,emphasis,advertising_spam,false,Manual override -> advertising_spam
bupkis,14989410035,2010-05-29,RT @WeightLadder: How To Run A Web Marketing Campaign When You Have Bupkis For A Budget http://bte.tc/bRS5 #RTW,24142446,nothing; nothing at all,emphasis,article_sharing,false,
bupkis,15027190217,2010-05-30,"RT @marchbooks: Tried Big Deal.com last nite - hmmm, it seems that the Deal is; u give them a bunch of ur $$$$ & get bupkis in return. W ...",130596817,nothing; nothing at all,emphasis,casual_conversation,false,
bupkis,15051372742,2010-05-30,@CornDogComputer nice photo of bupkis.,17144629,nothing; nothing at all,emphasis,casual_conversation,false,
bupkis,15053671083,2010-05-30,RT @ustream Check out Tom Cruise Crazy By Bupkis http://ustre.am/:u5T2,21575850,nothing; nothing at all,emphasis,article_sharing,false,Manual override -> article_sharing
bupkis,15228172392,2010-06-02,@Bupkis COKE SUCKING IS NOT A CRIME SIRS I WILL CALL MY LAWYER I AM A VERY EXPENSIVE DOCTOR I HAVE 12 COLLEGE DEGREES SIRS,87627071,nothing; nothing at all,emphasis,casual_conversation,false,Manual override -> casual_conversation
bupkis,15228363798,2010-06-02,@Bupkis I RE-FUTE YOUR WITH-HOLD PAYMENT TO THE WINDOWS; I WILL GET MY LAWYER TO HUNT DOWN THE FELLATIO MONKS!,87627071,nothing; nothing at all,emphasis,casual_conversation,false,Manual override -> casual_conversation
bupkis,15232089238,2010-06-02,@Bupkis hey man u wanna be  on techwebcast podcast?,14249335,nothing; nothing at all,emphasis,casual_conversation,false,Manual override -> casual_conversation
bupkis,15284322251,2010-06-02,"@bweikle @chantalbraganza @balkissoon There will be NO Spam. None. Zilch. Nada. Rien. Ixnay. Bupkis. ... Corned beef, maybe.",10925562,nothing; nothing at all,emphasis,casual_conversation,false,
bupkis,15286592728,2010-06-03,@laaabaseball  Your  last one seemed to have a little bupkis in it. Nice job!,70012073,nothing; nothing at all,emphasis,casual_conversation,false,
bupkis,15294265098,2010-06-03,@GottaLaff Thinking Noetical would realize that falling unemployment means bupkis if Employment is not rising w/ wages as a close companion,15925960,nothing; nothing at all,emphasis,commenting,false,
bupkis,15295765921,2010-06-03,"@SonomaMadman Zilch, nada, bupkis.  Never been there.  Saw it across the river from VT once, but that's it.  It was sort of green-colored.",5916862,nothing; nothing at all,emphasis,casual_conversation,false,
bupkis,15303963837,2010-06-03,"""How To Run A Web Marketing Campaign When You Have Bupkis For A Budget"" http://bit.ly/9y2LDK",90637535,nothing; nothing at all,emphasis,article_sharing,false,Manual override -> article_sharing
bupkis,15317756346,2010-06-03,How To Run A Web Marketing Campaign When You Have Bupkis For A Budget http://bte.tc/bRS5 #RTW,120036243,nothing; nothing at all,emphasis,article_sharing,false,Manual override -> article_sharing
bupkis,15332106155,2010-06-03,"@Powhog throw in ""bupkis"" to add a little Yiddish flavor.",21604354,nothing; nothing at all,emphasis,casual_conversation,false,
bupkis,15332654729,2010-06-03,@timmytwits Dammit! How could I have forgotten bupkis?? If only I could go back in time...,65227652,nothing; nothing at all,emphasis,casual_conversation,false,
bupkis,15343468543,2010-06-03,How To Run A Web Marketing Campaign When You Have Bupkis For A Budget http://bte.tc/bRS5 #RTW #RTW,14239685,nothing; nothing at all,emphasis,advertising_spam,false,Manual override -> advertising_spam
bupkis,16171273904,2010-06-14,"""Because it's not Bush, we hear bupkis from Hollywood hypocrites"" -  Amanda Tatoros http://bit.ly/c6aio4 #tcot #p2 #BP #Obama #lies",15961083,nothing; nothing at all,emphasis,article_sharing,false,
bupkis,16185750409,2010-06-14,"@gladdyontherise It's just a guess, normally when people put up a bupkis account, they follow themselves with the real account.",63888658,nothing; nothing at all,emphasis,casual_conversation,false,
bupkis,16210532754,2010-06-15,"Ok, I give up. When a red herring says ""Well laa dee dah!"" What song are they referencing? I've gone through Trio's entire discog and bupkis",9550112,nothing; nothing at all,emphasis,commenting,false,
bupkis,16244791997,2010-06-15,"@Bupkis Eddie does that with my computers alot, won't leave them alone.",102624885,nothing; nothing at all,emphasis,casual_conversation,false,
bupkis,16251312611,2010-06-15,@sportswritergal I don't know...I tried googling it and came up with bupkis.  Maybe the name wasn't Murdoch?  What else happened in it?,14267665,nothing; nothing at all,emphasis,casual_conversation,false,
bupkis,16258932309,2010-06-15,"This says it all, MSM. RT @Newsbusters Tue NYT: Bupkis re #Etheridge Assault, Long Rpt on 3-Y.O. Allegd Whitman Shove http://ow.ly/17KA4Q",39510422,nothing; nothing at all,emphasis,article_sharing,false,
bupkis,16262486416,2010-06-15,@jordanknight glad you look at for what it is...BUPKIS!,29536092,nothing; nothing at all,emphasis,casual_conversation,false,
bupkis,16273835803,2010-06-16,RT @chris_ace2: LIVE NOW: Exclusive secret stream about @Bupkis 's stuff! It's HOTTTT!!! - http://www.justin.tv/bupkistv,70012073,nothing; nothing at all,emphasis,advertising_spam,false,Manual override -> advertising_spam
bupkis,16273881727,2010-06-16,"@Bupkis  A little pussy action, huh?!",14518849,nothing; nothing at all,emphasis,casual_conversation,false,Manual override -> casual_conversation
bupkis,16303902591,2010-06-16,"If we learn nothing else from the stupid recession, let us at least agree that housing starts are an indicator of BUPKIS.",870601,nothing; nothing at all,emphasis,commenting,false,
bupkis,16334718896,2010-06-16,TQBR: Quick Jabs: Miguel Cotto Vs. Andre Berto?; Antonio Margarito Pay-Per-View Buys = Bupkis?; James ... - http://bit.ly/9P5NoY,73359765,nothing; nothing at all,emphasis,sports_discussion,false,Manual override -> sports_discussion
bupkis,16335391072,2010-06-16,"Please read my new blog post, Bupkis mit Kuduchas, at http://www.rabbirami.blogspot.com/. Thanks.",15019273,nothing; nothing at all,emphasis,advertising_spam,false,Manual override -> advertising_spam
bupkis,16358574619,2010-06-17,Rawr bupkis!!! RT @that_ghoul_ava: Retweet this and in one hour you'll win absolutely NOTHING!!,24483703,nothing; nothing at all,emphasis,casual_conversation,false,
bupkis,16384142409,2010-06-17,Paid 1st cls ticket on #Alaska=board rm pass. Paid 1st class ticket on #American=bupkis.,5909742,nothing; nothing at all,emphasis,commenting,false,
bupkis,16416111412,2010-06-17,"Rep Barton would like to apologize to: JOHN HINCKLEY WHO WORKED SO HARD TO GET JODI FOSTER'S ATTENTION, AND FOR WHAT? BUPKIS. (my favorite)",15622588,nothing; nothing at all,emphasis,commenting,false,
bupkis,16419527582,2010-06-17,"@clocky Northeastern Massachusetts, near Lowell. I see three bars of 3G indoors, though as we all know by now, that means bupkis. :)",17177001,nothing; nothing at all,emphasis,commenting,false,
bupkis,18055882876,2010-07-08,"Looking for an apartment in Laramie Wyoming.  Unfortunately a searches for ""moat"" and ""secret passages"" are coming up with bupkis.",49562170,nothing; nothing at all,emphasis,commenting,false,
bupkis,18129807592,2010-07-09,#ff 1 - @Compute-Ability @thetechbuzz @thatnickjones @tysonbrooks @thenerdtv @ronknights @stealhrt @chris_ace2 @bupkis @corndogcomputers,102624885,nothing; nothing at all,emphasis,casual_conversation,false,Manual override -> casual_conversation
bupkis,18130265429,2010-07-09,RT @SamsTechAnswers: #ff 1 - @Compute-Ability @thetechbuzz @thatnickjones @tysonbrooks @thenerdtv @ronknights @stealhrt @chris_ace2 @bup ...,17824648,nothing; nothing at all,emphasis,casual_conversation,false,Manual override -> casual_conversation
bupkis,18134679059,2010-07-09,"Kitchen myths! Damn, apparently baking soda does bupkis for odors. http://www.pgacon.com/KitchenMyths.htm",10142322,nothing; nothing at all,emphasis,article_sharing,false,
bupkis,18154460893,2010-07-09,Happy birthday Brandon! @Bupkis,15698245,nothing; nothing at all,emphasis,casual_conversation,false,
bupkis,20303658535,2010-08-04,Zen is not easy. It takes effort to attain nothingness. & then what do you have? Bupkis. Sayings of the Jewish Buddha http://bit.ly/9MJcCs,35197129,nothing; nothing at all,emphasis,article_sharing,false,
bupkis,20312566281,2010-08-04,Need to take Chemistry soon. Started on a refresher book today. Haven't seen this stuff since high school. Don't. Remember. Bupkis,48802020,nothing; nothing at all,emphasis,commenting,false,
bupkis,20338089590,2010-08-04,"Hey, just had a sun shower and no rainbow. Oh, fine, I see. Some folks get full on double rainbows and we get bupkis! Total ripoff!",36957315,nothing; nothing at all,emphasis,commenting,false,
bupkis,20408819071,2010-08-05,RT @Bupkis: RETWEETS ARE TEARING THIS FAMILY APART,96037110,nothing; nothing at all,emphasis,casual_conversation,false,Manual override -> casual_conversation
bupkis,20425027155,2010-08-06,RuCo still reporting bupkis. #TNGov #TN06,97458546,nothing; nothing at all,emphasis,commenting,false,
bupkis,20446218379,2010-08-06,getting 3.3Mbps down on the @TelecomNZ XT HSPA+ TStick out in Waiuku (where I get nada to bupkis on vodafone),17266068,nothing; nothing at all,emphasis,casual_conversation,false,
bupkis,20525759604,2010-08-07,@Bupkis ...and I went ahead and typed it in anyways //erases history,12944952,nothing; nothing at all,emphasis,casual_conversation,false,
bupkis,20576114632,2010-08-07,#WTF @Bupkis unfollowed me? /crushed\,12944952,nothing; nothing at all,emphasis,casual_conversation,false,
bupkis,20585175738,2010-08-07,"@ajmix969 granted i know bupkis about ya, but i wouldnt say your bad @ women, you just need a geek girl who understands you",16913861,nothing; nothing at all,emphasis,casual_conversation,false,
bupkis,20609088291,2010-08-08,"@StealHrt Damn, you are right. We should turn the tables! Chris against Bupkis!",70012073,nothing; nothing at all,emphasis,casual_conversation,false,
bupkis,20779814601,2010-08-10,"I am attempting a 10-day stint of Power Yoga and I swear tonight I proved that the saying ""girls don't sweat, they glisten"" is total bupkis.",117576829,nothing; nothing at all,emphasis,commenting,false,
bupkis,20888384129,2010-08-11,@darklorelei Glad to hear that 6-8 week estimate was bupkis!,14093568,nothing; nothing at all,emphasis,casual_conversation,false,
bupkis,20916564730,2010-08-11,Yesterday Twares up the yin yang...today bupkis.  I am so disappointed in airlines not offering twares right now.,54301477,nothing; nothing at all,emphasis,commenting,false,
bupkis,20925583065,2010-08-11,@Bupkis which do you prefer? :P,12944952,nothing; nothing at all,emphasis,casual_conversation,false,
bupkis,20925968252,2010-08-11,Why is it that entry-level pay = bupkis? I really don't understand why it's so hard to just start paying your employees reasonable amounts.,106350186,nothing; nothing at all,emphasis,commenting,false,
bupkis,20928870509,2010-08-12,"@JRRnotTolkien How are you defining ""bupkis,"" though?   ;-)",53829481,nothing; nothing at all,emphasis,casual_conversation,false,
bupkis,21340889923,2010-08-16,"@johnnycocaine: Oh, he's definitely interesting and cool as hell. I just find most occult and paranormal things to be bupkis and hokum. :-)",19107255,nothing; nothing at all,emphasis,casual_conversation,false,
bupkis,21433881601,2010-08-17,@hupajoob Just to clarify: I think eh twifficiency score means bupkis. They don't reveal how its calculated or the efficiency it measures.,11415332,nothing; nothing at all,emphasis,commenting,false,
bupkis,21441834961,2010-08-17,Just tried out the stud finder on myself. Bupkis.,739743,nothing; nothing at all,emphasis,commenting,false,
bupkis,21445825383,2010-08-18,RT @shareski: Just tried out the stud finder on myself. Bupkis.,14527970,nothing; nothing at all,emphasis,casual_conversation,false,
bupkis,21458115209,2010-08-18,"Yeah, what @bupkis said!  I have no idea what it meant, but it sounded really smart.",70012073,nothing; nothing at all,emphasis,casual_conversation,false,
bupkis,21969300462,2010-08-24,"Photo: bupkis: Hey, I’m in this! :P http://tumblr.com/xlkgk7u1q",27137884,nothing; nothing at all,emphasis,article_sharing,false,
bupkis,21969981331,2010-08-24,My Twitter BFFs: @ronknights @tbigman @thetechbuzz @theshowz @thenerdtv @thwj @ronknights02 @bupkis. Find yours @ http://twitterbffs.com,36191940,nothing; nothing at all,emphasis,article_sharing,false,
bupkis,21980084569,2010-08-24,My Twitter BFFs: @ramfrancisuk @bnanabuzz @flyfoxmiles @bupkis @gkurl @chris_ace2 @corndogcomputer. Find yours @ http://twitterbffs.com,12944952,nothing; nothing at all,emphasis,article_sharing,false,
bupkis,21980651526,2010-08-24,"I guess this chick just has a rich dad or something, and wanted to have a reality show? I'm finding bupkis online about this shit show.",22470111,nothing; nothing at all,emphasis,commenting,false,
bupkis,22025309983,2010-08-24,Nice work Audrey. We got bupkis.: http://wp.me/p4C3g-30y,16012222,nothing; nothing at all,emphasis,article_sharing,false,
bupkis,22025951115,2010-08-24,RT @fklonsky: Nice work Audrey. We got bupkis.: http://wp.me/p4C3g-30y,14569056,nothing; nothing at all,emphasis,article_sharing,false,
bupkis,22043697234,2010-08-25,Nice work Audrey. We got bupkis. « Fred Klonsky’s blog http://bit.ly/ceg3aV #edu #parents,16248357,nothing; nothing at all,emphasis,article_sharing,false,
bupkis,22063837814,2010-08-25,A newly-purchased Vornado aimed squarely at my head is doing bupkis to cool me off at 10.00 p.m. No bueno.,26185165,nothing; nothing at all,emphasis,commenting,false,
bupkis,22066858342,2010-08-25,"@Bupkis Mac OS 6, 7 and 8 on an old Power Mac with a 1GB Quantum Fireball SCSI HDD. Went to Windows after OS9 came out, but before OSX did.",96037110,nothing; nothing at all,emphasis,casual_conversation,false,
bupkis,22076514437,2010-08-25,Does it have to be replaced or can it be greased.  I have searched and come up with bupkis.  Maybe its the key wor... http://bit.ly/cbjwh2,34617444,nothing; nothing at all,emphasis,article_sharing,false,
bupkis,22149478066,2010-08-26,@KeithOlbermann I object!!! That's arbitrary and capricious! I was #356984 & didn't get bupkis?  You sir are a tyrant!  Lol,42239401,nothing; nothing at all,emphasis,casual_conversation,false,
bupkis,22151107037,2010-08-26,"@daksis very cool.  btw, when the hell are we getting drinks?! I move to freakin SF, just to hang out with you and what do I get? Bupkis. :)",8161512,nothing; nothing at all,emphasis,casual_conversation,false,
bupkis,22196651269,2010-08-26,"The Search For Yield With ETFs (IndexUniverse.com): With Treasurys paying bupkis, where can invest... http://yhoo.it/b6rseE ... #ETF #fonds",44454057,nothing; nothing at all,emphasis,article_sharing,false,
bupkis,22212847324,2010-08-26,"@RedheadWriting Sorry, no peace. It is bupkis!",24041474,nothing; nothing at all,emphasis,casual_conversation,false,
bupkis,22907865005,2010-09-03,luv gmail's #priorityinbox. Googlebuzz still bupkis. twitter/facebook r enuf. hotmail shld make priorityinbox &way 2erase all unopened email,20173682,nothing; nothing at all,emphasis,technology_discussion,false,
bupkis,22919814168,2010-09-03,@samelson23 That's funny about OPY cuz I've got Knox and Hester as the top 2 receivers in the league but Fortr hasn't done bupkis.,43009450,nothing; nothing at all,emphasis,casual_conversation,false,
bupkis,23020900038,2010-09-05,"@shinraisei Like I said, JR called me and said they've found bupkis. They say all items are turned in and accounted for at night.",19377639,nothing; nothing at all,emphasis,casual_conversation,false,
bupkis,23035438403,2010-09-05,"Hmm, this @Greplin thing seemed to promise a lot, but it's been nearly a week since I signed up, and so far, nothing. #nada #zip #bupkis",14838149,nothing; nothing at all,emphasis,casual_conversation,false,
bupkis,23058227572,2010-09-05,I like it which means bupkis ofcourse :-) http://twitpic.com/2liqjc,19649612,nothing; nothing at all,emphasis,article_sharing,false,
bupkis,24273078413,2010-09-12,@youvegotwhat I want to do le Bupkis too. Do you lead with your left or right foot?,15110387,nothing; nothing at all,emphasis,casual_conversation,false,
bupkis,24304625634,2010-09-12,"@j4ngis @nahumg they count ""beans"" quite well lol. Yiddish work ""bupkis"" means beans literally. Connotative meaning more relevant here lol.",20610029,nothing; nothing at all,emphasis,casual_conversation,false,
bupkis,24315145087,2010-09-12,bupkis is a really funny word!,26856076,nothing; nothing at all,emphasis,commenting,false,
bupkis,24350753334,2010-09-13,"Bill Gates: Death Panel Advocate: http://bit.ly/bT4jMS via @addthis  While BG can afford whatever care he needs, we get bupkis.",160682917,nothing; nothing at all,emphasis,article_sharing,false,
bupkis,24359263832,2010-09-13,.@BlackCanseco Soros just gave Human Rights Watch $100 mil. One of his biggest gifts ever. Won't mean bupkis for our problems here. #p2,8431652,nothing; nothing at all,emphasis,casual_conversation,false,
bupkis,24359294703,2010-09-13,RT @Shoq: .@BlackCanseco Soros just gave Human Rights Watch $100 mil. One of his biggest gifts ever. Won't mean bupkis for our problems  ...,16616797,nothing; nothing at all,emphasis,casual_conversation,false,
bupkis,24361726628,2010-09-13,@this_show_sucks - is @Bupkis the only neurotic jewish momma's boy under employed who cant keep a stable relationship ???   I think not ...,18621049,nothing; nothing at all,emphasis,casual_conversation,false,
bupkis,24381696769,2010-09-13,cooking ideas: Home –&gt;Recipes –&gt;Sushi –&gt;Selecting and Cooking Sushi Rice | Bupkis.org:  http://bit.ly/bFtFLe,10160882,nothing; nothing at all,emphasis,article_sharing,false,
bupkis,24409152387,2010-09-13,"#rip2pac is trending but #botfly's got bupkis? And you wonder why they call you bitch, Twitter. You wonder why they call you bitch.",169382991,nothing; nothing at all,emphasis,technology_discussion,false,
bupkis,24499405665,2010-09-14,"@bookavore It's not unlike Twitter--so much goes to non-customers. (I visit @readandbreathe rarely, @bookavore is getting bupkis from me.)",5917472,nothing; nothing at all,emphasis,technology_discussion,false,
bupkis,24524196016,2010-09-15,@JesusWife Why do dumb jocks get tens of millions while somebody like you gets bupkis?,53440929,nothing; nothing at all,emphasis,casual_conversation,false,
bupkis,24525663788,2010-09-15,@Bupkis dear lord man.,11882582,nothing; nothing at all,emphasis,casual_conversation,false,
bupkis,24526704138,2010-09-15,@tayfan2 Doesn't negate the fact she has completely missed the boat on the number 1 disease related death in children - that gets bupkis $,10434542,nothing; nothing at all,emphasis,casual_conversation,false,
bupkis,24552991887,2010-09-15,@JoHarvelleNRW @D__Winchester I got bupkis. *takes off sock*,55606247,nothing; nothing at all,emphasis,commenting,false,
bupkis,24568141302,2010-09-15,@keithrconrad Could have been worse.  Could have been Sunday and you would have had bupkis.,14203293,nothing; nothing at all,emphasis,casual_conversation,false,
bupkis,24606126303,2010-09-15,RT @barben2: @JesusWife Why do dumb jocks get tens of millions while somebody like you gets bupkis? / I guess dumb jocks aren't so dumb.,46756867,nothing; nothing at all,emphasis,casual_conversation,false,
bupkis,24630346309,2010-09-16,"Truth is, I didn't hear bupkis when you talked in your sleep, but I enjoyed keeping you guessing.   #rockretractions",36837724,nothing; nothing at all,emphasis,commenting,false,
bupkis,24684562757,2010-09-16,@Bupkis Hahahhahah!,12944952,nothing; nothing at all,emphasis,casual_conversation,false,
bupkis,24690673217,2010-09-16,"is trying targeted crowd sourcing on Facebook. How's that working out for me, you ask? So far, bupkis.",14187865,nothing; nothing at all,emphasis,technology_discussion,false,
bupkis,24779919203,2010-09-17,"@rnBetty Harv gets 'astute' and I get bupkis? I'll just sit here being chopped liver then, I guess &lt;insert appropriate emoticon here&gt; @hg47",23071054,nothing; nothing at all,emphasis,casual_conversation,false,
bupkis,24780898493,2010-09-17,@TheSP_Iam @hg47 1) kudos for teaching me the correct spelling of bupkis.   2) the stomach was a bit North of the goal. Aim lower. ;-),25724573,nothing; nothing at all,emphasis,casual_conversation,false,
bupkis,24781128440,2010-09-17,@rnBetty Related: bupkis actually means goat sh*t. #LoveTheYiddish,23071054,nothing; nothing at all,emphasis,casual_conversation,false,
bupkis,24812052510,2010-09-18,"@devtony The ensemble really isn't complete without the thong, though. (I Googled, ""Hello Kitty cock ring"" but came up with bupkis, alas.)",19893739,nothing; nothing at all,emphasis,casual_conversation,false,
bupkis,25143315706,2010-09-21,"@Xer01 tried that a bunch, and it seemed to take it, but bupkis. Now it won't even give me the login prompt. blerg.",15536251,nothing; nothing at all,emphasis,casual_conversation,false,
bupkis,25151727261,2010-09-21,NY next week and feel like i've got bupkis to wear.,16789329,nothing; nothing at all,emphasis,commenting,false,
bupkis,25158525487,2010-09-21,@ShortElvis yep...that's what I did. Bupkis,40900947,nothing; nothing at all,emphasis,casual_conversation,false,
bupkis,25166842788,2010-09-22,LMAO @Bupkis I ike your new Facebook name xD,12944952,nothing; nothing at all,emphasis,technology_discussion,false,
bupkis,25166896715,2010-09-22,"This storm so far, bupkis.",59915853,nothing; nothing at all,emphasis,commenting,false,
bupkis,25167520522,2010-09-22,"@Bupkis its funny cuz you are now the top search when I type in ""Blob""",12944952,nothing; nothing at all,emphasis,casual_conversation,false,
bupkis,25185169162,2010-09-22,You are high school and college students; therefore what you thought was wrong with glee means bupkis. #shh #facebook #tweetrampage,124276236,nothing; nothing at all,emphasis,technology_discussion,false,
bupkis,25218549565,2010-09-22,"@AlaaAjweh office 2010 be7kili you have to remove everything that is related to office mshan te3mallo install, I did, I restarted, bupkis :S",49131247,nothing; nothing at all,emphasis,casual_conversation,false,
bupkis,27385509318,2010-10-14,"@bronxelf Yah, I did. And still bupkis.",202768682,nothing; nothing at all,emphasis,casual_conversation,false,
bupkis,27405342054,2010-10-15,"@miker32 and I went to a taping of The Daily Show a couple of weeks ago, and didn't get bupkis from Oprah.  #Rally4Sanity",18357607,nothing; nothing at all,emphasis,casual_conversation,false,
bupkis,27420836452,2010-10-15,I've gotten bupkis in the mail lately but the e-mail I just received from a PR company will have me looking out my window for FedEx all day.,87124304,nothing; nothing at all,emphasis,commenting,false,
bupkis,27499593946,2010-10-16,Crowley said bupkis! @cifbear :P #Supernatural,27137884,nothing; nothing at all,emphasis,television_reference,false,Manual override -> television_reference
bupkis,27510359473,2010-10-16,once she's back & she finds out what went down. No one even offered temp fostering. Nothin'. Bupkis. Epic #PrivatePractice Fail.,63023157,nothing; nothing at all,emphasis,commenting,false,
bupkis,27531824242,2010-10-16,Bupkis. It's a funny word. Bupkis. Bupkis Bupkis Bupkis. That's all I have to tweet right now. Bupkis.,45312915,nothing; nothing at all,emphasis,commenting,false,
bupkis,27559854883,2010-10-16,"So sick of constant network connectivity problems with Parallels; it worked in V5, upgraded to V6, I got bupkis. Grrrr...",15136631,nothing; nothing at all,emphasis,commenting,false,
bupkis,27827242909,2010-10-19,@junkiecat    Looked in my purse... guess what I found... BUPKIS... that's what!!!,169833243,nothing; nothing at all,emphasis,casual_conversation,false,
bupkis,27828351325,2010-10-19,Pity. #Rangers RT @wwinger32: @junkiecat The Yankees came up with bupkis against Cliff Lee.,40364650,nothing; nothing at all,emphasis,sports_discussion,false,Manual override -> sports_discussion
bupkis,27828486327,2010-10-19,@junkiecat ChaCha says bupkis isn't a word.,30998349,nothing; nothing at all,emphasis,casual_conversation,false,
bupkis,27829295858,2010-10-19,@junkiecat ChaCha disagrees. Bupkis isn't a word. Bubkis is.,30998349,nothing; nothing at all,emphasis,casual_conversation,false,
bupkis,27829460534,2010-10-19,@FaBbEr0oZ    you say Bubkis... @junkiecat says Bupkis... lets call the whole thing  Bupbkis!!!,169833243,nothing; nothing at all,emphasis,casual_conversation,false,
bupkis,27858291026,2010-10-19,@waitforandy A lunch trip to Westfield's and Barnes & Noble to scare up your MAD turned up bupkis. But I'll get it from subscriber John S.,27640222,nothing; nothing at all,emphasis,casual_conversation,false,
bupkis,27860683470,2010-10-19,@RosaRF That's all I got! LOL Bupkis!,42919135,nothing; nothing at all,emphasis,casual_conversation,false,
bupkis,27968523779,2010-10-20,"http://www.topazlabs.com/ Use promo code ""Enhanced"" to save 20% until 10.31.10 I get bupkis for Tweeting this, the tools are just good.",28482078,nothing; nothing at all,emphasis,advertising_spam,false,Manual override -> advertising_spam
bupkis,27979138823,2010-10-21,"@498nm Glad to help. iWeb got bupkis from Apple in this release, no new themes or anything. I guess the Big A, is leaving it behind.",15868259,nothing; nothing at all,emphasis,commenting,false,
bupkis,711494777970689,2010-11-06,"RT @winterthur: 101,681 ppl sign petition for @keithOlbermann. BUPKIS! Let's pump up the volume: Please SIGN & RT --&gt; http://bit.ly/c ...",22322108,nothing; nothing at all,emphasis,advertising_spam,false,Manual override -> advertising_spam
bupkis,712638975709184,2010-11-06,"RT @SupermanHotMale: RT @Shoq: 98,600 sign petition for @keithOlbermann. BUPKIS! Let's pump up the volume: Please SIGN & RT --&gt; http: ...",182275115,nothing; nothing at all,emphasis,advertising_spam,false,Manual override -> advertising_spam
bupkis,712717916704768,2010-11-06,"RT @Shoq: 98,600 sign petition for @keithOlbermann. BUPKIS! Let's pump up the volume: Please SIGN & RT --&gt; http://bit.ly/cugyQu #p2",19261442,nothing; nothing at all,emphasis,advertising_spam,false,Manual override -> advertising_spam
bupkis,715664469790720,2010-11-06,"RT @Sophmom: RT .@Shoq: 98,600 sign petition for .@keithOlbermann. BUPKIS! Let's pump up the volume: Please SIGN & RT  http://bit.ly/cug ...",32614638,nothing; nothing at all,emphasis,advertising_spam,false,Manual override -> advertising_spam
bupkis,721446535962624,2010-11-06,"116,354 ppl sign petition for @keithOlbermann. BUPKIS! Let's pump up the volume: Please SIGN & RT --&gt; http://bit.ly/cugyQu #p2 .@MSNBC",16474992,nothing; nothing at all,emphasis,advertising_spam,false,Manual override -> advertising_spam
bupkis,722435846438912,2010-11-06,That was the Dolphins.  Jags got bupkis. :(,96679156,nothing; nothing at all,emphasis,commenting,false,
bupkis,725970742935552,2010-11-06,"RT @winterthur: 116,354 ppl sign petition for @keithOlbermann. BUPKIS! Let's pump up the volume: Please SIGN & RT --&gt; http://bit.ly/c ...",16008908,nothing; nothing at all,emphasis,advertising_spam,false,Manual override -> advertising_spam
bupkis,732995661070336,2010-11-06,"126,077 ppl sign petition for @keithOlbermann. BUPKIS! Let's pump up the volume: Please SIGN & RT --&gt; http://bit.ly/cugyQu #p2 .@MSNBC",16474992,nothing; nothing at all,emphasis,advertising_spam,false,Manual override -> advertising_spam
bupkis,734312680914945,2010-11-06,"RT @winterthur: 126,077 ppl sign petition for @keithOlbermann. BUPKIS! Let's pump up the volume: Please SIGN & RT --&gt; http://bit.ly/c ...",19167941,nothing; nothing at all,emphasis,advertising_spam,false,Manual override -> advertising_spam
bupkis,7882131283906560,2010-11-25,The Show: 3 – “Bupkis” http://sockroll.com/cenmhx,218480491,nothing; nothing at all,emphasis,article_sharing,false,Manual override -> article_sharing
bupkis,7886867349381120,2010-11-25,The Show: 3 – “Bupkis”: Join your hosts Marianne Schultz (http://www.macgirl.net)  and myself for  The Show: 3 –... http://bit.ly/eDOy0Q,140168827,nothing; nothing at all,emphasis,article_sharing,false,Manual override -> article_sharing
bupkis,7887463552917504,2010-11-25,Everything iCafe: The Show: 3 – “Bupkis” http://bit.ly/ijBU0y,181764142,nothing; nothing at all,emphasis,article_sharing,false,Manual override -> article_sharing
bupkis,7892516128956416,2010-11-25,The Show: 3 – “Bupkis” http://goo.gl/fb/4oyMQ,142840496,nothing; nothing at all,emphasis,article_sharing,false,Manual override -> article_sharing
bupkis,7921159949516801,2010-11-25,@countingcrows one day I thik I searched all of kc for any Big Star album and #bupkis,212722600,nothing; nothing at all,emphasis,casual_conversation,false,
bupkis,8131645257293824,2010-11-26,New post: The Show: 3 – “Bupkis” (http://smartappdevelopers.com/?p=9372),199100854,nothing; nothing at all,emphasis,article_sharing,false,Manual override -> article_sharing
bupkis,8210972506333184,2010-11-26,@Bupkis Hell yeah that's right. I don't know anymore if I'm annoyed with Vegas or with myself for sticking with this editor. &gt;.&lt;,15698245,nothing; nothing at all,emphasis,casual_conversation,false,
bupkis,8255864213348353,2010-11-26,"@mhammons I know right...I don't know bupkis about webdesign, and I want border-radius and box-shadow. All the cool kids have it.  Stupid MS",14322802,nothing; nothing at all,emphasis,casual_conversation,false,
bupkis,8296879137759232,2010-11-26,Braved Black and bought bupkis.,14639580,nothing; nothing at all,emphasis,commenting,false,
bupkis,8304782041161728,2010-11-26,"Wells Fargo is offering .05% on their savings accounts.  Not 5%, Not even 0.5%.  0.05% - otherwise known as bupkis.",47790117,nothing; nothing at all,emphasis,commenting,false,
bupkis,11643892319391744,2010-12-06,@Bupkis I'm pretty sure that you are the only one that understands me.,179379201,nothing; nothing at all,emphasis,casual_conversation,false,Manual override -> casual_conversation
bupkis,11865120376365056,2010-12-06,@KChenoweth You gave her a 7 dollar tip.  That's very generous.  You didn't have to give her bupkis!,31527078,nothing; nothing at all,emphasis,casual_conversation,false,
bupkis,11879737362227200,2010-12-06,via @rortybomb the stimulative effective of firehosing brazillionaires with cash is bupkis: http://bit.ly/g5XVwL,1194131,nothing; nothing at all,emphasis,article_sharing,false,
bupkis,11880177378271232,2010-12-06,Well put RT @DanAncona: via @rortybomb the stimulative effective of firehosing brazillionaires with cash is bupkis: http://bit.ly/g5XVwL #p2,20785617,nothing; nothing at all,emphasis,article_sharing,false,
bupkis,11932688730558466,2010-12-06,"@Cock I wish you luck.  I asked Hannukah Harry for Chun, but so far I got bupkis.  LOL!!!",61800945,nothing; nothing at all,emphasis,commenting,false,
bupkis,11958997041020928,2010-12-07,"@jkfecke Who sez that? Clinton's one prog move was raising taxes in '93, the thing that gave us the '90s boom. After that, bupkis. #stribpol",109404985,nothing; nothing at all,emphasis,casual_conversation,false,
bupkis,15506119711531008,2010-12-16,RT @Bupkis: @BeneathRadio Look what @chris_ace2 got me! I'm the happiest of caffeine-addicted dorkuses! http://twitpic.com/3givfn,52534551,nothing; nothing at all,emphasis,casual_conversation,false,Manual override -> casual_conversation
bupkis,15506380995690496,2010-12-16,@Bupkis I start everyday with a cup. Enjoy!,52534551,nothing; nothing at all,emphasis,casual_conversation,false,Manual override -> casual_conversation
bupkis,15518916272988160,2010-12-16,"So here you go: People's sexiest boy meets GQ's hottest babe, and what does it get you? Bupkis. http://bit.ly/fYiLEl #marriagegoesbust",17623957,nothing; nothing at all,emphasis,article_sharing,false,
bupkis,15865236850475008,2010-12-17,"“@LisaBraithwait Americans...can't survive w/out Yiddish (chutzpah, dreck, glitch, schlep, putz, schpiel. (What about bupkis?)",14751945,nothing; nothing at all,emphasis,casual_conversation,false,
bupkis,15906712850534400,2010-12-17,Look at @kimhammond showing off his special gift he received from @daveferguson. I got bupkis.Kim's already asleep. http://yfrog.com/h48c1yj,14345001,nothing; nothing at all,emphasis,article_sharing,false,
bupkis,15925472189751296,2010-12-18,RT @Bupkis: @gkurl I thought it stood for Garry Kasparov's Underground Race League. I heard he's a zombie and his car looks like a rook.,70922523,nothing; nothing at all,emphasis,casual_conversation,false,
bupkis,15994312600846336,2010-12-18,"Frivolous Friday, 12.17.2010: Shiny Bowl Blues - First, the backstory (which, incidentally, has bupkis to do... http://tumblr.com/xaw12yvi3u",23012716,nothing; nothing at all,emphasis,article_sharing,false,
hells,7303719584,2010-01-02,jimmy johns for lunch! hells yeah!,16626210,emphatic intensifier in expressions like 'hells yeah' or 'hells yes',emphasis,reaction,false,
hells,7303729030,2010-01-02,out in Eunice for this tournament..hungry as all hells..nanny just rubbed my booty..lmao wow..i love these guys,34428349,emphatic intensifier in expressions like 'hells yeah' or 'hells yes',emphasis,self_description,false,Manual override -> self_description
hells,7303736764,2010-01-02,@MelissaEllen84 hells yeah!,29240471,emphatic intensifier in expressions like 'hells yeah' or 'hells yes',emphasis,reaction,false,
hells,7303739943,2010-01-02,He doesnt work. Wasnt goin to a gym. My question is: WHERE IN DA BLUEST OF HELLS R U GOIN?!?!?!,17982479,emphatic intensifier in expressions like 'hells yeah' or 'hells yes',emphasis,reaction,false,Manual override -> reaction
hells,7303740118,2010-01-02,@trellthms I woke up mad wanting some mcdonalds tea but after last night hells 2 da naw!,34702222,emphatic intensifier in expressions like 'hells yeah' or 'hells yes',emphasis,casual_conversation,false,
hells,7303743615,2010-01-02,"@JayBee820 hahaha hells yeahh! speaking of which, did you see my other twitpic where he kept looking at my camera?! yeaaaaaah boyyy",56875328,emphatic intensifier in expressions like 'hells yeah' or 'hells yes',emphasis,reaction,false,
hells,7303842353,2010-01-02,@ambaum Oh HELLS no,755990,emphatic intensifier in expressions like 'hells yeah' or 'hells yes',emphasis,reaction,false,
hells,7303997574,2010-01-02,@babygirlholla13 hells yea. I'm sad,45103710,emphatic intensifier in expressions like 'hells yeah' or 'hells yes',emphasis,casual_conversation,false,Manual override -> casual_conversation
hells,7304006359,2010-01-02,@Lotti2504 Happy New Year hun! and Hells yeah! She loves anything with a pink tutu! ;),84340300,emphatic intensifier in expressions like 'hells yeah' or 'hells yes',emphasis,reaction,false,
hells,7304035090,2010-01-02,@Jeremih #currently considering changing mih name! any suggestions?? I'm thinkin Ohagi or...vitamin D&lt;&lt;&lt;&lt;oh hells no lol,60186066,emphatic intensifier in expressions like 'hells yeah' or 'hells yes',emphasis,reaction,false,
hells,7476121050,2010-01-07,Mock the week dvd just came through HELLS FREAKING YES! &lt;3,61019837,emphatic intensifier in expressions like 'hells yeah' or 'hells yes',emphasis,reaction,false,
hells,7476122818,2010-01-07,"@smileyashleigh oh hells no. I love him most, infinity and beyond and you cant copy me (:. MICROZINGA!",29693303,emphatic intensifier in expressions like 'hells yeah' or 'hells yes',emphasis,reaction,false,
hells,7476329666,2010-01-07,NOW PLAYING: AC/DC - Hells Bells http://jjdjradio.com,59646778,emphatic intensifier in expressions like 'hells yeah' or 'hells yes',emphasis,music_discussion,false,Manual override -> music_discussion
hells,7476367624,2010-01-07,"@x_stevie_x i was like ""who the hells nick lucas :S""  then i remembered!!  :)  haha, i've got to though :(  need the education!!",22248465,emphatic intensifier in expressions like 'hells yeah' or 'hells yes',emphasis,casual_conversation,false,
hells,7476395605,2010-01-07,@SwiftSign Hells yeah!,18700038,emphatic intensifier in expressions like 'hells yeah' or 'hells yes',emphasis,reaction,false,
hells,7476419635,2010-01-07,"for reals? The scrunchie is back?
http://www.elementsofstyleblog.com/2010/01/oh-hells-no.html",18143827,emphatic intensifier in expressions like 'hells yeah' or 'hells yes',emphasis,article_sharing,false,Manual override -> article_sharing
hells,7476427306,2010-01-07,I'm closing down my myspace this week...I just dont use it anymore... add my hotmail if you want to stay in touch.  hells_belle_morte@hotmai,29649847,emphatic intensifier in expressions like 'hells yeah' or 'hells yes',emphasis,casual_conversation,false,Manual override -> casual_conversation
hells,7476573302,2010-01-07,Hells Angels Hunter S Thompson,26623573,emphatic intensifier in expressions like 'hells yeah' or 'hells yes',emphasis,book_discussion,false,Manual override -> book_discussion
hells,7476744079,2010-01-07,Hells the heck yeah for big arse pay cheques :-),15092085,emphatic intensifier in expressions like 'hells yeah' or 'hells yes',emphasis,reaction,false,
hells,7476968287,2010-01-07,@CapnScarlett HELLS YEAH!!! ok super saving up for this USA trip now!,15892674,emphatic intensifier in expressions like 'hells yeah' or 'hells yes',emphasis,reaction,false,
hells,8270832350,2010-01-27,@briandgregory  I'm assuming you're talking bout the video.....hells yeah i lmao,24329061,emphatic intensifier in expressions like 'hells yeah' or 'hells yes',emphasis,reaction,false,
hells,8270921453,2010-01-27,Wow she didn't know what the hells she's talking abt haha,98039784,emphatic intensifier in expressions like 'hells yeah' or 'hells yes',emphasis,reaction,false,
hells,8270991034,2010-01-27,#suparandomthought if u fuck a girl n the ass does it make yo dick stank? Aha I remember I thought bout try n that then I was like hells naw,26886526,emphatic intensifier in expressions like 'hells yeah' or 'hells yes',emphasis,reaction,false,
hells,8271023539,2010-01-27,[#Casino] [Supermarche] Chan-chan fait ses courses sur HellS-City...,83627280,emphatic intensifier in expressions like 'hells yeah' or 'hells yes',emphasis,reaction,false,
hells,8271032510,2010-01-27,Please ReTweet (http://caltweet.com/3v1 ) - Hells Kitchen Sundays &lt;-- Guest List,17588483,emphatic intensifier in expressions like 'hells yeah' or 'hells yes',emphasis,advertising_spam,false,Manual override -> advertising_spam
hells,8271213078,2010-01-27,@AShayLikeNoOtha hells yea lmfao you gooof,34401386,emphatic intensifier in expressions like 'hells yeah' or 'hells yes',emphasis,casual_conversation,false,
hells,8271242521,2010-01-27,@mcpigpen hells yeah...jealous...I was at home trying to figure out how to be productive and ended up watching grindtime videos,69340134,emphatic intensifier in expressions like 'hells yeah' or 'hells yes',emphasis,reaction,false,
hells,8271479431,2010-01-27,Lol RT @IMSAYINGTHO: @MarcMillz hells yea!!! Catch me in da party gettin all da dubs. Lmaoo,32673208,emphatic intensifier in expressions like 'hells yeah' or 'hells yes',emphasis,casual_conversation,false,
hells,8271639698,2010-01-27,Breck tonight...keystone in the morning...hells yeeeahh booyyy haha who else is shredding hmmm?,43363926,emphatic intensifier in expressions like 'hells yeah' or 'hells yes',emphasis,reaction,false,
hells,8271703969,2010-01-27,Photo: 500daysofsummer: hells yeah. http://tumblr.com/xky5vut23,16755210,emphatic intensifier in expressions like 'hells yeah' or 'hells yes',emphasis,reaction,false,
hells,8623846718,2010-02-04,Zazzle Shopping Gift RIP POPA HELLS ANGEL S.F: Demowit Tee http://bit.ly/bMJYHp @WordsToTweetBy,41725210,emphatic intensifier in expressions like 'hells yeah' or 'hells yes',emphasis,advertising_spam,false,Manual override -> advertising_spam
hells,8623896710,2010-02-04,I NEED EARPHONES FOR MY IPOD NOW FOR FUCKING HELLS SAKE :@ :@ :@ :@,28564076,emphatic intensifier in expressions like 'hells yeah' or 'hells yes',emphasis,casual_conversation,false,
hells,8623897048,2010-02-04,Who the hells up,27816543,emphatic intensifier in expressions like 'hells yeah' or 'hells yes',emphasis,reaction,false,
hells,8624048232,2010-02-04,@KatiexFace hells yee lalaing! Bam. Omg lol maybe both? Simultaneously ..,82534071,emphatic intensifier in expressions like 'hells yeah' or 'hells yes',emphasis,casual_conversation,false,
hells,8624051031,2010-02-04,vans x hells ROCKIN' SHOE!!! @whatthehellz @vans http://vans.com/hellz/,30077247,emphatic intensifier in expressions like 'hells yeah' or 'hells yes',emphasis,fashion_beauty,false,Manual override -> fashion_beauty
hells,8624116309,2010-02-04,ALRIGHT HELLS KITCHEN!! RT @shawdib: Cheesing like a fat kid lol. Bout to get my Pro Tools working :-D http://twitpic.com/11ax0r,31220334,emphatic intensifier in expressions like 'hells yeah' or 'hells yes',emphasis,casual_conversation,false,Manual override -> casual_conversation
hells,8624116452,2010-02-04,sleeeep. hells yes. hope to see yall in the AM. say your prayers. good night. &lt;3.,35433704,emphatic intensifier in expressions like 'hells yeah' or 'hells yes',emphasis,reaction,false,
hells,8624162068,2010-02-04,@chrismbell Hells yeah! And that show that I haven't seen in years that might be called Perfect Strangers.,14172826,emphatic intensifier in expressions like 'hells yeah' or 'hells yes',emphasis,reaction,false,
hells,8624239172,2010-02-04,@LLcountrygirl oh hells ya lol,32810048,emphatic intensifier in expressions like 'hells yeah' or 'hells yes',emphasis,casual_conversation,false,
hells,8624298001,2010-02-04,@robsten_yummies hells yes! all a's!!!!,41863547,emphatic intensifier in expressions like 'hells yeah' or 'hells yes',emphasis,reaction,false,
hells,8717904070,2010-02-06,@Marystat Hells yes! I squee-ed out loud when I first saw it. My brother looked at me weirdly ;P,34295741,emphatic intensifier in expressions like 'hells yeah' or 'hells yes',emphasis,reaction,false,
hells,8717939060,2010-02-06,#sex #porn #adult Misti Dawn and Sean Michaels hells belles. View @ http://tubebutler.com/225212,44581537,emphatic intensifier in expressions like 'hells yeah' or 'hells yes',emphasis,advertising_spam,false,Manual override -> advertising_spam
hells,8718151339,2010-02-06,Hells yes! RBS Six Nations starts today! Excellent news indeed.,19161385,emphatic intensifier in expressions like 'hells yeah' or 'hells yes',emphasis,sports_discussion,false,Manual override -> sports_discussion
hells,8718341408,2010-02-06,For effing hells sake. I seriously hate ABC for taking away my one bitch fest in life. Ugly Betty. Screw you!,93486045,emphatic intensifier in expressions like 'hells yeah' or 'hells yes',emphasis,reaction,false,
hells,8718366511,2010-02-06,@rockettpunk hells yeah they do,96733470,emphatic intensifier in expressions like 'hells yeah' or 'hells yes',emphasis,reaction,false,
hells,8718413803,2010-02-06,"@saveyourbreath_ hells yeah, can't wait!",65693830,emphatic intensifier in expressions like 'hells yeah' or 'hells yes',emphasis,reaction,false,
hells,8718423473,2010-02-06,HELLS YES RT @fantasTaec BACKSTREET BOYS &gt; N*SYNC @KhUNF @xChandy Everyone knows that. :3,72478236,emphatic intensifier in expressions like 'hells yeah' or 'hells yes',emphasis,reaction,false,
hells,8718545773,2010-02-06,#xMoza Meat My Ass - Nella Wan Hells http://bit.ly/agi5ID,42413453,emphatic intensifier in expressions like 'hells yeah' or 'hells yes',emphasis,reaction,false,
hells,8718571956,2010-02-06,@Divine_Br33zii3 Hells Yea Thats How it feels with me right now 2 smfh. Idgaf tho I'm still going in and demolish the booth sunday Ya DiGs!!,40140737,emphatic intensifier in expressions like 'hells yeah' or 'hells yes',emphasis,casual_conversation,false,
hells,8718783268,2010-02-06,The hell can't I sleep n @tyrika u rite where the hells the snow?,34795218,emphatic intensifier in expressions like 'hells yeah' or 'hells yes',emphasis,casual_conversation,false,
hells,8994070779,2010-02-12,@lilvanilladrop @cholatoaloha @candirwasserman hells yeah leilani wasserman sounds great!,19918709,emphatic intensifier in expressions like 'hells yeah' or 'hells yes',emphasis,reaction,false,
hells,8994184001,2010-02-12,"Minus Eric bs, I went out w this sweet guy Cole a few times, the whole time I'm wishin he was my navyman. Ugh, what the hells wrong w me?!?!",29941184,emphatic intensifier in expressions like 'hells yeah' or 'hells yes',emphasis,reaction,false,
hells,8994197121,2010-02-12,Oh hells naw. They made another McDonalds R&B spoof commercial. And it aint good.,18351671,emphatic intensifier in expressions like 'hells yeah' or 'hells yes',emphasis,reaction,false,
hells,8994198677,2010-02-12,"I just voted ""Hells Yeah!"" on ""Don't You Think People Should Chill It With Justin Bieber On Everything?"" Vote now: http://bit.ly/aauS77",103484389,emphatic intensifier in expressions like 'hells yeah' or 'hells yes',emphasis,article_sharing,false,Manual override -> article_sharing
hells,8994421768,2010-02-12,Sunday meeting @ 8a leaving @ 845A for our Valentine's RUN to Cooks Cornet/Hells Kitchen & finish @ San Pedro bring you… http://lnk.ms/5wpM9,43531033,emphatic intensifier in expressions like 'hells yeah' or 'hells yes',emphasis,sports_discussion,false,Manual override -> sports_discussion
hells,8994436989,2010-02-12,@mmmbopmylife hells yeah...even though today was pretty average for me,31982860,emphatic intensifier in expressions like 'hells yeah' or 'hells yes',emphasis,reaction,false,
hells,8994455347,2010-02-12,@Heromancer  hells yepp &gt;.&lt;,96498916,emphatic intensifier in expressions like 'hells yeah' or 'hells yes',emphasis,casual_conversation,false,
hells,8994532375,2010-02-12,"@SharonGerlach Hells yes. Hey, did you happen to PDF that pub file? LOL",15111574,emphatic intensifier in expressions like 'hells yeah' or 'hells yes',emphasis,reaction,false,
hells,8994608512,2010-02-12,@BrianDoherty Hells yeah,19566662,emphatic intensifier in expressions like 'hells yeah' or 'hells yes',emphasis,reaction,false,
hells,8994634349,2010-02-12,@jefftakeover hells yeah!,59349278,emphatic intensifier in expressions like 'hells yeah' or 'hells yes',emphasis,reaction,false,
hells,9995867861,2010-03-04,@atariboy hells yes it would be! are you seeing them tonight?,5793602,emphatic intensifier in expressions like 'hells yeah' or 'hells yes',emphasis,reaction,false,
hells,9995905942,2010-03-04,Made a 97 on my math test hells yes!,30393559,emphatic intensifier in expressions like 'hells yeah' or 'hells yes',emphasis,work_school,false,Manual override -> work_school
hells,9995921485,2010-03-04,@tazitea Hells yeah! For 9 hours! Ossh I'm going to be so tired afterwards.,25611102,emphatic intensifier in expressions like 'hells yeah' or 'hells yes',emphasis,reaction,false,
hells,9996011248,2010-03-04,"@djsandman813 hells yea i wish i could check that show out bro, but i gotta make my lil change for the week.",19981333,emphatic intensifier in expressions like 'hells yeah' or 'hells yes',emphasis,casual_conversation,false,
hells,9996034593,2010-03-04,"@Abbiie_Sauraus Hells yeah!That's my other favourite,haha,it's amazing!Just saw it,best idea ever!lol!",21245679,emphatic intensifier in expressions like 'hells yeah' or 'hells yes',emphasis,reaction,false,
hells,9996137845,2010-03-04,@tyfreeky lol hells yeah,25235733,emphatic intensifier in expressions like 'hells yeah' or 'hells yes',emphasis,reaction,false,
hells,9996139974,2010-03-04,RT @SamanthaPSDot she knew all the words.... HELLS YUSS I DID! spank rock is my jams now,20399513,emphatic intensifier in expressions like 'hells yeah' or 'hells yes',emphasis,casual_conversation,false,
hells,9996457956,2010-03-04,I GOT MY NEW CASE!!! HELLS YEAH,22685369,emphatic intensifier in expressions like 'hells yeah' or 'hells yes',emphasis,reaction,false,
hells,9996461119,2010-03-04,"Hells yes, seeing Vyrion tonight.",22202779,emphatic intensifier in expressions like 'hells yeah' or 'hells yes',emphasis,reaction,false,
hells,9996495917,2010-03-04,"@DollFaceBarbie mmm hmm , bt hells yeahh i'd make out w / yu ! Haa *grabs df by the arm && plants one , MUAAAAHH !*",32434894,emphatic intensifier in expressions like 'hells yeah' or 'hells yes',emphasis,reaction,false,
hells,10063598250,2010-03-06,@nikkijoy10 Hells NO. Darkward was a top five hit in my cloud.,69615869,emphatic intensifier in expressions like 'hells yeah' or 'hells yes',emphasis,casual_conversation,false,
hells,10063675917,2010-03-06,Me three ! Hells yah that movie looks frckn awesome :D,92421468,emphatic intensifier in expressions like 'hells yeah' or 'hells yes',emphasis,reaction,false,
hells,10063753582,2010-03-06,"I'm a lucky fuck, won my first ever contest just now off a website and got a free Megadeth/In Flames/Children Of Bodom/ tour shirt... HELLS…",73530055,emphatic intensifier in expressions like 'hells yeah' or 'hells yes',emphasis,reaction,false,
hells,10063814062,2010-03-06,1 shot of Nyquill (20 proof 10% by vol) + 2 sleep aid + Tom Clancy novel till I pass out = Crazy ass shoot 'em up dreams! Hells yeah!!!,57973240,emphatic intensifier in expressions like 'hells yeah' or 'hells yes',emphasis,drug_context,false,Manual override -> drug_context
hells,10063867329,2010-03-06,@KrzyGal80 Hells to da fucks yea baby gurl,26322594,emphatic intensifier in expressions like 'hells yeah' or 'hells yes',emphasis,casual_conversation,false,
hells,10063897454,2010-03-06,Bought my ampeg svt 400t for 350 just sold if for 400. Hells yeah,23371228,emphatic intensifier in expressions like 'hells yeah' or 'hells yes',emphasis,reaction,false,
hells,10063931489,2010-03-06,"At the office wit gigi, meeks, raks, danielle and the dj breaks out with OPP!!!!! Hells yeah!! U down wit OPP yeajh u know me...lol",82194856,emphatic intensifier in expressions like 'hells yeah' or 'hells yes',emphasis,music_discussion,false,Manual override -> music_discussion
hells,10064079376,2010-03-06,"Im too hot, You'll think hells around, i can hear da fans shout..nd girls say dey feel it in they kidneys haha",75416432,emphatic intensifier in expressions like 'hells yeah' or 'hells yes',emphasis,reaction,false,
hells,10064206854,2010-03-06,"Just when I thought my night, and the music, couldn't get any better...they played ""Closer"" by NIN...hells yes!",26299829,emphatic intensifier in expressions like 'hells yeah' or 'hells yes',emphasis,reaction,false,
hells,10064229349,2010-03-06,RT @sosodeaf: @Bre_luvMikeJxn morphine's the shit! Best. Part of kidney stones! Yea boiiiiii!---hells yea!!!! Dude ur so cool.,22113165,emphatic intensifier in expressions like 'hells yeah' or 'hells yes',emphasis,casual_conversation,false,
hells,10315450682,2010-03-11,"@Emmieee Hells yeah, so thats why i'm goin' to a uni convention.",28072647,emphatic intensifier in expressions like 'hells yeah' or 'hells yes',emphasis,reaction,false,
hells,10315518904,2010-03-11,hells kitchen. swag,50523401,emphatic intensifier in expressions like 'hells yeah' or 'hells yes',emphasis,reaction,false,
hells,10316325538,2010-03-11,I think I've found what I'll do for my art assignment. hells yeah.,53046582,emphatic intensifier in expressions like 'hells yeah' or 'hells yes',emphasis,reaction,false,
hells,10316532891,2010-03-11,@sharnyboom hells yes!!!! have you ever seen Do the Right Thing? She's rad in that. Almost as rad as White Men Can't Jump.,15888304,emphatic intensifier in expressions like 'hells yeah' or 'hells yes',emphasis,reaction,false,
hells,10317178608,2010-03-11,@NKOTBKitten hells yeah! I've got a fruity elixir in the fridge! I'm a total sweet wine girl! U?,28284321,emphatic intensifier in expressions like 'hells yeah' or 'hells yes',emphasis,reaction,false,
hells,10317204142,2010-03-11,Currently at @MorganClohesy's with @Kyzzzza making out own cold rock. Hells yeah,16866354,emphatic intensifier in expressions like 'hells yeah' or 'hells yes',emphasis,reaction,false,
hells,10317422819,2010-03-11,@boogiedabaddest hells yea... He can suck a few arabic toddler dicks,52310500,emphatic intensifier in expressions like 'hells yeah' or 'hells yes',emphasis,casual_conversation,false,
hells,10317425969,2010-03-11,#nowplaying Listening : AC DC - Hells Bells,85149838,emphatic intensifier in expressions like 'hells yeah' or 'hells yes',emphasis,music_discussion,false,Manual override -> music_discussion
hells,10317837795,2010-03-11,"Q:Are yuhh kookoo for coacoa puffs..,,??? Cuz i sure am...!!! haha:)... A:lmfao, hells yeaa. http://formspring.me/AverageJoHoe/q/291972901",120265513,emphatic intensifier in expressions like 'hells yeah' or 'hells yes',emphasis,reaction,false,
hells,10334434392,2010-03-11,"welcome @adragon: ""Junkies, Hells Angels, Prostitutes ...@adragon at 14 years old!"" ♫ http://blip.fm/~mnu1i",86628219,emphatic intensifier in expressions like 'hells yeah' or 'hells yes',emphasis,casual_conversation,false,
hells,10334454615,2010-03-11,@SynCindy hells yeah,31266218,emphatic intensifier in expressions like 'hells yeah' or 'hells yes',emphasis,reaction,false,
hells,10334466827,2010-03-11,RT @Jaisabella: Hells yes! I won a donut! #rolluptherim,119452560,emphatic intensifier in expressions like 'hells yeah' or 'hells yes',emphasis,reaction,false,
hells,10334521763,2010-03-11,RT @KCBOOKS: Thursday is the new Friday so Hot Toddies all around ;) @busybrd @csmith2471 //hells ya! :o),36275060,emphatic intensifier in expressions like 'hells yeah' or 'hells yes',emphasis,casual_conversation,false,
hells,10334585147,2010-03-11,Minister of Justice to Bar Hells Angels from Iceland http://tinyurl.com/ylov3jg,24429611,emphatic intensifier in expressions like 'hells yeah' or 'hells yes',emphasis,news_reaction,false,Manual override -> news_reaction
hells,10334600813,2010-03-11,@lin007c. @forevertinks. Hells yeah vegas bound!,33699980,emphatic intensifier in expressions like 'hells yeah' or 'hells yes',emphasis,reaction,false,
hells,10334747387,2010-03-11,RT @I_am_Shanel: RT @datdamndivine I hear man boobs are the new 6pack &gt;&gt;&gt;hells no they ain't &lt;--lol,29225234,emphatic intensifier in expressions like 'hells yeah' or 'hells yes',emphasis,casual_conversation,false,
hells,10334749132,2010-03-11,Hella tired. Good loving. I need rest. Still in Hells kitchen bout to get coldstone then head home.,23384204,emphatic intensifier in expressions like 'hells yeah' or 'hells yes',emphasis,reaction,false,
hells,10334750206,2010-03-11,@charliebrand seriously?! hells yes.,16413766,emphatic intensifier in expressions like 'hells yeah' or 'hells yes',emphasis,reaction,false,
hells,10334760947,2010-03-11,@NickNewCities hells yeah! You guys will kill it today on MOD! Go cities go!,27398435,emphatic intensifier in expressions like 'hells yeah' or 'hells yes',emphasis,reaction,false,
hells,10863005852,2010-03-22,#DearFutureHusband i ONLY wear nikes and more nikes . sorry i dont wear hells and shit.,36790399,emphatic intensifier in expressions like 'hells yeah' or 'hells yes',emphasis,reaction,false,
hells,10863015386,2010-03-22,@samanthastweets @fatinaleotard @fatlotofgood Hells yes I am in!!!,19468721,emphatic intensifier in expressions like 'hells yeah' or 'hells yes',emphasis,reaction,false,
hells,10863153073,2010-03-22,"Im cooking somethin' up in Hells Kitchen / Gordon Ramsey would be proud to give me recognition... ""Problem""",30963082,emphatic intensifier in expressions like 'hells yeah' or 'hells yes',emphasis,reaction,false,
hells,10863157969,2010-03-22,"High heels!!!!!!!!mini skirt,n open shoulder shirtRT @DiahMariska: @H_412_RY ay...high hells or wedges?? http://myloc.me/566xN",40198474,emphatic intensifier in expressions like 'hells yeah' or 'hells yes',emphasis,fashion_beauty,false,Manual override -> fashion_beauty
hells,10863343899,2010-03-22,"I am now the proud owner of abunch of Gegege no Kitaro stuff and 3 Kamen Rider W memory sticks; Joker, Cyclone, and a Den-O one. Hells yeah.",119418619,emphatic intensifier in expressions like 'hells yeah' or 'hells yes',emphasis,reaction,false,
hells,10863674172,2010-03-22,@58ezahp Phil what the hells going on lol?,40839999,emphatic intensifier in expressions like 'hells yeah' or 'hells yes',emphasis,casual_conversation,false,
hells,10863693004,2010-03-22,Downloading the new Laura Marling album OH HELLS YEAH,19859520,emphatic intensifier in expressions like 'hells yeah' or 'hells yes',emphasis,reaction,false,
hells,10863792755,2010-03-22,"@Fatheffalump haha 2 things... 1. YES, come to Melbourne. Hells Yes. 2. Re twitpic, I think, though memory of said night is hazy, I was...",117284648,emphatic intensifier in expressions like 'hells yeah' or 'hells yes',emphasis,reaction,false,
hells,10863801213,2010-03-22,Gypsy doesn't know what the hells going on with all this lightning and thunder.,23250656,emphatic intensifier in expressions like 'hells yeah' or 'hells yes',emphasis,reaction,false,
hells,10863809231,2010-03-22,"Hells Angels kids? club|The Hells Angels bikers have been in the spotlight of the authorities for some time, but .. http://oohja.com/x9bzQ",35217257,emphatic intensifier in expressions like 'hells yeah' or 'hells yes',emphasis,reaction,false,
hells,11926511896,2010-04-10,Hells http://bit.ly/a8eEcz,24545053,emphatic intensifier in expressions like 'hells yeah' or 'hells yes',emphasis,reaction,false,
hells,11926560938,2010-04-10,"HELLS TO THE MOTHAFUKKN YEAH TWEEZIES. THIS PARTY WAS ABSO'FUKKN'LUTELY OFF THE HOOK N WE  GIFD UP IN THIS BEE'OTCH!!!!
#ZAKKWYLDE",29995978,emphatic intensifier in expressions like 'hells yeah' or 'hells yes',emphasis,reaction,false,
hells,11926656090,2010-04-10,Hells yes... www.doublecheckyourhead.com  Need I say anymore?,67546906,emphatic intensifier in expressions like 'hells yeah' or 'hells yes',emphasis,reaction,false,
hells,11926667879,2010-04-10,@tiffanybullen Hells yeah! We need to bust in there with flying wings and open wallets!! hahahahahahaha,27958408,emphatic intensifier in expressions like 'hells yeah' or 'hells yes',emphasis,reaction,false,
hells,11926737406,2010-04-10,@MrJE awww yay! hells yea!,16426555,emphatic intensifier in expressions like 'hells yeah' or 'hells yes',emphasis,casual_conversation,false,
hells,11926758848,2010-04-10,#NowPlaying Hells Bells - AC/DC,129725466,emphatic intensifier in expressions like 'hells yeah' or 'hells yes',emphasis,music_discussion,false,
hells,11926780871,2010-04-10,@SneakermanVance hells naw. At the crib bored as hell.,86774702,emphatic intensifier in expressions like 'hells yeah' or 'hells yes',emphasis,reaction,false,
hells,11926801854,2010-04-10,Upload Alert:Mobile Game:Brothers In Arms3 Hells Highway http://mobipride.com/3t6 get it now!.,113676189,emphatic intensifier in expressions like 'hells yeah' or 'hells yes',emphasis,gaming,false,Manual override -> gaming
hells,11926821147,2010-04-10,Hells yeaRT @eizaredila: Ditched baby sisters birthday you know you're addicted when @VENUElive,24245320,emphatic intensifier in expressions like 'hells yeah' or 'hells yes',emphasis,casual_conversation,false,
hells,11926858140,2010-04-10,@Hayleyis_smiley me and coralie and taylor. hells yeah ^^,108857736,emphatic intensifier in expressions like 'hells yeah' or 'hells yes',emphasis,reaction,false,
hells,12829851142,2010-04-25,@J_Mula16: @KiDpErFEcTiOn lmao hells na. is he weak?&gt;ah hes aight,55752971,emphatic intensifier in expressions like 'hells yeah' or 'hells yes',emphasis,casual_conversation,false,
hells,12829859267,2010-04-25,@LaceyTiger hells no! May even work from home on Tuesdsay if I'm a total cripple!,19651381,emphatic intensifier in expressions like 'hells yeah' or 'hells yes',emphasis,casual_conversation,false,
hells,12829928238,2010-04-25,RT @isiah_rush: @MagillaGorilla8 hells yeah!! *follow me*--and you r?,45604894,emphatic intensifier in expressions like 'hells yeah' or 'hells yes',emphasis,reaction,false,
hells,12829993488,2010-04-25,@ShowPatrol Hells yeah! Just wait till Betty White gets on air!,19424466,emphatic intensifier in expressions like 'hells yeah' or 'hells yes',emphasis,reaction,false,
hells,12830337787,2010-04-25,"Doobu on #Yelp: Hells yeah!!
I know, the thought of a Tofu Restaurant isn't usually inspiring, or food for thought. ... http://bit.ly/aMiUDw",54715922,emphatic intensifier in expressions like 'hells yeah' or 'hells yes',emphasis,reaction,false,
hells,12830357623,2010-04-25,just watched 'Trailer for Iron Man 2: The IMAX Experience' on i.TV. hells yes. http://i.tv/ds4,6475312,emphatic intensifier in expressions like 'hells yeah' or 'hells yes',emphasis,reaction,false,
hells,12830758192,2010-04-25,tryna get sum rest... i slept only 3hrs today but not really tired.... what da hells wrong with me?,76267057,emphatic intensifier in expressions like 'hells yeah' or 'hells yes',emphasis,reaction,false,
hells,12830837704,2010-04-25,My bro and dad just won a trailor worth 55 g's! Hells! Well done lads.,102995180,emphatic intensifier in expressions like 'hells yeah' or 'hells yes',emphasis,reaction,false,
hells,12831096733,2010-04-25,"#youfromthehood ? whatchu think, foo. #youfromthehood ? hells no you ain't.",53496320,emphatic intensifier in expressions like 'hells yeah' or 'hells yes',emphasis,reaction,false,
hells,12831182481,2010-04-25,@Ace_gotha_Wet  hells yea!!  but it anit like i had shyt 2 do 2day,118761001,emphatic intensifier in expressions like 'hells yeah' or 'hells yes',emphasis,casual_conversation,false,
hells,12888505962,2010-04-26,@Fidelist hells yeah xD,38083959,emphatic intensifier in expressions like 'hells yeah' or 'hells yes',emphasis,reaction,false,
hells,12888520861,2010-04-26,"RT @TOTTfanzine Anyone else want to share their World Cup predictions this afternoon? &lt;-cont. But not It, Fr & Gr. So that's . Hells Bells!",48676991,emphatic intensifier in expressions like 'hells yeah' or 'hells yes',emphasis,music_discussion,false,
hells,12888544521,2010-04-26,RT @Queen_Bee24: #np Last Chance Ginuwine @PrinceWhyatt remember dis song?-----&gt;lmaooo...hells yea...memories memories...lol,34509899,emphatic intensifier in expressions like 'hells yeah' or 'hells yes',emphasis,casual_conversation,false,
hells,12888683832,2010-04-26,@arianna Um...Hells yes! Let me know when you're in town. We definitely need to get together.,17913396,emphatic intensifier in expressions like 'hells yeah' or 'hells yes',emphasis,reaction,false,
hells,12888781108,2010-04-26,Made a 97 on my history test! Hells yeah!,28458180,emphatic intensifier in expressions like 'hells yeah' or 'hells yes',emphasis,reaction,false,
hells,12888787780,2010-04-26,@LWebb21 you went joggin in this rainy mess? Hells yea son. Get it,27255399,emphatic intensifier in expressions like 'hells yeah' or 'hells yes',emphasis,casual_conversation,false,
hells,12888845521,2010-04-26,"Hells yes, my brand new bed is being delivered in one hour! I'm so stoked that just the idea of it is putting me to sleep",25421218,emphatic intensifier in expressions like 'hells yeah' or 'hells yes',emphasis,reaction,false,
hells,12888924745,2010-04-26,"@ekowbartjnrOMC Yay,I spelt it right :-)...Hells yea,I will definitely come visit you guys,Just pray for me & it'll be sooner than you think",103629213,emphatic intensifier in expressions like 'hells yeah' or 'hells yes',emphasis,casual_conversation,false,
hells,12889043194,2010-04-26,5 more days until I'm in SF ...am I nervous??... Do dogs fukin bark?? Hells to da yeah. Cant wait 2 c her. I'm already dreaming bout her lol,23661039,emphatic intensifier in expressions like 'hells yeah' or 'hells yes',emphasis,reaction,false,
hells,12889317337,2010-04-26,RT @KDCoronado: @DG_theWryter ahhhh lol not the roller coasters « LOL hells yea! Lol.,74296938,emphatic intensifier in expressions like 'hells yeah' or 'hells yes',emphasis,casual_conversation,false,
hells,13058458319,2010-04-29,@serenadeborah hells yeah,54821425,emphatic intensifier in expressions like 'hells yeah' or 'hells yes',emphasis,reaction,false,
hells,13058722079,2010-04-29,Hells Yea! Film LEGEND The Mr. Joe Dante pops in to #sfl9 to say hi to Festival Founder Louis Savy. http://twitpic.com/1j5h8x,16126671,emphatic intensifier in expressions like 'hells yeah' or 'hells yes',emphasis,reaction,false,
hells,13058726312,2010-04-29,@allidraper Oh hells bells! So for real don't let the creepy crawlers bite you in the ass.,109690883,emphatic intensifier in expressions like 'hells yeah' or 'hells yes',emphasis,music_discussion,false,
hells,13058979077,2010-04-29,@Deadmau5 see u tomorrow night!!! Hells yeaH!!!,20279490,emphatic intensifier in expressions like 'hells yeah' or 'hells yes',emphasis,reaction,false,
hells,13059044782,2010-04-29,RT @mattitude8 hells yes its out in the movies in australia today *well Im watching The Losers at 2am for free! #whostherealwinner?,22559344,emphatic intensifier in expressions like 'hells yeah' or 'hells yes',emphasis,reaction,false,
hells,13059068995,2010-04-29,@CareFreebx2tx man tired as hells hustling like crazy u know da drill you?,17517444,emphatic intensifier in expressions like 'hells yeah' or 'hells yes',emphasis,casual_conversation,false,
hells,13059394041,2010-04-29,Just bough starcraft 2.. hells yeah :D,28304524,emphatic intensifier in expressions like 'hells yeah' or 'hells yes',emphasis,gaming,false,Manual override -> gaming
hells,13059438271,2010-04-29,"...hotel hells angels, red light district at sin 'less' city !
 dex + julie adventure !",82062985,emphatic intensifier in expressions like 'hells yeah' or 'hells yes',emphasis,reaction,false,
hells,13463713838,2010-05-06,"Q:You ARE loved! I just don't see you often... A:Hells yes! Caitlin 1, world, ....slightly... http://formspring.me/caitlinmcfly/q/510484670",70875820,emphatic intensifier in expressions like 'hells yeah' or 'hells yes',emphasis,reaction,false,
hells,13463727764,2010-05-06,Full house with special guests @thenewmovement! Hells yea!!,24479315,emphatic intensifier in expressions like 'hells yeah' or 'hells yes',emphasis,casual_conversation,false,
hells,13463779370,2010-05-06,RT @Oj1012: RT @Celena314: Gettin my sis fucked up!! Hells yeah!! Where the party @ -- tre9!!,23116813,emphatic intensifier in expressions like 'hells yeah' or 'hells yes',emphasis,reaction,false,
hells,13464112697,2010-05-06,yeah... thats right... what the hells happenin???,140656662,emphatic intensifier in expressions like 'hells yeah' or 'hells yes',emphasis,reaction,false,
hells,13464197806,2010-05-06,@themoirai Oh hells yeah. And Tennant will always be my Doctor.,8868382,emphatic intensifier in expressions like 'hells yeah' or 'hells yes',emphasis,reaction,false,
hells,13464264653,2010-05-06,@InfamousIrv hells nooo,23254296,emphatic intensifier in expressions like 'hells yeah' or 'hells yes',emphasis,casual_conversation,false,
hells,13464438952,2010-05-06,@TreyFX Da hells wrong wit you? Lol,52236849,emphatic intensifier in expressions like 'hells yeah' or 'hells yes',emphasis,casual_conversation,false,
hells,13464472208,2010-05-06,Oh HELLS yeah! Roomie found box fan in the alley and dr upped my sleeping pill dose. I'm flying high tonight!,27465038,emphatic intensifier in expressions like 'hells yeah' or 'hells yes',emphasis,reaction,false,
hells,13464496858,2010-05-06,"hells yeah RT @tprettyman making shit happen. im commited to the possibility of participating, contributing & sharing. whos on board?",93414495,emphatic intensifier in expressions like 'hells yeah' or 'hells yes',emphasis,reaction,false,
hells,13464521669,2010-05-06,"@WubsNet did you see the hammer wowser, reminds me of the sword hells gave nic's son on #GH    #Happytown",41653384,emphatic intensifier in expressions like 'hells yeah' or 'hells yes',emphasis,casual_conversation,false,
hells,14263850370,2010-05-19,oh hells yes! matt & nph. dream on is all kinds of kickass! #glee,18288451,emphatic intensifier in expressions like 'hells yeah' or 'hells yes',emphasis,reaction,false,
hells,14263865865,2010-05-19,hells kitchen season 4 - QueenTorrent.com - Torrents download ...: hells kitchen season 4 torrents in database - Q... http://bit.ly/a6u8dA,135550811,emphatic intensifier in expressions like 'hells yeah' or 'hells yes',emphasis,reaction,false,
hells,14263882865,2010-05-19,"i love classic rock, who doesn't like hells bells? stupid 8th graders! they wear their ACDC vintage shirts but don't even know the songs?wtf",32749186,emphatic intensifier in expressions like 'hells yeah' or 'hells yes',emphasis,music_discussion,false,
hells,14263887357,2010-05-19,"Ruh-roh, looks like another song's gonna get downloaded. NPH & Schuster doing Aerosmith's Dream On. Hells yeah. #glee",40041187,emphatic intensifier in expressions like 'hells yeah' or 'hells yes',emphasis,reaction,false,
hells,14263892634,2010-05-19,RT @tallnoe: If I had it! RT @fureousangel:Hells yeah! RT @Jazzzyone: Would you pay $250 to meet Pres. Obama?//does it come with a lapdance?,139078798,emphatic intensifier in expressions like 'hells yeah' or 'hells yes',emphasis,reaction,false,
hells,14263943279,2010-05-19,@ShellsSexBoots hells yah!,126450228,emphatic intensifier in expressions like 'hells yeah' or 'hells yes',emphasis,reaction,false,
hells,14263992660,2010-05-19,RT @Ragomez78: @Ms_Bossy88 hell yeah aint nuttin like wings beer nd sports!!! HELLS YEA,33916762,emphatic intensifier in expressions like 'hells yeah' or 'hells yes',emphasis,casual_conversation,false,
hells,14264000497,2010-05-19,"@kellyluvsFOB09 hells yeah girlie! congrats!!! btw, did you get my card in the mail?",14738181,emphatic intensifier in expressions like 'hells yeah' or 'hells yes',emphasis,reaction,false,
hells,14264016960,2010-05-19,In a heart beat! RT @fureousangel: Hells yeah! RT @Jazzzyone: Would you pay $250 to meet Pres. Obama?,22076664,emphatic intensifier in expressions like 'hells yeah' or 'hells yes',emphasis,reaction,false,
hells,14264057028,2010-05-19,"RT @janinaz: In hells kitchen, @Aliomi's secret lair. A diy vintage clothing explosion!",42834057,emphatic intensifier in expressions like 'hells yeah' or 'hells yes',emphasis,casual_conversation,false,
hells,15667504315,2010-06-08,Hells ya! Cant wait! RT @dre_nasty Damn my have to switch to the iphone 4,19809497,emphatic intensifier in expressions like 'hells yeah' or 'hells yes',emphasis,casual_conversation,false,
hells,15667582634,2010-06-08,Ok my thought is going to Hells Half Acre outside of Casper Wyo tomorow night Some of you may know it as the bug planet on Starship Troopers,17466759,emphatic intensifier in expressions like 'hells yeah' or 'hells yes',emphasis,reaction,false,
hells,15667681458,2010-06-08,@damjanov i am totally up for camping out. hells yeah.,6985002,emphatic intensifier in expressions like 'hells yeah' or 'hells yes',emphasis,reaction,false,
hells,15667689390,2010-06-08,working on French! Want to watch Doctor Who or Hells Kitchen but I want to get this review of the way.,10643492,emphatic intensifier in expressions like 'hells yeah' or 'hells yes',emphasis,reaction,false,
hells,15667757497,2010-06-08,RT @PlanetEels: Oh hells yeah. RT @oherrol hindy 4 origin captain,17275624,emphatic intensifier in expressions like 'hells yeah' or 'hells yes',emphasis,reaction,false,
hells,15667816622,2010-06-08,"Cargill Bike Bash Sat July 17, Hells Bells AC/DC tribute band, Breakwater Blues Band, Motorcycle Show & Shine + Rodeo http://short.to/1p94i",45664247,emphatic intensifier in expressions like 'hells yeah' or 'hells yes',emphasis,music_discussion,false,
hells,15667873552,2010-06-08,@MichaelTGriffin pre-order Monday... Hells yeah,51882626,emphatic intensifier in expressions like 'hells yeah' or 'hells yes',emphasis,reaction,false,
hells,15667874873,2010-06-08,Hells kitchen is pretty intense.. This dude be spazzin,49146554,emphatic intensifier in expressions like 'hells yeah' or 'hells yes',emphasis,reaction,false,
hells,15667894341,2010-06-08,"Back to work after this. Damn you, NBC. (@ Hummus Kitchen - Hells Kitchen) http://4sq.com/83pjQ9",24733321,emphatic intensifier in expressions like 'hells yeah' or 'hells yes',emphasis,casual_conversation,false,
hells,15667981956,2010-06-08,Hells yeah! RT @RiversCuomo Weezer is recording a new song this week for the U.S. soccer team. It's called Reprazent!,16591690,emphatic intensifier in expressions like 'hells yeah' or 'hells yes',emphasis,reaction,false,
hells,15868129785,2010-06-10,LOL.. RT @kozza: @TopDraftPick come one man...that's like asking do u like pizza...HELLS YEA,19192853,emphatic intensifier in expressions like 'hells yeah' or 'hells yes',emphasis,casual_conversation,false,
hells,15868223630,2010-06-10,@BabyGaga24 hells yea!!!!!!! lol,59003853,emphatic intensifier in expressions like 'hells yeah' or 'hells yes',emphasis,casual_conversation,false,
hells,15868322360,2010-06-10,"Raise hell, hells risen, call me young Reakwon- I'm a chef in hell's kitchen",39155850,emphatic intensifier in expressions like 'hells yeah' or 'hells yes',emphasis,reaction,false,
hells,15868432183,2010-06-10,"@CheriDennis Whassup boo! And hells yeah, we def do...uh @BoBATL @TIP @AtlanticRecords etc..lets make this happen. Ya'll like labelmates..",70801674,emphatic intensifier in expressions like 'hells yeah' or 'hells yes',emphasis,reaction,false,
hells,15868458039,2010-06-10,hells yeah old skool! http://bit.ly/4MHu2j ahahaha sudden urge to listen to limp bizkit-rollin',15412161,emphatic intensifier in expressions like 'hells yeah' or 'hells yes',emphasis,reaction,false,
hells,15868552029,2010-06-10,RubyConf 2010 New Orleans. Hells yeah! http://rubyconf.org/,815973,emphatic intensifier in expressions like 'hells yeah' or 'hells yes',emphasis,reaction,false,
hells,15868552577,2010-06-10,Damn it! Roscoe's & Waffle House...neither r in #Chicago RT @amzheees: @2fantabulush @macaliciouskat Hells yeah Roscoe's! Yummoh!,28316237,emphatic intensifier in expressions like 'hells yeah' or 'hells yes',emphasis,reaction,false,
hells,15868587671,2010-06-10,"I just made $130.OO. On an item on ebay. Hells yeah, need to put more shit up.",41654583,emphatic intensifier in expressions like 'hells yeah' or 'hells yes',emphasis,reaction,false,
hells,15868593361,2010-06-10,hells kitchen 2nite yay!!! =:D,138142233,emphatic intensifier in expressions like 'hells yeah' or 'hells yes',emphasis,reaction,false,
hells,15868638448,2010-06-10,RT @piamagalona: http://bit.ly/brZWcM Black Eyed Peas on NOW! - HELLS YEAH!,25040953,emphatic intensifier in expressions like 'hells yeah' or 'hells yes',emphasis,reaction,false,
hells,16180268785,2010-06-14,@alisonhaislip Hells yeah! Bulletstorm FTW!,23347765,emphatic intensifier in expressions like 'hells yeah' or 'hells yes',emphasis,reaction,false,
hells,16180272576,2010-06-14,"@MissRollergirl ""is it true you aint nobody's bitch""? haha (he said that in an episode of Hells Kitchen) :p",17335204,emphatic intensifier in expressions like 'hells yeah' or 'hells yes',emphasis,casual_conversation,false,
hells,16180329278,2010-06-14,"HELLS YEAH!\m/@DirtyUrine: ""Hit the Lights it's #TallicaTuesday (not quite in the U.S. but WTH) !!! \m/"" ♫ http://blip.fm/~s22fz",81792705,emphatic intensifier in expressions like 'hells yeah' or 'hells yes',emphasis,reaction,false,
hells,16180447870,2010-06-14,@p_MakeUmTapOut Hells yea,148000765,emphatic intensifier in expressions like 'hells yeah' or 'hells yes',emphasis,casual_conversation,false,
hells,16180653396,2010-06-14,"Hells bells and buckets, it's raining like a hurricanes's bitch. O.o",126191862,emphatic intensifier in expressions like 'hells yeah' or 'hells yes',emphasis,music_discussion,false,
hells,16180656375,2010-06-14,[#Casino] [Supermarche] binxter fait ses courses sur HellS-City...,83627280,emphatic intensifier in expressions like 'hells yeah' or 'hells yes',emphasis,reaction,false,
hells,16180819851,2010-06-14,@prettigirlsteff lmao hells naw! Yea do that shit I need to go to the library n print out my shit,34426425,emphatic intensifier in expressions like 'hells yeah' or 'hells yes',emphasis,reaction,false,
hells,16180838359,2010-06-14,bout to watch me some hells kitchen,113097659,emphatic intensifier in expressions like 'hells yeah' or 'hells yes',emphasis,reaction,false,
hells,16180940636,2010-06-14,"Audio: AC/DC - Hells Bells I know it sounds strange after a few month of folk music. However, when I heard it... http://tumblr.com/xqubk2lcd",17647297,emphatic intensifier in expressions like 'hells yeah' or 'hells yes',emphasis,music_discussion,false,
hells,16181039678,2010-06-14,Workin it at the weight room. Hells yeah.,139679228,emphatic intensifier in expressions like 'hells yeah' or 'hells yes',emphasis,reaction,false,
hells,16912511766,2010-06-24,"Hells nah, they better not be chaong doors on me, line is already long enough here",76864266,emphatic intensifier in expressions like 'hells yeah' or 'hells yes',emphasis,reaction,false,
hells,16912633534,2010-06-24,LOL on chefs on #hells kitchen express way too much about their lives. Entertaining & crazy stories that chefs told Salvatore.,32612923,emphatic intensifier in expressions like 'hells yeah' or 'hells yes',emphasis,reaction,false,
hells,16912792323,2010-06-24,RT @BlacJack4u So everybody woke up to go in on #showsweNEEDback TT..twitter boy I tell ya --hells yeah lol,22431900,emphatic intensifier in expressions like 'hells yeah' or 'hells yes',emphasis,reaction,false,
hells,16912901312,2010-06-24,"@Neef , i agree with Autumn. Shes entertaining but she would get in a lot of hot water. if they allowed her to do anything. #hells kitchen",32612923,emphatic intensifier in expressions like 'hells yeah' or 'hells yes',emphasis,casual_conversation,false,
hells,16912997897,2010-06-24,"Me ""aren't we on the freeway?"" Kasey ""yeah I'm speeding, driving 120"" me ""hells yeah let's goooo""",27566346,emphatic intensifier in expressions like 'hells yeah' or 'hells yes',emphasis,reaction,false,
hells,16913161909,2010-06-24,@Hells_Bellz no in today got loads on,19485566,emphatic intensifier in expressions like 'hells yeah' or 'hells yes',emphasis,casual_conversation,false,Manual override -> casual_conversation
hells,16913308327,2010-06-24,Photo: michaelandmotownforever: why and the hells have i not received this awesomely precious update? http://tumblr.com/x4kc30gjc,98021459,emphatic intensifier in expressions like 'hells yeah' or 'hells yes',emphasis,reaction,false,
hells,16913315276,2010-06-24,POWER PUFF GIRLS hells yeah #ShowsWeNeedBack I'MMMM MoJo Joe Joe,22238444,emphatic intensifier in expressions like 'hells yeah' or 'hells yes',emphasis,reaction,false,
hells,16913425904,2010-06-24,Hells Yeah!! @craigyferg is rockin his white #USMNT kit!!!!! While Chef Jose Andreas is in his España shirt,63078646,emphatic intensifier in expressions like 'hells yeah' or 'hells yes',emphasis,reaction,false,
hells,16913454625,2010-06-24,RT @c_samSukaFr3e @s_dot_baby42 Ay wild n crazy kids went hard baw. &lt;&lt; hells yea son,88609638,emphatic intensifier in expressions like 'hells yeah' or 'hells yes',emphasis,casual_conversation,false,
hells,17047464485,2010-06-25,"RT @Hells_Angelic: RT @TheDespair_: #FIT Family & friends,please welcome our newest member,Rachel Black is home! @FierceRachie",145728373,emphatic intensifier in expressions like 'hells yeah' or 'hells yes',emphasis,casual_conversation,false,Manual override -> casual_conversation
hells,17047638914,2010-06-25,@ash0283 same :) i got to work like CRAZY this next couple of weeks! but WHO CARES? one month till my flight over baby! hells yeah :D,26847292,emphatic intensifier in expressions like 'hells yeah' or 'hells yes',emphasis,reaction,false,
hells,17047694719,2010-06-25,Summer sunsets in Hells Canyon....what a magical feeling. http://fb.me/AkgBlNdl,30953470,emphatic intensifier in expressions like 'hells yeah' or 'hells yes',emphasis,reaction,false,
hells,17047706107,2010-06-25,@SOMiyuki HELLS YES!,27307835,emphatic intensifier in expressions like 'hells yeah' or 'hells yes',emphasis,reaction,false,
hells,17047796996,2010-06-25,@_Rianna watch on tuesday! i'll be strutting them hells like i came out the womb wearing them u goat,159575320,emphatic intensifier in expressions like 'hells yeah' or 'hells yes',emphasis,casual_conversation,false,
hells,17047805582,2010-06-25,@TortillaLibre hells yeah!...I mean Pho Dac Biet Bo Vein...you my only friend...haha,21853014,emphatic intensifier in expressions like 'hells yeah' or 'hells yes',emphasis,reaction,false,
hells,17048029999,2010-06-25,"listening to ""ACDC - Hells Bells (With Lyrics)"" ♫ http://blip.fm/~slqts",60434164,emphatic intensifier in expressions like 'hells yeah' or 'hells yes',emphasis,music_discussion,false,
hells,17048043572,2010-06-25,Cuzin recorded jimmy kimmel aloha to lost special! Hells yeah. Marilyn manson is a lost fan!,22683483,emphatic intensifier in expressions like 'hells yeah' or 'hells yes',emphasis,reaction,false,
hells,17048087619,2010-06-25,@ShortyyMackk sorry hoe I been hells busy and never home,80747237,emphatic intensifier in expressions like 'hells yeah' or 'hells yes',emphasis,casual_conversation,false,
hells,17048141411,2010-06-25,I #lowkey hate weddings and it's as hot as 4 hells at this one. #afrotime!,63504110,emphatic intensifier in expressions like 'hells yeah' or 'hells yes',emphasis,reaction,false,
hells,17822013926,2010-07-05,RT @KandyCavalli: @LDOTtheproducer cock sound hells nasty to me ahaaha &lt; THATS WHY I USE IT.. LMAOOO,71349991,emphatic intensifier in expressions like 'hells yeah' or 'hells yes',emphasis,casual_conversation,false,
hells,17822149990,2010-07-05,Hells Kitchen season 7 episode 7 6 Chefs Complete/5 Chefs Complete http://goo.gl/fb/2aMah,18668161,emphatic intensifier in expressions like 'hells yeah' or 'hells yes',emphasis,reaction,false,
hells,17822200042,2010-07-05,"#DONTBEJELOUS because i staay in thaa burbs , and oyuu live in hells kitcheen",51337954,emphatic intensifier in expressions like 'hells yeah' or 'hells yes',emphasis,reaction,false,
hells,17822347483,2010-07-05,@metschick hells yes sporting red during CFB season,21053670,emphatic intensifier in expressions like 'hells yeah' or 'hells yes',emphasis,reaction,false,
hells,17822479208,2010-07-05,"RT @Simply_Lynne: ""How about I don't & say I did"".... @AllThingsBear she LOVES this saying. LOL&lt;hells yea!",159222285,emphatic intensifier in expressions like 'hells yeah' or 'hells yes',emphasis,casual_conversation,false,
hells,17822522830,2010-07-05,@Marcin_z hells ya....i loved berlin. better than munich x 50,16891048,emphatic intensifier in expressions like 'hells yeah' or 'hells yes',emphasis,casual_conversation,false,
hells,17822552029,2010-07-05,@Nicolaroxxcs Hells yeah. Tax over here is only like 6%. I was so amazed.,141762094,emphatic intensifier in expressions like 'hells yeah' or 'hells yes',emphasis,reaction,false,
hells,17822610492,2010-07-05,Currently playing GLAM - HELLS PARTY :: www.profm.nl ::,15865089,emphatic intensifier in expressions like 'hells yeah' or 'hells yes',emphasis,reaction,false,
hells,17822653640,2010-07-05,Ima Need Counselin; I Lost My Mind And I Still Haven't Found It.!. I Used To Be So Well Rounded...Now I Tip Toe On Hells Boundaries.!.,129656487,emphatic intensifier in expressions like 'hells yeah' or 'hells yes',emphasis,reaction,false,
hells,17822660523,2010-07-05,Just can't sleep.... what the hells going on?,137300041,emphatic intensifier in expressions like 'hells yeah' or 'hells yes',emphasis,reaction,false,
hells,18405892686,2010-07-13,"@MissLoveLea hells yea lol, i kno how 2 use it 2 my advantage lol",151301634,emphatic intensifier in expressions like 'hells yeah' or 'hells yes',emphasis,casual_conversation,false,
hells,18405993072,2010-07-13,@NeverShoutRoni hells yes no frowning!,37512681,emphatic intensifier in expressions like 'hells yeah' or 'hells yes',emphasis,reaction,false,
hells,18406029627,2010-07-13,So dude just came n2 the gas station and offered me a prt time at express! Hells yea...anythng to get me up out this gas station!,42243512,emphatic intensifier in expressions like 'hells yeah' or 'hells yes',emphasis,reaction,false,
hells,18406032140,2010-07-13,"RT @SarahMarie1228: #highschoolconfession i got kicked out of one of my bball games , for cussing out the ref.&lt;---HELLS YEA! lol",43923511,emphatic intensifier in expressions like 'hells yeah' or 'hells yes',emphasis,casual_conversation,false,
hells,18406121047,2010-07-13,"http://tweetphoto.com/32386822 @BravoAndy Teresa is so right, she runs with Drug gangs, hells angels and thugs just released from prison",109891500,emphatic intensifier in expressions like 'hells yeah' or 'hells yes',emphasis,casual_conversation,false,
hells,18406153089,2010-07-13,@jedipirate hells yes! What you have to ask? haha,48937821,emphatic intensifier in expressions like 'hells yeah' or 'hells yes',emphasis,reaction,false,
hells,18406165416,2010-07-13,My night is so awesome that I am enhancing it by watching AMV Hells.,14957984,emphatic intensifier in expressions like 'hells yeah' or 'hells yes',emphasis,reaction,false,
hells,18406192486,2010-07-13,@DCam03 nah I doubt I'm comin over...I'm pretty beat and I don't know what the hells goin on in that show,91256235,emphatic intensifier in expressions like 'hells yeah' or 'hells yes',emphasis,casual_conversation,false,
hells,18406195278,2010-07-13,@SelenaBailey Hells I wish I taped that Whole year lol,21629305,emphatic intensifier in expressions like 'hells yeah' or 'hells yes',emphasis,casual_conversation,false,
hells,18406263901,2010-07-13,@ayeYolish hells yea....she alway seen us ugh,31983648,emphatic intensifier in expressions like 'hells yeah' or 'hells yes',emphasis,casual_conversation,false,
hells,18981124834,2010-07-20,♫ Listening to 'The Beels Of The Seven Hells' by 'Helloween' from 'GAMBLING WITH THE DEVIL - 2007' (★★☆☆☆),21418083,emphatic intensifier in expressions like 'hells yeah' or 'hells yes',emphasis,reaction,false,
hells,18981161229,2010-07-20,ATTN my book-rec-friends: GOING BOVINE by Libba Bray. (@libbabray) I devoured it & it's getting my doubleplusgood Donna Rating of Hells Yes.,20885719,emphatic intensifier in expressions like 'hells yeah' or 'hells yes',emphasis,reaction,false,
hells,18981441724,2010-07-20,@TheNamesLB lmaoo oh hells no ahahaha,104007500,emphatic intensifier in expressions like 'hells yeah' or 'hells yes',emphasis,reaction,false,
hells,18981603956,2010-07-20,Oh hells naw. After School best not he getting another member. SNSD is still better and SHOULD be outnumbering After School,40609308,emphatic intensifier in expressions like 'hells yeah' or 'hells yes',emphasis,reaction,false,
hells,18981664497,2010-07-20,RT @FreakyFact:hells yah #TheSexIsBombWhen: You're too tired to move. You just want to lay there and think about what just happened.,46453725,emphatic intensifier in expressions like 'hells yeah' or 'hells yes',emphasis,reaction,false,
hells,18981941502,2010-07-20,RT @FreakyFact: hells yeah #TheSexIsBombWhen: You're too tired to move. You just want to lay there and think about what happened .,85398912,emphatic intensifier in expressions like 'hells yeah' or 'hells yes',emphasis,reaction,false,
hells,18982641309,2010-07-20,Violence Jack: Hells Wind http://info.clipta.com/n/24914,69725908,emphatic intensifier in expressions like 'hells yeah' or 'hells yes',emphasis,reaction,false,
hells,18982849999,2010-07-20,@bowzerscastle OH hells yes Olivia Wilde.,14416134,emphatic intensifier in expressions like 'hells yeah' or 'hells yes',emphasis,reaction,false,
hells,18983136838,2010-07-20,"Hells Kitchen tonight...Yeah! And Master Chef July 27, can't wait 4 that.",72090965,emphatic intensifier in expressions like 'hells yeah' or 'hells yes',emphasis,reaction,false,
hells,18983141227,2010-07-20,"@ruaika ha! It's more like voting for Ralph Nadar, great guy but he split the vote for Gore...but harmonized gat solos = hells yes",76196006,emphatic intensifier in expressions like 'hells yeah' or 'hells yes',emphasis,reaction,false,
hells,19769143356,2010-07-28,@Hells_Bellz anyone we like! Going unlimited. Tend to use the Broad Street one but we could venture out to Solihull every now and then!,41442499,emphatic intensifier in expressions like 'hells yeah' or 'hells yes',emphasis,casual_conversation,false,
hells,19769148917,2010-07-28,"@_BrooklynCarter hells yeah girl, why do you think she kissed him! DRAMA!",22500115,emphatic intensifier in expressions like 'hells yeah' or 'hells yes',emphasis,reaction,false,
hells,19769164010,2010-07-28,@sundaytookback hells yeah! in fact i would say now but i have no car. and no offence but two taxis? no thanks.,28633843,emphatic intensifier in expressions like 'hells yeah' or 'hells yes',emphasis,reaction,false,
hells,19769237667,2010-07-28,RT @cancanberry I used to be so well-rounded... -- but now i tip toe on hells boundaries,109460952,emphatic intensifier in expressions like 'hells yeah' or 'hells yes',emphasis,casual_conversation,false,
hells,19769249442,2010-07-28,@HelenFaye_xo Awwwwwwww *HUGS* & Swings Around :D LOVE YOU Hells Bells,37082388,emphatic intensifier in expressions like 'hells yeah' or 'hells yes',emphasis,music_discussion,false,
hells,19769269533,2010-07-28,@Mike_Tjr hells yes.,35090862,emphatic intensifier in expressions like 'hells yeah' or 'hells yes',emphasis,reaction,false,
hells,19769270689,2010-07-28,@joshmandoo hells yea,60205561,emphatic intensifier in expressions like 'hells yeah' or 'hells yes',emphasis,casual_conversation,false,
hells,19769293140,2010-07-28,@Favorite_S_Word hells yes! It's great!,68443602,emphatic intensifier in expressions like 'hells yeah' or 'hells yes',emphasis,reaction,false,
hells,19769360802,2010-07-28,@jakesonaplayne hells yeah been hearin madd stories. Shits crazy for errbody. must be the moon,160108901,emphatic intensifier in expressions like 'hells yeah' or 'hells yes',emphasis,reaction,false,
hells,19769414945,2010-07-28,Hells Yea ! I'm super stoked ! RT @BritainNelms: MuthaFuckin #sharkweek ahhhhh Sunday Sunday Sunday!!!!,24805387,emphatic intensifier in expressions like 'hells yeah' or 'hells yes',emphasis,casual_conversation,false,
hells,20051529307,2010-08-01,@ellaayy_x3 Hells yeah I'm always bored xD And I get bored easily too xD So sometimes I pick those whom I'll talk to x],81620274,emphatic intensifier in expressions like 'hells yeah' or 'hells yes',emphasis,reaction,false,
hells,20051591550,2010-08-01,@Huw_Bennett what the hells happened to @LeeByrne_15 ? He's never on here anymore...,20674024,emphatic intensifier in expressions like 'hells yeah' or 'hells yes',emphasis,casual_conversation,false,
hells,20051689648,2010-08-01,"summer 2011 : what do you have in store for me ? france, italy, & greece WITH my bestfriend, practically unchaperoned ? HELLS YEAH.",64151566,emphatic intensifier in expressions like 'hells yeah' or 'hells yes',emphasis,reaction,false,
hells,20051802399,2010-08-01,@laurennnashh WTF if ur problem u whore from hells twatie!??,168996587,emphatic intensifier in expressions like 'hells yeah' or 'hells yes',emphasis,casual_conversation,false,
hells,20051971048,2010-08-01,"@RyanAISITLT not maybe baby, hells yeah baby, you're coming right :) you don't need 2 bring anything but yourself love xxx",27566346,emphatic intensifier in expressions like 'hells yeah' or 'hells yes',emphasis,reaction,false,
hells,20052148644,2010-08-01,RT @dee_themodel @jbillak3 :) offffff courseeee #teamfollowback and #teaminsomnia in thee houseee :P hells yes I'm always up laye,26144080,emphatic intensifier in expressions like 'hells yeah' or 'hells yes',emphasis,reaction,false,
hells,20052337935,2010-08-01,"There are about 20 guys wearing Hells Angels vests. None of them look hot, OR scary.",88357443,emphatic intensifier in expressions like 'hells yeah' or 'hells yes',emphasis,reaction,false,
hells,20052523068,2010-08-01,"@BlackoutMonster yeah, but are you surrounded by cops on bikes and Hells Angels?",88357443,emphatic intensifier in expressions like 'hells yeah' or 'hells yes',emphasis,casual_conversation,false,
hells,20052553661,2010-08-01,One of the Hells Angels has his shit in a garbage bag. #JUDGINGYOU,88357443,emphatic intensifier in expressions like 'hells yeah' or 'hells yes',emphasis,reaction,false,
hells,20052603134,2010-08-01,Follow @BryBeats RT @djprinvale Hells ya rocked the joint tonight! Dropped lots of classic hiphop knowledge on um and it worked! Tomor...,150174844,emphatic intensifier in expressions like 'hells yeah' or 'hells yes',emphasis,casual_conversation,false,
hells,20451006814,2010-08-06,B.C. Court of Appeal quadruples drug sentence of Hells Angel: http://bit.ly/9O9qp6 but murders like Picton left out to kill again and again?,134205245,emphatic intensifier in expressions like 'hells yeah' or 'hells yes',emphasis,reaction,false,
hells,20451014785,2010-08-06,Where the hells my picture,20824224,emphatic intensifier in expressions like 'hells yeah' or 'hells yes',emphasis,reaction,false,
hells,20451099621,2010-08-06,Someone bought a big box of krispy kreme donuts. Hells yeah.,48500199,emphatic intensifier in expressions like 'hells yeah' or 'hells yes',emphasis,reaction,false,
hells,20451148115,2010-08-06,"Just scored 50 bucks, hells yeah:D",28966724,emphatic intensifier in expressions like 'hells yeah' or 'hells yes',emphasis,reaction,false,
hells,20451241121,2010-08-06,@kyrbrahaus hells yeah!,15795029,emphatic intensifier in expressions like 'hells yeah' or 'hells yes',emphasis,reaction,false,
hells,20451342766,2010-08-06,"I have 3 things on my agenda tomorrow (today): Photograph the Stork House, start sewing my RenFest costume, and attend a party. Hells yes.",18295454,emphatic intensifier in expressions like 'hells yeah' or 'hells yes',emphasis,reaction,false,
hells,20451368265,2010-08-06,Trio of women Justices in the US Supreme Court for the first time in history? Hells yeah.,175172998,emphatic intensifier in expressions like 'hells yeah' or 'hells yes',emphasis,reaction,false,
hells,20451460967,2010-08-06,Hells yeah! Going to soundwave 2011 WOOO!!,23933608,emphatic intensifier in expressions like 'hells yeah' or 'hells yes',emphasis,reaction,false,
hells,20451496466,2010-08-06,@billeeray hells yeah!!!! Lol,119767850,emphatic intensifier in expressions like 'hells yeah' or 'hells yes',emphasis,reaction,false,
hells,20515641765,2010-08-07,"@JoYoga_Flame The only thing that say ""queen"" cost $40. Hells naw. They got some for 6 and 10 but it don't tell me what size",39374474,emphatic intensifier in expressions like 'hells yeah' or 'hells yes',emphasis,reaction,false,
hells,20515672450,2010-08-07,Join me LIVE on my SOUNDMAN From HELLs Special Show show on #BlogTalkRadio at http://tobtr.com/s/1140769 or call 1 (917) 889-2418,25920355,emphatic intensifier in expressions like 'hells yeah' or 'hells yes',emphasis,reaction,false,
hells,20515727414,2010-08-07,@xxbdubxx hells yeah! Ice cream for everyone!,103628855,emphatic intensifier in expressions like 'hells yeah' or 'hells yes',emphasis,reaction,false,
hells,20515949106,2010-08-07,ok betta clothes this time. this bitch just walked out wit sum nice ass hells. WATS I WANT THEM!!!! OMGEEEE,62989359,emphatic intensifier in expressions like 'hells yeah' or 'hells yes',emphasis,reaction,false,
hells,20515954055,2010-08-07,@gregRAWRy69 HELLS YEEEAAAHHHHHH! ZOMG ZOMG lets do it :],25476748,emphatic intensifier in expressions like 'hells yeah' or 'hells yes',emphasis,casual_conversation,false,
hells,20515974551,2010-08-07,"if the job situation doesn't get better by 2011, a soldier back from the gulf can get work with the Hells Angels. They are always hiring.",14153471,emphatic intensifier in expressions like 'hells yeah' or 'hells yes',emphasis,reaction,false,
hells,20516037281,2010-08-07,@chrisssmay awwww hells yeah. you be hitting that up?,26211473,emphatic intensifier in expressions like 'hells yeah' or 'hells yes',emphasis,reaction,false,
hells,20516097096,2010-08-07,@mojosarmy  Hells yeah tgif! And if u did it right she should be crawling back on her knees haha! I'm headed outta cali this weekend ;( ...,158384412,emphatic intensifier in expressions like 'hells yeah' or 'hells yes',emphasis,reaction,false,
hells,20516099782,2010-08-07,@DeWyzeDork chicken. Iced tea!!! Hells yeah I knows that!!!!,152360910,emphatic intensifier in expressions like 'hells yeah' or 'hells yes',emphasis,reaction,false,
hells,20516142449,2010-08-07,@Recessionista oh hells no!!! Lol,84420214,emphatic intensifier in expressions like 'hells yeah' or 'hells yes',emphasis,reaction,false,
hells,20647766383,2010-08-08,"@Lo_R Hells yeah, I dreamt last night that I turned up to school on the first day in a full ursuline uniform! Crazyness.",21085125,emphatic intensifier in expressions like 'hells yeah' or 'hells yes',emphasis,reaction,false,
hells,20647842918,2010-08-08,"RT @ConnieChris: Much we hate ourselves! Within we create our OWN hells..addiction, obsession, compulsion, (cont) http://tl.gd/30eoqh",40699526,emphatic intensifier in expressions like 'hells yeah' or 'hells yes',emphasis,casual_conversation,false,
hells,20647903373,2010-08-08,"RT @ConnieChris: Much we hate ourselves! Within we create our OWN hells..addiction, obsession, compulsion, depression, violent relations ...",146562384,emphatic intensifier in expressions like 'hells yeah' or 'hells yes',emphasis,casual_conversation,false,
hells,20647924399,2010-08-08,Sunday Fun day! Wanna cookie? http://yfrog.com/jwdz1oj (via @jennyhendrix) - oh hells yes i do.,69211794,emphatic intensifier in expressions like 'hells yeah' or 'hells yes',emphasis,reaction,false,
hells,20647985738,2010-08-08,hells yea !! found my earphones for my phone !! pandora all day now. #teamandroid,32237755,emphatic intensifier in expressions like 'hells yeah' or 'hells yes',emphasis,reaction,false,
hells,20648024376,2010-08-08,BON JOVI IS ON! HELLS YEAH.,56648172,emphatic intensifier in expressions like 'hells yeah' or 'hells yes',emphasis,reaction,false,
hells,20648085944,2010-08-08,@Michiko_Hime Woot! Hells yeah! When you guys want to go?,140639004,emphatic intensifier in expressions like 'hells yeah' or 'hells yes',emphasis,reaction,false,
hells,20648170201,2010-08-08,"@blebble_ sorry for the kinda late reply o.o hells yeah xD nothing planned yet, probably sitting around the house, you? (:",70045689,emphatic intensifier in expressions like 'hells yeah' or 'hells yes',emphasis,reaction,false,
hells,20648337504,2010-08-08,"Home nice and early, and the episode of Friends with Jeff Goldblum in is on. Hells yeah.",21525773,emphatic intensifier in expressions like 'hells yeah' or 'hells yes',emphasis,reaction,false,
hells,20648352178,2010-08-08,"@joshyCOUTURE lmao hells yeah! She tried to cover it up w/ all her #CoverGirl commercials but guess she was like ""F*** it, I dnt care no mo""",107550634,emphatic intensifier in expressions like 'hells yeah' or 'hells yes',emphasis,reaction,false,
hells,21700130363,2010-08-20,@SheriKay17 hells yeah dude & tomorrow at ozzfest lol,25526004,emphatic intensifier in expressions like 'hells yeah' or 'hells yes',emphasis,reaction,false,
hells,21700304195,2010-08-20,Hells yea we r! That party was sooooo cash! RT @SimplySP: and @cupfullof_Leen we're doing halloween again this year at that party.,31940914,emphatic intensifier in expressions like 'hells yeah' or 'hells yes',emphasis,casual_conversation,false,
hells,21700407741,2010-08-20,@ms_murphy hells yes!!! Im heading out to the new stadium tomorrow night. Are you going?,25288981,emphatic intensifier in expressions like 'hells yeah' or 'hells yes',emphasis,reaction,false,
hells,21700413297,2010-08-20,"#NYC ATTRACTIVE  GORGEOUS  MODEL FROM RUSSIA...Hells kitchen  .PRETTY RUSSIAN GIRL,COLLAGE STUDENT - 21: Pretty Ru... http://bit.ly/bDChdD",71666905,emphatic intensifier in expressions like 'hells yeah' or 'hells yes',emphasis,reaction,false,
hells,21700460261,2010-08-20,@Mr_Rats hells yah!,49623382,emphatic intensifier in expressions like 'hells yeah' or 'hells yes',emphasis,reaction,false,
hells,21700522854,2010-08-20,got a bunch of @justinbieber stuff for ma birthday today HELLS YEAH!!..... that boy is the most amazzzing thing of life juss saying :),121237705,emphatic intensifier in expressions like 'hells yeah' or 'hells yes',emphasis,reaction,false,
hells,21700580195,2010-08-20,"@Crystal_Knob hells no! When I gets my drink on me likes the big nod taste of a colt 45, it gets the ladies too",137575916,emphatic intensifier in expressions like 'hells yeah' or 'hells yes',emphasis,casual_conversation,false,
hells,21700675683,2010-08-20,@corbaley Hells Yeah brother!!! The odds gotta be favoring me by now...,78193249,emphatic intensifier in expressions like 'hells yeah' or 'hells yes',emphasis,reaction,false,
hells,21700681405,2010-08-20,hells yeah I'm off now instead of 4...luv my supervisor,68978338,emphatic intensifier in expressions like 'hells yeah' or 'hells yes',emphasis,reaction,false,
hells,21700819783,2010-08-20,RT @shanetutmarc: just wrote a full song in less than 5 minutes.  i love when that happens.  what a rush!  HELLS YEAH BRO!!,17600510,emphatic intensifier in expressions like 'hells yeah' or 'hells yes',emphasis,reaction,false,
hells,22067531038,2010-08-25,"hells bells, its cold here on the farm this morning. its like winter all over again.",181872954,emphatic intensifier in expressions like 'hells yeah' or 'hells yes',emphasis,music_discussion,false,
hells,22067604533,2010-08-25,OMG! ooh hells no i dont volunteer @HelloKittyMau5 @Jvbaybee =p,30622056,emphatic intensifier in expressions like 'hells yeah' or 'hells yes',emphasis,reaction,false,
hells,22067713565,2010-08-25,@waittandbleedd hells yeah!!,41957003,emphatic intensifier in expressions like 'hells yeah' or 'hells yes',emphasis,reaction,false,
hells,22067716146,2010-08-25,#nowplaying ACDC - Hells Bells.,20897771,emphatic intensifier in expressions like 'hells yeah' or 'hells yes',emphasis,music_discussion,false,
hells,22067819369,2010-08-25,NOW PLAYING: Classic Rock Monsters - Hells Bells- Tribute To AC/DC http://www.rapidturtleradio.com,29393116,emphatic intensifier in expressions like 'hells yeah' or 'hells yes',emphasis,music_discussion,false,
hells,22067924861,2010-08-25,@kurtward hells yea! That's a great shot!,44502690,emphatic intensifier in expressions like 'hells yeah' or 'hells yes',emphasis,casual_conversation,false,
hells,22068007621,2010-08-25,Hells ya we fancy! RT @kimberlybueno: We fancy huh? Haha I knowww!  http://twitpic.com/2hyqyi,73965456,emphatic intensifier in expressions like 'hells yeah' or 'hells yes',emphasis,casual_conversation,false,
hells,22068101176,2010-08-25,wat the hells up with all this rain it feels like winter already,172659520,emphatic intensifier in expressions like 'hells yeah' or 'hells yes',emphasis,reaction,false,
hells,22068218165,2010-08-25,RT @Coreeeeeeeeeeey @chinagirlradio we gone be in full effect at that thang&lt;&lt;&lt; hells yea!!!,58561639,emphatic intensifier in expressions like 'hells yeah' or 'hells yes',emphasis,casual_conversation,false,
hells,22068315929,2010-08-25,"@frankgarciajr Im ""tip toeing on hells boundaries"" with the peep show I got for you lol",26339271,emphatic intensifier in expressions like 'hells yeah' or 'hells yes',emphasis,casual_conversation,false,
hells,22278014158,2010-08-27,omg im so happy just had had a convo with my friend about something we will do at hells kitchen,36240389,emphatic intensifier in expressions like 'hells yeah' or 'hells yes',emphasis,reaction,false,
hells,22278018485,2010-08-27,woot! :D RT @jessdani: @ElysabethW hells yeah!! I'll be buying it later today!,32422567,emphatic intensifier in expressions like 'hells yeah' or 'hells yes',emphasis,reaction,false,
hells,22278418032,2010-08-27,"@formerlyphread Hells yeah. I regularly follow things I say with, ""That's pretty funny. Pretty good joke there."" Helps people out.",15031477,emphatic intensifier in expressions like 'hells yeah' or 'hells yes',emphasis,reaction,false,
hells,22278509735,2010-08-27,"Hells NO!! Lol RT @YoungPhotog: @olrcrzy39 Pronger, ha!",27295718,emphatic intensifier in expressions like 'hells yeah' or 'hells yes',emphasis,casual_conversation,false,
hells,22278611090,2010-08-27,Free + All Ages: Copasetic TONIGHT Hells Kitchen. http://schmap.it/a7hv6a,102809494,emphatic intensifier in expressions like 'hells yeah' or 'hells yes',emphasis,reaction,false,
hells,22278720759,2010-08-27,Roundhouse kick to the face. Hells yeah,34645622,emphatic intensifier in expressions like 'hells yeah' or 'hells yes',emphasis,reaction,false,
hells,22278733286,2010-08-27,"@MrDreadHead17 lol hells yes, good ol Billy Dee",152074461,emphatic intensifier in expressions like 'hells yeah' or 'hells yes',emphasis,reaction,false,
hells,22278988172,2010-08-27,o hells yes dr drew is going to be on pitchmen next week,15064738,emphatic intensifier in expressions like 'hells yeah' or 'hells yes',emphasis,reaction,false,
hells,22279178455,2010-08-27,Hells Canyon Scenic Byway- Enjoy panoramic views of rugged basalt cliffs and grassy open ridges. http://dld.bz/hZ67,28927428,emphatic intensifier in expressions like 'hells yeah' or 'hells yes',emphasis,reaction,false,
hells,22437987514,2010-08-29,@getsmart86 hells yeaaaah,54182253,emphatic intensifier in expressions like 'hells yeah' or 'hells yes',emphasis,casual_conversation,false,
hells,22438241309,2010-08-29,holy care package batman! i just got an emergency airdrop with 2 ac130's and 2 chopper gunner's in free for all. hells yeah.,43455159,emphatic intensifier in expressions like 'hells yeah' or 'hells yes',emphasis,reaction,false,
hells,22438304058,2010-08-29,@thatbieberchick nothing at all!haha!& u better have ur turn next or all hells gonna break loose!;) just kidding but im crazy!haha!,97695744,emphatic intensifier in expressions like 'hells yeah' or 'hells yes',emphasis,casual_conversation,true,"Irony audit: Contains 'just kidding', explicitly marking the hells line as joking."
hells,22438418379,2010-08-29,"@kris18890 Hells to the yeah! Nothing beats a bit of mayhem and carnage, just as long as nobody actually dies.",19996428,emphatic intensifier in expressions like 'hells yeah' or 'hells yes',emphasis,casual_conversation,false,
hells,22438617379,2010-08-29,@CVD_HRD I love Chicago!!!! Hells yeah! I may need to go with you.,21680649,emphatic intensifier in expressions like 'hells yeah' or 'hells yes',emphasis,reaction,false,
hells,22438713835,2010-08-29,my mama say daaang well i aint buyin nomore eyeshadow or hells...ima just wear yours ...uhm.....about that !?? lol,73014088,emphatic intensifier in expressions like 'hells yeah' or 'hells yes',emphasis,reaction,false,
hells,22438782211,2010-08-29,Violence Jack: Hells Wind http://info.clipta.tv/n/24914,69725908,emphatic intensifier in expressions like 'hells yeah' or 'hells yes',emphasis,reaction,false,
hells,22439028282,2010-08-29,9 something ! ? Hells no back to bed,41547158,emphatic intensifier in expressions like 'hells yeah' or 'hells yes',emphasis,reaction,false,
hells,22439582941,2010-08-29,"The church bells go off in an hour. Totally want to take my guitar up and play ""Hells Bells"" when it happens.",21865376,emphatic intensifier in expressions like 'hells yeah' or 'hells yes',emphasis,music_discussion,false,
hells,22439736290,2010-08-29,Hells children have been borned into kitten form.,74804847,emphatic intensifier in expressions like 'hells yeah' or 'hells yes',emphasis,reaction,false,
hells,23088914991,2010-09-05,@vadenalim Hells yea!!!,22736051,emphatic intensifier in expressions like 'hells yeah' or 'hells yes',emphasis,casual_conversation,false,
hells,23088974347,2010-09-05,"Oh, hells yeah. #fuckyeahcarnivalfood http://flic.kr/p/8yrZVW",7000002,emphatic intensifier in expressions like 'hells yeah' or 'hells yes',emphasis,reaction,false,
hells,23088974789,2010-09-05,"C-word, what the hells that to do with it! No cancer ooooh o",90364249,emphatic intensifier in expressions like 'hells yeah' or 'hells yes',emphasis,reaction,false,
hells,23089006667,2010-09-05,#benny #benassi at north coast music fest. Hells yes. #northcoastmusicfest,137928341,emphatic intensifier in expressions like 'hells yeah' or 'hells yes',emphasis,reaction,false,
hells,23089101934,2010-09-05,@xHeyLiz Lmfao. Hells cheaah. -high five-,30718463,emphatic intensifier in expressions like 'hells yeah' or 'hells yes',emphasis,casual_conversation,false,
hells,23089276393,2010-09-05,"@Elbie88 Hells yeah, loooooove that cheese",31517668,emphatic intensifier in expressions like 'hells yeah' or 'hells yes',emphasis,reaction,false,
hells,23089322145,2010-09-05,Hells yeh jammond already down that weekend bout to be epic RT @Troney313 @flyguy_1914 I might actually come back to Nashville for that!,182135857,emphatic intensifier in expressions like 'hells yeah' or 'hells yes',emphasis,casual_conversation,false,
hells,23089402025,2010-09-05,"@harrisonk hells yes, it be the city of venice, no? your pics?",20069264,emphatic intensifier in expressions like 'hells yeah' or 'hells yes',emphasis,reaction,false,
hells,23089478552,2010-09-05,"Angelina Jolie in her underwear. Hells yeah, mama. #Mr&MrsSmith.",45812403,emphatic intensifier in expressions like 'hells yeah' or 'hells yes',emphasis,reaction,false,
hells,23089479140,2010-09-05,RT @SykoSyd Celeb game gettin loosey loose!? -- Hells yeah!,31129934,emphatic intensifier in expressions like 'hells yeah' or 'hells yes',emphasis,reaction,false,
hells,25664782935,2010-09-27,@shmarielle where the hells that at?,142174262,emphatic intensifier in expressions like 'hells yeah' or 'hells yes',emphasis,casual_conversation,false,
hells,25665059817,2010-09-27,#NowPlaying AC/DC - Hells Bells http://Listen.TheRadio.FM 1-888-220-ROCK,12466102,emphatic intensifier in expressions like 'hells yeah' or 'hells yes',emphasis,music_discussion,false,
hells,25665157861,2010-09-27,@JaimeLouise95 dad walked into the room and goes.. Who the hells been calling out 'jaime murray' all day lolol,23129811,emphatic intensifier in expressions like 'hells yeah' or 'hells yes',emphasis,casual_conversation,false,
hells,25665187021,2010-09-27,Smiling. Hells yeah,21355329,emphatic intensifier in expressions like 'hells yeah' or 'hells yes',emphasis,reaction,false,
hells,25665187197,2010-09-27,hells yeah! - RT @backyardbetty: -_- really?,17866322,emphatic intensifier in expressions like 'hells yeah' or 'hells yes',emphasis,reaction,false,
hells,25665198212,2010-09-27,@druidDUDE hells yea!! so stoked for Britney GLEE!!!!,72475819,emphatic intensifier in expressions like 'hells yeah' or 'hells yes',emphasis,casual_conversation,false,
hells,25665238218,2010-09-27,HELLS YEAH! (: late night with bianca & Jessica (@ Flower Pig Korean BBQ) http://4sq.com/dfHgAH,28387842,emphatic intensifier in expressions like 'hells yeah' or 'hells yes',emphasis,reaction,false,
hells,25665326436,2010-09-27,Hells Inferno Humiliation: Dark humiliation fantasies and extreme sexual degradation of messy crying slave girls i... http://bit.ly/dBZizj,127200830,emphatic intensifier in expressions like 'hells yeah' or 'hells yes',emphasis,reaction,false,
hells,25665603701,2010-09-27,@McFly420 hells yeah! you're so stoked. its gonna be so exciting when it comes. so fun getting new toys,23835864,emphatic intensifier in expressions like 'hells yeah' or 'hells yes',emphasis,reaction,false,
hells,25665605433,2010-09-27,“@NeelBell: I wanna c @JaydenTweets & @AidenAshley work together 4 @JustSexyDanni! :)” hells yeah ... if they're down to see it Rough ;),47483086,emphatic intensifier in expressions like 'hells yeah' or 'hells yes',emphasis,reaction,false,
hells,26296855569,2010-10-03,Where the hells my b.. :(,30947451,emphatic intensifier in expressions like 'hells yeah' or 'hells yes',emphasis,reaction,false,
hells,26296955495,2010-10-03,"Hells yeah, @KimMaglinti !  Rock the love baby!! &lt;3",30719737,emphatic intensifier in expressions like 'hells yeah' or 'hells yes',emphasis,reaction,false,
hells,26297103864,2010-10-03,Hells Kitchen season 7 episode 14 2 Chefs Compete http://bit.ly/cYhYse,89683343,emphatic intensifier in expressions like 'hells yeah' or 'hells yes',emphasis,reaction,false,
hells,26297127913,2010-10-03,@Georrrrgggeee hells yeah i did ;D haha i like to keep people guessing!,122121581,emphatic intensifier in expressions like 'hells yeah' or 'hells yes',emphasis,reaction,false,
hells,26297223176,2010-10-03,Hells yeah Broncos! Let's wrap this up now...,29517160,emphatic intensifier in expressions like 'hells yeah' or 'hells yes',emphasis,reaction,false,
hells,26297322437,2010-10-03,Pt7 Rev. Jim Wilhelmsen Disclosure Nukes and Hells Plan for The Future - SACRAMANIACSmc: http://thewatchmen.f... http://bit.ly/de0yMx #news,58211806,emphatic intensifier in expressions like 'hells yeah' or 'hells yes',emphasis,article_sharing,false,
hells,26297448305,2010-10-03,#NowPlaying Hells Bells by AC/DC \m/,92751650,emphatic intensifier in expressions like 'hells yeah' or 'hells yes',emphasis,music_discussion,false,
hells,26297479239,2010-10-03,Hells yeah #Browns!,166377813,emphatic intensifier in expressions like 'hells yeah' or 'hells yes',emphasis,reaction,false,
hells,26297495834,2010-10-03,DONT EVER STEAL FRM MY FAMILY AND WE KNOW WHERE U LIVE HOE!!!!!!!!!!!!!!!!!!!!!!!!!!!!!!!!!!!!!! O HELLS YEA WE BOUT TO GET IT IN,129393805,emphatic intensifier in expressions like 'hells yeah' or 'hells yes',emphasis,reaction,false,
hells,26297647960,2010-10-03,@4everLeeDeWyze hells yeah :),152360910,emphatic intensifier in expressions like 'hells yeah' or 'hells yes',emphasis,reaction,false,
hells,27434274845,2010-10-15,"RT @TheRoadDoctor: Hells yeah!!!- RT @Lonniesparks: So that's why I'm sooo.....""Fitness fanatics also work out better in their sex lives^TMI",49286986,emphatic intensifier in expressions like 'hells yeah' or 'hells yes',emphasis,reaction,false,
hells,27434555089,2010-10-15,RT @therealcliffyb: FRIDAY means... I ain't getting up yet.(Hells yea I'm n the ned wit my phone),72122333,emphatic intensifier in expressions like 'hells yeah' or 'hells yes',emphasis,casual_conversation,false,
hells,27434563159,2010-10-15,@_AlisonCruz_ hey dnt ask for a follow! U follow first and if we want to follow yall we will! What the hells wrong u ppl damn!! Smfh!,165012630,emphatic intensifier in expressions like 'hells yeah' or 'hells yes',emphasis,casual_conversation,false,
hells,27434567151,2010-10-15,@Orchidflower hells bells get the lippie ut and the pearls on!!! :)),16706965,emphatic intensifier in expressions like 'hells yeah' or 'hells yes',emphasis,music_discussion,false,
hells,27434583738,2010-10-15,"Hells teeth, say it ain''t so... - Posted by Danbo http://notbbc.co.uk/f/37353",9546702,emphatic intensifier in expressions like 'hells yeah' or 'hells yes',emphasis,reaction,false,
hells,27434644827,2010-10-15,@simonmagill HE WAS NEVER GOING TO GO FOR SKYLON/WOLSLEY/SHEEKYS.. HELLS WAS REALISTIC *spit*toy*dummy*pram*,21078815,emphatic intensifier in expressions like 'hells yeah' or 'hells yes',emphasis,casual_conversation,false,
hells,27434670733,2010-10-15,HELLS YEAH BB!! @BUDLotS RT @JlynCSS: The lovely @BridgetRegan to attend Philadelphia Film Festival: http://bit.ly/a2fGaB #LegendoftheSeeker,15024300,emphatic intensifier in expressions like 'hells yeah' or 'hells yes',emphasis,reaction,false,
hells,27434877162,2010-10-15,hells tired.,110106123,emphatic intensifier in expressions like 'hells yeah' or 'hells yes',emphasis,reaction,false,
hells,27434941255,2010-10-15,Back in civilisation! Hells yeah!!,144973910,emphatic intensifier in expressions like 'hells yeah' or 'hells yes',emphasis,reaction,false,
hells,27434949703,2010-10-15,"Hell's Kitchen:Season 8,Episode 7:9 Chefs Compete http://tv.freemoviefan.com/hells-kitchen/hells-kitchen-season-8-episode-7-9-chefs-compete/",104409708,emphatic intensifier in expressions like 'hells yeah' or 'hells yes',emphasis,reaction,false,
hells,27833340294,2010-10-19,@shaundiviney hells yeah man this is a good episode to,39048345,emphatic intensifier in expressions like 'hells yeah' or 'hells yes',emphasis,reaction,false,
hells,27833495939,2010-10-19,"@Hellsbells265 think positive Hells!  & if he does crap out, you always have the fall back of me beating him up! :)",15024300,emphatic intensifier in expressions like 'hells yeah' or 'hells yes',emphasis,casual_conversation,false,
hells,27833593695,2010-10-19,Hells Yes!  RT @racheladdison: Who's gonna run this town tonight? #SheaFreakingWeber,33750890,emphatic intensifier in expressions like 'hells yeah' or 'hells yes',emphasis,reaction,false,
hells,27833631290,2010-10-19,"@CallCollymore Stan Stan Stan whilst your predictions have been superb, there's not a cat in hells chance Torres will ever play for UTD. LFC",19938538,emphatic intensifier in expressions like 'hells yeah' or 'hells yes',emphasis,casual_conversation,false,
hells,27833650392,2010-10-19,this french petrol strike things awesome!! no heatiing at school and how the hells the bus running??? xD,192982649,emphatic intensifier in expressions like 'hells yeah' or 'hells yes',emphasis,reaction,false,
hells,27833777469,2010-10-19,@simonpegg nice! not from north london BUT i digg simple shirts! hells yess!,14424955,emphatic intensifier in expressions like 'hells yeah' or 'hells yes',emphasis,reaction,false,
hells,27833904023,2010-10-19,On a lighter note what yall doin out there my #TL is dry as HELL!!! And hells pretty dry so I heard....heard it aint NO water down there smh,176068758,emphatic intensifier in expressions like 'hells yeah' or 'hells yes',emphasis,reaction,false,
hells,27833939242,2010-10-19,RT @justinbbradford: Hells Yes!  RT @racheladdison: Who's gonna run this town tonight? #SheaFreakingWeber,136830298,emphatic intensifier in expressions like 'hells yeah' or 'hells yes',emphasis,reaction,false,
hells,27834001126,2010-10-19,Hells angle =)) http://myloc.me/deDN8,146340326,emphatic intensifier in expressions like 'hells yeah' or 'hells yes',emphasis,reaction,false,
hells,27834003889,2010-10-19,"@DustinSwank Hells yes! Although I haven't made it through the Game of the Year add-ons yet. Loves me some ""Fallout,"" though.",17563808,emphatic intensifier in expressions like 'hells yeah' or 'hells yes',emphasis,reaction,false,
hells,2955161580343298,2010-11-12,RT @FOREVERinhaling: Hells yea! Since Kobe had the fro doin the Sprite commercials @BigFaceHundreds nice!!,21777428,emphatic intensifier in expressions like 'hells yeah' or 'hells yes',emphasis,casual_conversation,false,
hells,2955600480698368,2010-11-12,@buddhasacks hells yeah,117867112,emphatic intensifier in expressions like 'hells yeah' or 'hells yes',emphasis,reaction,false,
hells,2955929364467713,2010-11-12,"@HOTTZ_DA_AMAZIN ""Hells kitchen"" lol #classic",96858469,emphatic intensifier in expressions like 'hells yeah' or 'hells yes',emphasis,casual_conversation,false,
hells,2956065805176832,2010-11-12,@gabevirata hells yeah!Oh u can finally meet johnny!btw Wut did u get nathan?,43040107,emphatic intensifier in expressions like 'hells yeah' or 'hells yes',emphasis,reaction,false,
hells,2956195216232449,2010-11-12,RT @JenniferDanyell: RT @usearubber: GO @LAKERS 3 PEAT ON THE WAY THIS YEAR&lt;--HELLS NO lolol!!!&lt; ok just watch,98683355,emphatic intensifier in expressions like 'hells yeah' or 'hells yes',emphasis,casual_conversation,false,
hells,2956214375813120,2010-11-12,"@MissJessica__ hahaha yessssss, i was hoping i got that right. and hells yeah BGFFL!!!! smh @ our bf's having movie date nights. smh.",54759273,emphatic intensifier in expressions like 'hells yeah' or 'hells yes',emphasis,reaction,false,
hells,2956706111815681,2010-11-12,"@StahrieNite hells yea i did hahahahaha my sis n i sleepd in the same
Bed hahahahahah hahaha i addmit it im a lil bitch lol",131033696,emphatic intensifier in expressions like 'hells yeah' or 'hells yes',emphasis,casual_conversation,false,
hells,2956931719233536,2010-11-12,Hells to yeah! I got no school today! :^D yes! I'm hyper at 12:32 and #nowplaying sparks fly ;),121908767,emphatic intensifier in expressions like 'hells yeah' or 'hells yes',emphasis,music_discussion,false,
hells,2957437598437376,2010-11-12,"Yeeeees lol RT @DashBabi: @HOTTZ_DA_AMAZIN ""Hells kitchen"" lol #classic",29109253,emphatic intensifier in expressions like 'hells yeah' or 'hells yes',emphasis,casual_conversation,false,
hells,2957824518782976,2010-11-12,"@EllisBell725 Hells yes!!! I will link you, lady...I watch everything on there. It's why I don't miss having cable. Every show and movie.",146324813,emphatic intensifier in expressions like 'hells yeah' or 'hells yes',emphasis,reaction,false,
hells,4715710156636160,2010-11-17,"@kodonnell @the_real_mr_c and hells yes, especially if i have to be in cincinnati with the crazy people who are my parents.",15195539,emphatic intensifier in expressions like 'hells yeah' or 'hells yes',emphasis,reaction,false,
hells,4715953107509248,2010-11-17,#bgc!!!!!! Hells yea!,142495409,emphatic intensifier in expressions like 'hells yeah' or 'hells yes',emphasis,reaction,false,
hells,4716700675088384,2010-11-17,@missmouthymama hells yeah!,36741474,emphatic intensifier in expressions like 'hells yeah' or 'hells yes',emphasis,reaction,false,
hells,4717092112695297,2010-11-17,@SweetWitNOSense hells yeah! Im still waitin on dem damn cookies!!,86849581,emphatic intensifier in expressions like 'hells yeah' or 'hells yes',emphasis,reaction,false,
hells,4717110857039873,2010-11-17,Mom is sending me home with a box of turkey stuffing. HELLS TO THE YEAH!,33084265,emphatic intensifier in expressions like 'hells yeah' or 'hells yes',emphasis,reaction,false,
hells,4717121783209984,2010-11-17,#Bucks are beating the #Lakers hells yeah!!!,77021534,emphatic intensifier in expressions like 'hells yeah' or 'hells yes',emphasis,reaction,false,
hells,4717147460739072,2010-11-17,Hells yeah someone brought the beer,37260892,emphatic intensifier in expressions like 'hells yeah' or 'hells yes',emphasis,reaction,false,
hells,4717180839006208,2010-11-17,hells bells: http://yearbook.com/a/rj9ox,139478737,emphatic intensifier in expressions like 'hells yeah' or 'hells yes',emphasis,music_discussion,false,
hells,4717270999764992,2010-11-17,@ComixBookGurl Heeheeee....hells yes. :),9972332,emphatic intensifier in expressions like 'hells yeah' or 'hells yes',emphasis,reaction,false,
hells,4717346232995840,2010-11-17,RT @MirvyMirv: http://twitgoo.com/1qoj0p getting twisted in the back seat with a subway cup oh yeah eyelash time&lt;--- hells yeah BITCHES,40194712,emphatic intensifier in expressions like 'hells yeah' or 'hells yes',emphasis,reaction,false,
hells,5204743223771136,2010-11-18,@revolution776 hells yeah I'm switching up my look,62879373,emphatic intensifier in expressions like 'hells yeah' or 'hells yes',emphasis,reaction,false,
hells,5206153684324352,2010-11-18,"mlschran: Oh hells no! Let me at him, I will show you HULK SMASH....  http://gawker.com/c/32681122",90896826,emphatic intensifier in expressions like 'hells yeah' or 'hells yes',emphasis,reaction,false,
hells,5206591368335360,2010-11-18,@tottielimejuice Hells Teeth Tots - that was some fire. Are you & maman OK? Did you get told off by pompiers?,23191948,emphatic intensifier in expressions like 'hells yeah' or 'hells yes',emphasis,casual_conversation,false,
hells,5207009024544769,2010-11-18,Hells yeah!!! :D @Ttddman ♫ http://blip.fm/~ypq14,60405190,emphatic intensifier in expressions like 'hells yeah' or 'hells yes',emphasis,reaction,false,
hells,5208128366841856,2010-11-18,@Hells_Bellz @leegazeprophets Thank u so much! :-) xxx,24069952,emphatic intensifier in expressions like 'hells yeah' or 'hells yes',emphasis,casual_conversation,false,
hells,5208676436549632,2010-11-18,Hells naw RT @SuperLove88 I jus really wnt 1 of my cousins to buy me those light uhp heels for xmas I need thm 4 (cont) http://tl.gd/71hsup,50524568,emphatic intensifier in expressions like 'hells yeah' or 'hells yes',emphasis,reaction,false,
hells,5210388526276608,2010-11-18,what the hells happened to LinkedIn? Now it looks like a dull twitter!,15254557,emphatic intensifier in expressions like 'hells yeah' or 'hells yes',emphasis,reaction,false,
hells,5211655852003328,2010-11-18,@FacinellisGirl. Hells no you cant the blond bombshell,100243561,emphatic intensifier in expressions like 'hells yeah' or 'hells yes',emphasis,casual_conversation,false,
hells,5213798575112192,2010-11-18,"#MSO cancels Wind Advisory for  Lower Hells Canyon/Salmon River Region, Orofino/Grangeville Region [ID] till 5:00 AM  http://bit.ly/b6mLbB",34922209,emphatic intensifier in expressions like 'hells yeah' or 'hells yes',emphasis,reaction,false,
hells,5213991068504064,2010-11-18,"@_maddzspazz we should go there very soon"" Me:""ummm....HELLS YEAH WE SHOULD"" Her:""wow you do really wanna go to Sydney..."" Me:""Yeah...it's",26890545,emphatic intensifier in expressions like 'hells yeah' or 'hells yes',emphasis,reaction,false,
hells,7400663063461888,2010-11-24,Oh Fuck this creepy bitch. John T. Foster is officially on my hate list. Fuck this. Now cook? Oh hells. Everyone Just wants Effy.,54372732,emphatic intensifier in expressions like 'hells yeah' or 'hells yes',emphasis,reaction,false,
hells,7400993390071808,2010-11-24,@BangsandaBun Hells yeah you did and you will have an email in the next 5 mins :),59076557,emphatic intensifier in expressions like 'hells yeah' or 'hells yes',emphasis,reaction,false,
hells,7401909799354368,2010-11-24,oh hells naw at the nightmare i just had. i don't play with that scary ishh &gt;.&lt; happy thoughts *goes back to sleep*,18183540,emphatic intensifier in expressions like 'hells yeah' or 'hells yes',emphasis,reaction,false,
hells,7402006482255872,2010-11-24,"@jackass_jordan hells yeah, and yeah when i'm not working sometime.",78836353,emphatic intensifier in expressions like 'hells yeah' or 'hells yes',emphasis,reaction,false,
hells,7403579291734016,2010-11-24,"#RádiokeS &gt; ""Jack Johnson - Inaudible Melodies"" + ""The Who - 5.15"" + ""ACDC - Hells Bells (live)"" + Eddie Vedder - Throw your arms around me""",140191759,emphatic intensifier in expressions like 'hells yeah' or 'hells yes',emphasis,music_discussion,false,
hells,7403675332907008,2010-11-24,"@samtaters @bird_nerd Hells yes!! Sleep, sweet sleep!",16242727,emphatic intensifier in expressions like 'hells yeah' or 'hells yes',emphasis,reaction,false,
hells,7404931250126848,2010-11-24,#nowplaying hells bells - ACDC ... :),97375846,emphatic intensifier in expressions like 'hells yeah' or 'hells yes',emphasis,music_discussion,false,
hells,7405265305473024,2010-11-24,Hells yeah I just made it to 4010 words for today! This officially makes me awesome. (My story not so much),10209222,emphatic intensifier in expressions like 'hells yeah' or 'hells yes',emphasis,reaction,false,
hells,7405776884727808,2010-11-24,@MORITE_OGGI hells yes!! I can't wait. What motor have you bought??,16936151,emphatic intensifier in expressions like 'hells yeah' or 'hells yes',emphasis,reaction,false,
hells,7407147121905665,2010-11-24,@joshuamneff Hells to the yes! Or something hip like that.,14268074,emphatic intensifier in expressions like 'hells yeah' or 'hells yes',emphasis,casual_conversation,false,
hells,10248962434924544,2010-12-02,@Aerick_TPK hells yea bro!!! #TPK,16426555,emphatic intensifier in expressions like 'hells yeah' or 'hells yes',emphasis,casual_conversation,false,
hells,10249755682672640,2010-12-02,@islandgroove85 Ahhhh hells naaa,39731494,emphatic intensifier in expressions like 'hells yeah' or 'hells yes',emphasis,casual_conversation,false,
hells,10250971154223104,2010-12-02,"I have paid all of my bills 6 month ahead..I Love seeing a Credit on all my bills..alla The Hells Angels ""Taking Care of Business""",130225492,emphatic intensifier in expressions like 'hells yeah' or 'hells yes',emphasis,reaction,false,
hells,10251475309563904,2010-12-02,@Iam_NuddieTV hells yeah !,29618162,emphatic intensifier in expressions like 'hells yeah' or 'hells yes',emphasis,reaction,false,
hells,10251870345887744,2010-12-02,de fuck!? Hells Winter arrived in Germany! http://twitpic.com/3c4iql,81402126,emphatic intensifier in expressions like 'hells yeah' or 'hells yes',emphasis,reaction,false,
hells,10252227256000512,2010-12-02,@SpiiNhA Hells yes!,18247365,emphatic intensifier in expressions like 'hells yeah' or 'hells yes',emphasis,reaction,false,
hells,10252823803461632,2010-12-02,@jane_bot hells yeah girl!,106069829,emphatic intensifier in expressions like 'hells yeah' or 'hells yes',emphasis,reaction,false,
hells,10254089015263232,2010-12-02,Awesome pic mate! Berlin looks the same... RT @paulpre: de fuck!? Hells Winter arrived in Germany! http://twitpic.com/3c4iql,97446519,emphatic intensifier in expressions like 'hells yeah' or 'hells yes',emphasis,casual_conversation,false,
hells,10255024445722624,2010-12-02,@MzChristina1116 hells naw you freaky ass bitch! I need a pic of you send it to my phone no ugly shit either,24698137,emphatic intensifier in expressions like 'hells yeah' or 'hells yes',emphasis,reaction,false,
hells,10255709753053184,2010-12-02,RT @iTweetRudeShit: it's so sad how you think your hells pretty but your not and the guy is just looking at your curves if you got any b ...,153856838,emphatic intensifier in expressions like 'hells yeah' or 'hells yes',emphasis,casual_conversation,false,
hells,11426377186156544,2010-12-05,@hells_bells_10 No it's Michael haha...I can't see little Dan having a secret stash in his room :),15087238,emphatic intensifier in expressions like 'hells yeah' or 'hells yes',emphasis,casual_conversation,false,
hells,11426821019013120,2010-12-05,www.myuvideo.com Watch Hells Kitchen Seas 8 X 15 {2/5} full: Watch Watch Hells Kitchen Seas 8 X 15 {2/5} full Fr... http://bit.ly/emHGhG,220280193,emphatic intensifier in expressions like 'hells yeah' or 'hells yes',emphasis,reaction,false,
hells,11427506141798400,2010-12-05,Hells yeah 5man multi-kill with b-52(rolling thunder) and with napalm direct hit,199110067,emphatic intensifier in expressions like 'hells yeah' or 'hells yes',emphasis,reaction,false,
hells,11429312565608448,2010-12-05,#np Hells Bells - AC/DC,120239245,emphatic intensifier in expressions like 'hells yeah' or 'hells yes',emphasis,music_discussion,false,
hells,11429467360595968,2010-12-05,Rusty Theron is on Twitter? Hells yes.,54971817,emphatic intensifier in expressions like 'hells yeah' or 'hells yes',emphasis,reaction,false,
hells,11429781694316544,2010-12-05,"@Knitsophrenic Hells no! For me, it's usually the car that knows. Honey, your Xmas present is a warm house. Too big to wrap!",21202133,emphatic intensifier in expressions like 'hells yeah' or 'hells yes',emphasis,casual_conversation,false,
hells,11430186734059520,2010-12-05,Wait...its snowing???  BOOYA! Hells to the yeah!,17134969,emphatic intensifier in expressions like 'hells yeah' or 'hells yes',emphasis,reaction,false,
hells,11430307538407424,2010-12-05,What's your favorite TV show? Ours is Hells Kitchen.,158910266,emphatic intensifier in expressions like 'hells yeah' or 'hells yes',emphasis,reaction,false,
hells,11430417290764288,2010-12-05,waking up to the smell of my wife making cinnamon rolls!! Hells Yes!!,27928656,emphatic intensifier in expressions like 'hells yeah' or 'hells yes',emphasis,reaction,false,
hells,15778632228143104,2010-12-17,@afrosandyamakas Celtics ? Hells yes,21705722,emphatic intensifier in expressions like 'hells yeah' or 'hells yes',emphasis,reaction,false,
hells,15778982691602432,2010-12-17,@SSAshinKusher http://plixi.com/p/63509121 The Hells My Touque!,39642220,emphatic intensifier in expressions like 'hells yeah' or 'hells yes',emphasis,casual_conversation,false,
hells,15779138266730496,2010-12-17,HELLS TO THE NOOO RT @jasssariel: Hold...aint moni phatter than me?,39753856,emphatic intensifier in expressions like 'hells yeah' or 'hells yes',emphasis,casual_conversation,false,
hells,15779705672175616,2010-12-17,@curlymetal hells yes hacker :D please tell me you've seen the movie! #hacktheplanet,15757438,emphatic intensifier in expressions like 'hells yeah' or 'hells yes',emphasis,reaction,false,
hells,15780320624246784,2010-12-17,@djtop10 @prettylou11 are you ready for some studio time tonight!!! Hells yea let's rip this sh#t!!,59036194,emphatic intensifier in expressions like 'hells yeah' or 'hells yes',emphasis,casual_conversation,false,
hells,15781136542208000,2010-12-17,@kanya07 hells yea...lls thats what i wrote our ur fcb page,132613026,emphatic intensifier in expressions like 'hells yeah' or 'hells yes',emphasis,casual_conversation,false,
hells,15781473940414464,2010-12-17,"Soulwaxmas tonight, hells yeah",25490334,emphatic intensifier in expressions like 'hells yeah' or 'hells yes',emphasis,reaction,false,
hells,15783017691746304,2010-12-17,I think I shud stop wearing heels for a while...or atleast until I figure out wat da hells wrong wit my hip... =/,64484340,emphatic intensifier in expressions like 'hells yeah' or 'hells yes',emphasis,reaction,false,
hells,15783087308804096,2010-12-17,@Hells_ak http://bit.ly/epIuGn These look good,117658878,emphatic intensifier in expressions like 'hells yeah' or 'hells yes',emphasis,casual_conversation,false,
hells,15783225418846208,2010-12-17,I 6 hours my weekend starts Hells Yeah,50025366,emphatic intensifier in expressions like 'hells yeah' or 'hells yes',emphasis,reaction,false,
hells,15953162175250432,2010-12-18,SereneLdy added a discussion to the group Hells Kitchen Forum Hell's Kitchen: Nona Sivley Talks about Winning Seas...  www.TVFanSpace.com,81688705,emphatic intensifier in expressions like 'hells yeah' or 'hells yes',emphasis,reaction,false,
hells,15953197273190400,2010-12-18,@angelinamtvjs Hells yeah!,38741280,emphatic intensifier in expressions like 'hells yeah' or 'hells yes',emphasis,reaction,false,
hells,15953434440114176,2010-12-18,@GAlexander21 hells no,133879702,emphatic intensifier in expressions like 'hells yeah' or 'hells yes',emphasis,casual_conversation,false,
hells,15953544397987840,2010-12-18,hells bells tonight? FUCK YEAH.,36541258,emphatic intensifier in expressions like 'hells yeah' or 'hells yes',emphasis,music_discussion,false,
hells,15953594280845312,2010-12-18,@bmn hells yes!,85595399,emphatic intensifier in expressions like 'hells yeah' or 'hells yes',emphasis,reaction,false,
hells,15953729010278404,2010-12-18,@AlyssaMoree hahah hells yeaaa!!! Wat u think this is?? Haha im vacationing@  ur spot like its my time share lolol,110801269,emphatic intensifier in expressions like 'hells yeah' or 'hells yes',emphasis,casual_conversation,false,
hells,15954240065249280,2010-12-18,"@CeCeShines hells yeah gf! U gotta love ""the we don't wanna be racist so here's something from somewheres that's not america single aisle.""",212734508,emphatic intensifier in expressions like 'hells yeah' or 'hells yes',emphasis,reaction,false,
hells,15954331719172096,2010-12-18,@ryanfotoole oh hells yeah. it'll help me get through editing for toulouse's video!,216505381,emphatic intensifier in expressions like 'hells yeah' or 'hells yes',emphasis,reaction,false,
hells,17997452766351360,2010-12-23,Got new pillows and a ebook for  christmas. Hells to the yeahs!(:,214480133,emphatic intensifier in expressions like 'hells yeah' or 'hells yes',emphasis,reaction,false,
hells,17997693687173120,2010-12-23,"Hells yeah, I should be around to watch hockey tonight",19939005,emphatic intensifier in expressions like 'hells yeah' or 'hells yes',emphasis,reaction,false,
hells,17998384111558656,2010-12-23,headed to Hells Kitchen to get my proper drink on,97729247,emphatic intensifier in expressions like 'hells yeah' or 'hells yes',emphasis,reaction,false,
hells,17998614538227712,2010-12-23,Woot woot RT @J_clipse250: Just got a email from AirTran Airlines 2 set up phone interview !!! Hells yea !,30617577,emphatic intensifier in expressions like 'hells yeah' or 'hells yes',emphasis,casual_conversation,false,
hells,17998626164842496,2010-12-23,"winter break! hells yeah, anybody gunna party?",28048096,emphatic intensifier in expressions like 'hells yeah' or 'hells yes',emphasis,reaction,false,
hells,17999476031488000,2010-12-23,Hells yea moms bringin my shoe back so ion gotta spend my own money #onlychildsyndrome,35096150,emphatic intensifier in expressions like 'hells yeah' or 'hells yes',emphasis,reaction,false,
hells,17999697478160384,2010-12-23,Is homeward bound for Chrissy! Hells yeah!,76586496,emphatic intensifier in expressions like 'hells yeah' or 'hells yes',emphasis,reaction,false,
hells,17999812032995328,2010-12-23,@panicpumpkin Hells yeah! That blonde Cylon chick - WOWZER!,85533702,emphatic intensifier in expressions like 'hells yeah' or 'hells yes',emphasis,reaction,false,
hells,18001119938617344,2010-12-23,@Mr202dc hells yeah. Do you know how exclusive some of the older color ways and models are.,92994326,emphatic intensifier in expressions like 'hells yeah' or 'hells yes',emphasis,reaction,false,
hells,18001383336714240,2010-12-23,@Ingeeh hells yeah!,229899833,emphatic intensifier in expressions like 'hells yeah' or 'hells yes',emphasis,reaction,false,
hells,19501080773660672,2010-12-27,Hot chocolate and snickerdoodles .... Oh hells yeah!,41228035,emphatic intensifier in expressions like 'hells yeah' or 'hells yes',emphasis,reaction,false,
hells,19501494122323968,2010-12-27,"RT @ZachBrady7: ""German throws puppy at Hells Angels bikers then flees on bulldozer"" http://bit.ly/ga0qjn #HeadlineWin",33972745,emphatic intensifier in expressions like 'hells yeah' or 'hells yes',emphasis,casual_conversation,false,
hells,19501630948909056,2010-12-27,"My head is racing into an overload, Cant stop me now, I'm in the killing mode, Ive reach fate, Ill be waiting at hells gate...",65244202,emphatic intensifier in expressions like 'hells yeah' or 'hells yes',emphasis,reaction,false,
hells,19501699647410176,2010-12-27,That's an old-school Nikon 50mm lens on my new D5000. HELLS YES. @secretagentmama  http://post.ly/1OblZ,8963462,emphatic intensifier in expressions like 'hells yeah' or 'hells yes',emphasis,reaction,false,
hells,19503082798845952,2010-12-27,mmmm... deviled eggs w/ chopped pickled jalapenos & crispy onion on top. HELLS yes.,21354720,emphatic intensifier in expressions like 'hells yeah' or 'hells yes',emphasis,reaction,false,
hells,19503176755453952,2010-12-27,What the hells going on leta..txt me,180579711,emphatic intensifier in expressions like 'hells yeah' or 'hells yes',emphasis,reaction,false,
hells,19503303943520256,2010-12-27,Hells Kitchen The Game: You always dream of being on Hells Kitchen Heres your chance! Find out what it feels lik... http://bit.ly/evzTFr,135550811,emphatic intensifier in expressions like 'hells yeah' or 'hells yes',emphasis,gaming,false,Manual override -> gaming
hells,19503509514752000,2010-12-27,"Listening to 
AC/DC ♪ Hells Bells 
- YouTube http://tln.kr/1742",26600030,emphatic intensifier in expressions like 'hells yeah' or 'hells yes',emphasis,music_discussion,false,Manual override -> music_discussion
hells,19505802926620672,2010-12-27,"Oh, hells snow!",18184450,emphatic intensifier in expressions like 'hells yeah' or 'hells yes',emphasis,reaction,false,
hells,19505828193116160,2010-12-27,@IOZayas hells yeah! :),217806786,emphatic intensifier in expressions like 'hells yeah' or 'hells yes',emphasis,reaction,false,
hells,19546108866854912,2010-12-28,"""@jurr101: @ChaiRene_X hells angel. That I will believe :p • Whaahahaahah . Pfffff .",215371262,emphatic intensifier in expressions like 'hells yeah' or 'hells yes',emphasis,casual_conversation,false,
hells,19546134234009600,2010-12-28,Heading to the Avs v. Red Wings game with Seth!!! Hells yeah! GO AVS!!!!,95743577,emphatic intensifier in expressions like 'hells yeah' or 'hells yes',emphasis,reaction,false,
hells,19546344939065344,2010-12-28,@MizzIn3z Hells Yeeaa,135371344,emphatic intensifier in expressions like 'hells yeah' or 'hells yes',emphasis,casual_conversation,false,
hells,19546381853134848,2010-12-28,@Danchrism hells yes,121321249,emphatic intensifier in expressions like 'hells yeah' or 'hells yes',emphasis,reaction,false,
hells,19546532382511104,2010-12-28,@_itsMelissa hells yeah!,62631128,emphatic intensifier in expressions like 'hells yeah' or 'hells yes',emphasis,reaction,false,
hells,19546572928851968,2010-12-28,My life as liz is on hells to the Yea,74233571,emphatic intensifier in expressions like 'hells yeah' or 'hells yes',emphasis,reaction,false,
hells,19546742382919680,2010-12-28,"@Mr_BUTTAsworth lmao hahaha nigga hells naw that could be anybody, wat type of name is ""kenmesha"" lmao thas another ""big joe""",101429701,emphatic intensifier in expressions like 'hells yeah' or 'hells yes',emphasis,reaction,false,
hells,19547657538113536,2010-12-28,"@CemsHassan Hehe. Hells Yeah. Aww, Henry's sleeping, stop tapping the keyboard he may awaken. I'm doing nothing.",137671600,emphatic intensifier in expressions like 'hells yeah' or 'hells yes',emphasis,reaction,false,
hells,19548134040412160,2010-12-28,@kthrash Hells yeah! That's awesome! Stoked!!,108868917,emphatic intensifier in expressions like 'hells yeah' or 'hells yes',emphasis,reaction,false,
hells,19548473770643456,2010-12-28,@WinjaGinjaNinja Not on the competitive side it hasn't. Pubs? hells yeah.,25421732,emphatic intensifier in expressions like 'hells yeah' or 'hells yes',emphasis,reaction,false,
lowkey,8441497781,2010-01-31,@DreamStreak i aint hatin or anything but ..lowkey im kinda jealous that @4everybrandy  is following you & not me . #allLOVEtho lol,50578207,"understated, restrained, discreet; somewhat or to a limited degree",emphasis,self_description,false,Manual override -> self_description
lowkey,8441518778,2010-01-31,@JoseAguilar92 #LOWKEY STOP HATIN!!!!,67018875,"understated, restrained, discreet; somewhat or to a limited degree",emphasis,casual_conversation,false,Manual override -> casual_conversation
lowkey,8441520277,2010-01-31,"in ,my inside voice on the #lowkey whats #90stweet about lol @xclusivdadancer",97218625,"understated, restrained, discreet; somewhat or to a limited degree",emphasis,casual_conversation,false,
lowkey,8441536828,2010-01-31,@THEKINJJMACK #LOWKEY you wish :),24799833,"understated, restrained, discreet; somewhat or to a limited degree",emphasis,commenting,false,
lowkey,8441561843,2010-01-31,lowkey bored.. my house is quiet as ever. smh,20092051,"understated, restrained, discreet; somewhat or to a limited degree",emphasis,self_description,false,Manual override -> self_description
lowkey,8441570428,2010-01-31,@followingBR wow that's lowkey scary haha,16663724,"understated, restrained, discreet; somewhat or to a limited degree",emphasis,casual_conversation,false,Manual override -> casual_conversation
lowkey,8441619995,2010-01-31,soooooo Hipnotic did an Excellent job at the dance-off! Creative n funny! Yall a bunch of lowkey actors! @daTalented7th @LaLaBaby08  :o),60799390,"understated, restrained, discreet; somewhat or to a limited degree",emphasis,commenting,false,Manual override -> commenting
lowkey,8441678439,2010-01-31,hahaha @uhhdellliii sooo not lowkey (: muahaha,103103239,"understated, restrained, discreet; somewhat or to a limited degree",emphasis,casual_conversation,false,
lowkey,8441717429,2010-01-31,#lowkey i feel like my stalker here..,50472276,"understated, restrained, discreet; somewhat or to a limited degree",emphasis,self_description,false,Manual override -> self_description
lowkey,8441758328,2010-01-31,RT @PhunkeyBrewster: #90STWEET DRY HUMPIN WAS THE BEST LOL &lt;= lowkey agreement lol,34655277,"understated, restrained, discreet; somewhat or to a limited degree",emphasis,commenting,false,Manual override -> commenting
lowkey,8441807986,2010-01-31,I was uncontrollably laughing for like 3 blocks...#lowkey hurt his feelings...,23972952,"understated, restrained, discreet; somewhat or to a limited degree",emphasis,storytelling,false,Manual override -> storytelling
lowkey,8441948829,2010-01-31,yes! i had a shitload of pogs! metallic pogs. glow in the dark pogs. i lowkey miss those things. @ellaisdashiz,27728846,"understated, restrained, discreet; somewhat or to a limited degree",emphasis,commenting,false,Manual override -> commenting
lowkey,8442008189,2010-01-31,@keemmii I HATE YOUR (Soon to be ex) BOYFRIEND :D lol nottt lowkey lol,103103239,"understated, restrained, discreet; somewhat or to a limited degree",emphasis,casual_conversation,false,Manual override -> casual_conversation
lowkey,8442036361,2010-01-31,"RT @Divalicious813 #90sTweet I'ma Barbie Girl, in a Barbie World.... (these females took that literally)--lowkey daz my shit",25638980,"understated, restrained, discreet; somewhat or to a limited degree",emphasis,commenting,false,Manual override -> commenting
lowkey,8442052400,2010-01-31,Kojack from Aftermoney just ask a nigga to dance wit him... #smh #lowkey,41286893,"understated, restrained, discreet; somewhat or to a limited degree",emphasis,commenting,false,
lowkey,8442054999,2010-01-31,I have been lowkey all day,30514122,"understated, restrained, discreet; somewhat or to a limited degree",emphasis,self_description,false,Manual override -> self_description
lowkey,8442075851,2010-01-31,We should lowkey hit a club out chea...#yaheardme,88460641,"understated, restrained, discreet; somewhat or to a limited degree",emphasis,casual_conversation,false,Manual override -> casual_conversation
lowkey,8442114074,2010-01-31,#lowkey Halle Berry a hoe ..id still hit,18270188,"understated, restrained, discreet; somewhat or to a limited degree",emphasis,commenting,false,
lowkey,8442130930,2010-01-31,Pikachu is lowkey Servin all these other Pokemon.. Why Ash be Holdin Bacc??? #90sTweet,87564028,"understated, restrained, discreet; somewhat or to a limited degree",emphasis,commenting,false,
lowkey,8442195863,2010-01-31,@thenameisOli smh why you letting him lowkey control you,41550060,"understated, restrained, discreet; somewhat or to a limited degree",emphasis,criticism,false,Manual override -> criticism
lowkey,8442216033,2010-01-31,Im on WSHH n this video jus #lowkey pissed me off..,28335485,"understated, restrained, discreet; somewhat or to a limited degree",emphasis,reaction,false,Manual override -> reaction
lowkey,8442219881,2010-01-31,RT @justinbieber: chillin lowkey in LA.. maybe ull see me at the @LABUYOUT . LA slang is funny. shout to @julkeyzbeats,28156427,"understated, restrained, discreet; somewhat or to a limited degree",emphasis,casual_conversation,false,
lowkey,8442221595,2010-01-31,RT @iBthebest: I'm #lowkey ghetto!--you are!!! Lol,43616441,"understated, restrained, discreet; somewhat or to a limited degree",emphasis,self_description,false,Manual override -> self_description
lowkey,8442230817,2010-01-31,@GreedyManStraw not even close Penny all day plus his shoes were lowkey better than Jordans,90775349,"understated, restrained, discreet; somewhat or to a limited degree",emphasis,casual_conversation,false,
lowkey,8442242273,2010-01-31,Watching the abdc episode. Let's see if they are actually any good last season lowkey sucked!! And Mario Lopez is the host!! :),27736387,"understated, restrained, discreet; somewhat or to a limited degree",emphasis,commenting,false,
lowkey,8442256138,2010-01-31,"@ShawntellLive@JHendu I wish ""some people"" would realize that dogs are not people. &lt;--dont #lowkey talk about @simpleedrea nigga! O shut up!",99861773,"understated, restrained, discreet; somewhat or to a limited degree",emphasis,casual_conversation,false,
lowkey,8442269554,2010-01-31,@mr_uptown82 or I could just toss my phone and let a dog bury it. #lowkey had a dream about u. Had a dream that I kept callin u...,68530550,"understated, restrained, discreet; somewhat or to a limited degree",emphasis,casual_conversation,false,
lowkey,8442271191,2010-01-31,http://twitpic.com/10n99o - Lowkey wildin out. Poppin bottles....hmm,24618626,"understated, restrained, discreet; somewhat or to a limited degree",emphasis,article_sharing,false,
lowkey,8442279153,2010-01-31,Just got SO excited for my birthday! :D :D lowkey.,23254028,"understated, restrained, discreet; somewhat or to a limited degree",emphasis,commenting,false,
lowkey,8442302005,2010-01-31,@YummyMimii yea My sis got me some pk's nd I knocked out!!! I'm bent rite now lowkey,68503278,"understated, restrained, discreet; somewhat or to a limited degree",emphasis,casual_conversation,false,
lowkey,9375764286,2010-02-20,"you are appreciated. love my momma. lowkey my twin except I'm more patient w/ people. you F up and she's straight up like FUCK U"" lmao",62697099,"understated, restrained, discreet; somewhat or to a limited degree",emphasis,commenting,false,
lowkey,9375816132,2010-02-20,RT @BeautiFul_SoL: #upt wishing I was in pv.... #lowkey ssshhhhhh....&gt;&gt;why is that chica? Do you need to step into the light,107130530,"understated, restrained, discreet; somewhat or to a limited degree",emphasis,casual_conversation,false,
lowkey,9375841391,2010-02-20,Tonite was lowkey fun lowkey nt. :) and my shoes fucked up my toenails GRRRRRRR and OUCHHH,49573839,"understated, restrained, discreet; somewhat or to a limited degree",emphasis,commenting,false,
lowkey,9375848267,2010-02-20,Q:how much do you love liza? (: A:So much i cried lowkey when she told me she moving to vegas... http://formspring.me/ehrik/q/200060173,75103254,"understated, restrained, discreet; somewhat or to a limited degree",emphasis,article_sharing,false,
lowkey,9375852333,2010-02-20,so they lied on me to my boyfriend....smh i hate bein turnt on & tawked about - especially if its involvin someone i love - lowkey pissed!,113144109,"understated, restrained, discreet; somewhat or to a limited degree",emphasis,commenting,false,
lowkey,9375861571,2010-02-20,@highyellowbroad u lowkey r... lol,26461852,"understated, restrained, discreet; somewhat or to a limited degree",emphasis,casual_conversation,false,
lowkey,9375863902,2010-02-20,"@iRandycash so I constantly, as zack says, gotta carry my vag pH test strips. Unless I'm just salty. Your tweets would slay me #lowkey lol",62816839,"understated, restrained, discreet; somewhat or to a limited degree",emphasis,casual_conversation,false,
lowkey,9375891719,2010-02-20,@IamINFAMOUS1908 not me..I'm just gon be chilln Lowkey,54813647,"understated, restrained, discreet; somewhat or to a limited degree",emphasis,casual_conversation,false,
lowkey,9375895709,2010-02-20,"i lowkey dont like formspring , all these douche bags askin all these questions anonymously... scary af #BasicBitch",38923385,"understated, restrained, discreet; somewhat or to a limited degree",emphasis,commenting,false,
lowkey,9375896385,2010-02-20,"mann @nohollywoodshit said , he could be the one to wife me , im nervous 8/ but lowkey i like it ;D",34841695,"understated, restrained, discreet; somewhat or to a limited degree",emphasis,casual_conversation,false,
lowkey,9375896616,2010-02-20,@Mr_Grigsby how long was it cause I'm lowkey sleepy,27737314,"understated, restrained, discreet; somewhat or to a limited degree",emphasis,casual_conversation,false,
lowkey,9375901250,2010-02-20,#lowkey I love some of the random music that they play on Cold Case.,34182890,"understated, restrained, discreet; somewhat or to a limited degree",emphasis,commenting,false,
lowkey,9376007290,2010-02-20,"THESE #TT ARE LOWKEY KINDA WACK , IM BORED AND FEEL GOIN ON A #tt THATS FUN & KINDA FUNNY LOL",22275138,"understated, restrained, discreet; somewhat or to a limited degree",emphasis,commenting,false,
lowkey,9376051494,2010-02-20,RT @lanay_holliday @LilLady_Rae put them beam lights on that road down south #lowkey @BeautiFul_SoL &gt;&gt;&gt;that's y I luv y'all =},58597511,"understated, restrained, discreet; somewhat or to a limited degree",emphasis,casual_conversation,false,
lowkey,9376115633,2010-02-20,@dannirouge over here getting interviewed! She think she tight lol [lowkey she is tho ;)!],19999591,"understated, restrained, discreet; somewhat or to a limited degree",emphasis,casual_conversation,false,
lowkey,9376131195,2010-02-20,#Lowkey im board as ffuck right now i dont even know why im up.. i dont feel like i fulfilled my day and shit.. {ever feel like that&gt;?} #smh,102851926,"understated, restrained, discreet; somewhat or to a limited degree",emphasis,commenting,false,
lowkey,9376153079,2010-02-20,@Sim0neLaFlare lowkey she got super conceited,24433632,"understated, restrained, discreet; somewhat or to a limited degree",emphasis,casual_conversation,false,
lowkey,9376208933,2010-02-20,#lowkey i need another ipod asap...,47054530,"understated, restrained, discreet; somewhat or to a limited degree",emphasis,commenting,false,
lowkey,9376235555,2010-02-20,"posted , tonight was a lowkey crazy night buuut im finna brush it off with a long hot bubble bath "")",53798974,"understated, restrained, discreet; somewhat or to a limited degree",emphasis,commenting,false,
lowkey,9376326343,2010-02-20,#lowkey i NEED ............ [TONiGHT]!,65197093,"understated, restrained, discreet; somewhat or to a limited degree",emphasis,commenting,false,
lowkey,9376328881,2010-02-20,"@AFxDouglas my day was coool ,lowkey crazy ;how was yours ?",53798974,"understated, restrained, discreet; somewhat or to a limited degree",emphasis,casual_conversation,false,
lowkey,9376350768,2010-02-20,I'm bout to shower & sleep with my headphones... #ThisSucksMAJOR!!!! (I lowkey have an attitude),39137164,"understated, restrained, discreet; somewhat or to a limited degree",emphasis,commenting,false,
lowkey,9376379304,2010-02-20,oh wow twitter lowkey became the new myspace they have a damn #twitter train,57987417,"understated, restrained, discreet; somewhat or to a limited degree",emphasis,commenting,false,
lowkey,9376389418,2010-02-20,@LowKey_CASH running forh mhy lifee,48871799,"understated, restrained, discreet; somewhat or to a limited degree",emphasis,casual_conversation,false,
lowkey,9376395789,2010-02-20,my feet are cold super lowkey,23148379,"understated, restrained, discreet; somewhat or to a limited degree",emphasis,commenting,false,
lowkey,9376398702,2010-02-20,I swere a nigga aint even famous like that yet n I've been the topic of convos this whole week idk how to be more lowkey then how I been lol,79782696,"understated, restrained, discreet; somewhat or to a limited degree",emphasis,commenting,false,
lowkey,9376436560,2010-02-20,"lowkey new to twitter so follow @Br0xdi_0nCl0wd9 ,please. he'll follow u back win win sitcho",62697099,"understated, restrained, discreet; somewhat or to a limited degree",emphasis,casual_conversation,false,
lowkey,9376507683,2010-02-20,"lowkey bored, tummy on e, I wanna go to the store b not by myself....oh well I guess...",19358998,"understated, restrained, discreet; somewhat or to a limited degree",emphasis,self_description,false,
lowkey,9376533461,2010-02-20,@VegazTheOne Im #lowkey 2% lesbian for watching it FAITHFULLY!!,47697833,"understated, restrained, discreet; somewhat or to a limited degree",emphasis,casual_conversation,false,
lowkey,9376534553,2010-02-20,"im #lowkey havin fun w the trending topics... but ima chill ""thats teh best advice i could take"" &lt;--- LMFAO!O!!!!!",26822771,"understated, restrained, discreet; somewhat or to a limited degree",emphasis,commenting,false,
lowkey,9610432935,2010-02-25,RT: @arialyssa @yesBEEcuz @dededotson stop it!!! (Lowkey I want one too!) lol! &lt; lmao! I've started an Epidemic!,92495849,"understated, restrained, discreet; somewhat or to a limited degree",emphasis,casual_conversation,false,
lowkey,9610465860,2010-02-25,"#lowkey, I hope she never gets a twitter",41320591,"understated, restrained, discreet; somewhat or to a limited degree",emphasis,commenting,false,
lowkey,9610465936,2010-02-25,"#realtalk Pau Gasol be doing bum shit lowkey, but when he on fire he on fire",67534905,"understated, restrained, discreet; somewhat or to a limited degree",emphasis,commenting,false,
lowkey,9610468219,2010-02-25,"Ahaa ; I'm lowkey (: so , whatchyaa upp to ?! @LaNsLyDe",98764644,"understated, restrained, discreet; somewhat or to a limited degree",emphasis,casual_conversation,false,
lowkey,9610495973,2010-02-25,@MOSK33Y lol...i'm the exact same tho lowkey.haha,34756117,"understated, restrained, discreet; somewhat or to a limited degree",emphasis,casual_conversation,false,
lowkey,9610509340,2010-02-25,@ADd_Em_Up lmaoo..ur comedy imy at canyon lowkey,63420317,"understated, restrained, discreet; somewhat or to a limited degree",emphasis,casual_conversation,false,
lowkey,9610516021,2010-02-25,@cobyMEETSworld lmaooo excuse me and ok tht was #lowkey kinda cute lol,97378892,"understated, restrained, discreet; somewhat or to a limited degree",emphasis,casual_conversation,false,
lowkey,9610532456,2010-02-25,@yunglive010 yeah it's effin #lowkey funny :),23575177,"understated, restrained, discreet; somewhat or to a limited degree",emphasis,casual_conversation,false,
lowkey,9610546194,2010-02-25,....just had to cancel this nigga like Nino. #typepissed #lowkey.,43383199,"understated, restrained, discreet; somewhat or to a limited degree",emphasis,commenting,false,
lowkey,9610569308,2010-02-25,Facing my fears. Sitting by these balloons. I'm lowkey #afraid,24309762,"understated, restrained, discreet; somewhat or to a limited degree",emphasis,commenting,false,
lowkey,9610569793,2010-02-25,"#brycedeeptweet Rt: @citoDaKid #realtalk Pau Gasol be doing bum shit lowkey, but when he on fire he on fire",25886364,"understated, restrained, discreet; somewhat or to a limited degree",emphasis,casual_conversation,false,
lowkey,9610573878,2010-02-25,"Switching between AI & Step Up because love @channingtatum & @jennaldewan. Yes, I'm a lowkey nerd. :-p",26168185,"understated, restrained, discreet; somewhat or to a limited degree",emphasis,casual_conversation,false,
lowkey,9610574660,2010-02-25,@SincereMax lmaoo i remeber that show smh i lowkey thought it was pretty funny,94682558,"understated, restrained, discreet; somewhat or to a limited degree",emphasis,casual_conversation,false,
lowkey,9610590905,2010-02-25,#lowkey worried bout some things but shit wrks out in the end...don't need nobody but me and Jesus..all the extra can move around thaaaaanks,30976820,"understated, restrained, discreet; somewhat or to a limited degree",emphasis,commenting,false,
lowkey,9610634240,2010-02-25,@KrystinJai right im #lowkey getting mad..you know how I am....lol,16564975,"understated, restrained, discreet; somewhat or to a limited degree",emphasis,casual_conversation,false,
lowkey,9610639666,2010-02-25,"@MzBDominique Crocodile Lounge. Yeah its lowkey an u right. Saltines. Nice spot tho, try the pizza.",23711312,"understated, restrained, discreet; somewhat or to a limited degree",emphasis,casual_conversation,false,
lowkey,9610644578,2010-02-25,Musical_diva30 ok I'm lyin.. I do still love him.. Lmao but I'm #lowkey over him tho,76225812,"understated, restrained, discreet; somewhat or to a limited degree",emphasis,commenting,false,
lowkey,9610665654,2010-02-25,RT @NiKKiD620 I #lowkey want a drink!,58269653,"understated, restrained, discreet; somewhat or to a limited degree",emphasis,casual_conversation,false,
lowkey,9610690683,2010-02-25,"He #lowkey just ordered a ""hard shell SOFT taco"".. #wheredaydothatat?!?! lol",53959131,"understated, restrained, discreet; somewhat or to a limited degree",emphasis,commenting,false,
lowkey,9610709912,2010-02-25,smh..... the worst thing ever BETRAYAL...ifeel its happenin lowkey...,24208805,"understated, restrained, discreet; somewhat or to a limited degree",emphasis,commenting,false,
lowkey,9610795193,2010-02-25,Wtfugg!@nohollywoodshit maaan you was forsure about to get cussd tf out ! I was like lowkey real mad,34841695,"understated, restrained, discreet; somewhat or to a limited degree",emphasis,casual_conversation,false,
lowkey,9610871363,2010-02-25,@stylishlYours lol it rang on my end...u kno tmobile is lowkey bootleg....and sammie too gettin on #superstarstatus,71721592,"understated, restrained, discreet; somewhat or to a limited degree",emphasis,casual_conversation,false,
lowkey,9610902708,2010-02-25,Shawn Marion tryna D up on Kobe ass lowkey..and Dirk has 2 hard as hell 2 guard the dude 7ft and shoot a high ass arching jumper and he fade,54661572,"understated, restrained, discreet; somewhat or to a limited degree",emphasis,commenting,false,
lowkey,9610924287,2010-02-25,#lowkey I still want YOU in the worse way #dontjudgeme,40284802,"understated, restrained, discreet; somewhat or to a limited degree",emphasis,commenting,false,
lowkey,9610925998,2010-02-25,RT @itsmeRachie: ....just had to cancel this nigga like Nino. #typepissed #lowkey. &lt;~~ who made sis mad,72147411,"understated, restrained, discreet; somewhat or to a limited degree",emphasis,casual_conversation,false,
lowkey,9610928418,2010-02-25,#lowkey I'm mad its snowing outside. #jordanshrug,27503020,"understated, restrained, discreet; somewhat or to a limited degree",emphasis,commenting,false,
lowkey,9610936081,2010-02-25,@sweetthweatt just saved my stats grade #lowkey lol,87615354,"understated, restrained, discreet; somewhat or to a limited degree",emphasis,casual_conversation,false,
lowkey,9610941595,2010-02-25,i have a #lowkey crush on #oneofmyfollowers.... ;-),61513638,"understated, restrained, discreet; somewhat or to a limited degree",emphasis,commenting,false,
lowkey,9610957592,2010-02-25,@wrk_24nmo lmao yea that was #lowkey funny...I GUESS lol,108093512,"understated, restrained, discreet; somewhat or to a limited degree",emphasis,casual_conversation,false,
lowkey,9610965113,2010-02-25,@shezHEARTLESz man me too crip !! But lowkey I want one but I dnt,34841695,"understated, restrained, discreet; somewhat or to a limited degree",emphasis,casual_conversation,false,
lowkey,10099073121,2010-03-07,And I'm single yea I'm single tonight I'm single tho lowkey I want ms right,24499570,"understated, restrained, discreet; somewhat or to a limited degree",emphasis,commenting,false,
lowkey,10099084057,2010-03-07,Lowkey Bird was a hater...,93666131,"understated, restrained, discreet; somewhat or to a limited degree",emphasis,commenting,false,
lowkey,10099088055,2010-03-07,"#lowkey trying to cover that nigga nose from sneezing is gross, hello germs dude GERMS ! #snowwhite",61952830,"understated, restrained, discreet; somewhat or to a limited degree",emphasis,commenting,false,
lowkey,10099105702,2010-03-07,@starbucksee i knoe she be lowkey now only catch her on myspace,96454038,"understated, restrained, discreet; somewhat or to a limited degree",emphasis,casual_conversation,false,
lowkey,10099121338,2010-03-07,@cheer4Danni your good. I fucked up my chest last night. It's hard for a nigga to breath. I feel like I lowkey have a cracked sternum,86420903,"understated, restrained, discreet; somewhat or to a limited degree",emphasis,self_description,false,
lowkey,10099143418,2010-03-07,My new L'oréal is by far the best lowkey.  I'm still trying Dior tho. -__-,19152102,"understated, restrained, discreet; somewhat or to a limited degree",emphasis,commenting,false,
lowkey,10099162470,2010-03-07,@breemontana shit go hard..#lowkey,19475772,"understated, restrained, discreet; somewhat or to a limited degree",emphasis,casual_conversation,false,
lowkey,10099205770,2010-03-07,Y did I eat so fast? Lowkey starvin,80456663,"understated, restrained, discreet; somewhat or to a limited degree",emphasis,commenting,false,
lowkey,10099252013,2010-03-07,Oh no moms lowkey shoot'n on Kieth.  Hah,68316992,"understated, restrained, discreet; somewhat or to a limited degree",emphasis,commenting,false,
lowkey,10099252571,2010-03-07,Hhhhh I'm lowkey sad that now I gotta wait till the morning to see Alice :'(,97111664,"understated, restrained, discreet; somewhat or to a limited degree",emphasis,commenting,false,
lowkey,10099254073,2010-03-07,@MandaInYaMouth I'm lowkey grinding just tryna make it..what's new with ya,85864368,"understated, restrained, discreet; somewhat or to a limited degree",emphasis,casual_conversation,false,
lowkey,10099367443,2010-03-07,RT @ImStillRICH: Y did I eat so fast? Lowkey starvin*what did u eat!?*,98544267,"understated, restrained, discreet; somewhat or to a limited degree",emphasis,casual_conversation,false,
lowkey,10099393989,2010-03-07,#LOWKEY I THINK DES LAMES OUTSIDE TRYNA PULL SUM FUK SHYT... WHO ON MEMORIAL DRIVE?,58899100,"understated, restrained, discreet; somewhat or to a limited degree",emphasis,commenting,false,
lowkey,10099407192,2010-03-07,"RT @breemontana: @abehyde You need to send me some NEW, raw music. Lately, I been #lowkey bumpin' OLD JEEZY&gt;&gt;&gt;gotcha.shuldve stayed here lol",19475772,"understated, restrained, discreet; somewhat or to a limited degree",emphasis,casual_conversation,false,
lowkey,10099460539,2010-03-07,I'm lowkey superblown right now.,28525010,"understated, restrained, discreet; somewhat or to a limited degree",emphasis,commenting,false,
lowkey,10099492269,2010-03-07,"@aarontheartist &gt;Buckhead...great lowkey spot!!,!Wonderful food...hmmm #fatkidmoment",36386331,"understated, restrained, discreet; somewhat or to a limited degree",emphasis,casual_conversation,false,
lowkey,10099499696,2010-03-07,Highkey!!!! RT @busiii: Ok ok my mom LOWKEY spoils me. I'm going to name this new LV Shelly!,52631359,"understated, restrained, discreet; somewhat or to a limited degree",emphasis,casual_conversation,false,
lowkey,10099507928,2010-03-07,Awww my lowkey lil redbone (mixtie) text me:),28524984,"understated, restrained, discreet; somewhat or to a limited degree",emphasis,commenting,false,
lowkey,10099515607,2010-03-07,#FreedomTour hurry!! RT @GaigeJessica #lowkey I have to pee but I'm afraid I'm gonna miss Alicia Keys come out,74594685,"understated, restrained, discreet; somewhat or to a limited degree",emphasis,casual_conversation,false,
lowkey,10099522738,2010-03-07,"My school is dope, the whole night was good, 2day Is lowkey poppin already...ohhhh how  I love la",39181381,"understated, restrained, discreet; somewhat or to a limited degree",emphasis,commenting,false,
lowkey,10099539855,2010-03-07,Damn this movie lowkey gay http://myloc.me/4wfxo,37067700,"understated, restrained, discreet; somewhat or to a limited degree",emphasis,article_sharing,false,
lowkey,10099616499,2010-03-07,"So I'm lowkey boo'd up, but that's all I'm going to say for now ;)",29884666,"understated, restrained, discreet; somewhat or to a limited degree",emphasis,commenting,false,
lowkey,10099622832,2010-03-07,@brittneybitch7 oh what!!..that like lowkey sounds like fun tho,102149106,"understated, restrained, discreet; somewhat or to a limited degree",emphasis,casual_conversation,false,
lowkey,10099627460,2010-03-07,I'm lowkey wore out from my Rae Rae poo,43766969,"understated, restrained, discreet; somewhat or to a limited degree",emphasis,commenting,false,
lowkey,10099634827,2010-03-07,Lowkey I wasn't tryin to. #imjustsayin RT @DJ_Era: @Dom_LA LMFAO HAHAHA PLAYED ---&gt; @IAMTHEGENESIS,28042959,"understated, restrained, discreet; somewhat or to a limited degree",emphasis,casual_conversation,false,
lowkey,10099674600,2010-03-07,i have a headache lowkey,23148379,"understated, restrained, discreet; somewhat or to a limited degree",emphasis,commenting,false,
lowkey,10099833317,2010-03-07,@KayeBaybeShow lol u #lowkey right...but u gonna come get this #letsbereal...,19475772,"understated, restrained, discreet; somewhat or to a limited degree",emphasis,casual_conversation,false,
lowkey,10099880751,2010-03-07,@Skeeterpan noooo..that 1 suxx..lowkey..lol,50199041,"understated, restrained, discreet; somewhat or to a limited degree",emphasis,casual_conversation,false,
lowkey,10099890965,2010-03-07,dudee who work at my job got a fat ass weggie. i wish he wud get it out... lowkey,33707103,"understated, restrained, discreet; somewhat or to a limited degree",emphasis,commenting,false,
lowkey,10099891875,2010-03-07,Lmao I'm lowkey still high...ugh man I'm bouts to smoke sum more,37067700,"understated, restrained, discreet; somewhat or to a limited degree",emphasis,commenting,false,
lowkey,11461557057,2010-04-02,"#Nowplaying ""RollerCoaster"" - @ludajuice n Shawnna ....lowkey dis 1 of my favorite songs rite now",101688828,"understated, restrained, discreet; somewhat or to a limited degree",emphasis,music_discussion,false,Manual override -> music_discussion
lowkey,11461568892,2010-04-02,#lowkey miss my babe,46292283,"understated, restrained, discreet; somewhat or to a limited degree",emphasis,commenting,false,
lowkey,11461571799,2010-04-02,#random the white lady and white boy on sports nation be sooo funny lowkey,115729308,"understated, restrained, discreet; somewhat or to a limited degree",emphasis,commenting,false,
lowkey,11461596051,2010-04-02,Still in the arc with Christina I lowkey loveeeee her,19519384,"understated, restrained, discreet; somewhat or to a limited degree",emphasis,commenting,false,
lowkey,11461667910,2010-04-02,lmao!! I wanna see too! RT @Cedesss21    @tvvin hahahah i gta see a kid pic lol i lookd semi chinese ina way hahha lowkey,28538729,"understated, restrained, discreet; somewhat or to a limited degree",emphasis,casual_conversation,false,
lowkey,11461692302,2010-04-02,RT @MrActinBrandNew: ....soooo...I #lowkey want a Easter basket...#nobullshit...I remember them days&lt;&lt;me 2 filld wit shoes an 100z LOL,104718788,"understated, restrained, discreet; somewhat or to a limited degree",emphasis,casual_conversation,false,
lowkey,11461729268,2010-04-02,"@lovelytec u welcome !!!
(lowkey was talkin bout me tho lmao)",78805650,"understated, restrained, discreet; somewhat or to a limited degree",emphasis,casual_conversation,false,
lowkey,11461772709,2010-04-02,Just wokee upp. (: slept for 9hrs woo. Wussuh kids. #lowkey I don't even miss it (: txt it hoes. !,54476373,"understated, restrained, discreet; somewhat or to a limited degree",emphasis,commenting,false,
lowkey,11461781021,2010-04-02,RT @E_Star84: RT @ICIELYNN: #Lowkey strippers got a lot of talent...* yep,29628416,"understated, restrained, discreet; somewhat or to a limited degree",emphasis,casual_conversation,false,
lowkey,11461784307,2010-04-02,#backintheday I had a #lowkey crush on Whitley from #differentworld,44386981,"understated, restrained, discreet; somewhat or to a limited degree",emphasis,commenting,false,
lowkey,11461798475,2010-04-02,Ready to hit this thirsty #lowkey #popped lol,30158068,"understated, restrained, discreet; somewhat or to a limited degree",emphasis,commenting,false,
lowkey,11461799017,2010-04-02,"RT @jdottdot Lowkey, I wish I had the spare funds to buy an iPad. It does look pretty fun to use.&lt;------- I CONCUR!!!!",48385433,"understated, restrained, discreet; somewhat or to a limited degree",emphasis,casual_conversation,false,
lowkey,11461845297,2010-04-02,Im #lowkey fiendin for some gummy bears!,37611649,"understated, restrained, discreet; somewhat or to a limited degree",emphasis,commenting,false,
lowkey,11461847721,2010-04-02,Damn I'm gettin sleepy early 2nite &gt;&gt; #LowKey tired azz hell #thatisall,101388548,"understated, restrained, discreet; somewhat or to a limited degree",emphasis,self_description,false,
lowkey,11461852118,2010-04-02,RT @CookiePoo88    im sitting here lowkey drunk in my mom's face and she doesn't even know lmao&lt;&lt;i bet she does lol,30497429,"understated, restrained, discreet; somewhat or to a limited degree",emphasis,casual_conversation,false,
lowkey,11461870249,2010-04-02,#lowkey tho.... Andre 3000 kolder than Wayne...and Wayne admitted it himself,27152153,"understated, restrained, discreet; somewhat or to a limited degree",emphasis,commenting,false,
lowkey,11461878516,2010-04-02,@interstate_chat haha cus i`m ( lowkey ) grown !!,55780955,"understated, restrained, discreet; somewhat or to a limited degree",emphasis,casual_conversation,false,
lowkey,11461882971,2010-04-02,"@bamboozledjkid idk what they finna do, im finna go home. tired as hell lowkey",29939823,"understated, restrained, discreet; somewhat or to a limited degree",emphasis,casual_conversation,false,
lowkey,11461888120,2010-04-02,"Lowkey, why is she actin so wierd?? @brandonedouglas",115733047,"understated, restrained, discreet; somewhat or to a limited degree",emphasis,casual_conversation,false,
lowkey,11461894177,2010-04-02,@princesstip1989 shid everything been good just coolin tryna stay lowkey...lol,127415510,"understated, restrained, discreet; somewhat or to a limited degree",emphasis,casual_conversation,false,
lowkey,11461903074,2010-04-02,:: don't tell #TeamCiroc but this Bacardi Dragon Berry hits the spot #lowkey ;),32724047,"understated, restrained, discreet; somewhat or to a limited degree",emphasis,commenting,false,
lowkey,11461922352,2010-04-02,@LOWKEY_DANNI yhuu outsidee ?,120575900,"understated, restrained, discreet; somewhat or to a limited degree",emphasis,casual_conversation,false,
lowkey,11461941108,2010-04-02,"@K_Rydah and that most girls, lowkey, are too. boys just mistake it for being cute and shit lol",41744738,"understated, restrained, discreet; somewhat or to a limited degree",emphasis,casual_conversation,false,
lowkey,11461956065,2010-04-02,#lowkey when I'm drunk I say fuck alot @PrettyBrownWow @MizzChocol8te,108093512,"understated, restrained, discreet; somewhat or to a limited degree",emphasis,casual_conversation,false,
lowkey,11461958601,2010-04-02,oh boy. Tupac. Gone way too soon... R.I.P. .... #lowkey he looks like a Yoruba boy that would go by the name of Olusegun though,25207157,"understated, restrained, discreet; somewhat or to a limited degree",emphasis,commenting,false,
lowkey,11461966059,2010-04-02,#Lowkey I miss the old mtv and BET,23701501,"understated, restrained, discreet; somewhat or to a limited degree",emphasis,commenting,false,
lowkey,11461978615,2010-04-02,RT @ICIELYNN: #Lowkey I miss the old mtv and BET,33717660,"understated, restrained, discreet; somewhat or to a limited degree",emphasis,casual_conversation,false,
lowkey,11462005474,2010-04-02,"@ICIELYNN RT #Lowkey I miss the old mtv and BET &lt;&lt;&lt; AGREED!!!  how was ur day, babe?",33717660,"understated, restrained, discreet; somewhat or to a limited degree",emphasis,casual_conversation,false,
lowkey,11462007348,2010-04-02,"RT @TwitMrsWard ""Ketchup Taste Better Squirted Than Dipped"" #firsttimer---LoL lowkey it does effect the taste!! #realshit hah",22180117,"understated, restrained, discreet; somewhat or to a limited degree",emphasis,casual_conversation,false,
lowkey,11462032882,2010-04-02,RT @LOWKEY_DANNI: #backinthedays name belts was the shixt .. Had the ones wiid dimonds the one wiid the battery plain one lmao,97500986,"understated, restrained, discreet; somewhat or to a limited degree",emphasis,casual_conversation,false,
lowkey,11856664203,2010-04-09,So...about to finally watch #Precious.  #LowKey...I already laughed a little.  Oops!  #SueMe!,101815877,"understated, restrained, discreet; somewhat or to a limited degree",emphasis,commenting,false,
lowkey,11856712567,2010-04-09,"@SimpleeAdvanced Ay lowkey, I love this major... mega fun... especially with a Media Production cognate.. 210 is just blah! lmao",17292498,"understated, restrained, discreet; somewhat or to a limited degree",emphasis,casual_conversation,false,
lowkey,11856792160,2010-04-09,@JReedSODMG Yea we needa b lowkey on her cuz u kno ah auntie wit duh 3rd eye mite have ah twitter accounts lol,21064874,"understated, restrained, discreet; somewhat or to a limited degree",emphasis,casual_conversation,false,
lowkey,11856797791,2010-04-09,@deshamack its coo im not even trippin i was lowkey tired too ! but yupp @deshamack was the special lit heffa i was talkin about aha no homo,64595108,"understated, restrained, discreet; somewhat or to a limited degree",emphasis,self_description,false,
lowkey,11856797990,2010-04-09,@President_Jonny ohhh i knew ittt. I TOLD HIM ITS #LOWKEY. damn santa hahahaa,53288244,"understated, restrained, discreet; somewhat or to a limited degree",emphasis,casual_conversation,false,
lowkey,11856825725,2010-04-09,"@lowkey_Juice lmfaooooooooo "") ii kendraa",49861620,"understated, restrained, discreet; somewhat or to a limited degree",emphasis,casual_conversation,false,
lowkey,11856842912,2010-04-09,"@ochoNFLcinco8 just every guy i know cheated on his girl at least once 1 n ight thing!, damn!&lt;- U just snitched on all yo homies lowkey lol",55115166,"understated, restrained, discreet; somewhat or to a limited degree",emphasis,casual_conversation,false,
lowkey,11856859193,2010-04-09,#lowkey I'm shitfaced! And I have to drive home! I'm in palm desert!!! Lol help!!!,20211493,"understated, restrained, discreet; somewhat or to a limited degree",emphasis,commenting,false,
lowkey,11856863184,2010-04-09,@loveJori NOPE TO LATE I JUS SAW A SOFTER SIDE OF JORI IT WAS LOWKEY CREEPY I AINT KNO HOW TO DEAL WIT IT :P LOL,44398360,"understated, restrained, discreet; somewhat or to a limited degree",emphasis,casual_conversation,false,
lowkey,11856881113,2010-04-09,"Rob surprisedd meh today I wrk =) , got lowkey hypedd lol tht was like my 2nd one today",100669880,"understated, restrained, discreet; somewhat or to a limited degree",emphasis,commenting,false,
lowkey,11856881191,2010-04-09,I'm #lowkey throwed...smh. I think I followed my ace a liiiiiiil too hard. hahahaha,52281086,"understated, restrained, discreet; somewhat or to a limited degree",emphasis,commenting,false,
lowkey,11856883119,2010-04-09,@Analyst2010 Complexity was my shit #lowkey,27493594,"understated, restrained, discreet; somewhat or to a limited degree",emphasis,casual_conversation,false,
lowkey,11856908372,2010-04-09,AS A MAN THIS IS LOWKEY THE STORY OF MY LIFE LOL J. Cole feat. Brandon Hines - Dreams http://youtu.be/HYs5QkAbEUQ,44398360,"understated, restrained, discreet; somewhat or to a limited degree",emphasis,article_sharing,false,
lowkey,11856944476,2010-04-09,Excite lowkey for tomorrow like. @Alumnitheaterco We're Gonna do amazing!!,66916556,"understated, restrained, discreet; somewhat or to a limited degree",emphasis,casual_conversation,false,
lowkey,11856974638,2010-04-09,@prettyliljayde u lowkey look familiar i prolly seen u around at a bball game or something lol,46476077,"understated, restrained, discreet; somewhat or to a limited degree",emphasis,casual_conversation,false,
lowkey,11856983463,2010-04-09,#Lowkey I Rock :T,102913693,"understated, restrained, discreet; somewhat or to a limited degree",emphasis,commenting,false,
lowkey,11856990271,2010-04-09,@BukieBaby haha I think I wanna go to train ups lowkey,115819659,"understated, restrained, discreet; somewhat or to a limited degree",emphasis,casual_conversation,false,
lowkey,11856993345,2010-04-09,@RuthLessAsCanBe yess likle twins...tell @mapps_supafly he cant come lol only u an @Lowkey_2012,34737293,"understated, restrained, discreet; somewhat or to a limited degree",emphasis,casual_conversation,false,
lowkey,11857007180,2010-04-09,"@ManOn_aMission awwwwwwww thats so good, I'm happy for him, he was #lowkey already married tho, just needed the ring and paper lol",27152153,"understated, restrained, discreet; somewhat or to a limited degree",emphasis,casual_conversation,false,
lowkey,11857095703,2010-04-09,But #lowkey I feel like goin ham on a #tt lol,50626535,"understated, restrained, discreet; somewhat or to a limited degree",emphasis,self_description,false,
lowkey,11857100815,2010-04-09,I am pretty annoyed right now..but lowkey....I expected it.,98756534,"understated, restrained, discreet; somewhat or to a limited degree",emphasis,commenting,false,
lowkey,11857101817,2010-04-09,Lockin myself in my room tomorrow. Fuck school... Fuck people. Very #lowkey tomorrow.. Please DO NOT call me!.. On my own shit!,25192508,"understated, restrained, discreet; somewhat or to a limited degree",emphasis,commenting,false,
lowkey,11857121210,2010-04-09,i play the lowkey antisocial role because idk who to trust sometimes,42183834,"understated, restrained, discreet; somewhat or to a limited degree",emphasis,commenting,false,
lowkey,11857130701,2010-04-09,RT @lishababey: i play the lowkey antisocial role because idk who to trust sometimes,42060636,"understated, restrained, discreet; somewhat or to a limited degree",emphasis,casual_conversation,false,
lowkey,11857149839,2010-04-09,debates are sermons lowkey #atheist,128454159,"understated, restrained, discreet; somewhat or to a limited degree",emphasis,commenting,false,
lowkey,11857157753,2010-04-09,RT @SooPhisticated: But #lowkey I feel like goin ham on a #tt lol...go hammy then...,40301169,"understated, restrained, discreet; somewhat or to a limited degree",emphasis,self_description,false,
lowkey,11857191683,2010-04-09,#Lowkey Ohh shit me too! Lol RT @xxBella3xx Getting ready for tonight!!! #lowkey aroused ;],27072767,"understated, restrained, discreet; somewhat or to a limited degree",emphasis,casual_conversation,false,
lowkey,11857207317,2010-04-09,I'm lowkey becoming a workaholic!!!0,23175557,"understated, restrained, discreet; somewhat or to a limited degree",emphasis,commenting,false,
lowkey,11857222008,2010-04-09,I took my shoe off...#lowkey I think my feet stink...lolol #shrug,21366718,"understated, restrained, discreet; somewhat or to a limited degree",emphasis,commenting,false,
lowkey,11857235726,2010-04-09,#lowkey blowed in more ways then one...not gonna let it ruin my night. #dpiechi Alums in town=time 2 turn up! LE GO!!,23607710,"understated, restrained, discreet; somewhat or to a limited degree",emphasis,commenting,false,
lowkey,15288534030,2010-06-03,"@MADIEU lowkey, I fucks with chip tha rip. thought you'd be proud.",112353102,"understated, restrained, discreet; somewhat or to a limited degree",emphasis,casual_conversation,false,Manual override -> casual_conversation
lowkey,15288547150,2010-06-03,"@Aruggz oh okay cool, but i be lowkey most of the time unless i really wanna go out!!",44816353,"understated, restrained, discreet; somewhat or to a limited degree",emphasis,casual_conversation,false,
lowkey,15288550525,2010-06-03,@AmirGrandHustle lol!!!! I wouldn't be surprised if someone on here really did have the cure for AIDS lowkey,17956768,"understated, restrained, discreet; somewhat or to a limited degree",emphasis,casual_conversation,false,
lowkey,15288597824,2010-06-03,#lowkey I hate when u tex sumone u love n den after dey disappear dey tex u bac like six hrs later smh,127371519,"understated, restrained, discreet; somewhat or to a limited degree",emphasis,commenting,false,
lowkey,15288651395,2010-06-03,"@LOWKEY_TRIIZZY Nah , I Know Its All Fake I Daton Mean I Dont Like Cena♥",101051682,"understated, restrained, discreet; somewhat or to a limited degree",emphasis,casual_conversation,false,
lowkey,15288653664,2010-06-03,"all of this rain, lightning, and thundering #imscared....#lowkey tho but ssshhhhh dont tell nobody!!!!!!!!",29782564,"understated, restrained, discreet; somewhat or to a limited degree",emphasis,commenting,false,
lowkey,15288697915,2010-06-03,#lowkey how sumone gone call u n put u on hold wtf,127371519,"understated, restrained, discreet; somewhat or to a limited degree",emphasis,commenting,false,
lowkey,15288712210,2010-06-03,So this Nigga @JP_330 taking @Wfranklin30 spot today with the #lowkey jokes,89089556,"understated, restrained, discreet; somewhat or to a limited degree",emphasis,casual_conversation,false,
lowkey,15288712686,2010-06-03,@simply_tiara my bff is in california I dnt have time for this nigga pms'n lol jk but lowkey serious,30394811,"understated, restrained, discreet; somewhat or to a limited degree",emphasis,casual_conversation,true,"Irony audit: Contains 'lol jk but lowkey serious', so the line is at least partly playful/ironic."
lowkey,15288716366,2010-06-03,@LOWKEY_TRIIZZY Come Do It ! I Aint Scared !,101051682,"understated, restrained, discreet; somewhat or to a limited degree",emphasis,casual_conversation,false,
lowkey,15288816167,2010-06-03,"Ayyee this phyllisia ""money clap"" goes hard. #lowkey she kinda reminds me of beyonce.",71620378,"understated, restrained, discreet; somewhat or to a limited degree",emphasis,commenting,false,
lowkey,15288860449,2010-06-03,"#ifhiphopwashighschool @tip would be the bad boy who was lowkey an honor student, and @TinyMajorMama wud be the chick shankin hoes over him!",25014685,"understated, restrained, discreet; somewhat or to a limited degree",emphasis,casual_conversation,false,
lowkey,15288870380,2010-06-03,@SouljaGirl31 lol..i #lowkey got functional ADHD my attention be all ova the place lol...n why ppl keep sayin im nuts or a mess or etc..:-(,52950788,"understated, restrained, discreet; somewhat or to a limited degree",emphasis,casual_conversation,false,
lowkey,15288872475,2010-06-03,@LowKey_Lu those r the starting five!!!...on my team!!!,138123447,"understated, restrained, discreet; somewhat or to a limited degree",emphasis,casual_conversation,false,
lowkey,15288876757,2010-06-03,"RT @UntouchableMac: all of this rain, lightning, and thundering #imscared....#lowkey tho but ssshhhhh dont tell nobody!!!!!!!!",70799431,"understated, restrained, discreet; somewhat or to a limited degree",emphasis,casual_conversation,false,
lowkey,15288880050,2010-06-03,RT @Cree_LowKey    She dead luk like nicki minaj http://twitpic.com/1tep43 &gt;&gt;&gt;&gt;&gt;&gt; No She Dont !!,83481787,"understated, restrained, discreet; somewhat or to a limited degree",emphasis,casual_conversation,false,
lowkey,15288898618,2010-06-03,"wtf, this random #lowkey boy just messaged me! one mo of you guys & im going crazy smh",34634540,"understated, restrained, discreet; somewhat or to a limited degree",emphasis,commenting,false,
lowkey,15288903691,2010-06-03,#lowkey i always wanted to learn how to tap dance lol i wouldve killed but i quit dance when i was 5 hahaha i know thats hard to believe,124816741,"understated, restrained, discreet; somewhat or to a limited degree",emphasis,commenting,false,
lowkey,15288934997,2010-06-03,Damn my arm still lowkey hurts frm when I popped that bitch out a while bck.. #oldassness #thatsthatbullshit,58497361,"understated, restrained, discreet; somewhat or to a limited degree",emphasis,commenting,false,
lowkey,15288956502,2010-06-03,@COkeaLOla circoloooooooo! Or however u spell it. Lowkey..its already the weekend lmfao. Prettybitchhh (smh ),112243596,"understated, restrained, discreet; somewhat or to a limited degree",emphasis,casual_conversation,false,
lowkey,15288964315,2010-06-03,@Rockoxoxo he's just to easy to get lol. Naw but we write on peeps on the time lol lowkey,116635076,"understated, restrained, discreet; somewhat or to a limited degree",emphasis,casual_conversation,false,
lowkey,15289069612,2010-06-03,Need some trees lol #lowkey,27389840,"understated, restrained, discreet; somewhat or to a limited degree",emphasis,commenting,false,
lowkey,15289091460,2010-06-03,lowkey nice as hell http://twitpic.com/1teqzh,52937837,"understated, restrained, discreet; somewhat or to a limited degree",emphasis,article_sharing,false,
lowkey,15289130713,2010-06-03,"Wtf Lmfao My Friend Gary Is A LowKey Freak HaHa. 
#Unexpected",115124813,"understated, restrained, discreet; somewhat or to a limited degree",emphasis,commenting,false,
lowkey,15289151997,2010-06-03,@MrFotogenik and lowkey i just realized i wasnt following you! thats what happens when you tweet from ya bb so damn much! smh,103661383,"understated, restrained, discreet; somewhat or to a limited degree",emphasis,casual_conversation,false,
lowkey,15289258301,2010-06-03,RT @lilduval: Drake and his management are smart as hell. Y'all so slow.........leaked yea right** dat nigga jus lowkey hoed half of twitter,27599207,"understated, restrained, discreet; somewhat or to a limited degree",emphasis,casual_conversation,false,
lowkey,15289266273,2010-06-03,yall tweets are #lowkey depressing .... i wanna effin cuddle!... SHIT!,24896962,"understated, restrained, discreet; somewhat or to a limited degree",emphasis,commenting,false,
lowkey,15289290062,2010-06-03,Me and @its_yuey are bein stalkd lowkey,93525164,"understated, restrained, discreet; somewhat or to a limited degree",emphasis,casual_conversation,false,
lowkey,15289340876,2010-06-03,I'm lowkey scared but imma try and run back the way I can....if I can remember...,78142437,"understated, restrained, discreet; somewhat or to a limited degree",emphasis,commenting,false,
lowkey,15289356275,2010-06-03,"Watching ""Breakout"" on the Discovery Channel #lowkey this shit interesting",104961051,"understated, restrained, discreet; somewhat or to a limited degree",emphasis,commenting,false,
lowkey,19687815942,2010-07-27,#ThanksToHampton I became #lowkey #Bougie.,112269714,"understated, restrained, discreet; somewhat or to a limited degree",emphasis,commenting,false,
lowkey,19687843820,2010-07-27,I know lowkey @theshedderone is cised his school is a damn trending topic...while I'm confused lol,20190597,"understated, restrained, discreet; somewhat or to a limited degree",emphasis,casual_conversation,false,
lowkey,19687853130,2010-07-27,@BrattOnline have you heard of a rapper called lowkey?,168739612,"understated, restrained, discreet; somewhat or to a limited degree",emphasis,casual_conversation,false,
lowkey,19687858919,2010-07-27,@AyO_oItsBritt nothiin lowkey,94165422,"understated, restrained, discreet; somewhat or to a limited degree",emphasis,casual_conversation,false,
lowkey,19687869460,2010-07-27,@TomboyInHeels I lowkey do lmao,42461747,"understated, restrained, discreet; somewhat or to a limited degree",emphasis,casual_conversation,false,
lowkey,19687872306,2010-07-27,"RT @Lisa_Blazed: #ThanksToHampton I became #lowkey #Bougie.»» Lol, I didn't notice until I got home",67474082,"understated, restrained, discreet; somewhat or to a limited degree",emphasis,casual_conversation,false,
lowkey,19687873269,2010-07-27,That shit bigger than a triple whopper #lowkey,147245605,"understated, restrained, discreet; somewhat or to a limited degree",emphasis,commenting,false,
lowkey,19687936503,2010-07-27,RT @Chasin_chedda RT @Trilla_Mayne: @Chasin_chedda RT @SlimFiiine: #lowkey I wanna av8ter shirt lol--getchu one!|I will!,130365577,"understated, restrained, discreet; somewhat or to a limited degree",emphasis,casual_conversation,false,
lowkey,19687944684,2010-07-27,Ooooooooh shit its a cop wiiiiildin on the high way this ni99a swervin from lane to lane like TRIPPIN I'm lowkey scared!,24342775,"understated, restrained, discreet; somewhat or to a limited degree",emphasis,commenting,false,
lowkey,19687968748,2010-07-27,"@_blackGallagher :) of courseee. I'm lowkey excited, haha.",27692211,"understated, restrained, discreet; somewhat or to a limited degree",emphasis,casual_conversation,false,
lowkey,19687992444,2010-07-27,yea we gon get it in ion fugg wit u n a min i been lowkey now its time bruh #legoo @BIGJROLLA,117177731,"understated, restrained, discreet; somewhat or to a limited degree",emphasis,casual_conversation,false,
lowkey,19688013428,2010-07-27,Been watchin bad girls club all day....I lowkey wanna c the new one tho,104078237,"understated, restrained, discreet; somewhat or to a limited degree",emphasis,commenting,false,
lowkey,19688098799,2010-07-27,"RT @legendary_ty: RT @Lisa_Blazed: #ThanksToHampton I became #lowkey #Bougie.»» Lol, I didn't notice until I got home&gt;&gt;ME 2! Lls",112269714,"understated, restrained, discreet; somewhat or to a limited degree",emphasis,casual_conversation,false,
lowkey,19688103767,2010-07-27,I lowkey feel bad I'm neglecting someone cause I'm working so much overtime.,119273848,"understated, restrained, discreet; somewhat or to a limited degree",emphasis,commenting,false,
lowkey,19688194449,2010-07-27,Lowkey the only Time Howard Students rep Howard is when we talkin about other schools We can talk about our school You Better Not though,22570208,"understated, restrained, discreet; somewhat or to a limited degree",emphasis,commenting,false,
lowkey,19688206114,2010-07-27,lowkey ima BALLER; i jst dnt ball... i save:) #smartgirl,114698746,"understated, restrained, discreet; somewhat or to a limited degree",emphasis,commenting,false,
lowkey,19688208200,2010-07-27,@TRENDYBLACKGUY lol #lowkey celebrity not!,53698685,"understated, restrained, discreet; somewhat or to a limited degree",emphasis,casual_conversation,false,
lowkey,19688240158,2010-07-27,Smh .. I lowkey don't get it!!! Okkkkkkkkkkk thooooo! @iGottaHugeEGO_,95714894,"understated, restrained, discreet; somewhat or to a limited degree",emphasis,casual_conversation,false,
lowkey,19688245652,2010-07-27,@omgitsJACQUIE blahhhh! aww well at least u got to talk to him! i lowkey ditched mine! BOY BYE!,70423048,"understated, restrained, discreet; somewhat or to a limited degree",emphasis,casual_conversation,false,
lowkey,19688250584,2010-07-27,That was a rap lowkey lmao,126785624,"understated, restrained, discreet; somewhat or to a limited degree",emphasis,commenting,false,
lowkey,19688256165,2010-07-27,Getting beckay washed she is lowkey dirty :(,42194625,"understated, restrained, discreet; somewhat or to a limited degree",emphasis,commenting,false,
lowkey,19688281801,2010-07-27,"@eKiiLLa shuupppp Eric! Home is good, but im missing Tucson lowkey! hahah i can't wait to get back....whats going on with you?",57518068,"understated, restrained, discreet; somewhat or to a limited degree",emphasis,casual_conversation,false,
lowkey,19688283590,2010-07-27,Any kid who can dance and move like a chick and dresses like a pack of lifesavers must be lowkey gayyy. Using that #nohomo makes it clear.,96876317,"understated, restrained, discreet; somewhat or to a limited degree",emphasis,commenting,false,
lowkey,19688305003,2010-07-27,RT @kay_coyote: #thankstohampton everybody from back home thinks i'm bougie lol they #lowkey prolly right,35064173,"understated, restrained, discreet; somewhat or to a limited degree",emphasis,casual_conversation,false,
lowkey,19688324466,2010-07-27,"Watching Sanford and Son with the goons...lol,I'm gonna miss these guys #lowkey",23717918,"understated, restrained, discreet; somewhat or to a limited degree",emphasis,commenting,false,
lowkey,19688332607,2010-07-27,Lowkey... I Wish Ppl Would Stop Askin Me If I'm Goin Back 2 CAU...Especially If I Already Told U The Deal!lol,31195013,"understated, restrained, discreet; somewhat or to a limited degree",emphasis,commenting,false,
lowkey,19688339980,2010-07-27,Just pulled up next to Joe Johnson in a Porshe..and he gave Mr a head nod lowkey made my day #nohomo,125149092,"understated, restrained, discreet; somewhat or to a limited degree",emphasis,commenting,false,
lowkey,19688369031,2010-07-27,RT @momindy #HonestyHour I've lowkey went ham on a couple of people but they don't realize it or realize later.except for @UrsTrulyAush lol,160327878,"understated, restrained, discreet; somewhat or to a limited degree",emphasis,casual_conversation,false,
lowkey,19688417477,2010-07-27,Aye but dat spaghetti lowkey smell good tho #realshit which one of yall should get credit for it @AloFromTheWest @EMAN_OF_LAD ???????,24489188,"understated, restrained, discreet; somewhat or to a limited degree",emphasis,casual_conversation,false,
lowkey,19688450575,2010-07-27,@MosesC Lowkey it was nice seeing the Dip back together,42105000,"understated, restrained, discreet; somewhat or to a limited degree",emphasis,casual_conversation,false,
lowkey,22825232887,2010-09-02,I'm Bout to Take a Shit on a Brand New Toliet...been lowkey Shitting on Niggas Some Much they Upgraded me to a #Kohler #NoBS,117168468,"understated, restrained, discreet; somewhat or to a limited degree",emphasis,commenting,false,
lowkey,22825264637,2010-09-02,@honeyDOOwhop #lowkey i would only cuz your my best friend in the whole wide world but just take my word for it cuz i'm oh so serious lol,111072456,"understated, restrained, discreet; somewhat or to a limited degree",emphasis,casual_conversation,false,
lowkey,22825297783,2010-09-02,RT @PoPuLaRdEmAnD08    #oneofmafollowers was #lowkey gettin hit on by a gay dude lolz,36788637,"understated, restrained, discreet; somewhat or to a limited degree",emphasis,casual_conversation,false,
lowkey,22825337278,2010-09-02,"these ppl on the buss be w"" the funnies but i be lowkey tryin not to lauqh lol",108737786,"understated, restrained, discreet; somewhat or to a limited degree",emphasis,commenting,false,
lowkey,22825351263,2010-09-02,Maybe I Should Tweet More. I've Been Stuck At 505 For Hellas Cuss Of #LowKey Unfollowers.,36212511,"understated, restrained, discreet; somewhat or to a limited degree",emphasis,commenting,false,
lowkey,22825409227,2010-09-02,Someone is a killa of another tweets. #lowkey,181284190,"understated, restrained, discreet; somewhat or to a limited degree",emphasis,commenting,false,
lowkey,22825454541,2010-09-02,@LowKey_Nea wAt u doing,170846977,"understated, restrained, discreet; somewhat or to a limited degree",emphasis,casual_conversation,false,
lowkey,22825464611,2010-09-02,@Swizzzy lowkey I am being a bad mommy tho he needs a fade asap -__- he looks like a fur ball,90100178,"understated, restrained, discreet; somewhat or to a limited degree",emphasis,casual_conversation,false,
lowkey,22825466700,2010-09-02,Lowkey my weekend just started,68999541,"understated, restrained, discreet; somewhat or to a limited degree",emphasis,commenting,false,
lowkey,22825473171,2010-09-02,Bueno !! RT @TALLasHeck: may have just aced this Spanish quiz. #lowkey excited lol.,24589909,"understated, restrained, discreet; somewhat or to a limited degree",emphasis,casual_conversation,false,
lowkey,22825482341,2010-09-02,@B_HaZ3 I know rite! But it's lowkey funny...,151238549,"understated, restrained, discreet; somewhat or to a limited degree",emphasis,casual_conversation,false,
lowkey,22825536852,2010-09-02,@RealRyte_Tyke I knoo I be Lowkey #Nshyt..Feel me..,26279749,"understated, restrained, discreet; somewhat or to a limited degree",emphasis,casual_conversation,false,
lowkey,22825571418,2010-09-02,Oh my 3:30 was cancelled!! She said it's for emergency reasons but I #lowkey believe it's because of her Alma mater's football game wknd,24589909,"understated, restrained, discreet; somewhat or to a limited degree",emphasis,commenting,false,
lowkey,22825574235,2010-09-02,"Fuck ya kids ma RT @ZannyGetPanties: I'm lowkey scared this roadtrip will be like Cam's skit before ""Reasons"" on ""Purple Haze""",76423619,"understated, restrained, discreet; somewhat or to a limited degree",emphasis,casual_conversation,false,
lowkey,22825574930,2010-09-02,@JayR_Flow i dont see how yall can do the gym..i be lowkey lazy lol,179662036,"understated, restrained, discreet; somewhat or to a limited degree",emphasis,casual_conversation,false,
lowkey,22825687802,2010-09-02,@LowKey_Nea oo weAr u going,170846977,"understated, restrained, discreet; somewhat or to a limited degree",emphasis,casual_conversation,false,
lowkey,22825697222,2010-09-02,#lowkey dont wanna go on this date tonight.,95372207,"understated, restrained, discreet; somewhat or to a limited degree",emphasis,commenting,false,
lowkey,22825751151,2010-09-02,@Hasifah_Lowkey i cant retweet ur tweets :( annoying!lol :P,23625745,"understated, restrained, discreet; somewhat or to a limited degree",emphasis,casual_conversation,false,
lowkey,22825758618,2010-09-02,"RT @GlobalFaction: ...can't stop watching Lowkey's ""terrorist?"" video...""This is very basic, one nation in the world has over a thousand ...",157640044,"understated, restrained, discreet; somewhat or to a limited degree",emphasis,casual_conversation,false,
lowkey,22825885473,2010-09-02,I like Justin cus this nigga is as crazy as I am . Lowkey like the boy version of meeeee,112261760,"understated, restrained, discreet; somewhat or to a limited degree",emphasis,commenting,false,
lowkey,22825917599,2010-09-02,I Love Todayy :) chillinqq in mahh room withh the AC on full blast && watchinqq some TV  #lowkey I needed a dayy off...lol,33612178,"understated, restrained, discreet; somewhat or to a limited degree",emphasis,commenting,false,
lowkey,22825943842,2010-09-02,@Hasifah_Lowkey i think you have it locked so only ur followers can see ur tweets..ah well its their loss :P,23625745,"understated, restrained, discreet; somewhat or to a limited degree",emphasis,casual_conversation,false,
lowkey,22826035148,2010-09-02,Lowkey I think I wanna say eff this class cuz Im hungry lol Ive attended every last one shoot..but my conscience is too guilty ill feel bad,53762676,"understated, restrained, discreet; somewhat or to a limited degree",emphasis,commenting,false,
lowkey,22826084201,2010-09-02,Lowkey this bouta be my start of the semester hustle from now on!,24623856,"understated, restrained, discreet; somewhat or to a limited degree",emphasis,commenting,false,
lowkey,22826096593,2010-09-02,@Tee_LowKey we was tweetin earlier what u mean,34015021,"understated, restrained, discreet; somewhat or to a limited degree",emphasis,casual_conversation,false,
lowkey,22826096963,2010-09-02,@Tellythediva I'm new to this shit lowkey but wats been good my nigga,181283919,"understated, restrained, discreet; somewhat or to a limited degree",emphasis,casual_conversation,false,
lowkey,22826126128,2010-09-02,Haha tell her--RT @ikePrince This girl next to me keeps on #lowkey moaning.. Somebody better tell her to stop..,28831721,"understated, restrained, discreet; somewhat or to a limited degree",emphasis,casual_conversation,false,
lowkey,22826209654,2010-09-02,EVERYBODY AT CAU IS LOWKEY GOING IN ON THE MIDGET GIRL,168408246,"understated, restrained, discreet; somewhat or to a limited degree",emphasis,commenting,false,
lowkey,22826239414,2010-09-02,Sitting next to ma nikka twitter at our lowkey hot teacher's art class ahaha,177119260,"understated, restrained, discreet; somewhat or to a limited degree",emphasis,commenting,false,
lowkey,22826320367,2010-09-02,@badbittyyy miss you too and let me find out i got the #lowkey dropped =D,163371601,"understated, restrained, discreet; somewhat or to a limited degree",emphasis,casual_conversation,false,
lowkey,26599779914,2010-10-07,Lowkey I didn't kno lil zane was still alive,65443748,"understated, restrained, discreet; somewhat or to a limited degree",emphasis,commenting,false,
lowkey,26599813580,2010-10-07,nick cannon is lowkey old. i peep wikipedia from time to time. lol,30086961,"understated, restrained, discreet; somewhat or to a limited degree",emphasis,commenting,false,
lowkey,26599826204,2010-10-07,"RT @JoeBudden: RT @AikaFatale As much as I think Budden is underrated,I lowkey hopes he doesn't go ""mainstream"".I feel like the masses w ...",42094761,"understated, restrained, discreet; somewhat or to a limited degree",emphasis,self_description,false,
lowkey,26599829765,2010-10-07,RT @SWAyy_: Why Nick Cannon Look Homeless?&lt;--- Yehhhh lowkey ! lmfaoo,142440843,"understated, restrained, discreet; somewhat or to a limited degree",emphasis,casual_conversation,false,
lowkey,26599837456,2010-10-07,@UntouchableCha I'd have to see it to believe it! Lol But lowkey and out the way...wbu know u hittin Black Couture,87974024,"understated, restrained, discreet; somewhat or to a limited degree",emphasis,casual_conversation,false,
lowkey,26599891039,2010-10-07,@Manda_Kelsey I lowkey still will listen to it now lol love you too,41299270,"understated, restrained, discreet; somewhat or to a limited degree",emphasis,casual_conversation,false,
lowkey,26599891550,2010-10-07,@Uwillbeobsessed #lowkey bothing #highkey on drugs!,100683465,"understated, restrained, discreet; somewhat or to a limited degree",emphasis,casual_conversation,false,
lowkey,26599907521,2010-10-07,"#lowkey @chrisbrown looks soooooooooooooooo sexy, beyond sexy when he does his dougie =) OMG!!",119966065,"understated, restrained, discreet; somewhat or to a limited degree",emphasis,casual_conversation,false,
lowkey,26599960108,2010-10-07,RT @GyrlJasmine Lowkey wanna drink 2night &lt; join me!!! Lol,137896064,"understated, restrained, discreet; somewhat or to a limited degree",emphasis,casual_conversation,false,
lowkey,26600022186,2010-10-07,They should bring Free and Aj back #lowkey,161852063,"understated, restrained, discreet; somewhat or to a limited degree",emphasis,commenting,false,
lowkey,26600038911,2010-10-07,"RT @gypsy_CUHh damn I lowkey got a long day tomorrow ;; school, appointment , &' work 8pm-12am &lt;----omg",95175598,"understated, restrained, discreet; somewhat or to a limited degree",emphasis,casual_conversation,false,
lowkey,26600039787,2010-10-07,Lowkey I know that felt like a reunion #106AndPark,93530059,"understated, restrained, discreet; somewhat or to a limited degree",emphasis,commenting,false,
lowkey,26600046687,2010-10-07,@MyCandySo_Fye its always the ones dat be #lowkey wit dem anacondas!!! lmao,50569812,"understated, restrained, discreet; somewhat or to a limited degree",emphasis,casual_conversation,false,
lowkey,26600062505,2010-10-07,@IAMNELSON34 lmao wit wat? You kno that was my lowkey boo!!! Free him right now right now lolol,79605263,"understated, restrained, discreet; somewhat or to a limited degree",emphasis,casual_conversation,false,
lowkey,26600138410,2010-10-07,RT @minnousanta: nick cannon is lowkey old. i peep wikipedia from time to time. lol,125731130,"understated, restrained, discreet; somewhat or to a limited degree",emphasis,casual_conversation,false,
lowkey,26600138416,2010-10-07,106&Park Was Crackin today. Lowkey. A lot of laughs & Good music.,148610064,"understated, restrained, discreet; somewhat or to a limited degree",emphasis,commenting,false,
lowkey,26600185046,2010-10-07,Lowkey I did too! Lol @victoriacherie: @CurlyHeadDiiva i don't get it either...i think its a rap song o_O”,28936076,"understated, restrained, discreet; somewhat or to a limited degree",emphasis,casual_conversation,false,
lowkey,26600215165,2010-10-07,lmfaoo my ass be focusedd @ilove_lehua . lol i lowkey dont be knowninn wut im doinn #nShit . lol,138576249,"understated, restrained, discreet; somewhat or to a limited degree",emphasis,casual_conversation,false,
lowkey,26600221237,2010-10-07,RT @YourZTruly_Rose: @Uwillbeobsessed #lowkey bothing #highkey on drugs! He look real 2006 outdated....,194023031,"understated, restrained, discreet; somewhat or to a limited degree",emphasis,casual_conversation,false,
lowkey,26600228179,2010-10-07,#lowkey I was pissed last night...but don't trip...I used to say that a lot,33963533,"understated, restrained, discreet; somewhat or to a limited degree",emphasis,commenting,false,
lowkey,26600285533,2010-10-07,everyone peeped the face #lowkey,109697099,"understated, restrained, discreet; somewhat or to a limited degree",emphasis,commenting,false,
lowkey,26600289440,2010-10-07,aye .. #Lowkey .. when i think bout it .. i think #LilZane had on an Ed Hardy's Cap .. ...... #JONESONDECK ! haha,94372376,"understated, restrained, discreet; somewhat or to a limited degree",emphasis,commenting,false,
lowkey,26600310905,2010-10-07,Lowkey mad tht we didnt go to 106th & park,160401982,"understated, restrained, discreet; somewhat or to a limited degree",emphasis,commenting,false,
lowkey,26600343052,2010-10-07,Just Got Off The With @zzzMissK. Her Voice Is So Adorable She Sounds Like A #Lowkey 12 Year Old^.^,111814083,"understated, restrained, discreet; somewhat or to a limited degree",emphasis,casual_conversation,false,
lowkey,26600345997,2010-10-07,Me tooo!! RT @justnita: Lowkey mad tht we didnt go to 106th & park,101995236,"understated, restrained, discreet; somewhat or to a limited degree",emphasis,casual_conversation,false,
lowkey,26600359013,2010-10-07,Psssh! #Lowkey RT @Abiola_wealth Corporate beggar RT @shaddybanks: Hpfully RT Moyo_sterling: #nf @TundeEdnut kindly ff bak #Boss,44945255,"understated, restrained, discreet; somewhat or to a limited degree",emphasis,casual_conversation,false,
lowkey,26600360400,2010-10-07,I think all My patnas Have MAINS #Lowkey,72184553,"understated, restrained, discreet; somewhat or to a limited degree",emphasis,commenting,false,
lowkey,26600369842,2010-10-07,"@Mspuffy_marie lmao u funny as hell hahhahah. I c @Kah_rashawn jus as crazy, she jus b lowkey wit it",101636898,"understated, restrained, discreet; somewhat or to a limited degree",emphasis,casual_conversation,false,
lowkey,26600377732,2010-10-07,@youuSCREAMtayy_ bahah. its not @ you. its lowkey an insider cuz i say it to this guy tanner and he doesnt know what it means.(:,103550148,"understated, restrained, discreet; somewhat or to a limited degree",emphasis,casual_conversation,false,
lowkey,27671133517,2010-10-17,@LowKey_Wendy *i HATE themmmmmm !,105156369,"understated, restrained, discreet; somewhat or to a limited degree",emphasis,casual_conversation,false,
lowkey,27671192087,2010-10-17,RT @quanaenycoLe: i'm lowkey tiredd .&lt;good sex will leave u that way lol,117466485,"understated, restrained, discreet; somewhat or to a limited degree",emphasis,self_description,false,Manual override -> self_description
lowkey,27671195354,2010-10-17,niggahs that b in and out of jail...lowkey like it? why they keep goin back ?,52652624,"understated, restrained, discreet; somewhat or to a limited degree",emphasis,commenting,false,
lowkey,27671200441,2010-10-17,@MsNoBooty lol lowkey racist but tru,57801053,"understated, restrained, discreet; somewhat or to a limited degree",emphasis,casual_conversation,false,
lowkey,27671208411,2010-10-17,@flowerflowerr Yea u should its lowkey better:) sometimes tho,86835072,"understated, restrained, discreet; somewhat or to a limited degree",emphasis,casual_conversation,false,
lowkey,27671231854,2010-10-17,"@fckinnPeezzo Yeaaah , Lowkey! im tryna get MY phone back todaay tho , im cleaning &Some more shit haa.",145841538,"understated, restrained, discreet; somewhat or to a limited degree",emphasis,casual_conversation,false,
lowkey,27671272279,2010-10-17,@shontaeloveee tell me why HELLA people say I live by palo lowkey :),55152292,"understated, restrained, discreet; somewhat or to a limited degree",emphasis,casual_conversation,false,
lowkey,27671283552,2010-10-17,@Hawt_CoCo lol yea lowkey...,146332370,"understated, restrained, discreet; somewhat or to a limited degree",emphasis,casual_conversation,false,
lowkey,27671376637,2010-10-17,@TrenttMatthew LMAOO I shoulda lowkey recorded this shyte #intense,196706278,"understated, restrained, discreet; somewhat or to a limited degree",emphasis,casual_conversation,false,
lowkey,27671413071,2010-10-17,my fuckin hand lowkey hurt from punchin that wall kinda. and @DaniellexBaby was drawing dicks all night haha.,164190061,"understated, restrained, discreet; somewhat or to a limited degree",emphasis,casual_conversation,false,
lowkey,27671416338,2010-10-17,@LowKey_1040Boys juss came bacc frumm the bronxx andd u ?,105647371,"understated, restrained, discreet; somewhat or to a limited degree",emphasis,casual_conversation,false,
lowkey,27671417545,2010-10-17,Aye we got a good spot Lowkey,46800215,"understated, restrained, discreet; somewhat or to a limited degree",emphasis,commenting,false,
lowkey,27671421840,2010-10-17,@imsuchagee me 2 tho...lowkey...but I work out everyday almost,21418119,"understated, restrained, discreet; somewhat or to a limited degree",emphasis,casual_conversation,false,
lowkey,27671435429,2010-10-17,i lowkey promoted hahahaha,48797310,"understated, restrained, discreet; somewhat or to a limited degree",emphasis,commenting,false,
lowkey,27671448149,2010-10-17,@im_on_itt haha yu welcomee haa and are yu suree yu knoww yu lowkey want me to buy yu ur own lol,158064325,"understated, restrained, discreet; somewhat or to a limited degree",emphasis,casual_conversation,false,
lowkey,27671467477,2010-10-17,"@twEATadick How you figured?  Lowkey doe I think this a ""straight to dvd"" type movie.",42513683,"understated, restrained, discreet; somewhat or to a limited degree",emphasis,casual_conversation,false,
lowkey,27671469004,2010-10-17,"RT @PointsToSelf: Yo #lowkey 9 yr old Willow Smith's song ""Whip my hair"" is kinda poppin --- Your late baby lol",73711356,"understated, restrained, discreet; somewhat or to a limited degree",emphasis,casual_conversation,false,
lowkey,27671473775,2010-10-17,“@AhmadTheAwesome: i just realized i have a #lowkey crush on a friend. what is that shit? i'm too old for crushes. smh.”,103965769,"understated, restrained, discreet; somewhat or to a limited degree",emphasis,casual_conversation,false,
lowkey,27671498132,2010-10-17,Lowkey Darrion just spoke the truth no dicksuck,57125185,"understated, restrained, discreet; somewhat or to a limited degree",emphasis,commenting,false,
lowkey,27671540291,2010-10-17,C wat RT @LowKey_LayK: I wanna go 2 da movies who rollin??,38785307,"understated, restrained, discreet; somewhat or to a limited degree",emphasis,casual_conversation,false,
lowkey,27671540997,2010-10-17,Ur energy feels so damn good 2 me...smh #lowkey feelin ya brah ;),106168652,"understated, restrained, discreet; somewhat or to a limited degree",emphasis,commenting,false,
lowkey,27671604398,2010-10-17,@LowKey_1040Boys my step brutha football qame,105647371,"understated, restrained, discreet; somewhat or to a limited degree",emphasis,casual_conversation,false,
lowkey,27671619282,2010-10-17,this is lowkey about to be a fail...,49391161,"understated, restrained, discreet; somewhat or to a limited degree",emphasis,commenting,false,
lowkey,27671653502,2010-10-17,@definitelyJAY lowkey I did,51668304,"understated, restrained, discreet; somewhat or to a limited degree",emphasis,casual_conversation,false,
lowkey,27671664979,2010-10-17,@Lowkey_x :O what do you mean? they're amazing! :3,82377978,"understated, restrained, discreet; somewhat or to a limited degree",emphasis,casual_conversation,false,
lowkey,27671665187,2010-10-17,I bet I threw It away.. But I check everything over and over.. On some lowkey OCD shyt..,68802340,"understated, restrained, discreet; somewhat or to a limited degree",emphasis,commenting,false,
lowkey,27671667926,2010-10-17,@BehindTint #lowkey I want a jeep,133879943,"understated, restrained, discreet; somewhat or to a limited degree",emphasis,casual_conversation,false,
lowkey,27671677176,2010-10-17,@LowKey_1040Boys yu got em,78754560,"understated, restrained, discreet; somewhat or to a limited degree",emphasis,casual_conversation,false,
lowkey,27671701198,2010-10-17,@chellebebs Lowkey girlll haha,135342592,"understated, restrained, discreet; somewhat or to a limited degree",emphasis,casual_conversation,false,
lowkey,27671722663,2010-10-17,@MsKourtneyMarie i bn lowkey n layin low for a lil min! Its yo turn to come out da box lol,65619105,"understated, restrained, discreet; somewhat or to a limited degree",emphasis,casual_conversation,false,
motherfucking,7428333681,2010-01-06,"But then again, it's YOU, so... That is nothing new. An apology from you would be a goddamn motherfucking miracle. Really.",16962047,a vulgar intensifier used to add force or emphasis,emphasis,commenting,false,Manual override -> commenting
motherfucking,7428344082,2010-01-06,Sorry to hear we MOTHERFUCKING LOST #WJC!!! SHIT FUCK SANDWICHES!! Any one have Jordan Eberle's cell number?!,102183107,a vulgar intensifier used to add force or emphasis,emphasis,sports_discussion,false,Manual override -> sports_discussion
motherfucking,7428349750,2010-01-06,"@ahizelm if on this weren't AU ""He and Edward go at it like motherfucking bunnies"" lol",25129607,a vulgar intensifier used to add force or emphasis,emphasis,casual_conversation,false,
motherfucking,7428449079,2010-01-06,@arman_pharaoh POPEYES IS THE MOTHERFUCKING BEST! mmmmmmm popeyes :D,36558771,a vulgar intensifier used to add force or emphasis,emphasis,food_related,false,Manual override -> food_related
motherfucking,7428713117,2010-01-06,This is the motherfucking Underground http://www.facebook.com/event.php?eid=238064107487&ref=mf,46734909,a vulgar intensifier used to add force or emphasis,emphasis,article_sharing,false,Manual override -> article_sharing
motherfucking,7428788048,2010-01-06,""" i'm fly in the sky like dat motherfucking ribbon"" bitches got my name on em, and a nigga still living"" ( lil wayne)",60937675,a vulgar intensifier used to add force or emphasis,emphasis,music_discussion,false,Manual override -> music_discussion
motherfucking,7429177565,2010-01-06,sooo motherfucking useless!!!!!!!! fuck that!!!:),73023185,a vulgar intensifier used to add force or emphasis,emphasis,reaction,false,Manual override -> reaction
motherfucking,7429362421,2010-01-06,Definition of A BABY!!! A motherfucking-Rollie-pollie-chubby cheeked-shit machien?now that's a way to describe a baby to me hahaha,21976252,a vulgar intensifier used to add force or emphasis,emphasis,humor,false,Manual override -> humor
motherfucking,7429413647,2010-01-06,Wow... A fucking bullshit lagged session of lame ass MW2 just killed my motherfucking connection. Go fuck yourself.,26871774,a vulgar intensifier used to add force or emphasis,emphasis,gaming,false,Manual override -> gaming
motherfucking,7429725587,2010-01-06,Motherfucking boo.,17063137,a vulgar intensifier used to add force or emphasis,emphasis,reaction,false,Manual override -> reaction
motherfucking,7516809591,2010-01-08,"re: scott pilgim still: and i quote, ""Motherfucking Badass."" -- http://www.ultraculture.co.uk/ (see it now now now)",16413200,a vulgar intensifier used to add force or emphasis,emphasis,article_sharing,false,Manual override -> article_sharing
motherfucking,7517170938,2010-01-08,Just left my motherfucking house ugghh imma be madd late and snowing smh this is going to be a long ass day,51807463,a vulgar intensifier used to add force or emphasis,emphasis,self_description,false,Manual override -> self_description
motherfucking,7517281156,2010-01-08,It's a motherfucking windchill of 3. That's colder than a Republican's family dynamic divided by their steamy adultery.,30416114,a vulgar intensifier used to add force or emphasis,emphasis,commenting,false,Manual override -> commenting
motherfucking,7517311351,2010-01-08,RT @ScreaminLacey: F to the O to the O to the motherfucking D. feed me bitches!,22752833,a vulgar intensifier used to add force or emphasis,emphasis,food_related,false,Manual override -> food_related
motherfucking,7517516322,2010-01-08,"My Uzi still weighs a ton, check the barometer/ I'm hotter than the motherfucking sun, check the thermometer",19623039,a vulgar intensifier used to add force or emphasis,emphasis,commenting,false,
motherfucking,7517869013,2010-01-08,"They made computers?!! RT @ahmadzulkarnain: slow computers: MOTHERFUCKING PHILIPS, of course!",33745130,a vulgar intensifier used to add force or emphasis,emphasis,technology_discussion,false,Manual override -> technology_discussion
motherfucking,7517914768,2010-01-08,@BossBUNNII imma  motherfucking animal cuzzzz,83288962,a vulgar intensifier used to add force or emphasis,emphasis,casual_conversation,false,
motherfucking,7518093615,2010-01-08,There is a senior this year who got accepted to JULLIARD. MOTHERFUCKING JULLIARD.,17668638,a vulgar intensifier used to add force or emphasis,emphasis,commenting,false,
motherfucking,7518303992,2010-01-08,MOTHERFUCKING ASS JUST LIKE U RODE UR OPPONENT...WHO TRIED 2 EGNORE U...BUT U SAW A WAY TO WIN...SO FUCK FAIR PLAY...U REPEATLY AND W/OUT-,22914049,a vulgar intensifier used to add force or emphasis,emphasis,commenting,false,
motherfucking,7600922605,2010-01-10,"RT @Chiinky: My birthday is in TEN motherfucking dayyyyyyys!!! &lt;3 ooooh yea ::kool-aid nigga voice:: =D (lol ""kool aid nigga voice"" LMAOO)",31020633,a vulgar intensifier used to add force or emphasis,emphasis,casual_conversation,false,
motherfucking,7600932080,2010-01-10,@PhilKarst seeing Minka Kelly at the end pretty much ruined Zooey for me. Further proving that A Rod is the motherfucking man.....,94897150,a vulgar intensifier used to add force or emphasis,emphasis,celebrity_gossip,false,Manual override -> celebrity_gossip
motherfucking,7601057175,2010-01-10,RT @Chiinky: My birthday is in TEN motherfucking dayyyyyyys!!! &lt;3 ooooh yea ::kool-aid nigga voice:: =D**lol@oooh yea,50069371,a vulgar intensifier used to add force or emphasis,emphasis,casual_conversation,false,
motherfucking,7601112116,2010-01-10,"why is it so motherfucking cold in this city, make it go awaaay!",74618739,a vulgar intensifier used to add force or emphasis,emphasis,commenting,false,
motherfucking,7601468818,2010-01-10,"RT @M3LissaG13: my roomate is 6'2'' she a beast she's a dog, she's a motherfucking problem *lil wayne voice* &lt;~ got me dying in di gym! Haaa",42571748,a vulgar intensifier used to add force or emphasis,emphasis,music_discussion,false,
motherfucking,7601506581,2010-01-10,Gotta take those motherfucking stupid pictures now.,24421070,a vulgar intensifier used to add force or emphasis,emphasis,commenting,false,
motherfucking,7601521332,2010-01-10,"You've got to be motherfucking kidding me, Patriots. Come on.",24966109,a vulgar intensifier used to add force or emphasis,emphasis,commenting,false,
motherfucking,7601801028,2010-01-10,I just walked by a motherfucking elephant & it about killed me that I couldn't stop and play with it :(,8836602,a vulgar intensifier used to add force or emphasis,emphasis,commenting,false,
motherfucking,7601828384,2010-01-10,@tlkaply Is it safe to assume this means you are MOTHERFUCKING PANTS-FREE?,14914223,a vulgar intensifier used to add force or emphasis,emphasis,casual_conversation,false,
motherfucking,7601881974,2010-01-10,@jonallenmichael happy motherfucking birthday! i love and miss you.,22016829,a vulgar intensifier used to add force or emphasis,emphasis,casual_conversation,false,
motherfucking,8659273362,2010-02-05,@npuckerman what a motherfucking ass hole. &gt;:/,101627495,a vulgar intensifier used to add force or emphasis,emphasis,casual_conversation,false,
motherfucking,8659306003,2010-02-05,Snowpocalypse: Get some motherfucking groceries on this motherfucking plane!,20696430,a vulgar intensifier used to add force or emphasis,emphasis,commenting,false,
motherfucking,8659578567,2010-02-05,FUCK i just got a motherfucking ticket,18202172,a vulgar intensifier used to add force or emphasis,emphasis,commenting,false,
motherfucking,8659889822,2010-02-05,Samoa motherfucking Joe!!!!! Hell yeah!!! Jesse Neal JOE'S GONNA KILL YOU!!!,64745982,a vulgar intensifier used to add force or emphasis,emphasis,commenting,false,
motherfucking,8660028664,2010-02-05,FUCK MY MOTHERFUCKING LIFE!!!!!!!!!!!!!!!!!!!!!!!!!!!!!!!!!!!!!!!!!!!!!!!!!!!!!!!!!!!!!!!!!!!!!!!!!!!!!!!!!!!!!!!!!!!!,14589447,a vulgar intensifier used to add force or emphasis,emphasis,commenting,false,
motherfucking,8660074331,2010-02-05,STRANGER DANGER ON MY MOTHERFUCKING TV SCREEN!,22491296,a vulgar intensifier used to add force or emphasis,emphasis,commenting,false,
motherfucking,8660114006,2010-02-05,It's motherfucking Cadbury Mini-Egg season.,16486155,a vulgar intensifier used to add force or emphasis,emphasis,commenting,false,
motherfucking,8660315471,2010-02-05,"Showerrr, then homework. Still have a motherfucking headache. Had it since i got outta...: http://chatter.com/a/1ozl9",59940505,a vulgar intensifier used to add force or emphasis,emphasis,article_sharing,false,
motherfucking,8660564514,2010-02-05,Do we have 2 go on formspring 2 ask u a question? RT@snaxboogie: Ask me a motherfucking question i'm drunk http://formspring.me/SnaxBoogie,73774604,a vulgar intensifier used to add force or emphasis,emphasis,casual_conversation,false,
motherfucking,8660657513,2010-02-05,I just got a motherfucking turkey! My second one ever! #allpraisethegoddessofbowling,36089258,a vulgar intensifier used to add force or emphasis,emphasis,commenting,false,
motherfucking,8712720312,2010-02-06,Just took a hard look at the shooting sched for @theodoreisdying. Oh yeah. That's why I stopped acting. Its hard motherfucking work.,17957729,a vulgar intensifier used to add force or emphasis,emphasis,casual_conversation,false,
motherfucking,8713240961,2010-02-06,because i am a motherfucking artiste,11461532,a vulgar intensifier used to add force or emphasis,emphasis,commenting,false,
motherfucking,8713603136,2010-02-06,SEEE I-I-I-I THINK YOU TRYIN ME. YOU REALLY TRYNA FUCK WITH ME.YOU FUCKIN WITH MY MONEY AND YOU GONNA STAND UP LIKE YOU A MOTHERFUCKING WOM,24496356,a vulgar intensifier used to add force or emphasis,emphasis,commenting,false,
motherfucking,8713609242,2010-02-06,"@calikisses24 Is there a value less than ""slim to motherfucking none""?",59650234,a vulgar intensifier used to add force or emphasis,emphasis,casual_conversation,false,
motherfucking,8713685743,2010-02-06,where yu go tnite? RT @SumsayMerck On the motherfucking stage wit snoop dog at club mansion bioooottttcccch,78432542,a vulgar intensifier used to add force or emphasis,emphasis,casual_conversation,false,
motherfucking,8714137093,2010-02-06,@ChrisMorris528 motherfucking right.,24701208,a vulgar intensifier used to add force or emphasis,emphasis,casual_conversation,false,
motherfucking,8714196259,2010-02-06,"MOTHERFUCKING ASS LICKING COCK SUCKING INTERNET, DIE IN THE FIREY PITS OF HELL",14593794,a vulgar intensifier used to add force or emphasis,emphasis,technology_discussion,false,
motherfucking,8714480527,2010-02-06,"Sleeping Giants, bitches! Motherfucking HALE yeah!",23934958,a vulgar intensifier used to add force or emphasis,emphasis,commenting,false,
motherfucking,8714627993,2010-02-06,Any of you fuckin' pricks move and I'll execute every motherfucking last one of you,79422003,a vulgar intensifier used to add force or emphasis,emphasis,commenting,false,
motherfucking,8714874081,2010-02-06,has HAD IT with these motherfucking Snakes on this motherfucking plane!,21541586,a vulgar intensifier used to add force or emphasis,emphasis,music_discussion,false,
motherfucking,8809801776,2010-02-08,"in the JoJo's world, that dude is the motherfucking President of the United States",49277978,a vulgar intensifier used to add force or emphasis,emphasis,commenting,false,
motherfucking,8810077281,2010-02-08,motherfucking Tim Gunn is gonna speak at my school in a couple of weeks. 8D I has an excited.,29706034,a vulgar intensifier used to add force or emphasis,emphasis,commenting,false,
motherfucking,8810404324,2010-02-08,"Please stop walking across my chest while I'm tweeting, motherfucking cat. Actually GTFO of my room.",17565876,a vulgar intensifier used to add force or emphasis,emphasis,commenting,false,
motherfucking,8810870187,2010-02-08,"We raise hell, bitch. We raise hell, bitch. We raise hell, bitch, motherfucking hell, bitch.",24545568,a vulgar intensifier used to add force or emphasis,emphasis,commenting,false,
motherfucking,8811105360,2010-02-08,@TripleDaRapper Real motherfucking word's to live by !!!,93490315,a vulgar intensifier used to add force or emphasis,emphasis,casual_conversation,false,
motherfucking,8811131856,2010-02-08,There is no such thing as speech that is FREE. You PAY for every single word that comes out of your motherfucking mouth! #quotes,35998046,a vulgar intensifier used to add force or emphasis,emphasis,music_discussion,false,
motherfucking,8811139486,2010-02-08,Where's my Motherfucking refund damnit?!,17936417,a vulgar intensifier used to add force or emphasis,emphasis,commenting,false,
motherfucking,8811212762,2010-02-08,UPS truck are MOTHERFUCKING tanks bitches!!!!!!,92561560,a vulgar intensifier used to add force or emphasis,emphasis,commenting,false,
motherfucking,8811744822,2010-02-08,The motherfucking Cancer Bats!!!! #DL2010,75997413,a vulgar intensifier used to add force or emphasis,emphasis,commenting,false,
motherfucking,8812092197,2010-02-08,Morning people! I am not hungover and the Saints won the motherfucking SuperBowl! woot.,59812104,a vulgar intensifier used to add force or emphasis,emphasis,commenting,false,
motherfucking,12092027548,2010-04-13,Ha! Hell yeah! Ha! B on my motherfucking physics test!!,64744897,a vulgar intensifier used to add force or emphasis,emphasis,commenting,false,
motherfucking,12092780084,2010-04-13,"""I've had it with these motherfucking snakes on this motherfucking plane!"" haha @max_the_ripper in the ETF 10 Miles Wide vid =]",60043923,a vulgar intensifier used to add force or emphasis,emphasis,television_reference,false,Manual override -> television_reference
motherfucking,12092807911,2010-04-13,the the mars motherfucking volta and at the MOTHERfuckING drive-in + sparks = the motherFUCKING bomb.  #themarsvolta #atthedrivein,25863960,a vulgar intensifier used to add force or emphasis,emphasis,commenting,false,
motherfucking,12092858042,2010-04-13,"@heebs907 yeah, i had to take a #breakfromstudying. I'm #motherfucking pulling an #allnighter tonight. some bullshit",99599045,a vulgar intensifier used to add force or emphasis,emphasis,casual_conversation,false,
motherfucking,12092896582,2010-04-13,"OK, that's it. I'm motherfucking tweeting John McCain.",131374522,a vulgar intensifier used to add force or emphasis,emphasis,commenting,false,
motherfucking,12093130157,2010-04-13,"twaboutMCCAIN&gt; OK, that's it. I'm motherfucking tweeting John McCain. http://bit.ly/d5NADl",14646765,a vulgar intensifier used to add force or emphasis,emphasis,article_sharing,false,
motherfucking,12093352912,2010-04-13,james motherfucking murphy.,22410894,a vulgar intensifier used to add force or emphasis,emphasis,commenting,false,
motherfucking,12093863040,2010-04-13,@janewiedlin dear AT&T; where's my motherfucking iPhone tetherting I was promised ALMOST A YEAR AGO?!!!??,43697630,a vulgar intensifier used to add force or emphasis,emphasis,casual_conversation,false,
motherfucking,12093896914,2010-04-13,Gonna get my one arm in the motherfucking air sway on so hard to this | Swimming In the Flood : Passion Pit - @hypem http://awe.sm/53Wj6,1007331,a vulgar intensifier used to add force or emphasis,emphasis,casual_conversation,false,
motherfucking,12094071392,2010-04-13,@fuzzmz In this order? You'd better not terrorize nearby cafes with that motherfucking godzilla breath that lack of morning brushing causes,90601789,a vulgar intensifier used to add force or emphasis,emphasis,casual_conversation,false,
motherfucking,12264372448,2010-04-16,RT @Miszbklyn #tachthinks Its always the niggas with the big dicks who can fuck good.. That are motherfucking assholes,66021734,a vulgar intensifier used to add force or emphasis,emphasis,casual_conversation,false,
motherfucking,12264439612,2010-04-16,"Some people just don't get it, then i come in and punch them in their motherfucking faces :D",51643110,a vulgar intensifier used to add force or emphasis,emphasis,commenting,false,
motherfucking,12264583982,2010-04-16,"I'm sorry, no game will be better than one where you are a motherfucking air pirate.",17134154,a vulgar intensifier used to add force or emphasis,emphasis,commenting,false,
motherfucking,12264719219,2010-04-16,IT HAD TO BE MOTHERFUCKING TONIGHT,21782209,a vulgar intensifier used to add force or emphasis,emphasis,commenting,false,
motherfucking,12265034097,2010-04-16,This is the motherfucking beer of the motherfucking gods!!!,58327125,a vulgar intensifier used to add force or emphasis,emphasis,commenting,false,
motherfucking,12265101472,2010-04-16,Motherfucking airhead.,80905873,a vulgar intensifier used to add force or emphasis,emphasis,commenting,false,
motherfucking,12265258481,2010-04-16,I was going to say something to his motherfucking mother but I dident want no motherfucking trouble!@RanenFreshness,74024913,a vulgar intensifier used to add force or emphasis,emphasis,casual_conversation,false,
motherfucking,12265556361,2010-04-16,I do this...I try to get along with twitter. It always ends up bitchslapping me with 10min old tweets...the motherfucking douche nozzle.,102267334,a vulgar intensifier used to add force or emphasis,emphasis,commenting,false,
motherfucking,12265656497,2010-04-16,!!!!  #supernatural was the motherfucking shit 2nite!!!   #teamfreewill ♥♥♥♥♥♥♥,5150811,a vulgar intensifier used to add force or emphasis,emphasis,commenting,false,
motherfucking,12265657962,2010-04-16,@Baroque97 That was one motherfucking save :)?,24496036,a vulgar intensifier used to add force or emphasis,emphasis,casual_conversation,false,
motherfucking,13228571709,2010-05-02,RT @sean_welker: Who brings a motherfucking stepladder onto a bus? #wtfctasucks ((least it wasn't a full-on painters ladder.)),16535975,a vulgar intensifier used to add force or emphasis,emphasis,casual_conversation,false,
motherfucking,13228616638,2010-05-02,"RT @JohnnyBlaze117: @BILLYBLUE305 bill blue thhe truth, if u don't know ask some motherfucking body, N Mia stand up http://myloc.me/6CBtm",52301613,a vulgar intensifier used to add force or emphasis,emphasis,casual_conversation,false,
motherfucking,13228803663,2010-05-02,I'm tired of yah motherfucking Pac-Man fans. Fuck that nikka. @MAYWEATHERMANIA throws the money n d sky and crak (cont) http://tl.gd/142j3j,52602911,a vulgar intensifier used to add force or emphasis,emphasis,casual_conversation,false,
motherfucking,13228884604,2010-05-02,Loud ass motherfucking neighbours! People are trying to sleep here! -_-,52400219,a vulgar intensifier used to add force or emphasis,emphasis,commenting,false,
motherfucking,13228894193,2010-05-02,@joejonas is so motherfucking adorable i cant stand it,22662414,a vulgar intensifier used to add force or emphasis,emphasis,casual_conversation,false,
motherfucking,13228946159,2010-05-02,RT @_heyemuhlee: @joejonas is so motherfucking adorable i cant stand it,69776537,a vulgar intensifier used to add force or emphasis,emphasis,casual_conversation,false,
motherfucking,13228988607,2010-05-02,"@JustinBieber He's a beast, He's a Shawty,He's a MotherFucking Problem 
Only Wish He Would Follow Me But I Still Love Him:)ChuckNorrisStyle",63269123,a vulgar intensifier used to add force or emphasis,emphasis,casual_conversation,false,
motherfucking,13229026732,2010-05-02,#nowplaying @JColeNC WHO DAT WHO DAT BITCH I GOT THAT FLAME!! So don't worry about my motherfucking name,34839669,a vulgar intensifier used to add force or emphasis,emphasis,music_discussion,false,
motherfucking,13229109473,2010-05-02,Fuck the motherfucking pope! http://corcholat.com/$11E,37079062,a vulgar intensifier used to add force or emphasis,emphasis,article_sharing,false,
motherfucking,13229145793,2010-05-02,money motherfucking mayweather!,133115419,a vulgar intensifier used to add force or emphasis,emphasis,commenting,false,
motherfucking,13601602444,2010-05-08,THIS MOTHERFUCKING BJOU WATCH POST VIDEO REFUSES TO UPLOAD.,25746077,a vulgar intensifier used to add force or emphasis,emphasis,commenting,false,
motherfucking,13601618951,2010-05-08,Watching the end of The Losers. Can I just say... Chris Evans is motherfucking HOT.,58083735,a vulgar intensifier used to add force or emphasis,emphasis,commenting,false,
motherfucking,13603015519,2010-05-08,"@BlahMaxine news agency checking motherfucking lottery tickets :| no but serz id be happy if i never saw one of those things again, wbu ?",21075357,a vulgar intensifier used to add force or emphasis,emphasis,casual_conversation,false,
motherfucking,13603266051,2010-05-08,Weather is motherfucking good!! The sun is shining. +32!! I go walking)),104181051,a vulgar intensifier used to add force or emphasis,emphasis,commenting,false,
motherfucking,13603713890,2010-05-08,@ericschmit1991 thats a motherfucking festival man. We gotta pay the hell for that,40237785,a vulgar intensifier used to add force or emphasis,emphasis,casual_conversation,false,
motherfucking,13604247273,2010-05-08,this is a motherfucking invitation,33625721,a vulgar intensifier used to add force or emphasis,emphasis,commenting,false,
motherfucking,13604627671,2010-05-08,Ontem eu tive um momento de badass-motherfucking-zombie...hehehe,76146664,a vulgar intensifier used to add force or emphasis,emphasis,commenting,false,
motherfucking,13605027061,2010-05-08,SAM MOTHERFUCKING TYLER.,34914361,a vulgar intensifier used to add force or emphasis,emphasis,commenting,false,
motherfucking,13605211119,2010-05-08,lost my motherfucking charger,97355953,a vulgar intensifier used to add force or emphasis,emphasis,sports_discussion,false,
motherfucking,13605394371,2010-05-08,goooing too sleep now . this is a fucking night too tell my motherfucking grandchildren about . LMAO ' willlllld aasssss hoooooes !,74092520,a vulgar intensifier used to add force or emphasis,emphasis,commenting,false,
motherfucking,13853192170,2010-05-12,this nigga #LilJon said im with my niggas in a motherfucking moshpit lol,109306715,a vulgar intensifier used to add force or emphasis,emphasis,commenting,false,
motherfucking,13853307602,2010-05-12,Re: I L O motherfucking L'd. http://tinyurl.com/2flfoob,18739295,a vulgar intensifier used to add force or emphasis,emphasis,article_sharing,false,
motherfucking,13853365189,2010-05-12,zero creativity. in an art house that once recorded kurt motherfucking cobain? you guys are fuckin LOSERS.,18179352,a vulgar intensifier used to add force or emphasis,emphasis,commenting,false,
motherfucking,13853377867,2010-05-12,;; Bring the motherfucking ruckas. // 10 days!&lt;3,72084743,a vulgar intensifier used to add force or emphasis,emphasis,commenting,false,
motherfucking,13853672068,2010-05-12,Do you wanna tell me why it's snowing in Colorado in the middle of motherfucking May?!,39935155,a vulgar intensifier used to add force or emphasis,emphasis,commenting,false,
motherfucking,13853775360,2010-05-12,"""Motherfucking gay fish""",44968804,a vulgar intensifier used to add force or emphasis,emphasis,commenting,false,
motherfucking,13854838167,2010-05-12,I dint give a fuck who you dating @ the end of thre day stay out my motherfucking B.I......,28641457,a vulgar intensifier used to add force or emphasis,emphasis,casual_conversation,false,
motherfucking,13855252912,2010-05-12,"BAHAHAHAHAHAH JUST GOT A TXT THAT TOLD ME ""QUIT ALL THAT MOTHERFUCKING FLIRTING ON TWITTER-B4 I FUCK U UP"" EXCUSE U SIR-BUT I'M SINGLE BITCH",40148714,a vulgar intensifier used to add force or emphasis,emphasis,commenting,false,
motherfucking,13855316163,2010-05-12,Pau Gasol was in my dream. And it was motherfucking SPECTACULAR.,92924351,a vulgar intensifier used to add force or emphasis,emphasis,commenting,false,
motherfucking,14553442607,2010-05-23,"it's Pentecost, I'm clean, the birds are singing... but I still wanna take all your promises and shove them down your motherfucking throat.",86908600,a vulgar intensifier used to add force or emphasis,emphasis,commenting,false,
motherfucking,14553462243,2010-05-23,good-motherfucking-night,17859249,a vulgar intensifier used to add force or emphasis,emphasis,commenting,false,
motherfucking,14553578384,2010-05-23,that was the best motherfucking shower EVER!!!,44712992,a vulgar intensifier used to add force or emphasis,emphasis,commenting,false,
motherfucking,14555248474,2010-05-23,oh i'm bored motherfucking motherfucker,62095683,a vulgar intensifier used to add force or emphasis,emphasis,commenting,false,
motherfucking,14555626976,2010-05-23,1 Thing Off Your List. I'm Goin' This Weekend.! -RT @HymenAreola: Six motherfucking Flags. All day. Fuck yes.,129531852,a vulgar intensifier used to add force or emphasis,emphasis,casual_conversation,false,
motherfucking,14555998328,2010-05-23,So HOT. So HOT HOT HOT HOT HOT HOT. I'm melting like a motherfucking sundae.,114291977,a vulgar intensifier used to add force or emphasis,emphasis,commenting,false,
motherfucking,14556192075,2010-05-23,Mandela was released on a Saturday. I remember because it wasn't no motherfucking cartoons on that day. On ANY channel. I aint have cable.,46652973,a vulgar intensifier used to add force or emphasis,emphasis,commenting,false,
motherfucking,14556264298,2010-05-23,14:25 (GMT) - Doing some housework and then I'm gonna do some scripting whilst complaining about the motherfucking heat. DAMN YOU HEAT!!!,28884306,a vulgar intensifier used to add force or emphasis,emphasis,commenting,false,
motherfucking,14556286372,2010-05-23,God dam this motherfucking sun.,85309557,a vulgar intensifier used to add force or emphasis,emphasis,commenting,false,
motherfucking,14556402923,2010-05-23,@emrrrr their accents. so sexy. om nom motherfucking nom ;D haha goodnight pretty lady x,55153270,a vulgar intensifier used to add force or emphasis,emphasis,casual_conversation,false,
motherfucking,15187123174,2010-06-01,mind yo own motherfucking business,122154338,a vulgar intensifier used to add force or emphasis,emphasis,reaction,false,
motherfucking,15187391233,2010-06-01,MOTHERFUCKING OKWERDZ vs. T-REX... yessssssssss!!!!!!,18873047,a vulgar intensifier used to add force or emphasis,emphasis,commenting,false,
motherfucking,15187557126,2010-06-01,PLEASE AND THANK YOU RT @TrueGent_87: mind yo own motherfucking business,113398331,a vulgar intensifier used to add force or emphasis,emphasis,casual_conversation,false,Manual override -> casual_conversation
motherfucking,15187905262,2010-06-01,"RT @lokgotz: Dammit KFC! It's black pepper, not motherfucking kknbccb sohai cibai super kao...!!!&gt; U dun eat spicy dun eat black pepper",33583780,a vulgar intensifier used to add force or emphasis,emphasis,casual_conversation,false,
motherfucking,15187958060,2010-06-01,I HAVE HAD IT WITH THESE MOTHERFUCKING SNAKES ON THIS MOTHERFUCKING PLANE http://tumblr.com/xrwat65br,21475850,a vulgar intensifier used to add force or emphasis,emphasis,music_discussion,false,
motherfucking,15188433785,2010-06-01,Yay for tomorrow being my motherfucking birthday =D,18318037,a vulgar intensifier used to add force or emphasis,emphasis,commenting,false,
motherfucking,15188636464,2010-06-01,"""It's goin' down"" obviously means, ""SUCK ME, BITCH, I'M JASON MOTHERFUCKING DERULO.""",101331597,a vulgar intensifier used to add force or emphasis,emphasis,commenting,false,
motherfucking,15188710312,2010-06-01,morgan need to text me back i need my motherfucking hair did i dont feel like doing it myself,150483410,a vulgar intensifier used to add force or emphasis,emphasis,commenting,false,
motherfucking,15188790507,2010-06-01,"I'm on boat, I'm on a motherfucking boat.  http://tweetphoto.com/25071514",752823,a vulgar intensifier used to add force or emphasis,emphasis,article_sharing,false,
motherfucking,15188868950,2010-06-01,Oh. My. Sweet. Titty. Fuck.,,a vulgar intensifier used to add force or emphasis,emphasis,commenting,false,
motherfucking,16015760265,2010-06-12,"""We have a [motherfucking] ship and take students and faculty around the [motherfucking] world. [We're total badasses.]"" - @sas_president",981101,a vulgar intensifier used to add force or emphasis,emphasis,casual_conversation,false,
motherfucking,16015820753,2010-06-12,stop spamming me with this motherfucking quizzes -.- .-.-,39280074,a vulgar intensifier used to add force or emphasis,emphasis,commenting,false,
motherfucking,16015869309,2010-06-12,Holy. Fuck. My mom is so motherfucking slow.,22519246,a vulgar intensifier used to add force or emphasis,emphasis,commenting,false,
motherfucking,16016014387,2010-06-12,#Shoutout to .... ME... for doing my motherFUCKING thing EVERYDAY and pushing for what i believe in!!,45077286,a vulgar intensifier used to add force or emphasis,emphasis,commenting,false,
motherfucking,16016074444,2010-06-12,WHAT A NIGHT WHAT A MOThERFUCKING NIGHT,95834911,a vulgar intensifier used to add force or emphasis,emphasis,commenting,false,
motherfucking,16016422017,2010-06-12,So motherfucking pancakes it fucking is?,26970368,a vulgar intensifier used to add force or emphasis,emphasis,commenting,false,
motherfucking,16016498670,2010-06-12,If I get cut off by one more fucking car with a bunch of non-USA flags plastered on it…it's going to be a motherfucking riot in this shit,65973925,a vulgar intensifier used to add force or emphasis,emphasis,commenting,false,
motherfucking,16016697578,2010-06-12,"Lmaoo, sheesh! RT @Staiifo0ocuzed: So motherfucking pancakes it fucking is?",22592342,a vulgar intensifier used to add force or emphasis,emphasis,casual_conversation,false,
motherfucking,16016708244,2010-06-12,2 mths from tommorrow is my motherfucking 21st :D,68042516,a vulgar intensifier used to add force or emphasis,emphasis,commenting,false,
motherfucking,16016953352,2010-06-12,"Yeah man lol you know RT @_rosieCAKES: Lmaoo, sheesh! RT @Staiifo0ocuzed: So motherfucking pancakes it fucking is?",26970368,a vulgar intensifier used to add force or emphasis,emphasis,casual_conversation,false,
motherfucking,16953541519,2010-06-24,"@lambvox I'm going to wear it as a motherfucking book contract. (From which I can then get fired.) You're gonna give me a blurb, right? &lt;3",5520382,a vulgar intensifier used to add force or emphasis,emphasis,reaction,false,
motherfucking,16953718520,2010-06-24,MY PATIENCE WAS JUST TAKEN TO THE MOTHERFUCKING MAX! NOT ONLY WAS I ABOUT TO BE JOBLESS I WOULD OF HAD A CASE!,25456766,a vulgar intensifier used to add force or emphasis,emphasis,commenting,false,
motherfucking,16953811707,2010-06-24,Higher than a motherfucking airplane .,29431231,a vulgar intensifier used to add force or emphasis,emphasis,commenting,false,
motherfucking,16954425201,2010-06-24,#showsweneedback motherfucking hey arnold! the jungle movie plz.,70856280,a vulgar intensifier used to add force or emphasis,emphasis,commenting,false,
motherfucking,16954597902,2010-06-24,RAIN OUT OF MOTHERFUCKING NOWHERE!!!,12092932,a vulgar intensifier used to add force or emphasis,emphasis,commenting,false,
motherfucking,16954965641,2010-06-24,sheesh i miss him so much 6 more motherfucking weeks here fml,38629774,a vulgar intensifier used to add force or emphasis,emphasis,commenting,false,
motherfucking,16955375075,2010-06-24,I hate my OCD so motherfucking much.,9275052,a vulgar intensifier used to add force or emphasis,emphasis,self_description,false,
motherfucking,16955660341,2010-06-24,RT @oatmeal The Motherfucking Pterodactyl - The Oatmeal http://bit.ly/6Ef9kS,15398059,a vulgar intensifier used to add force or emphasis,emphasis,casual_conversation,false,
motherfucking,16955689507,2010-06-24,two hundred and motherfucking four yeah,15587723,a vulgar intensifier used to add force or emphasis,emphasis,commenting,false,
motherfucking,16956008669,2010-06-24,god fucking damnit outlook. i have all of my motherfucking contacts saved... how fucking difficult is it for you to autocomplete addresses?,19496635,a vulgar intensifier used to add force or emphasis,emphasis,commenting,false,
motherfucking,17171795577,2010-06-27,"I never would have dreamed In a million years I'd see, so many motherfucking people who feel like me",76181571,a vulgar intensifier used to add force or emphasis,emphasis,commenting,false,
motherfucking,17172101088,2010-06-27,RT @AlanCarr: That was a motherfucking goal!!,21651354,a vulgar intensifier used to add force or emphasis,emphasis,casual_conversation,false,
motherfucking,17172252076,2010-06-27,@fugo Neither can I. I'm allowed my motherfucking opinions dawg. Haha. That's me being angry touchy lady :),153752759,a vulgar intensifier used to add force or emphasis,emphasis,casual_conversation,false,
motherfucking,17172309990,2010-06-27,"@R113 @fibonaccifreak Uruguay...yet they're doing this motherfucking shit?I mean,hw can the neither the referee nor linesman see that goal?",41409433,a vulgar intensifier used to add force or emphasis,emphasis,casual_conversation,false,
motherfucking,17172431016,2010-06-27,"@xerosbeat A tee, Nel...a motherfucking tee. :'(",14284018,a vulgar intensifier used to add force or emphasis,emphasis,casual_conversation,false,
motherfucking,17172548796,2010-06-27,SHITTING MOTHERFUCKING BASTARDS.,15413894,a vulgar intensifier used to add force or emphasis,emphasis,commenting,false,
motherfucking,17172984142,2010-06-27,Dot dot motherfucking dot.,16738490,a vulgar intensifier used to add force or emphasis,emphasis,commenting,false,
motherfucking,17173164491,2010-06-27,"Yes, that's right, Fabio. Take off the good, crossbar hitting striker for motherfucking Heskey. BECAUSE THAT MAKES SENSE. #Worldcup",14907835,a vulgar intensifier used to add force or emphasis,emphasis,commenting,false,
motherfucking,17173189092,2010-06-27,Someone get this motherfucking Gareth Barry out jor!,14267835,a vulgar intensifier used to add force or emphasis,emphasis,commenting,false,
motherfucking,17173300286,2010-06-27,Holy mother of primus! There's gonna be a shitload to talk about this week. Motherfucking skype recorder better work for us!,44173145,a vulgar intensifier used to add force or emphasis,emphasis,commenting,false,
motherfucking,17399152693,2010-06-30,"Dear jackass, my hip hurts so bad. You ran me into a motherfucking trash can. I am quite bruised... :-(",21456543,a vulgar intensifier used to add force or emphasis,emphasis,commenting,false,
motherfucking,17399238426,2010-06-30,is helping raise awareness every single motherfucking day.,22404415,a vulgar intensifier used to add force or emphasis,emphasis,commenting,false,
motherfucking,17399389206,2010-06-30,why are you crazy people camping out at the theatres for the motherfucking eclipse premier YOU ARE WASTING YOUR TIME,79385467,a vulgar intensifier used to add force or emphasis,emphasis,commenting,false,
motherfucking,17399393568,2010-06-30,MOTHERFUCKING BITCH.,150126573,a vulgar intensifier used to add force or emphasis,emphasis,commenting,false,
motherfucking,17399405813,2010-06-30,4. THE MOTHERFUCKING (U.S.S) ENTERPRISE. this shit was mad fun. http://twitpic.com/216i91,19260687,a vulgar intensifier used to add force or emphasis,emphasis,article_sharing,false,
motherfucking,17399419672,2010-06-30,Photo: harrypotterfreak: to that motherfucking choo-choo http://tumblr.com/xddcgbxgl,126340947,a vulgar intensifier used to add force or emphasis,emphasis,article_sharing,false,
motherfucking,17399560623,2010-06-30,RT @wanttosleepfor: why are you crazy people camping out at the theatres for the motherfucking eclipse premier YOU ARE WASTING YOUR TIME,31051243,a vulgar intensifier used to add force or emphasis,emphasis,casual_conversation,false,
motherfucking,17399830400,2010-06-30,"@thevixy If these stupid ass motherfucking sparkly faggot vampires can have sex with a living girl, and a werewolf can love a baby, gays =ok",5644342,a vulgar intensifier used to add force or emphasis,emphasis,casual_conversation,false,
motherfucking,17400111876,2010-06-30,SUPERR MOTHERFUCKING HIGH (@RealWizKhalifa live at http://ustre.am/2SSk ),47768062,a vulgar intensifier used to add force or emphasis,emphasis,casual_conversation,false,
motherfucking,17400350387,2010-06-30,Yo...This Motherfucking app Lets You Get on Twitter @Drakkardnoir Yo app The Shit My nicca This better be official,116117064,a vulgar intensifier used to add force or emphasis,emphasis,casual_conversation,false,
motherfucking,17553609646,2010-07-02,i still taste that motherfucking cigaralalioaf or whatever the eff it was. b.a.r.f or should i say c.o.u.g.h,53956348,a vulgar intensifier used to add force or emphasis,emphasis,commenting,false,
motherfucking,17553928318,2010-07-02,Motherfucking wankers are fucking deploying for YOG. !%$@*,36917978,a vulgar intensifier used to add force or emphasis,emphasis,casual_conversation,false,
motherfucking,17553973491,2010-07-02,FOR THE MOTHERFUCKING WIN http://fc09.deviantart.net/fs71/f/2010/167/7/b/THE_GOOD_DAY_by_UCArts.jpg,15155374,a vulgar intensifier used to add force or emphasis,emphasis,article_sharing,false,
motherfucking,17554157479,2010-07-02,WTF THIS IS MOTHERFUCKING CREEPY.,42652334,a vulgar intensifier used to add force or emphasis,emphasis,commenting,false,
motherfucking,17554351624,2010-07-02,Motherfucking @Male_Duck,82635759,a vulgar intensifier used to add force or emphasis,emphasis,casual_conversation,false,
motherfucking,17554521907,2010-07-02,RT @VitaminCx3: They just played my motherfucking SONG!!!! By Vanity 6! Google it!!,44177215,a vulgar intensifier used to add force or emphasis,emphasis,casual_conversation,false,
motherfucking,17554860175,2010-07-02,@Payton_AEC_ you better not be playing with my motherfucking money in my Al Pacino voice.,152150650,a vulgar intensifier used to add force or emphasis,emphasis,casual_conversation,false,
motherfucking,17555023205,2010-07-02,"My room is finally mint green, motherfucking flaming lips on sunday, back to sleeping on couches and stupid driving in shitty traffic",46755480,a vulgar intensifier used to add force or emphasis,emphasis,commenting,false,
motherfucking,17555167708,2010-07-02,IF I LOSE ONE MORE MOTHERFUCKING FOLLOWER AM GOING OFF LIKE SOME MOTHERFUCKING FIREWORKS,159635822,a vulgar intensifier used to add force or emphasis,emphasis,commenting,false,
motherfucking,17555236434,2010-07-02,"@JulieMonsterr Yesh, i have a motherfucking imaginary beard. Get over it. XD",124317404,a vulgar intensifier used to add force or emphasis,emphasis,casual_conversation,false,
motherfucking,17767476320,2010-07-05,"Motherfucking hormones Dannie, calm the fuck down",61926427,a vulgar intensifier used to add force or emphasis,emphasis,commenting,false,
motherfucking,17767562890,2010-07-05,"""Sometimes you remind me of Chuck Klosterman as a girl."" 
Best. compliment ever @CKlosterman  Neko Case + fireworks, happy motherfucking 4th",17481988,a vulgar intensifier used to add force or emphasis,emphasis,sports_discussion,false,
motherfucking,17767563683,2010-07-05,"Dear Internet, STOP BEING SUCH A MOTHERFUCKING RETARDED SPAZ OF A FAILURE AND STAY ONLINE!! Love, Jasmine♥",67167006,a vulgar intensifier used to add force or emphasis,emphasis,technology_discussion,false,Manual override -> technology_discussion
motherfucking,17767588152,2010-07-05,"@ldmullen Comin' again to save the motherfucking day, yeah!!!",42076000,a vulgar intensifier used to add force or emphasis,emphasis,casual_conversation,false,
motherfucking,17767678716,2010-07-05,http://youtu.be/x_PrT25o8Vs - damm this motherfucking dinosaur puppet,21479167,a vulgar intensifier used to add force or emphasis,emphasis,article_sharing,false,
motherfucking,17767774856,2010-07-05,Motherfucking 4loko maynew,18281423,a vulgar intensifier used to add force or emphasis,emphasis,commenting,false,
motherfucking,17767799719,2010-07-05,RT @KandyKia5: RT @Shan_tile: Happy b dayyyy too my motherfucking honey dipppp @KandyKia5 I love u with all my (cont) http://tl.gd/2ablju,90027814,a vulgar intensifier used to add force or emphasis,emphasis,casual_conversation,false,
motherfucking,17768048131,2010-07-05,http://tweetphoto.com/30915118 for all yall niggas doubting my party eat your motherfucking hearts out #Santos #Santos #Santos,118426828,a vulgar intensifier used to add force or emphasis,emphasis,article_sharing,false,
motherfucking,17768056790,2010-07-05,"IF U IGNORANT MOTHERFUCKING FUCK FACES BELIEVE THAT SHIT THEN,YOU'RE JUST AS STUPID AS @Hollywoodsteve WHO POSTED THAT.",44001361,a vulgar intensifier used to add force or emphasis,emphasis,casual_conversation,false,
motherfucking,17768119761,2010-07-05,Wait Y'all are really partying on a motherfucking slave ship!!,17784710,a vulgar intensifier used to add force or emphasis,emphasis,commenting,false,
motherfucking,17800404080,2010-07-05,THIS REALLY HAS TO HAPPEN SO WORK UR ASS RT @Freefuckinbitch: @itsmeheninah LMFAO!!!! We're on a motherfucking mission! This has to happen,36318026,a vulgar intensifier used to add force or emphasis,emphasis,casual_conversation,false,
motherfucking,17800568737,2010-07-05,It's hot as a motherfucking vagina outside. Maryland has palm trees...who knew? Get me in air condition NOW!,27564203,a vulgar intensifier used to add force or emphasis,emphasis,commenting,false,
motherfucking,17800634726,2010-07-05,"Motherfucking douche KAYXZ. RT @mewnehz: ANYTHING YOU CAN DO, I CAN DO BETTER!",45344071,a vulgar intensifier used to add force or emphasis,emphasis,casual_conversation,false,
motherfucking,17800801609,2010-07-05,Why is the post office always so motherfucking rammed. I hate you.,23530332,a vulgar intensifier used to add force or emphasis,emphasis,self_description,false,
motherfucking,17800889744,2010-07-05,"""I am tired of these motherfucking snakes on this motherfucking plane!"" - Samuel L. Jackson. http://tumblr.com/xmzcsci2c",22242074,a vulgar intensifier used to add force or emphasis,emphasis,music_discussion,false,
motherfucking,17801029222,2010-07-05,"""Oh SHIT I didn't tell you about my motherfucking dreams!... I was being recruited for a boy band!""  #SolGoode  #ajaredletofourthofjuly",101929094,a vulgar intensifier used to add force or emphasis,emphasis,commenting,false,
motherfucking,17801452534,2010-07-05,We got our guns in the motherfucking air,76995714,a vulgar intensifier used to add force or emphasis,emphasis,commenting,false,
motherfucking,17801549328,2010-07-05,MOTHERFUCKING TUNEEEEEEEEEEEEEEEEEEEEEEEE(YouTube http://youtu.be/Fql6aFizfPI?a),123033441,a vulgar intensifier used to add force or emphasis,emphasis,article_sharing,false,
motherfucking,17801665466,2010-07-05,"Then... The Official Pimp, motherfucking T.O.P. walks in.  I WAS THE ONLY ONE THAT WAS SUPER EXCITED BUT IT WAS OKAY.",15871367,a vulgar intensifier used to add force or emphasis,emphasis,commenting,false,
motherfucking,17802141219,2010-07-05,@glhrmoura A ninja witta motherfucking gun,26080945,a vulgar intensifier used to add force or emphasis,emphasis,casual_conversation,false,
motherfucking,18145692840,2010-07-09,Holy shit.  Look at this motherfucking costume. http://i28.photobucket.com/albums/c228/jadedskies/2009Metropolis/kellasww.jpg #wonderwoman,122558761,a vulgar intensifier used to add force or emphasis,emphasis,article_sharing,false,
motherfucking,18145696375,2010-07-09,my life is full of motherfucking assholes. im trapped. wtf,16984393,a vulgar intensifier used to add force or emphasis,emphasis,commenting,false,
motherfucking,18145839186,2010-07-09,RE MOTHERFUCKING TWEET @BIGGSTHAMANAGER LADIES THESE R A MUST IN THIS WEATHER! http://tweetphoto.com/31711361,38781994,a vulgar intensifier used to add force or emphasis,emphasis,casual_conversation,false,
motherfucking,18145985819,2010-07-09,Damn you @eyevsyou I have the motherfucking song on my head now -.-,25454994,a vulgar intensifier used to add force or emphasis,emphasis,casual_conversation,false,
motherfucking,18146160091,2010-07-09,RT @TheHitChamp: I go hard in the motherfucking paint nigga leave u stankin nigga wtf u thinkn nigga,21730001,a vulgar intensifier used to add force or emphasis,emphasis,casual_conversation,false,
motherfucking,18146313520,2010-07-09,"@jrodolfoc te imaginé: ""I want this motherfucking snakes, out of this motherfucking office!""",17670305,a vulgar intensifier used to add force or emphasis,emphasis,casual_conversation,false,
motherfucking,18146669748,2010-07-09,OMG! @chuckwendig is in WoD mirrors. And I don't mean as a writer. He is IN the motherfucking book,16844185,a vulgar intensifier used to add force or emphasis,emphasis,reaction,false,
motherfucking,18146702596,2010-07-09,And all those girls that played me eat your motherfucking heart out,85640517,a vulgar intensifier used to add force or emphasis,emphasis,commenting,false,
motherfucking,18146838918,2010-07-09,@Medusa_Rantz is a  motherfucking  asshat,126635958,a vulgar intensifier used to add force or emphasis,emphasis,casual_conversation,false,
motherfucking,18146853346,2010-07-09,"LOL! RT: @Purmanganato: @jrodolfoc te imaginé: ""I want this motherfucking snakes, out of this motherfucking office!""",56800799,a vulgar intensifier used to add force or emphasis,emphasis,casual_conversation,false,
motherfucking,18192073029,2010-07-10,it's motherfucking 37°C .. IN THE SHADOWS,134494070,a vulgar intensifier used to add force or emphasis,emphasis,commenting,false,
motherfucking,18192346431,2010-07-10,"@BobbyDINO lmao imma let that pass cause you drunk and you knew thaat, and yaaay, im watching pornhub best motherfucking site ever.",35549868,a vulgar intensifier used to add force or emphasis,emphasis,casual_conversation,false,
motherfucking,18192993228,2010-07-10,@d1on Count me out! I love that motherfucking psychic octopus.,20045179,a vulgar intensifier used to add force or emphasis,emphasis,casual_conversation,false,
motherfucking,18193679339,2010-07-10,Photo: el-hereje: For me is this a damn motherfucking fight (Lesnar vs. Carwin UFC 116) http://tumblr.com/xtdd4hi5v,14965699,a vulgar intensifier used to add force or emphasis,emphasis,article_sharing,false,
motherfucking,18193702111,2010-07-10,god damn it fuck this motherfucking shit hole of a day is it fucking over yet cunt shit bitch whore ass twat,16197055,a vulgar intensifier used to add force or emphasis,emphasis,commenting,false,
motherfucking,18194412021,2010-07-10,@HIYACOIST WELL I AM SO MOTHERFUCKING SORRY~~~~,77150519,a vulgar intensifier used to add force or emphasis,emphasis,casual_conversation,false,
motherfucking,18194596282,2010-07-10,"CockSucker, what it do? RT @Emeka_I: @Mac_Skillz Motherfucking motherfucker!",51003313,a vulgar intensifier used to add force or emphasis,emphasis,casual_conversation,false,
motherfucking,18195638354,2010-07-10,@antonghy I'll be so motherfucking willing to sacrifice my education for her... well maybe..,50608767,a vulgar intensifier used to add force or emphasis,emphasis,casual_conversation,false,
motherfucking,18196019605,2010-07-10,OH shit @Jewelusocrazy got a motherfucking twin &gt;&gt;&gt; @rachaelb94 ahaha,47263507,a vulgar intensifier used to add force or emphasis,emphasis,casual_conversation,false,
motherfucking,18196375345,2010-07-10,"in spite of the motherfucking deluge, I made some fine pancakes for breakfast.",9362512,a vulgar intensifier used to add force or emphasis,emphasis,commenting,false,
motherfucking,18528501835,2010-07-14,Me neither. LolRT @ModelCViXxXeN I'm not wearing a bra or panties today.i'm a motherfucking rebel.,80872470,a vulgar intensifier used to add force or emphasis,emphasis,casual_conversation,false,
motherfucking,18528810521,2010-07-14,"Also, Josh and I are like 98% sure we're going to PAX. It's not that expensive and uh it's motherfucking PAX.",34881385,a vulgar intensifier used to add force or emphasis,emphasis,commenting,false,
motherfucking,18529195766,2010-07-14,U neva have them on #OnTwitter anyway I.e ur pic RT @ModelCViXxXeN: I'm not wearing a bra or panties today.   i'm a motherfucking rebel.,67696798,a vulgar intensifier used to add force or emphasis,emphasis,casual_conversation,false,
motherfucking,18529321236,2010-07-14,"@mrjames Give me address, he is rushing for a motherfucking crushing.",10334182,a vulgar intensifier used to add force or emphasis,emphasis,casual_conversation,false,
motherfucking,18529743312,2010-07-14,Motherfucking hungryyyyyyyyyyyyyyy!,165551534,a vulgar intensifier used to add force or emphasis,emphasis,commenting,false,
motherfucking,18529768188,2010-07-14,RT @ImDaSheik: U neva have them on #OnTwitter anyway I.e ur pic RT @ModelCViXxXeN: I'm not wearing a bra or panties today.   i'm a mothe ...,71671748,a vulgar intensifier used to add force or emphasis,emphasis,casual_conversation,false,
motherfucking,18529869500,2010-07-14,"Motherfucking computer coolers, that's right .. the problem right there",21230797,a vulgar intensifier used to add force or emphasis,emphasis,commenting,false,
motherfucking,18530445335,2010-07-14,Duh fuckers I will not drink alcohol!!! But I will be taking shots of flavored motherfucking water! Woohoo lmao...,19745869,a vulgar intensifier used to add force or emphasis,emphasis,commenting,false,
motherfucking,18530445805,2010-07-14,"Fuck you Yolanda Tang, fuck u motherfucking bitch, go to hell",110111244,a vulgar intensifier used to add force or emphasis,emphasis,commenting,false,
motherfucking,18531086163,2010-07-14,change of plans its motherfucking Shrek!,35530914,a vulgar intensifier used to add force or emphasis,emphasis,commenting,false,
motherfucking,18907885058,2010-07-19,Nigga you heard what I motherfucking said,148478335,a vulgar intensifier used to add force or emphasis,emphasis,commenting,false,
motherfucking,18908171303,2010-07-19,We're in the motherfucking country!! http://twitpic.com/26sgog,795020,a vulgar intensifier used to add force or emphasis,emphasis,article_sharing,false,
motherfucking,18908624775,2010-07-19,All Those Who Tried To Play Me ; EAT YOUR MOTHERFUCKING HEART OUT .,45263442,a vulgar intensifier used to add force or emphasis,emphasis,commenting,false,
motherfucking,18908768737,2010-07-19,OMFG have you seen that Voltaren ad? Andrew Gaze is a motherfucking cylon!,15391226,a vulgar intensifier used to add force or emphasis,emphasis,commenting,false,
motherfucking,18908865417,2010-07-19,hello bitches and hoes!!! good motherfucking week,28962669,a vulgar intensifier used to add force or emphasis,emphasis,commenting,false,
motherfucking,18908953443,2010-07-19,toy story motherfucking 3,61311978,a vulgar intensifier used to add force or emphasis,emphasis,commenting,false,
motherfucking,18909167230,2010-07-19,motherfucking jackass just doesn't want to stop following me.,109474598,a vulgar intensifier used to add force or emphasis,emphasis,commenting,false,
motherfucking,18909177507,2010-07-19,Megaman Universe – He’s got a motherfucking gun for a hand!!! http://goo.gl/fb/NFsT4,90520512,a vulgar intensifier used to add force or emphasis,emphasis,article_sharing,false,
motherfucking,18909199842,2010-07-19,3300 @FlyMoms want ze is myn motherfucking mami !!,50037228,a vulgar intensifier used to add force or emphasis,emphasis,casual_conversation,false,
motherfucking,18909234141,2010-07-19,@Peonelli That'll be because he's a motherfucking Tory cuntbag.,14584630,a vulgar intensifier used to add force or emphasis,emphasis,casual_conversation,false,
motherfucking,18914205433,2010-07-19,“@GuessWhoCruz: im about my paper like a motherfucking scratch & win! lol”,21433499,a vulgar intensifier used to add force or emphasis,emphasis,casual_conversation,false,
motherfucking,18914459147,2010-07-19,JOE MOTHERFUCKING COLE IS A RED :D #fb,81337764,a vulgar intensifier used to add force or emphasis,emphasis,commenting,false,
motherfucking,18914921609,2010-07-19,Good MOTHERFUCKING morning folks!!!!,58465116,a vulgar intensifier used to add force or emphasis,emphasis,reaction,false,Manual override -> reaction
motherfucking,18915204088,2010-07-19,MotherFucking Unfollowers!,126274104,a vulgar intensifier used to add force or emphasis,emphasis,commenting,false,
motherfucking,18915327413,2010-07-19,I hate when the trivia callers on Live are rude. You're getting a motherfucking free trip or a $500 gift card+talking to Regis and Kelly...,20887602,a vulgar intensifier used to add force or emphasis,emphasis,self_description,false,
motherfucking,18915778626,2010-07-19,"Motherfucking rain, what the fuck?!",18825639,a vulgar intensifier used to add force or emphasis,emphasis,commenting,false,
motherfucking,18915929875,2010-07-19,Just found some fucking horrible scratches on my screen. #gorillaglass is motherfucking bullshit haha more #iphone4 disappointment,23056502,a vulgar intensifier used to add force or emphasis,emphasis,commenting,false,
motherfucking,18915935925,2010-07-19,"What motherfucking head?? -.-"" RT @priscillarobin: i want the motherfucking head thingy from cottons on!!!",102128103,a vulgar intensifier used to add force or emphasis,emphasis,casual_conversation,false,
motherfucking,18915948520,2010-07-19,It is really the motherfucking sian. fuck fuck fuck fuck fuck. Fuck you. Fuck you. Fuck you. Fuck especially you. Nahbei fuck.,150181222,a vulgar intensifier used to add force or emphasis,emphasis,commenting,false,
motherfucking,18916001116,2010-07-19,"Exactly my thoughts!! RT @Julie1205: Motherfucking rain, what the fuck?!",17877148,a vulgar intensifier used to add force or emphasis,emphasis,casual_conversation,false,
motherfucking,19214345526,2010-07-22,"I hate wasting gas, driving around. All Ive been trying to do today is print out ONE motherfucking resume and its been a fatass FAIL.",73778423,a vulgar intensifier used to add force or emphasis,emphasis,self_description,false,
motherfucking,19214465617,2010-07-22,@thekingofswing EAZZZZZY MOTHERFUCKING E,25798403,a vulgar intensifier used to add force or emphasis,emphasis,casual_conversation,false,
motherfucking,19214701575,2010-07-22,RT @tberman: I have had it with these motherfucking meetings in my motherfucking mariokart room.,18902468,a vulgar intensifier used to add force or emphasis,emphasis,casual_conversation,false,
motherfucking,19214740163,2010-07-22,RT @JustKei: Some people think they have some much authority. GTFOH. You don't run SHIT but yo motherfucking mouth.,107578090,a vulgar intensifier used to add force or emphasis,emphasis,casual_conversation,false,
motherfucking,19214826574,2010-07-22,"I love XM radio. All the songs are uncut. No motherfucking edits, just raw ass music. No goddamn bullshit.",35414892,a vulgar intensifier used to add force or emphasis,emphasis,commenting,false,
motherfucking,19214995392,2010-07-22,FUCK THIS MOTHeRFUCKING BLACKBERRY CURVE AND ALL IT STANd FOR!! EVO U BEEN CALLING MY NAME!! MOMMA coming BABY! #bye #teamblackberry,30428714,a vulgar intensifier used to add force or emphasis,emphasis,commenting,false,
motherfucking,19215184818,2010-07-22,Had a pleasant time sipping margaritas with @KarmaSanDiego see that's my motherfucking nigga! (Waka voice),28641567,a vulgar intensifier used to add force or emphasis,emphasis,casual_conversation,false,
motherfucking,19215683444,2010-07-22,"@_teamnickjonas omg, that would legit be the motherfucking bomb.",134336896,a vulgar intensifier used to add force or emphasis,emphasis,casual_conversation,false,
motherfucking,19215811063,2010-07-22,oh my godddd RANDY ORTONS OF MOTHERFUCKING TWITTER!! MY LIFE= COMPLETE.,22596074,a vulgar intensifier used to add force or emphasis,emphasis,commenting,false,
motherfucking,19216118319,2010-07-22,Motherfucking ESPN commentators prattling on about FIFA needing to institute instant replay makes me want to throw up all over myself #fml,34009988,a vulgar intensifier used to add force or emphasis,emphasis,commenting,false,
motherfucking,19655753022,2010-07-27,I don't owe you a motherfucking thing/,26707415,a vulgar intensifier used to add force or emphasis,emphasis,commenting,false,
motherfucking,19657274556,2010-07-27,Goddamned shit lick motherfucking TIIIIIIITS!!!! #TourettesTuesday,34326825,a vulgar intensifier used to add force or emphasis,emphasis,commenting,false,
motherfucking,19657970141,2010-07-27,Good MOTHERFUCKING MORNING Twitter World....,58465116,a vulgar intensifier used to add force or emphasis,emphasis,reaction,false,
motherfucking,19658549118,2010-07-27,"any motherfucking coward can sell drugs any bitch nigga with a gun, can bust slugs even Puffy smoked the motherfucker up in a club",64791617,a vulgar intensifier used to add force or emphasis,emphasis,commenting,false,
motherfucking,19658828977,2010-07-27,"""All I can say is get a life. Quit your motherfucking hating and get a life"".",74291307,a vulgar intensifier used to add force or emphasis,emphasis,commenting,false,
motherfucking,19659466464,2010-07-27,These little motherfucking bugs keep biting me.. DIE,46678432,a vulgar intensifier used to add force or emphasis,emphasis,commenting,false,
motherfucking,19659665986,2010-07-27,I have ticked two out of three guilt boxes today. I am a motherfucking WIZARD I tell you.,11327172,a vulgar intensifier used to add force or emphasis,emphasis,commenting,false,
motherfucking,19659967053,2010-07-27,I MOTHERFUCKING HATE BANKS!!! AND BANK OF AMERICA!!!,17591037,a vulgar intensifier used to add force or emphasis,emphasis,commenting,false,
motherfucking,19660026211,2010-07-27,Just got some #donuts andsum motherfucking #coffee time to relax and enjoy my Friday...,29566186,a vulgar intensifier used to add force or emphasis,emphasis,commenting,false,
motherfucking,19660141538,2010-07-27,It wasn't a show. It was one motherfucking party. Mind blown and a believer.,38225575,a vulgar intensifier used to add force or emphasis,emphasis,commenting,false,
motherfucking,19704988031,2010-07-28,http://is.gd/dNwQ2   I can't WAIT. Dexter bout to go hard in the motherfucking paint,67805794,a vulgar intensifier used to add force or emphasis,emphasis,article_sharing,false,
motherfucking,19705097138,2010-07-28,Went for a run on the beach like @MimiLove4Ever said. I feel fit as a fucking fiddle and fan-motherfucking-tastic. :),63198458,a vulgar intensifier used to add force or emphasis,emphasis,casual_conversation,false,
motherfucking,19705118531,2010-07-28,YES!!!! RT @ohmyitsv: Went to a run on the beach like @MimiLove4Ever said. I feel fit as a fucking fiddle and fan-motherfucking-tastic. :),45524737,a vulgar intensifier used to add force or emphasis,emphasis,casual_conversation,false,
motherfucking,19705123152,2010-07-28,Hel-motherfucking-lo! RT @pretti_ladii86: So is Gary realllyyyyy that desireable? I just #dontseeit,25705280,a vulgar intensifier used to add force or emphasis,emphasis,casual_conversation,false,
motherfucking,19705130309,2010-07-28,STOP RUINING MY MOTHERFUCKING GOOD MOOD. holy shit you buzzkilling motherfucker.,57859867,a vulgar intensifier used to add force or emphasis,emphasis,commenting,false,
motherfucking,19705133679,2010-07-28,see Gucci thats my motherfucking nigga,132733466,a vulgar intensifier used to add force or emphasis,emphasis,commenting,false,
motherfucking,19705262764,2010-07-28,I WANT A MOTHERFUCKING SNUGGIE YOU FOREIGN TRAMP,163698608,a vulgar intensifier used to add force or emphasis,emphasis,commenting,false,
motherfucking,19705363234,2010-07-28,MY MOTHERFUCKING LEFT CRTL KEY JUST FELL OFF! - (via willsit4food) lol http://tumblr.com/xdped708c,161149934,a vulgar intensifier used to add force or emphasis,emphasis,article_sharing,false,
motherfucking,19705473973,2010-07-28,And I'm wearing a motherfucking tutu.,6796432,a vulgar intensifier used to add force or emphasis,emphasis,commenting,false,
motherfucking,19706014007,2010-07-28,LET THE MOTHERFUCKING WORLD KNOW. MY MOTHERFUCKING MOTHER IS THE BIGGEST CUNT GOIN.,59234111,a vulgar intensifier used to add force or emphasis,emphasis,commenting,false,
motherfucking,20417127692,2010-08-05,Blasting some motherfucking Madonna.,42176169,a vulgar intensifier used to add force or emphasis,emphasis,commenting,false,
motherfucking,20417195025,2010-08-05,I'm not seeing Paramore until Sept. 1st. Hayley Williams is well worth the motherfucking wait.,46779935,a vulgar intensifier used to add force or emphasis,emphasis,commenting,false,
motherfucking,20417254618,2010-08-05,"Holy motherfucking shiiiiiiiit, i wanna see the movie Easy A.",71133665,a vulgar intensifier used to add force or emphasis,emphasis,commenting,false,
motherfucking,20417428826,2010-08-05,"I got some kind of hate, and I hate the motherfucking human race.",18298146,a vulgar intensifier used to add force or emphasis,emphasis,self_description,false,
motherfucking,20417509620,2010-08-05,Fucking twitter over capacity again. Im getting ready to drop that motherfucking whale right into the oil spill.,59039873,a vulgar intensifier used to add force or emphasis,emphasis,commenting,false,
motherfucking,20417547615,2010-08-05,@UnBasic ...YOU ARE DONE WITH ASHLEY! CASE MOTHERFUCKING CLOSED!!!!!!!,143988474,a vulgar intensifier used to add force or emphasis,emphasis,casual_conversation,false,
motherfucking,20417596802,2010-08-05,sunday is gonna be fun with kitty and her sis doing mah hurrr then wednesday! THE MOTHERFUCKING MONSTER BALL!,37603100,a vulgar intensifier used to add force or emphasis,emphasis,commenting,false,
motherfucking,20417655183,2010-08-05,"after today, i can say i HATE that ugly motherfucking twitterwhale.",109963853,a vulgar intensifier used to add force or emphasis,emphasis,self_description,false,
motherfucking,20417825463,2010-08-05,I'VE HAD IT WITH THESE MOTHERFUCKING CENAS ON THIS MOTHERFUCKING CENA,19809977,a vulgar intensifier used to add force or emphasis,emphasis,commenting,false,
motherfucking,20418122645,2010-08-05,"RT @bohaynowell: For the Motherfucking Win! RT @ianvisits Fake vintage adverts for Facebook, YouTube and Skype. http://j.mp/czlgSp",29955863,a vulgar intensifier used to add force or emphasis,emphasis,casual_conversation,false,
motherfucking,21391882747,2010-08-17,Global motherfucking force for good.,179309426,a vulgar intensifier used to add force or emphasis,emphasis,commenting,false,
motherfucking,21391894340,2010-08-17,There is a MOTHERFUCKING CAT in our MOTHERFUCKING OTTOMAN,16803935,a vulgar intensifier used to add force or emphasis,emphasis,commenting,false,
motherfucking,21392027219,2010-08-17,The motherfucking Bangbros,123674335,a vulgar intensifier used to add force or emphasis,emphasis,commenting,false,
motherfucking,21392559478,2010-08-17,EAT YOUR MOTHERFUCKING HEART OUT *gangster grin*,33151550,a vulgar intensifier used to add force or emphasis,emphasis,commenting,false,
motherfucking,21392802538,2010-08-17,Why are sisters such motherfucking bitches?,127248322,a vulgar intensifier used to add force or emphasis,emphasis,commenting,false,
motherfucking,21392874662,2010-08-17,Cuz i'm a motherfucking webdeveloping rockstar! #jeee,9339502,a vulgar intensifier used to add force or emphasis,emphasis,commenting,false,
motherfucking,21393667506,2010-08-17,"""you stupid motherfucking ass bitch"". I love my seany. "" your trippin fucking nuts"".  That was also Sean.",36549924,a vulgar intensifier used to add force or emphasis,emphasis,commenting,false,
motherfucking,21393970254,2010-08-17,@BrianKeene Monthly reminder: You are a motherfucking badass! That is all.,14438319,a vulgar intensifier used to add force or emphasis,emphasis,casual_conversation,false,
motherfucking,21394721575,2010-08-17,I AM GOING TO MOTHERFUCKING COLOGNE!!!!!!!!!!!!!!!!!!!!!!!!!!!!!,24387906,a vulgar intensifier used to add force or emphasis,emphasis,commenting,false,
motherfucking,21395196029,2010-08-17,@xgothikrebelx wth is he saying? Super motherfucking bitch?,66771752,a vulgar intensifier used to add force or emphasis,emphasis,casual_conversation,false,
motherfucking,21615591878,2010-08-19,In the motherfucking pub!! Happy hour just past  http://moby.to/5cgcz3,18689763,a vulgar intensifier used to add force or emphasis,emphasis,article_sharing,false,
motherfucking,21615598260,2010-08-19,"#whatmadeyouthink You Could Tell Me A Thing About English Homes ,Yous A Motherfucking Illegal Immigrant !",158611662,a vulgar intensifier used to add force or emphasis,emphasis,commenting,false,
motherfucking,21615798322,2010-08-19,You want a site that reviews Nanny McPhee Returns and Castlevania? Motherfucking Player Affinity. http://bit.ly/9rgce3 http://bit.ly/cEnlU2,19375732,a vulgar intensifier used to add force or emphasis,emphasis,article_sharing,false,Manual override -> article_sharing
motherfucking,21615936479,2010-08-19,AsHlee MoThErFuCkinG GrEEn!!! YeaH ShE Is AwEsOmE... aLiCe 4EvEr!!!!,82972620,a vulgar intensifier used to add force or emphasis,emphasis,commenting,false,
motherfucking,21616336447,2010-08-19,I just can't with ANTOINE Big & Brown Motherfucking pink bottom lip all in my computer screen...,31538099,a vulgar intensifier used to add force or emphasis,emphasis,commenting,false,
motherfucking,21616506945,2010-08-19,If I was a Tranny I'd be a hot ass motherfucking bitch,30876109,a vulgar intensifier used to add force or emphasis,emphasis,commenting,false,
motherfucking,21616581290,2010-08-19,I wanna buy some motherfucking blue lipstick.,29102787,a vulgar intensifier used to add force or emphasis,emphasis,commenting,false,
motherfucking,21616828950,2010-08-19,@Nikkioh125 bout my feelings for you... Eat your motherfucking heart out... It's Trizzy...,24105471,a vulgar intensifier used to add force or emphasis,emphasis,casual_conversation,false,
motherfucking,21616892119,2010-08-19,Jesus on a motherfucking bicycle. Smh.,67056223,a vulgar intensifier used to add force or emphasis,emphasis,commenting,false,
motherfucking,21616929948,2010-08-19,Free speech and being a motherfucking idiot are 2 completely different things. http://yhoo.it/acSUxA #drlaura #sarahdumbass,13797692,a vulgar intensifier used to add force or emphasis,emphasis,article_sharing,false,
motherfucking,22319949565,2010-08-28,Everybody knows I'm a motherfucking monster,166450574,a vulgar intensifier used to add force or emphasis,emphasis,commenting,false,
motherfucking,22320008812,2010-08-28,"This isnt music, n we're not a band, with five middle fingers in the motherfucking air",36791430,a vulgar intensifier used to add force or emphasis,emphasis,commenting,false,
motherfucking,22320172515,2010-08-28,motherfucking magnets? how do they work?,43074589,a vulgar intensifier used to add force or emphasis,emphasis,commenting,false,
motherfucking,22320345830,2010-08-28,http://twitgoo.com/1o0dpe motherfucking Ben Kweller,23002825,a vulgar intensifier used to add force or emphasis,emphasis,article_sharing,false,
motherfucking,22320358151,2010-08-28,"""this is not a boarding house, this is a motherfucking Jay-Z's mansion"" Oh God xDDDDD That's why I love Andrea soooo much",27322563,a vulgar intensifier used to add force or emphasis,emphasis,commenting,false,
motherfucking,22320586767,2010-08-28,@davidguetta my man please make a remix using I got a feeling and tokio drift..you rule youre the motherfucking best thing music has known,183862447,a vulgar intensifier used to add force or emphasis,emphasis,casual_conversation,false,
motherfucking,22320686210,2010-08-28,Mr. Motherfucking IVORY! He just wanted to let yall know what his NAME is! YASSSSSS! #GEAUXSAINTS!,16731803,a vulgar intensifier used to add force or emphasis,emphasis,commenting,false,
motherfucking,22320688244,2010-08-28,@beautifulxstars please make the first bitch in that motherfucking line Bieber.  I think just having him in pain will ease my heart.,77099898,a vulgar intensifier used to add force or emphasis,emphasis,casual_conversation,false,
motherfucking,22320713839,2010-08-28,wHOdat motherfucking #Whodatnation member my hometown new Orleans killing these motherfuckers,24471963,a vulgar intensifier used to add force or emphasis,emphasis,commenting,false,
motherfucking,22320783804,2010-08-28,@michaeldmcclain twitter is on fire tonite I see. @Seunster handle yo motherfucking business bruh.,29135506,a vulgar intensifier used to add force or emphasis,emphasis,casual_conversation,false,
motherfucking,22863392700,2010-09-03,Let me just say for the record that @m_shel has THE COOLEST MOTHERFUCKING JOB IN THE WORLD.  I am glad she's my wife.,1596091,a vulgar intensifier used to add force or emphasis,emphasis,casual_conversation,false,
motherfucking,22863406098,2010-09-03,Twitter...... I motherfucking hate your guts...,122913112,a vulgar intensifier used to add force or emphasis,emphasis,commenting,false,
motherfucking,22863420783,2010-09-03,"I just put my retainer on for the first time in weeks and shiiit, it hurts like a motherfucking bitch.",29309426,a vulgar intensifier used to add force or emphasis,emphasis,commenting,false,
motherfucking,22863658343,2010-09-03,"Dear Xbox Live, suck my left motherfucking nut. I just want to play a damn game. I already have to pay a subscription fee, just fucking work",102328977,a vulgar intensifier used to add force or emphasis,emphasis,commenting,false,
motherfucking,22863733210,2010-09-03,RT @ImMyOwn_Sponsor: Eat Your MOTHERFUCKING Heart Out :-*,117768411,a vulgar intensifier used to add force or emphasis,emphasis,casual_conversation,false,
motherfucking,22863836487,2010-09-03,OW MOTHERFUCKING SHIT. but i got the 0g in my right ear finally.,19477623,a vulgar intensifier used to add force or emphasis,emphasis,commenting,false,
motherfucking,22863956213,2010-09-03,so motherfucking boring!!!!! #bored,120640642,a vulgar intensifier used to add force or emphasis,emphasis,commenting,false,
motherfucking,22864148851,2010-09-03,Just drank an entire bottle of ice cold water. I'm in motherfucking heaven.,49760798,a vulgar intensifier used to add force or emphasis,emphasis,commenting,false,
motherfucking,22864209881,2010-09-03,Like a Boss! RT @CoolGayRoommate: What have you accomplished lately? Oh me? I tucked in Admiral Motherfucking Daala @AdmiralDaala. NBD.,25228076,a vulgar intensifier used to add force or emphasis,emphasis,casual_conversation,false,
motherfucking,22864240197,2010-09-03,"So much thrown my way, trying to throw me off track. But i'm still motherfucking Tick Tocking. And i will strive forward",7120632,a vulgar intensifier used to add force or emphasis,emphasis,commenting,false,
motherfucking,23230791882,2010-09-07,now everybody from the 313 put your motherfucking hands up and follow me.,57464556,a vulgar intensifier used to add force or emphasis,emphasis,commenting,false,
motherfucking,23230921071,2010-09-07,This tweet is sponsored by the MOTHERFUCKING IPHONE4 BITCHES YESSSSS!! :))),19559323,a vulgar intensifier used to add force or emphasis,emphasis,commenting,false,
motherfucking,23230923908,2010-09-07,Lmao RT @CasDeniroGMB: Yeaaaaaaa bitch I got motherfucking hallway monitor.,65120439,a vulgar intensifier used to add force or emphasis,emphasis,casual_conversation,false,
motherfucking,23231411525,2010-09-07,MOTHERFUCKING TWEETDECK I CHANGED MY PASSWORD 20 SECS EARLIER; THERE'S NO WAY I CAN FORGET IT BY NOW.,50292568,a vulgar intensifier used to add force or emphasis,emphasis,commenting,false,
motherfucking,23231577214,2010-09-07,"33,33,33,33,33,33, motherfucking 3!",171745640,a vulgar intensifier used to add force or emphasis,emphasis,commenting,false,
motherfucking,23232977561,2010-09-07,"Motherfucking physics teacher confiscated my phone, had a go at him to get it back though:')",111965243,a vulgar intensifier used to add force or emphasis,emphasis,commenting,false,
motherfucking,23233076979,2010-09-07,so when did the senior parking lot become a motherfucking drop zone for parents dropping off their underclassman kids?  asses will be kicked,173286978,a vulgar intensifier used to add force or emphasis,emphasis,commenting,false,
motherfucking,23233178958,2010-09-07,Damn it all to hell. I'm going to write some motherfucking birdwords now. I don't care if they're bad - as long as I write SOMETHING. urgh,74234274,a vulgar intensifier used to add force or emphasis,emphasis,commenting,false,
motherfucking,23233431354,2010-09-07,Motherfucking cunt bastards!!,21290267,a vulgar intensifier used to add force or emphasis,emphasis,commenting,false,
motherfucking,23233443557,2010-09-07,"Motherfucking hell, why did I listen to Stay Crunchy again? Its on permaloop in my head. Again.",43273764,a vulgar intensifier used to add force or emphasis,emphasis,commenting,false,
motherfucking,24606715435,2010-09-15,@Lorna_Ransome EVIL MOTHERFUCKING SPIDER KILLITNAO,127812574,a vulgar intensifier used to add force or emphasis,emphasis,casual_conversation,false,
motherfucking,24607005177,2010-09-15,I'VE HAD IT WITH THESE MOTHERFUCKING DALEKS ON THIS MOTHERFUCKING SHIP. http://tumblr.com/xjkinsg0c,30062052,a vulgar intensifier used to add force or emphasis,emphasis,article_sharing,false,
motherfucking,24607015051,2010-09-15,my locker got motherfucking vacated and my shit was in the office so i had to go there after school,109482972,a vulgar intensifier used to add force or emphasis,emphasis,commenting,false,
motherfucking,24607506280,2010-09-15,i got a motherfucking girlfriend i got a wife on the side im pinky niggah...,91938038,a vulgar intensifier used to add force or emphasis,emphasis,commenting,false,
motherfucking,24607862405,2010-09-15,Because I love you is #nowplaying from my mp3... Dang this song. Nobody has ever sung a song like Lenny sang this motherfucking song,26590531,a vulgar intensifier used to add force or emphasis,emphasis,music_discussion,false,
motherfucking,24608113143,2010-09-15,Where are these motherfucking fruit flies coming from? They are the breath of Satan.,49279102,a vulgar intensifier used to add force or emphasis,emphasis,commenting,false,
motherfucking,24608129447,2010-09-15,honey. use the motherfucking reply button. thankss.,15025418,a vulgar intensifier used to add force or emphasis,emphasis,commenting,false,
motherfucking,24608136190,2010-09-15,"I logged into my Driversed.com account, and I'm only on motherfucking DAY 2. FML.",99653860,a vulgar intensifier used to add force or emphasis,emphasis,commenting,false,
motherfucking,24608214073,2010-09-15,OMFG : WE PAUSE THIS HAN SOLO SPAM TO BRING YOU DAVID BOWIE AND SOME MOTHERFUCKING WOLVES http://trunc.it/b1kdq,45565510,a vulgar intensifier used to add force or emphasis,emphasis,article_sharing,false,
motherfucking,24608272940,2010-09-15,RT @_LavishLifeKi: RT @TierGangSlimee: RT @_LavishLifeKi: But My Husband Boutta Cum On !- Whoo Yahh Husbandd ? - Trey Motherfucking Songz,65193878,a vulgar intensifier used to add force or emphasis,emphasis,casual_conversation,false,
motherfucking,25681280099,2010-09-27,S MY D MOTHERFUCKING BITCHES.  &lt;xxBattleRoyale&gt;,19117829,a vulgar intensifier used to add force or emphasis,emphasis,commenting,false,
motherfucking,25681307529,2010-09-27,5 motherfucking minutes in the motherfucking rain after working 10 fucking hours at Waffle fucking House,153855564,a vulgar intensifier used to add force or emphasis,emphasis,commenting,false,
motherfucking,25681394895,2010-09-27,I just want my fucking motherfucking wanking bloody car.,20870417,a vulgar intensifier used to add force or emphasis,emphasis,commenting,false,
motherfucking,25681600662,2010-09-27,for my motherfucking dawgs.,71275152,a vulgar intensifier used to add force or emphasis,emphasis,commenting,false,
motherfucking,25681878940,2010-09-27,WHATS WITH THE MOTHERFUCKING CONNECTION. PENDING ALL THE TIME. #badmood #abaikan,30423743,a vulgar intensifier used to add force or emphasis,emphasis,technology_discussion,false,
motherfucking,25681899916,2010-09-27,RT @RMH40: Next... a meeting where I will basically shout &quot;Build a motherfucking EDITORIAL CALENDAR&quot; until forcibly sedated. # ...,14335160,a vulgar intensifier used to add force or emphasis,emphasis,casual_conversation,false,
motherfucking,25682045158,2010-09-27,I cannot deal with these motherfucking perky ppl today #ShouldHaveTakenASickDay,41842828,a vulgar intensifier used to add force or emphasis,emphasis,commenting,false,
motherfucking,25682193349,2010-09-27,"On a side note, in case you haven't heard, we sold our motherfucking house. Wooooo!",26615846,a vulgar intensifier used to add force or emphasis,emphasis,commenting,false,
motherfucking,25682369779,2010-09-27,Ill tell u what the days of me not speaking up r dwindling...NY is about to breed a motherfucking monstar! http://myloc.me/cwuEt,60009866,a vulgar intensifier used to add force or emphasis,emphasis,article_sharing,false,
motherfucking,25682428297,2010-09-27,"Looks like my motherfucking cold is back. Yaay, yaaay, yaaay.",33643400,a vulgar intensifier used to add force or emphasis,emphasis,commenting,false,
motherfucking,25762988758,2010-09-28,i just sent @badnews310 and @jokaboycpt a motherfucking heat rock produced by @beatz_by_talent  man just lay 16 oz on it and pound it out!,104427313,a vulgar intensifier used to add force or emphasis,emphasis,casual_conversation,false,
motherfucking,25762989193,2010-09-28,@whenNOELgoes HELL MOTHERFUCKING YEAH,42331976,a vulgar intensifier used to add force or emphasis,emphasis,casual_conversation,false,
motherfucking,25763110894,2010-09-28,"I hate entitlist bitches. It is a motherfucking GAME, people. Not a lifestyle. Not your job or your Magnum Opus. Get over it and PuG wisely.",68472510,a vulgar intensifier used to add force or emphasis,emphasis,gaming,false,Manual override -> gaming
motherfucking,25763159090,2010-09-28,@Lauradium right being gay is fine but a motherfucking queen.. that nigga got issues!,27979306,a vulgar intensifier used to add force or emphasis,emphasis,casual_conversation,false,
motherfucking,25763201116,2010-09-28,Everybody look at me 'cos I'm riding on a rock! I'm on a rock! I'm on a rock! Take a good hard look at my motherfucking rock!,142706058,a vulgar intensifier used to add force or emphasis,emphasis,commenting,false,
motherfucking,25763255951,2010-09-28,#EastBoundandDown was hilarious!!!! LMAO Kenny Motherfucking Powers is back!,46340243,a vulgar intensifier used to add force or emphasis,emphasis,commenting,false,
motherfucking,25763284994,2010-09-28,RT @TurtleLeonardo: Everybody look at me 'cos I'm riding on a rock! I'm on a rock! I'm on a rock! Take a good hard look at my motherfuck ...,53411524,a vulgar intensifier used to add force or emphasis,emphasis,casual_conversation,false,
motherfucking,25763419023,2010-09-28,@Negative_Killer suck my dick suck my motherfucking dick,164803441,a vulgar intensifier used to add force or emphasis,emphasis,casual_conversation,false,
motherfucking,25763530519,2010-09-28,@itz_trance akuna matada what a wonderful motherfucking phrase.,23998811,a vulgar intensifier used to add force or emphasis,emphasis,casual_conversation,false,
motherfucking,25764263454,2010-09-28,"&gt;_&gt; I wanted that motherfucking Thunder Regalia, bitch.",29946791,a vulgar intensifier used to add force or emphasis,emphasis,commenting,false,
motherfucking,27407038432,2010-10-15,"SON OF A MOTHERFUCKING BITCH! the  other guy who was supposed to be working tonight, isn't. as a result the parking lot is a fucking mess...",15578952,a vulgar intensifier used to add force or emphasis,emphasis,commenting,false,
motherfucking,27407099557,2010-10-15,@sarahalbers sounds dirty but OK. ROCK MY MOTHERFUCKING WORLD,151709824,a vulgar intensifier used to add force or emphasis,emphasis,casual_conversation,false,
motherfucking,27407146040,2010-10-15,"RT @sutterlyamazing: goddamn motherfucking bitchass staios, get off my team you old balled motherfucker I SWEAR TO GOD",74843605,a vulgar intensifier used to add force or emphasis,emphasis,casual_conversation,false,
motherfucking,27407166532,2010-10-15,"#MOVIEQUOTES ""YOU GOTS TO BE A LEADER DOG! THAT BOOK IS FUCKING YA HEAD UP"" ""NIGGA WHEN THE LAST TIME U READ ANYTHING"" ""NEVER MOTHERFUCKING""",106369053,a vulgar intensifier used to add force or emphasis,emphasis,music_discussion,false,
motherfucking,27407284285,2010-10-15,This Nigga Smells Like motherfucking Lay-Away pussy!!!!!! Wtf,67168423,a vulgar intensifier used to add force or emphasis,emphasis,commenting,false,
motherfucking,27407446741,2010-10-15,@Brennduh don't motherfucking laugh at me!,28245925,a vulgar intensifier used to add force or emphasis,emphasis,casual_conversation,false,
motherfucking,27407514634,2010-10-15,bitch I want my motherfucking money ; you only gave me 5 dollar ..,199836293,a vulgar intensifier used to add force or emphasis,emphasis,commenting,false,
motherfucking,27407550294,2010-10-15,Bitch...dont worry what the fuck i do.. get u some motherfucking business.. thats what u do!!!,104706114,a vulgar intensifier used to add force or emphasis,emphasis,commenting,false,
motherfucking,27407708798,2010-10-15,RT @BellezaEN_dolor: Lmfao !! RT @foreverKASH_ bitch I want my motherfucking money ; you only gave me 5 dollar ..,199836293,a vulgar intensifier used to add force or emphasis,emphasis,casual_conversation,false,
motherfucking,27407796400,2010-10-15,"Photo: Please, tell me where is this motherfucking video. Now, please, I beg you. http://tumblr.com/xoalsm8gj",66047969,a vulgar intensifier used to add force or emphasis,emphasis,article_sharing,false,
motherfucking,28732735664,2010-10-25,@patpreezy Don't let that perfect skin petrify you! You Pat-Motherfucking-Preezy!,20402705,a vulgar intensifier used to add force or emphasis,emphasis,casual_conversation,false,
motherfucking,28732865955,2010-10-25,"RT @OutTheJAM: I saaaaaid who wants a MOTHERFUCKING texting buddy, :)",29601755,a vulgar intensifier used to add force or emphasis,emphasis,casual_conversation,false,
motherfucking,28732874877,2010-10-25,"#NW SERIOUSLY FUNNY.....@KEVINHART IS A MOTHERFUCKING FOOL&gt;&gt;&gt;&gt;""I FOUND A PICTURE OF A LILBOYS SITUATION ON THE PHONE""",26270661,a vulgar intensifier used to add force or emphasis,emphasis,casual_conversation,false,
motherfucking,28733148151,2010-10-25,"It ain't a game I told you that

patriarcha would take people to the roc

and they would get motherfucking down

anyone think Raymonds sonny",183960487,a vulgar intensifier used to add force or emphasis,emphasis,commenting,false,
motherfucking,28733346612,2010-10-25,Cuz I laughed my motherfucking ASS off at that part. Drunk ass slave lookin ass mufucka.,46652973,a vulgar intensifier used to add force or emphasis,emphasis,commenting,false,
motherfucking,28733504134,2010-10-25,motherfucking big fat bass!,40914214,a vulgar intensifier used to add force or emphasis,emphasis,commenting,false,
motherfucking,28733736198,2010-10-25,RT @BarackObama Im The Head Of The MotherFucking State Nigga! &lt;=== =O,73436630,a vulgar intensifier used to add force or emphasis,emphasis,casual_conversation,false,
motherfucking,28733911421,2010-10-25,SO MOTHERFUCKING DAMN BORED. #fuck,60102772,a vulgar intensifier used to add force or emphasis,emphasis,commenting,false,
motherfucking,28733993400,2010-10-25,"@ImmortalTech
you aint dead? Motherfucking cunt i willfinish off the job.I fucking hate you bitchz ass.Im russian so u know who you deal w",176292821,a vulgar intensifier used to add force or emphasis,emphasis,casual_conversation,false,
motherfucking,28734030122,2010-10-25,CHRISTMAS 2010 AND 2011!!!!!!!!!!!!!!!!! RT @immasexshark @caityb1 DECKING THE MOTHERFUCKING ROOFTOPS WITH NAYA RIVERA AND HEATHER MORRIS.,29576018,a vulgar intensifier used to add force or emphasis,emphasis,casual_conversation,false,
motherfucking,28962074488,2010-10-28,@fantourage_com Snake Skin Motherfucking Prison! - http://bit.ly/dqFPVD,14900112,a vulgar intensifier used to add force or emphasis,emphasis,casual_conversation,false,
motherfucking,28962103584,2010-10-28,This toothache hurts like a motherfucking toothache.,178610991,a vulgar intensifier used to add force or emphasis,emphasis,commenting,false,
motherfucking,28962127272,2010-10-28,It' s a heartache... Nothing but a motherfucking heartache...,66269477,a vulgar intensifier used to add force or emphasis,emphasis,commenting,false,
motherfucking,28962328577,2010-10-28,#howcome im da motherfucking man,38997989,a vulgar intensifier used to add force or emphasis,emphasis,commenting,false,
motherfucking,28962624795,2010-10-28,IF ANYBODY STEPS TO ME ! ITS A MOTHERFUCKING RAP,35083626,a vulgar intensifier used to add force or emphasis,emphasis,commenting,false,
motherfucking,28962989234,2010-10-28,LMFAOOOTFREWHJKGFDHJK DE'ANTE CANNON IS A MOTHERFUCKING LIAR,67708215,a vulgar intensifier used to add force or emphasis,emphasis,commenting,false,
motherfucking,28963092658,2010-10-28,"@idoanknow GASP. But you get CHAINSAWS, cricket bats, and motherfucking sword! I just run around with a shotgun and a katana and I am happy.",17863376,a vulgar intensifier used to add force or emphasis,emphasis,casual_conversation,false,
motherfucking,28963192167,2010-10-28,"whats my motherfucking Name?

snoop dooooogy dooo u o o oog!!!",50727844,a vulgar intensifier used to add force or emphasis,emphasis,commenting,false,
motherfucking,28964150673,2010-10-28,@MrPr3ttiBoiSwag in the passenger side snoring happy motherfucking bday by way of #Club347,68505467,a vulgar intensifier used to add force or emphasis,emphasis,casual_conversation,false,
motherfucking,28964540454,2010-10-28,@WakaFlocka1017 I go hard in the motherfucking paint,30720192,a vulgar intensifier used to add force or emphasis,emphasis,casual_conversation,false,
motherfucking,29668244507,2010-11-04,RT @MayorEmanuel: Filled the bathtub with coffee. About to dunk my motherfucking head in it.,742293,a vulgar intensifier used to add force or emphasis,emphasis,casual_conversation,false,
motherfucking,29668360161,2010-11-04,Don't look back into the motherfucking sun!,55893979,a vulgar intensifier used to add force or emphasis,emphasis,commenting,false,
motherfucking,29668520462,2010-11-04,YOU MOTHERFUCKING BASTERED !,55003965,a vulgar intensifier used to add force or emphasis,emphasis,commenting,false,
motherfucking,29668632716,2010-11-04,f*ck all this cross-genre sh*t...IM A HIP HOP CONSUMER....GIVE ME SOME MOTHERFUCKING HIP HOP!,182781979,a vulgar intensifier used to add force or emphasis,emphasis,commenting,false,
motherfucking,29668975891,2010-11-04,THE MOTHERFUCKING SQUIRREL DEFIED GRAVITY.,20825057,a vulgar intensifier used to add force or emphasis,emphasis,commenting,false,
motherfucking,29669325021,2010-11-04,"(+o_o) - In biology, sucks ass. all the motherfucking teachers. gahhh http://tumblr.com/xeoogt21f",165257477,a vulgar intensifier used to add force or emphasis,emphasis,article_sharing,false,
motherfucking,29669385253,2010-11-04,@JELE0N RE MOTHERFUCKING GODDAMN TWEET! Preach!,35646496,a vulgar intensifier used to add force or emphasis,emphasis,casual_conversation,false,
motherfucking,29669427923,2010-11-04,"@EatThatC00TER YOU MAKE ME SICK, MOTHERFUCKING PUNKFACE. =P",41044109,a vulgar intensifier used to add force or emphasis,emphasis,casual_conversation,false,
motherfucking,29669531219,2010-11-04,http://bit.ly/6TdBtj Motherfucking P-Butta. So fucken awesome.,164946522,a vulgar intensifier used to add force or emphasis,emphasis,article_sharing,false,
motherfucking,29669534368,2010-11-04,I do want to remind Oniion and all other people who harass me: I'm a motherfucking BOFH!  Poke the bear at your own peril.,9412542,a vulgar intensifier used to add force or emphasis,emphasis,commenting,false,
motherfucking,5257513914081280,2010-11-18,HARRY MOTHERFUCKING POTTER MIDNIGHT SHOW TONIGHT!,45376934,a vulgar intensifier used to add force or emphasis,emphasis,commenting,false,
motherfucking,5257948959875072,2010-11-18,Dub motherfucking Step,80813843,a vulgar intensifier used to add force or emphasis,emphasis,commenting,false,
motherfucking,5257957243617280,2010-11-18,"@NerdAtCoolTable give a fuck about a motherfucking lifestyle, nigga!",177714820,a vulgar intensifier used to add force or emphasis,emphasis,casual_conversation,false,
motherfucking,5258707826909184,2010-11-18,I go hard in the motherfucking paint nigga,167446680,a vulgar intensifier used to add force or emphasis,emphasis,commenting,false,
motherfucking,5259341452021760,2010-11-18,Axelrod's already getting his motherfucking Hagrid costume together for the Deathly Hallows opening tomorrow.,188154135,a vulgar intensifier used to add force or emphasis,emphasis,commenting,false,
motherfucking,5259737209765888,2010-11-18,RT @MayorEmanuel Axelrod's already getting his motherfucking Hagrid costume together for the Deathly Hallows opening tomorrow.,76969053,a vulgar intensifier used to add force or emphasis,emphasis,casual_conversation,false,
motherfucking,5259926553235456,2010-11-18,What the motherfucking fuck is up w/ all these books about forbidden love. Stfuuuuu damn u twilight.,15579799,a vulgar intensifier used to add force or emphasis,emphasis,commenting,false,
motherfucking,5260001287348225,2010-11-18,THE VISUAL RT: @MayorEmanuel: Axelrod's already getting his motherfucking Hagrid costume together for the Deathly Hallows opening tomorrow.,17501206,a vulgar intensifier used to add force or emphasis,emphasis,casual_conversation,false,
motherfucking,5260085592850434,2010-11-18,RT @MayorEmanuel: Axelrod's already getting his motherfucking Hagrid costume together for the Deathly Hallows opening tomorrow.,59167895,a vulgar intensifier used to add force or emphasis,emphasis,casual_conversation,false,
motherfucking,5260584920551425,2010-11-18,Motherfucking computer systems....i hate this day already. This switch over process is gonna drive me to smoke.,30788374,a vulgar intensifier used to add force or emphasis,emphasis,self_description,false,
motherfucking,5474119776739328,2010-11-19,Waiting in line for HARRY MOTHERFUCKING POTTER. (@ Cinemark Mall del Norte w/ @jetblaqk) http://4sq.com/bhHNxQ,14778217,a vulgar intensifier used to add force or emphasis,emphasis,casual_conversation,false,
motherfucking,5475175470473216,2010-11-19,@BoxdenFresh good motherfucking looks my nigga,26653751,a vulgar intensifier used to add force or emphasis,emphasis,casual_conversation,false,
motherfucking,5475578480168960,2010-11-19,Holding back the motherfucking years,32837614,a vulgar intensifier used to add force or emphasis,emphasis,music_discussion,false,Manual override -> music_discussion
motherfucking,5476034535235584,2010-11-19,so...i guess i'm going to staller tomorrow on my MOTHERFUCKING DAY OFF! Fucking jazz musicians need to get their shit together,215648128,a vulgar intensifier used to add force or emphasis,emphasis,commenting,false,
motherfucking,5476231994675200,2010-11-19,@YGdeck Cody motherfucking decker!?!!?,83767714,a vulgar intensifier used to add force or emphasis,emphasis,casual_conversation,false,
motherfucking,5476322881044480,2010-11-19,Happy Motherfucking Bday @dorottyeah!! ♥,52917320,a vulgar intensifier used to add force or emphasis,emphasis,casual_conversation,false,
motherfucking,5476417437437952,2010-11-19,he leaves in 9 days... i'm going to be all alone in 9 days... too much for one motherfucking day.,21027691,a vulgar intensifier used to add force or emphasis,emphasis,commenting,false,
motherfucking,5476538296307713,2010-11-19,@ tha motherfucking park bitch.,170132785,a vulgar intensifier used to add force or emphasis,emphasis,casual_conversation,false,
motherfucking,5477613497745408,2010-11-19,I'm the motherfucking afro-samurai act like you fucking know RT @__POLO: @bonita_jae he asian just like you,84747659,a vulgar intensifier used to add force or emphasis,emphasis,casual_conversation,false,
motherfucking,5543644341735424,2010-11-19,all in favour of MCR just making a motherfucking MOVIE for this album? *RAISES HAND*,49098552,a vulgar intensifier used to add force or emphasis,emphasis,commenting,false,
motherfucking,5544435181953025,2010-11-19,MOTHERFUCKING BRIDGE IS UP!!!!! Right as were about to leave!!!,15707332,a vulgar intensifier used to add force or emphasis,emphasis,commenting,false,
motherfucking,5544541281058816,2010-11-19,"RT @Lord_Voldemort7: Dear Avril, it appears that your song was wrong. In fact, Kate Middleton is the motherfucking princess.",164005592,a vulgar intensifier used to add force or emphasis,emphasis,casual_conversation,false,
motherfucking,5547340924452865,2010-11-19,TWITTER JAIL EAT A MOTHERFUCKING DICK..!,99240046,a vulgar intensifier used to add force or emphasis,emphasis,commenting,false,
motherfucking,5548447021137920,2010-11-19,"Motherfucking stupid mother and kid. All u care abt is getting the seat but u don't fucking let me out,!?! Fuck u very fucking much",70900126,a vulgar intensifier used to add force or emphasis,emphasis,commenting,false,
motherfucking,5551025771520000,2010-11-19,PICTURE COMMENT FOR MOTHERFUCKING PICTURE COMMENT ? :D &lt;33,76800006,a vulgar intensifier used to add force or emphasis,emphasis,commenting,false,
motherfucking,5551818209759232,2010-11-19,"Yup nothing like chasing a motherfucking car thief, fuck i have work tomorrow, and kinda need to puke",22859567,a vulgar intensifier used to add force or emphasis,emphasis,commenting,false,
motherfucking,5553618497306624,2010-11-19,"CHARLIE MOTHERFUCKING KELLY, YOU ARE MY PERFECT MAN. ALWAYS SUNNY WAS GREAT THIS WEEK",19497797,a vulgar intensifier used to add force or emphasis,emphasis,commenting,false,
motherfucking,5553635089977344,2010-11-19,Shaking My Motherfucking Head,91873269,a vulgar intensifier used to add force or emphasis,emphasis,commenting,false,
motherfucking,9001166675386368,2010-11-28,David Motherfucking Bowie.,21009302,a vulgar intensifier used to add force or emphasis,emphasis,commenting,false,
motherfucking,9001579705270273,2010-11-28,Damn my sis's been doin that 2 RT @JAS_ebel: For real tho.... This motherfucking Blackberry is killing me to DEATH with all this freezing up,110233299,a vulgar intensifier used to add force or emphasis,emphasis,casual_conversation,false,
motherfucking,9001732780593152,2010-11-28,@killpundit I want #DaBears to win cos they're the motherfucking BEARS.,26137188,a vulgar intensifier used to add force or emphasis,emphasis,casual_conversation,false,
motherfucking,9001956651573249,2010-11-28,big things in the works! im on the motherfucking move bitches.,121654522,a vulgar intensifier used to add force or emphasis,emphasis,commenting,false,
motherfucking,9002195231973376,2010-11-28,My motherfucking Steelers!!!!,97676357,a vulgar intensifier used to add force or emphasis,emphasis,commenting,false,
motherfucking,9002305261142016,2010-11-28,I agree. RT @thekelliejane @killpundit I want #DaBears to win cos they're the motherfucking BEARS.,109128120,a vulgar intensifier used to add force or emphasis,emphasis,casual_conversation,false,
motherfucking,9002328363372544,2010-11-28,I am going in on this motherfucking buss !!,56406449,a vulgar intensifier used to add force or emphasis,emphasis,commenting,false,
motherfucking,9002416523444224,2010-11-28,Motherfucking keys bitches!!!!,36222794,a vulgar intensifier used to add force or emphasis,emphasis,commenting,false,
motherfucking,9002431715217408,2010-11-28,"Hey DJ, play my motherfucking songgggg!",43196784,a vulgar intensifier used to add force or emphasis,emphasis,commenting,false,
motherfucking,9002550887972864,2010-11-28,ginger snap cookies on motherfucking deck!,178607724,a vulgar intensifier used to add force or emphasis,emphasis,commenting,false,
motherfucking,12358605449723904,2010-12-08,LEE MOTHERFUCKING JINKI.,160714030,a vulgar intensifier used to add force or emphasis,emphasis,commenting,false,
motherfucking,12358608515760128,2010-12-08,RT @NVYOSHI: Stop waitin on a lil boy to verify whether you the shit or not Bitch if you the shit you the motherfucking shit,44454643,a vulgar intensifier used to add force or emphasis,emphasis,casual_conversation,false,
motherfucking,12359480134078464,2010-12-08,"@shinn87 (re: http://twitgoo.com/1re0ie) motherfucking UniFi, I am so jealous",16454741,a vulgar intensifier used to add force or emphasis,emphasis,casual_conversation,false,
motherfucking,12359544323710976,2010-12-08,no motherfucking waaaaaaaaaaaaaaaaaaaaaay!,46275137,a vulgar intensifier used to add force or emphasis,emphasis,commenting,false,
motherfucking,12359645863608320,2010-12-08,Motherfucking scavengers,33131186,a vulgar intensifier used to add force or emphasis,emphasis,commenting,false,
motherfucking,12360026333118464,2010-12-08,@deathbysexiness what the motherfucking fuck?,52385514,a vulgar intensifier used to add force or emphasis,emphasis,casual_conversation,false,
motherfucking,12360292331692032,2010-12-08,"No Cadillac, no perms, you can't see, that I'm a motherfucking P-I-M-P (8)",57424551,a vulgar intensifier used to add force or emphasis,emphasis,commenting,false,
motherfucking,12360675867234304,2010-12-08,"#14 my motherFucking Brother,im glad i have you in my life&lt;3 your a TRUE homie&lt;3 and ill always be there for you my nigga&lt;3",202944662,a vulgar intensifier used to add force or emphasis,emphasis,commenting,false,
motherfucking,12360959490269184,2010-12-08,WOW and who knew that Nightmare on Elm Street was based off of a TRUE MOTHERFUCKING STORY?!?! WHAT THE FUCKKKK http://bit.ly/cuyPd4,21553472,a vulgar intensifier used to add force or emphasis,emphasis,article_sharing,false,
motherfucking,12361248578469888,2010-12-08,"Damn girl go easy on the motherfucking lip gloss, this isn't 8th Grade, the lip gloss song/craze was ages ago, shit drippin of your face",44600396,a vulgar intensifier used to add force or emphasis,emphasis,commenting,false,
motherfucking,15938129554833408,2010-12-18,deja motherfucking vu.,16674068,a vulgar intensifier used to add force or emphasis,emphasis,commenting,false,
motherfucking,15938490772496384,2010-12-18,Won a motherfucking Scooby-Doo stuffed animal in one of those rigged claw deals. Beast.,38060009,a vulgar intensifier used to add force or emphasis,emphasis,commenting,false,
motherfucking,15939085306695680,2010-12-18,@AuggieIAFD @iamivanxxx Do you swear to tell the truth the whole truth and nothing but the motherfucking truth so help your black ass?!,113769254,a vulgar intensifier used to add force or emphasis,emphasis,casual_conversation,false,
motherfucking,15939905829994496,2010-12-18,WTF I drink beer faster than any motherfucking male bitch here!,37727385,a vulgar intensifier used to add force or emphasis,emphasis,commenting,false,
motherfucking,15940101150343168,2010-12-18,This is ridiculous. I can't get one motherfucking day of happiness. It just doesn't exsist.,133896435,a vulgar intensifier used to add force or emphasis,emphasis,commenting,false,
motherfucking,15941244798640128,2010-12-18,"RT @MayorEmanuel: Fuck this motherfucking week, it's motherfucking over. Friday night, bitches.",136045000,a vulgar intensifier used to add force or emphasis,emphasis,casual_conversation,false,
motherfucking,15941302092832768,2010-12-18,Eat a motherfucking dick.,16959532,a vulgar intensifier used to add force or emphasis,emphasis,commenting,false,
motherfucking,15941703911346176,2010-12-18,"This nigger with them motherfucking glasses, yo...",46652973,a vulgar intensifier used to add force or emphasis,emphasis,commenting,false,
motherfucking,15941761645944832,2010-12-18,@undeersea you make me VERY ANGRY you motherfucking wish you were a motherfucker #auspol,30173948,a vulgar intensifier used to add force or emphasis,emphasis,casual_conversation,false,
motherfucking,15942168883503104,2010-12-18,THE WORLD HAS MOTHERFUCKING TURNED AND LEFT ME HERE!!!!!!,47352232,a vulgar intensifier used to add force or emphasis,emphasis,commenting,false,
motherfucking,18442788551008256,2010-12-24,Everybody knows I'm a motherfucking monster.,29231010,a vulgar intensifier used to add force or emphasis,emphasis,commenting,false,
motherfucking,18444118560608256,2010-12-24,RT @analavalle93: Success is my only motherfucking option. Failure's not-Eminem,167488624,a vulgar intensifier used to add force or emphasis,emphasis,casual_conversation,false,
motherfucking,18444759328628736,2010-12-24,Aches so motherfucking bad,158194311,a vulgar intensifier used to add force or emphasis,emphasis,commenting,false,
motherfucking,18444812965384192,2010-12-24,Got her motherfucking guitar :D,180632624,a vulgar intensifier used to add force or emphasis,emphasis,commenting,false,
motherfucking,18445627851546624,2010-12-24,Merry motherfucking Xxxmas from Trashy and the motherfucking Kid!  &lt;3,51833042,a vulgar intensifier used to add force or emphasis,emphasis,commenting,false,
motherfucking,18445730867838976,2010-12-24,DEEZ NUTS in yo MOTHERFUCKING mouth bitch.,185355937,a vulgar intensifier used to add force or emphasis,emphasis,commenting,false,
motherfucking,18446130379493376,2010-12-24,"RT @BieberInspireMe: “Justin Bieber, you need to take a motherfucking break."" -ItsKingsleyBitch",38907071,a vulgar intensifier used to add force or emphasis,emphasis,casual_conversation,false,
motherfucking,18446436442046464,2010-12-24,"Yo, we're motherfucking giftwrapped, comin straight out the mall, gonna get crunk from the window to the wall. --Rapping presents",4404141,a vulgar intensifier used to add force or emphasis,emphasis,commenting,false,
motherfucking,18446750511538176,2010-12-24,"RT @benmarvin: Yo, we're motherfucking giftwrapped, comin straight out the mall, gonna get crunk from the window to the wall. --Rapping  ...",33486122,a vulgar intensifier used to add force or emphasis,emphasis,casual_conversation,false,
motherfucking,18446880987938816,2010-12-24,Screaming In My Nicki Voice I'm AH MOTHERFUCKING MOOOHNSTAH!,168356897,a vulgar intensifier used to add force or emphasis,emphasis,commenting,false,
motherfucking,18964096649007104,2010-12-26,I wanted to leave for Wales at 8. I'm in motherfucking islington waiting for me brother to get coffee. I been waiting for half an hour now.,21096292,a vulgar intensifier used to add force or emphasis,emphasis,commenting,false,
motherfucking,18964637395451904,2010-12-26,http://www.youtube.com/watch?v=OoFUoa4L33s&feature=related  ---Kill the Motherfucking DJ-- Nicki Minaj.,169381723,a vulgar intensifier used to add force or emphasis,emphasis,article_sharing,false,
motherfucking,18965615385513984,2010-12-26,"#HappyBDayJaredLeto @jaredleto eat vitamins,take care and be motherfucking happy ♥",67858287,a vulgar intensifier used to add force or emphasis,emphasis,casual_conversation,false,
motherfucking,18966940047380480,2010-12-26,@calowenmusic motherfucking awesome. Got cunted on Xmas eve. Hope yours wasn't too shite,6093112,a vulgar intensifier used to add force or emphasis,emphasis,casual_conversation,false,
motherfucking,18967893450432512,2010-12-26,"""i'm gonna have to back up ariel on this one..""- TROY. MOTHERFUCKING. ALLEN. #thisismyxmaspresent",21105907,a vulgar intensifier used to add force or emphasis,emphasis,commenting,false,
motherfucking,18969209853706240,2010-12-26,It's 2:00 motherfucking AM. Why am I not asleep?,98930523,a vulgar intensifier used to add force or emphasis,emphasis,commenting,false,
motherfucking,18969541279227904,2010-12-26,merry christmas to you too you no good motherfucking piece of shit son of a bitch father. Burn in hell asshole.,57489709,a vulgar intensifier used to add force or emphasis,emphasis,commenting,false,
motherfucking,18970261130842112,2010-12-26,@jaredleto #happybdayJaredLeto happy motherfucking birthday Jared! :),30504913,a vulgar intensifier used to add force or emphasis,emphasis,casual_conversation,false,
motherfucking,18972649308815360,2010-12-26,Everybody knows imma motherfucking M O N S T E R,142334249,a vulgar intensifier used to add force or emphasis,emphasis,commenting,false,
motherfucking,20089659681935360,2010-12-29,@Divasaurr FUCK CAMPING AND ZERO RECEPTION ): 4 MOTHERFUCKING DAYS #divnny.,132492144,a vulgar intensifier used to add force or emphasis,emphasis,casual_conversation,false,
motherfucking,20090954241282048,2010-12-29,DAFT MOTHERFUCKING PUNK,28104000,a vulgar intensifier used to add force or emphasis,emphasis,commenting,false,
motherfucking,20091556056801280,2010-12-29,HELL TO THE MOTHERFUCKING YEAH!,56368844,a vulgar intensifier used to add force or emphasis,emphasis,commenting,false,
motherfucking,20091954964467712,2010-12-29,YOU KNOW WHAT. I AM RINGO MOTHERFUCKING MENNECKE.,39815591,a vulgar intensifier used to add force or emphasis,emphasis,commenting,false,
motherfucking,20091956419887104,2010-12-29,I just ousted @dick_motherfucking_cheyney as the mayor of Playboy Mansion on @foursquare! http://4sq.com/fapk,81300537,a vulgar intensifier used to add force or emphasis,emphasis,casual_conversation,false,
motherfucking,20091971716517888,2010-12-29,All the girlS who played me eat your motherfucking hearts out.. #iprayforyou,218445731,a vulgar intensifier used to add force or emphasis,emphasis,commenting,false,
motherfucking,20093299461197824,2010-12-29,""" She aint a nicki fan them the bitch def dumb, u aint ma son ur ma motherfucking step son"" @NICKIMINAJ",182521336,a vulgar intensifier used to add force or emphasis,emphasis,casual_conversation,false,
motherfucking,20094209688084480,2010-12-29,"Motherfucking FREE WEEZY ALREADY!! I need a rich baby daddy lol jk but free Wayne, damn smh",31021515,a vulgar intensifier used to add force or emphasis,emphasis,commenting,true,"Irony audit: Contains 'lol jk', explicitly canceling the baby-daddy line."
motherfucking,20094549514780672,2010-12-29,Gossip gossip  nigga just stop it... Everybody knows I'm a motherfucking monster,34961600,a vulgar intensifier used to add force or emphasis,emphasis,commenting,false,
motherfucking,20095642072256512,2010-12-29,"It's the TGIF motherfucking birthday celebration. Babi, distracting gua mau tengok bola. Not funny. Rascals.",17065656,a vulgar intensifier used to add force or emphasis,emphasis,commenting,false,
relly,8293109018,2010-01-27,omg  i relly  got to stop dremming abought people from high school and middel school,19374302,"""really""; nonstandard spelling variant",emphasis,self_description,false,Manual override -> self_description
relly,8293235470,2010-01-27,RT @PRETTYRELLY: @PENNYtuMADRE no u was like ya sad face aggy face come on where da pics...=[......(is that better relly),34841095,"""really""; nonstandard spelling variant",emphasis,casual_conversation,false,Manual override -> casual_conversation
relly,8294343093,2010-01-27,@Liightskinhon3y lol so get 1 lol this relly Cuzzin im wilding  on his twitter,46536269,"""really""; nonstandard spelling variant",emphasis,casual_conversation,false,Manual override -> casual_conversation
relly,8294460927,2010-01-27,"not relly,im vexed",106219831,"""really""; nonstandard spelling variant",emphasis,self_description,false,Manual override -> self_description
relly,8294771680,2010-01-27,yes I know relly don't know what happend to him thought he looked awesome  (@thejacksons live at http://ustre.am/btOE),108735723,"""really""; nonstandard spelling variant",emphasis,television_reference,false,Manual override -> television_reference
relly,8294953846,2010-01-27,tired of the games women play is thier a good one out thier i relly wonder,63375002,"""really""; nonstandard spelling variant",emphasis,self_description,false,Manual override -> self_description
relly,8295055063,2010-01-27,Hahaha fer relly?? RT @hvnzdvl: Wait... Did I just hear a commercial for a show called Super MANNY??? Are you cereal???,59538557,"""really""; nonstandard spelling variant",emphasis,casual_conversation,false,Manual override -> casual_conversation
relly,8295540408,2010-01-27,#Random @_KidDolo_ has relly nice cheeckbones ^_^ (#SecretTurnOn chin hair =\ lolsz),28042560,"""really""; nonstandard spelling variant",emphasis,compliment,false,Manual override -> compliment
relly,8295617402,2010-01-27,YOU R RELLY WELCOME ENJOY...LOVE TO HAVE U AS A RAVEN..........CANNOT WAIT  TILL NEXT YEAR!!!!!!!,22166797,"""really""; nonstandard spelling variant",emphasis,casual_conversation,false,Manual override -> casual_conversation
relly,8295829218,2010-01-27,@madiallstar wow aha relly?(;,81720761,"""really""; nonstandard spelling variant",emphasis,casual_conversation,false,Manual override -> casual_conversation
relly,9066247191,2010-02-13,RT @karanupadhya: - I feel relly sad bout the Pune Blast . Terrorism n Terrorist r jst 2 useless pillars. Lets all break it. Support d c ...,37399163,"""really""; nonstandard spelling variant",emphasis,news_reaction,false,Manual override -> news_reaction
relly,9066275272,2010-02-13,@iColourCOUTURE LOL MY FAULT RELLY RELL,32346109,"""really""; nonstandard spelling variant",emphasis,casual_conversation,false,Manual override -> casual_conversation
relly,9066286331,2010-02-13,#shoutout to the new follower @G5_Relly,35514137,"""really""; nonstandard spelling variant",emphasis,casual_conversation,false,Manual override -> casual_conversation
relly,9066290088,2010-02-13,@Relly_Got_Fetti Nuttin Much . Laxin . Bout To Be Out .. & U ?,86373601,"""really""; nonstandard spelling variant",emphasis,casual_conversation,false,Manual override -> casual_conversation
relly,9066372984,2010-02-13,@G5_Relly i kno cause it was ma 1st time n all nae was doiin was rushin dats y nevah again wit him,70349541,"""really""; nonstandard spelling variant",emphasis,casual_conversation,false,
relly,9066523818,2010-02-13,Relly pissed rccc is nicer then pace http://myloc.me/3N3Jm,66814048,"""really""; nonstandard spelling variant",emphasis,self_description,false,Manual override -> self_description
relly,9066652705,2010-02-13,@SherriceW u still haven't added me?? cos I've spoken 2 every1 on skype. My mum sed Karise looked relly cut... :D,23686078,"""really""; nonstandard spelling variant",emphasis,casual_conversation,false,
relly,9066801810,2010-02-13,@G5_Relly yea along time ago,42063912,"""really""; nonstandard spelling variant",emphasis,casual_conversation,false,
relly,9066920664,2010-02-13,This is all new to me :D  awesome night last night relly enjoyed myself,55537295,"""really""; nonstandard spelling variant",emphasis,commenting,false,
relly,9107238327,2010-02-14,@ATG_RellJefe thats mean to say relly!,30927377,"""really""; nonstandard spelling variant",emphasis,casual_conversation,false,
relly,9107606268,2010-02-14,@Freaky_Relly dm me,60911742,"""really""; nonstandard spelling variant",emphasis,casual_conversation,false,Manual override -> casual_conversation
relly,9107789503,2010-02-14,@Freaky_Relly I'll tell u wen u get sum free time,60911742,"""really""; nonstandard spelling variant",emphasis,casual_conversation,false,
relly,9107835656,2010-02-14,Happy Valentines Day! Do we relly need a day set aside to tell people we love them? I don't think so.. that should every day.. oh well :),54971846,"""really""; nonstandard spelling variant",emphasis,commenting,false,
relly,9107961135,2010-02-14,HaPPy V-DaY EvErYbOdY...I hope YALL have someone To ceLebrate with...naaaaaaaaaaa i dont reLLY CARE,78480282,"""really""; nonstandard spelling variant",emphasis,commenting,false,
relly,9108486959,2010-02-14,I dont kno how to feel right now..i HATE when wen we fight..alll i kno is i loove my Relly always n forever..Happy V Day Everyone&lt;3...!,66789243,"""really""; nonstandard spelling variant",emphasis,commenting,false,
relly,9108494372,2010-02-14,You kno its luv wen u got yo dude in Vickie Secrets buyin bras and lingerie&gt;&gt;look at Relly =) http://tweetphoto.com/11406255,36253708,"""really""; nonstandard spelling variant",emphasis,article_sharing,false,
relly,9108891042,2010-02-14,@xoHusnaaxo -_- ha... Just kiddinggggggg!!!! Lol but i relly do have a cough....,45050315,"""really""; nonstandard spelling variant",emphasis,casual_conversation,true,"Irony audit: Contains 'Just kiddinggggggg!!!! Lol', making the relly claim nonliteral."
relly,9109280791,2010-02-14,RT @Luk_AyyDon: @UniqueGothimwet woow u relly reply n said dhat ==&gt; your my punk lol .,85878477,"""really""; nonstandard spelling variant",emphasis,casual_conversation,false,
relly,9109288812,2010-02-14,@ShantelleLouisa I Jus Thought It Was Relly Cute U The Only One Who Gave Me A Shoutout,112971233,"""really""; nonstandard spelling variant",emphasis,commenting,false,
relly,11183338129,2010-03-28,I guess ice coffe relly is messing with my sleep,55738296,"""really""; nonstandard spelling variant",emphasis,commenting,false,
relly,11183450338,2010-03-28,"Embajadoras del reino ,3day conferences were great ,came back relly blessed !!!=)",103742511,"""really""; nonstandard spelling variant",emphasis,commenting,false,
relly,11183714920,2010-03-28,""" Don't relly care who are you f**k those Ho*es but when I do make it I know what goes"" haha hee -",55738296,"""really""; nonstandard spelling variant",emphasis,commenting,false,
relly,11183718968,2010-03-28,@davinci_please hey relly rell lol,94143022,"""really""; nonstandard spelling variant",emphasis,casual_conversation,false,
relly,11184320376,2010-03-28,@justinbieber imm nott relly those interested girlss thatt follow ppl just cuxz there famous sorry,121291198,"""really""; nonstandard spelling variant",emphasis,casual_conversation,false,
relly,11184591558,2010-03-28,Q: can we b relly good friends A: thx im 16 and ill tell u about me ok http://www.society.me/q/32162/view,117596054,"""really""; nonstandard spelling variant",emphasis,article_sharing,false,
relly,11184639681,2010-03-28,qoodnitee relly. ily :-* @TyrellLindsey,127151629,"""really""; nonstandard spelling variant",emphasis,casual_conversation,false,
relly,11184684111,2010-03-28,"Q: ARE YOU SINGLE
 A: no i go out with this girl named alyah queen shes relly sweet http://www.society.me/q/32166/view",117596054,"""really""; nonstandard spelling variant",emphasis,article_sharing,false,
relly,11184758905,2010-03-28,Q: whats ur favorite video game?  A: dont relly have 1 http://www.society.me/q/32173/view,117596054,"""really""; nonstandard spelling variant",emphasis,article_sharing,false,
relly,11184813110,2010-03-28,"@anoopyatendra nothing relly ,was watching KKR vs Punjab",119886962,"""really""; nonstandard spelling variant",emphasis,casual_conversation,false,
relly,11227629610,2010-03-29,"If you a nigga & got time to talk shit abt me?, Just know Relly says you are a watcher. You watch while i live it & speak as you dream it.",27614625,"""really""; nonstandard spelling variant",emphasis,commenting,false,
relly,11227673141,2010-03-29,RT @RichGirl_Relly: #ZodiacFacts #Cancers are sensitive people and cool to be aroud bad temper and a crazy attitude #teamCancers_ :D,60290727,"""really""; nonstandard spelling variant",emphasis,casual_conversation,false,
relly,11227708269,2010-03-29,RT @_KD0T RT @RichGirl_Relly: #ZodiacFacts #Cancers are sensitive people and cool to be aroud bad temper and a crazy attitude #teamCancers_,40357770,"""really""; nonstandard spelling variant",emphasis,casual_conversation,false,
relly,11227738697,2010-03-29,"Relly Says Im Just Tryna Hurt Feelings ; But Nah ; Im Ruthless , Im Aiming For Your Head Not Your Heart",114900539,"""really""; nonstandard spelling variant",emphasis,commenting,false,
relly,11227924400,2010-03-29,@BorN_WiTh_SWaGg nott relly butt she skinny...lmao...an she wanna fukk...wahh imma say...NO!!!!i anitt gay,106261100,"""really""; nonstandard spelling variant",emphasis,casual_conversation,false,
relly,11228135427,2010-03-29,@jellica7 ahh i didn't relly care about that i was just freakin pissed off at adhan.,95969320,"""really""; nonstandard spelling variant",emphasis,casual_conversation,false,
relly,11228145614,2010-03-29,"Relly wants a #twittercrush , Can anyone help me out on this ?",27614625,"""really""; nonstandard spelling variant",emphasis,commenting,false,
relly,11228217631,2010-03-29,@RellysWay lmao u h h my relly ? :),83498489,"""really""; nonstandard spelling variant",emphasis,casual_conversation,false,
relly,11228220057,2010-03-29,@Jessicalynn1978 I'm relly dissappointed in #daryllstrawberry 2nite 4 #celebapprentice. He gave up and left his charity hanging : (,26836664,"""really""; nonstandard spelling variant",emphasis,casual_conversation,false,
relly,11228404390,2010-03-29,So not cool RT @eastcoast76: @Jessicalynn1978 I'm relly dissappointed in #daryllstrawberry 2nite 4 #celebapprentice. He gave up and left his,29054725,"""really""; nonstandard spelling variant",emphasis,casual_conversation,false,
relly,11397677150,2010-04-01,@DTCahill blue dogs are relly lapdog supporters of the marxist policies of the pro muslim marxist obama,49102516,"""really""; nonstandard spelling variant",emphasis,casual_conversation,false,
relly,11397722707,2010-04-01,"Dat nikka was relly stressed ova dose fuckin noodles ""ALL U GUYS FUCKIN BITCHES""",99645993,"""really""; nonstandard spelling variant",emphasis,commenting,false,
relly,11397744511,2010-04-01,Q:my friends are relly obessed with yah.....why?... A:why not? http://formspring.me/ehrenelectro/q/380522339,24572878,"""really""; nonstandard spelling variant",emphasis,article_sharing,false,
relly,11397838790,2010-04-01,"RT @HOOD_RICH_FETTI Dat nikka was relly stressed ova dose fuckin noodles ""ALL U GUYS FUCKIN BITCHES"" lmfaoooooo nigga dumb",107566941,"""really""; nonstandard spelling variant",emphasis,casual_conversation,false,
relly,11398246381,2010-04-01,@ricky_martin GO AHEAD RICKY... YOU CAN DO IT....YOU ARE RELLY BLESSED!,118250786,"""really""; nonstandard spelling variant",emphasis,casual_conversation,false,
relly,11398295901,2010-04-01,@rellyonsmash ur the best. Thx relly :),28260112,"""really""; nonstandard spelling variant",emphasis,casual_conversation,false,
relly,11398328740,2010-04-01,@ayeitsmelanie Relly?!,94405673,"""really""; nonstandard spelling variant",emphasis,casual_conversation,false,
relly,11398345210,2010-04-01,@Loopy_Boy_Boogz RELLY ?,42358291,"""really""; nonstandard spelling variant",emphasis,casual_conversation,false,
relly,11398579337,2010-04-01,@SnuggleBunny803 really relly,41525261,"""really""; nonstandard spelling variant",emphasis,casual_conversation,false,
relly,11398683498,2010-04-01,@BieberColors omg relly?! wthkk!! i wanted 2 see him on there...): haha,118300670,"""really""; nonstandard spelling variant",emphasis,casual_conversation,false,
relly,12335715969,2010-04-17,"@blk_celebutante coz i ws ear fuckn relly 2 tht tape u trak wen a chic on th train n i clockd i knw her bro, n she tld me he in a wheelchair",36125035,"""really""; nonstandard spelling variant",emphasis,casual_conversation,false,
relly,12336006480,2010-04-17,@mandybedi  long hair relly looked gud.... short r gud too but long were tooo gud,42017957,"""really""; nonstandard spelling variant",emphasis,compliment,false,Manual override -> compliment
relly,12336275413,2010-04-17,#np are you relly the one- ecoutez,82075402,"""really""; nonstandard spelling variant",emphasis,commenting,false,
relly,12336399801,2010-04-17,RT @TheFlirtyOneJB: RT If you relly want justin bieber to notice youuuu ? &lt;3,128044501,"""really""; nonstandard spelling variant",emphasis,casual_conversation,false,
relly,12336580986,2010-04-17,there is a bit in saw 1 where the dude is pulling a face like edward cullen in new moon its relly funny when you watch new moon,23699926,"""really""; nonstandard spelling variant",emphasis,commenting,false,
relly,12336910063,2010-04-17,Anyone recommend a relly good fool proof chocolate cake recipe ?,61833567,"""really""; nonstandard spelling variant",emphasis,commenting,false,
relly,12339677711,2010-04-17,@BeingSalmanKhan relly weel said sir...,131436335,"""really""; nonstandard spelling variant",emphasis,casual_conversation,false,
relly,12339684941,2010-04-17,i broke my foot yesterday and it's relly hurt me... :-(,66107316,"""really""; nonstandard spelling variant",emphasis,commenting,false,
relly,12339688618,2010-04-17,this is going to be a relly bad day....remember I said this.,102738641,"""really""; nonstandard spelling variant",emphasis,commenting,false,
relly,12340135611,2010-04-17,RT @RellaBellla: RT @SamSneed1: Morning ppl....&lt;Mernin&lt; wassup relly,27578663,"""really""; nonstandard spelling variant",emphasis,casual_conversation,false,
relly,13002608998,2010-04-28,Has had  relly busy couple of weeks and it doesn't look good. Lots to do before getting a week off in may!,128042340,"""really""; nonstandard spelling variant",emphasis,commenting,false,
relly,13002756081,2010-04-28,@CalebDuff welcome ! U relly make amazing videos! I am jealous :P,62363240,"""really""; nonstandard spelling variant",emphasis,casual_conversation,false,
relly,13002885535,2010-04-28,A girl just asked if we were on first ... Do i relly look like a 13 years old girl?,94352710,"""really""; nonstandard spelling variant",emphasis,commenting,false,
relly,13003221865,2010-04-28,"I love mathematics, i love biology, i relly love physics BUT i hate chemistry ! &gt;&lt;",136629094,"""really""; nonstandard spelling variant",emphasis,commenting,false,
relly,13003823301,2010-04-28,@sonia_1207 hahahah was there relly any doubt??,133833980,"""really""; nonstandard spelling variant",emphasis,casual_conversation,false,
relly,13004017724,2010-04-28,"thers relly no choice, tat u can do dis",132878001,"""really""; nonstandard spelling variant",emphasis,commenting,false,
relly,13004083446,2010-04-28,i relly thought u was a man u had me thinkin about a plan guess da star u had could neva b replaced u traded hollywood 4 a spot in space,124467740,"""really""; nonstandard spelling variant",emphasis,commenting,false,
relly,13004245499,2010-04-28,"thers relly no chance, tat u can do our dance.....-- :)))",132878001,"""really""; nonstandard spelling variant",emphasis,commenting,false,
relly,13005704665,2010-04-28,ReLly? It. Has come to this? Setting fire to the ocean oil slick?,20260920,"""really""; nonstandard spelling variant",emphasis,commenting,false,
relly,13007106508,2010-04-28,are you serious right now this guy relly going to come in the libarary and breath really heavy right next to me at the computer station,26941651,"""really""; nonstandard spelling variant",emphasis,commenting,false,
relly,15357376663,2010-06-03,Shesshhh nd da laker shit begins...r ya relly goin 2 start 2 flood my timeline wit dis laker shit nd it hasnt even started yet...smh,124467740,"""really""; nonstandard spelling variant",emphasis,commenting,false,
relly,15357661874,2010-06-03,no but relly that got on my nerve like yall dnt understand,59153761,"""really""; nonstandard spelling variant",emphasis,commenting,false,
relly,15357887050,2010-06-03,@M_TrevinoFans haha wish i want 2 win the braclete its relly cute. how did u get all tht stuff?,110003153,"""really""; nonstandard spelling variant",emphasis,casual_conversation,false,
relly,15358164026,2010-06-03,@_biteMEHxD_ ight when the Lakers win I wanna see you and Relly's face,35627403,"""really""; nonstandard spelling variant",emphasis,casual_conversation,false,
relly,15358521528,2010-06-03,"@cupiexcake Absolutely. &that makes me want to change too, mu life sucks, but now that Im being called a hypocriten, I relly need to change!",14285346,"""really""; nonstandard spelling variant",emphasis,casual_conversation,false,
relly,15374744118,2010-06-03,Sitting next to @LoveJBMusiic waiting 4 Supernatural to get started! We r relly freaking out right now 'cause its the last episode.. :D,43551238,"""really""; nonstandard spelling variant",emphasis,casual_conversation,false,
relly,15375000142,2010-06-03,my  moms playing we are the world! xD she relly likes that song!,43370734,"""really""; nonstandard spelling variant",emphasis,commenting,false,
relly,15375111260,2010-06-03,@Relly_Monro3 go to waughtown street beside advance auto and 15,17264109,"""really""; nonstandard spelling variant",emphasis,casual_conversation,false,
relly,15375359488,2010-06-03,Lmao . . . T.Relly Mac I wud never call yu that !,142382534,"""really""; nonstandard spelling variant",emphasis,commenting,false,
relly,15375385159,2010-06-03,RT @MOreMoNeyMOi    @GoT_DFr3Sh lol yea i tld u kum thru 1 day ill show u aroun &lt;-DHA WHITE AREAS DOE WHERE HE RELLY FRM LOL,48607378,"""really""; nonstandard spelling variant",emphasis,casual_conversation,false,
relly,15624231242,2010-06-07,@GeoffField damn i totally forgot : ( I'm reLly sorry !!,74438599,"""really""; nonstandard spelling variant",emphasis,casual_conversation,false,
relly,15624807458,2010-06-07,"Up early bout to go 2 work, relly dont feel like it but imma go",152676142,"""really""; nonstandard spelling variant",emphasis,commenting,false,
relly,15626088553,2010-06-07,"Go lakers go! I relly really like la lakers..
:))",117346013,"""really""; nonstandard spelling variant",emphasis,commenting,false,
relly,15626323027,2010-06-07,@itsmemarielt : hello ate maH !! you know i relly like u ! muah,152997951,"""really""; nonstandard spelling variant",emphasis,casual_conversation,false,
relly,15626623822,2010-06-07,i can never stop luving uh.....!! u say me to frget u.....!! but how will i ...i've relly luved ew..i can nevr... http://bit.ly/9vcFIc,57075116,"""really""; nonstandard spelling variant",emphasis,article_sharing,false,
relly,15627080294,2010-06-07,do they relly have many choices? RT @sanjeevpriyam: @aseemrastogi2 Yuvi didn't deserve a place but team still looks amateur.,54304105,"""really""; nonstandard spelling variant",emphasis,casual_conversation,false,
relly,15627107501,2010-06-07,@iHrithik sir hrithik hatss off fr yur performance in kites....relly look frward tu c more experimental movies....,150710818,"""really""; nonstandard spelling variant",emphasis,casual_conversation,false,
relly,15627615927,2010-06-07,@FreePj_N_Relly its in my background,72119378,"""really""; nonstandard spelling variant",emphasis,casual_conversation,false,
relly,15627833967,2010-06-07,damn im sleepy ! i relly dOnt feel lik startin summer classes 2day =/,97373104,"""really""; nonstandard spelling variant",emphasis,commenting,false,
relly,15627997362,2010-06-07,@FreePj_N_Relly iight,72119378,"""really""; nonstandard spelling variant",emphasis,casual_conversation,false,
relly,16486113582,2010-06-18,RT @milly_Nelson: RT @DjBallistic_EC: @milly_Nelson I smell u! Snm ;)•Like Relly o_O«LOOOOOOOOOOOOOOOL *dies*,25546870,"""really""; nonstandard spelling variant",emphasis,casual_conversation,false,
relly,16486177336,2010-06-18,#FF - my Relly ! @_imaBADDone,29902828,"""really""; nonstandard spelling variant",emphasis,casual_conversation,false,
relly,16486214386,2010-06-18,RT @DJ_MOLLS: @AG_Promo relly though and u cant even hit a girl up? iiight,109379793,"""really""; nonstandard spelling variant",emphasis,casual_conversation,false,
relly,16486252214,2010-06-18,so yhu not hurtin nobody relly lmaoo !,81985347,"""really""; nonstandard spelling variant",emphasis,commenting,false,
relly,16486299074,2010-06-18,@July17th_Relly turning 15 july 16thh i really wanna see yu today lmaoo,118860500,"""really""; nonstandard spelling variant",emphasis,casual_conversation,false,
relly,16486388191,2010-06-18,till nw papers r gioin on gr8.....but physics paper was relly weird...still it went good.....................,102998802,"""really""; nonstandard spelling variant",emphasis,commenting,false,
relly,16487076545,2010-06-18,Thanx man RT @FreeMind59: Shouts out to the relly @tariq_dc you did your thing let's hook up soon so I can shoot you beats till then stay up,133936190,"""really""; nonstandard spelling variant",emphasis,casual_conversation,false,
relly,16487282367,2010-06-18,"Holy crap ""The UNBORN"" is getting relly scary now!!!! Im scared. AHHHHHHHHHHH ;(",108684487,"""really""; nonstandard spelling variant",emphasis,commenting,false,
relly,16487352365,2010-06-18,Like my relly @Kennyvic say Gzzzz haha,58236002,"""really""; nonstandard spelling variant",emphasis,casual_conversation,false,
relly,16487400593,2010-06-18,@SexyChina101 noe.a.month.alreddiii.dang.hell.yea.he.izz.relly.madd,53852769,"""really""; nonstandard spelling variant",emphasis,casual_conversation,false,
relly,16826435904,2010-06-23,Ayy me n pebbles bout to get on dha track wit mr.. Go relly go.!,76124980,"""really""; nonstandard spelling variant",emphasis,commenting,false,
relly,16826855463,2010-06-23,"""do you ever get tired of being wrong?"" *5 secnds later* ""*Running away* I DO. I RELLY DO"" HAHA.",29158960,"""really""; nonstandard spelling variant",emphasis,commenting,false,
relly,16827568699,2010-06-23,@526_SHOD LIKE SERIOUSLY ? DiD YUH RELLy HAVE TO PULL THE #UNFOLLOW && #BLOCK BUTTON ...ON US? U AIN'T REPLY TO MY DM...BUt I WILL ADDRESS,64279201,"""really""; nonstandard spelling variant",emphasis,casual_conversation,false,
relly,16828311284,2010-06-23,IS IT RELLY TRUE!!!!!!!!!!!!!!!!!!!!!!!!!!!!!!!!!!!!!!!!!!!!!!!!OMG I THINK IT IS,158628565,"""really""; nonstandard spelling variant",emphasis,commenting,false,
relly,16829236292,2010-06-23,few thing r relly never change....hhh...don't know if I should glad to her it or not...,42588732,"""really""; nonstandard spelling variant",emphasis,commenting,false,
relly,16829387835,2010-06-23,"Ahhh ,, Wee Titee ! Lil Relly Want'd Too Be Likee Mee ! http://twitpic.com/1z6ja0",32323534,"""really""; nonstandard spelling variant",emphasis,article_sharing,false,
relly,16829983499,2010-06-23,RT @MakeDaPussyDrip: Where @emoney_nws?&lt;-- wuT It DoO ReLLY!?,132676935,"""really""; nonstandard spelling variant",emphasis,casual_conversation,false,
relly,16830042508,2010-06-23,Relly,155801566,"""really""; nonstandard spelling variant",emphasis,commenting,false,
relly,16830292262,2010-06-23,@JussENVYLexii  IT RELLY IS BETTER HALF,120192684,"""really""; nonstandard spelling variant",emphasis,casual_conversation,false,
relly,16830365056,2010-06-23,"@Beshoo20 nt relly i jst can watchn them on lcal tv cz thy cme 2 Jakarta i nt live thre,i live soo far frm Jakarta
on te Borneo Island",132057662,"""really""; nonstandard spelling variant",emphasis,casual_conversation,false,
relly,17228088706,2010-06-28,@@@@@@@@@@@!!! betsey jonhson was RELLY NICE!!!!!!!!!!!,136143942,"""really""; nonstandard spelling variant",emphasis,casual_conversation,false,
relly,17228307580,2010-06-28,@THEYfollowROMEO hey relly! @MrsRocket1 over here sayn yo pops on BET! El Debarge! Haha,123167532,"""really""; nonstandard spelling variant",emphasis,casual_conversation,false,Manual override -> casual_conversation
relly,17228541871,2010-06-28,#BETawards wasnt that qood dis year it was type #dead and chris brown relly cried so fans wud have sympathy &he cud regain his rep JUU HEARD,61567265,"""really""; nonstandard spelling variant",emphasis,commenting,false,
relly,17228649914,2010-06-28,@FRANKDIESEL510 well yu didn't relly talk much nor tweeted stuff .,107971384,"""really""; nonstandard spelling variant",emphasis,casual_conversation,false,
relly,17229004248,2010-06-28,"@Rtistiquebri it was a relly good movie, two thumbs up!! 5 stars hahah",101455003,"""really""; nonstandard spelling variant",emphasis,casual_conversation,false,
relly,17229086707,2010-06-28,♻ @kgrodzicki: Feel of #scala: http://bit.ly/arKrPE relly impressive presentation!,34560280,"""really""; nonstandard spelling variant",emphasis,casual_conversation,false,
relly,17229333335,2010-06-28,@sweets_relly right here boo,159909549,"""really""; nonstandard spelling variant",emphasis,casual_conversation,false,
relly,17229510632,2010-06-28,@MsOfBusiness it is the 1 an only relly-rell B O double dolla sign hahaha,62438471,"""really""; nonstandard spelling variant",emphasis,casual_conversation,false,
relly,17230241474,2010-06-28,@sweets_relly ooooohhhh I wonder with who ;),159909549,"""really""; nonstandard spelling variant",emphasis,casual_conversation,false,
relly,17230331387,2010-06-28,@sweets_relly awwwwwww how sweet,159909549,"""really""; nonstandard spelling variant",emphasis,casual_conversation,false,
relly,18015361625,2010-07-08,"@Relly_Kong64 lol yes, so they need a cure",77313097,"""really""; nonstandard spelling variant",emphasis,casual_conversation,false,
relly,18015394742,2010-07-08,Ummm Idk Whaa Thaa Means O_o Lolsz RT @T_Sc0tt: @Relly_ThaBishx3 lol fasho ;),68299589,"""really""; nonstandard spelling variant",emphasis,casual_conversation,false,
relly,18015408241,2010-07-08,@Relly_ThaBishx3 lols dat shows how much we neva tlk :'( . . . & wurdd u rightt gotta make a living sumhow,57379627,"""really""; nonstandard spelling variant",emphasis,casual_conversation,false,
relly,18015417489,2010-07-08,RT @5AMBoy_Mo: RT @Relly_ThaBishx3 Goooooo To Bed ! RT @5AMBoy_Mo: lolll + lol shutupp + lol do she not see ya @ name,31560664,"""really""; nonstandard spelling variant",emphasis,casual_conversation,false,
relly,18015523132,2010-07-08,@Relly_ThaBishx3 yea yu rite,57379627,"""really""; nonstandard spelling variant",emphasis,casual_conversation,false,
relly,18015580891,2010-07-08,@Relly_Kong64 but you have to if you can't function normally,77313097,"""really""; nonstandard spelling variant",emphasis,casual_conversation,false,
relly,18015730169,2010-07-08,"@Relly_Kong64 lol yea, only if absolutely necessary",77313097,"""really""; nonstandard spelling variant",emphasis,casual_conversation,false,
relly,18015742252,2010-07-08,Yea Lolsz RT @Sucme_liv4eva: @Relly_ThaBishx3 yea yu rite,68299589,"""really""; nonstandard spelling variant",emphasis,casual_conversation,false,
relly,18015886449,2010-07-08,@Relly_ThaBishx3 dats wats up so were yu frm,55623612,"""really""; nonstandard spelling variant",emphasis,casual_conversation,false,
relly,18015926116,2010-07-08,@Relly_Kong64 too many name changes for me bruhman,26429631,"""really""; nonstandard spelling variant",emphasis,casual_conversation,false,
relly,18529419288,2010-07-14,Lml so why dis nikka ded hmu on sum I Noe u miss me cas all the tweets yest I jus laughed Nikka relly thaught i had time to tweet Bout Him,97911196,"""really""; nonstandard spelling variant",emphasis,commenting,false,
relly,18529620150,2010-07-14,i  relly  whant  to  act  it  would  be  awsome  if  i  could  be  in  a  movie,88081429,"""really""; nonstandard spelling variant",emphasis,commenting,false,
relly,18530446226,2010-07-14,"@cblackstone didn't relly register that it was only 10 in the morning haha, makes a bit more sense now..",24712344,"""really""; nonstandard spelling variant",emphasis,casual_conversation,false,
relly,18530983121,2010-07-14,RT @x3LadieBieber cuff these kids are relly buying school stuff u can tell these kids have no life and not enjoying there summer ! cuddys,139216667,"""really""; nonstandard spelling variant",emphasis,casual_conversation,false,
relly,18531453760,2010-07-14,@BeliebersLaugh Its koool i dont mind. yea hes relly nice whats your msn &lt;3. xxxxx,120515808,"""really""; nonstandard spelling variant",emphasis,casual_conversation,false,
relly,18531659890,2010-07-14,"@LeahEmily umm, to be honest I can't relly think of anybody lol. I'm in nac so I can't find anybody tey are all hoes! #imjustsaying",68081689,"""really""; nonstandard spelling variant",emphasis,casual_conversation,false,
relly,18532194580,2010-07-14,RT @fUKU_iMEXPENSiv @LegitimatlyEPIC @Pretty_Gurl_Meq dead ass one day we qotta mobb out there ;----- lol . We relly doo tho*,65790631,"""really""; nonstandard spelling variant",emphasis,casual_conversation,false,
relly,18533428802,2010-07-14,i relly love this :O(YouTube http://youtu.be/zTG8izuc3Lo?a),51783218,"""really""; nonstandard spelling variant",emphasis,article_sharing,false,
relly,18533710431,2010-07-14,@CharlesTrippy take me with its my birthday plzz lol i love u!!! relly &lt;3,166604768,"""really""; nonstandard spelling variant",emphasis,casual_conversation,false,
relly,18533730730,2010-07-14,Omw to work...don't relly care if I'm late...starviinn...I bet itsz slower den shit!  http://myloc.me/9f2zy,41169272,"""really""; nonstandard spelling variant",emphasis,article_sharing,false,
relly,20627975601,2010-08-08,@AllaAbtME_AUG18 MORNIN RELLY,94006433,"""really""; nonstandard spelling variant",emphasis,casual_conversation,false,
relly,20628108291,2010-08-08,@MissKatieJonas wow relly,168440931,"""really""; nonstandard spelling variant",emphasis,casual_conversation,false,
relly,20629789578,2010-08-08,@v_eronicaong relly i really treat u as my best neat fren whenever i got trouble i come to u,73852878,"""really""; nonstandard spelling variant",emphasis,casual_conversation,false,
relly,20631108933,2010-08-08,@Ima_celeBRITy relly,168440931,"""really""; nonstandard spelling variant",emphasis,casual_conversation,false,
relly,20631159598,2010-08-08,"@rukiaorihime328 mah frnd ur relly lucky.. not only happy of twit back but also hav a chance to see @officialcharice in person,, envy you",147288391,"""really""; nonstandard spelling variant",emphasis,casual_conversation,false,
relly,20631446444,2010-08-08,RT @bizzare86sheena: @rukiaorihime328 mah frnd ur relly lucky.. not only happy of twit back but also hav a chance to see @officialcharic ...,176080732,"""really""; nonstandard spelling variant",emphasis,casual_conversation,false,
relly,20631472624,2010-08-08,Uqhh I relly have nuthing to wear today :(,95509801,"""really""; nonstandard spelling variant",emphasis,commenting,false,
relly,20632076793,2010-08-08,@MissKatieJonas relly,168440931,"""really""; nonstandard spelling variant",emphasis,casual_conversation,false,
relly,20633610047,2010-08-08,"I cnt tell u wat it relly is,I can only tell u wat it feels like,Steal knife in my wind pipe.",137530973,"""really""; nonstandard spelling variant",emphasis,commenting,false,
relly,20634011055,2010-08-08,@CocoaBabi123 relly?? Lol,168921701,"""really""; nonstandard spelling variant",emphasis,casual_conversation,false,
relly,21698191241,2010-08-20,#twitterneglect blame @relly_rozay 2day lol,61973230,"""really""; nonstandard spelling variant",emphasis,casual_conversation,false,
relly,21698334612,2010-08-20,@MirandaBuzz O relly!!,180119299,"""really""; nonstandard spelling variant",emphasis,casual_conversation,false,
relly,21698450875,2010-08-20,"@Pennyyx3 yeah Its relly hard, but hope you are better :) life is hard sometimes :S",107753630,"""really""; nonstandard spelling variant",emphasis,casual_conversation,false,
relly,21698641397,2010-08-20,"@papergrace  we did, indeed. they relly know how to put on a show.... a bit envious of their sound equipment.",79553304,"""really""; nonstandard spelling variant",emphasis,casual_conversation,false,
relly,21699121194,2010-08-20,@ButterCup1698 yea me 2...yhu kno yhu say LOL n all ur tweetz do yhu relly laugh dat much lmao,59337377,"""really""; nonstandard spelling variant",emphasis,casual_conversation,false,
relly,21699215667,2010-08-20,"@justinbieber you have relly disappointed us! You ignoring our #GermanBieberDay :'( 
Never say Never i don't think so.",169050105,"""really""; nonstandard spelling variant",emphasis,casual_conversation,false,
relly,21699955961,2010-08-20,"@frommilovesGAGA Relly? Awesome! Take pic with them on so I can see? :D and yes, we will dream it until it happens #monsterbff Xx",141273220,"""really""; nonstandard spelling variant",emphasis,casual_conversation,false,
relly,21700003817,2010-08-20,@ButterCup1698 yea ii understand im kinda lik dat but nt relly as out-goin as othas,59337377,"""really""; nonstandard spelling variant",emphasis,casual_conversation,false,
relly,21700677633,2010-08-20,@Pooney_Bug lol no relly,46918692,"""really""; nonstandard spelling variant",emphasis,casual_conversation,false,
relly,21700831584,2010-08-20,So i relly wanna know how many tats i have @tiu_krissii_311 u got sum counting 2 do,81234434,"""really""; nonstandard spelling variant",emphasis,casual_conversation,false,
relly,21787625106,2010-08-22,#DontBotherTrying im alredy taken *treysongz voice * lol aint relly taken doee aaha jus listenin to dhee song,30495058,"""really""; nonstandard spelling variant",emphasis,commenting,false,
relly,21787857501,2010-08-22,OFFLINE ! i go to sleep and i be draming about @justinbieber i will have relly GOOD DREAMS !! bye ~ bye i love yaa all &lt;333333,178703781,"""really""; nonstandard spelling variant",emphasis,casual_conversation,false,
relly,21788238809,2010-08-22,@biiebeersupport ang relly its barley 5:22 in california.,128443588,"""really""; nonstandard spelling variant",emphasis,casual_conversation,false,
relly,21788246070,2010-08-22,relly           :=),178554583,"""really""; nonstandard spelling variant",emphasis,commenting,false,
relly,21788444164,2010-08-22,Yo peeps!  @TheSamBoscar is supa supa cool and relly sweet! Follow her! Ps.she follows @jamesmaslow!,112441783,"""really""; nonstandard spelling variant",emphasis,casual_conversation,false,
relly,21788589660,2010-08-22,@Abbie___x awww my sugaaar bananaaa ! Its been ok! Had aa relly rubbish day at work today! And erm some time in sept! Lol,87580522,"""really""; nonstandard spelling variant",emphasis,casual_conversation,false,
relly,21788791109,2010-08-22,@ChrizannaD ohh was there relly a fire,116617446,"""really""; nonstandard spelling variant",emphasis,casual_conversation,false,
relly,21789038448,2010-08-22,bored i RELLY need a phone  ):: http://lnk.ms/BJbr0,48274852,"""really""; nonstandard spelling variant",emphasis,article_sharing,false,
relly,21789680966,2010-08-22,"#Random I Relly Really, Really Really [Cam Voice] NEED a New Dipolmats Album back Out!",44006182,"""really""; nonstandard spelling variant",emphasis,commenting,false,
relly,21789977838,2010-08-22,@CiinndyyBabe ohh yeaa.. i've been relly busy.. ma family is moving all over. i jus came bak from pennsylvania n now am st lucia :),126744679,"""really""; nonstandard spelling variant",emphasis,casual_conversation,false,
relly,23078003327,2010-09-05,@Relly_Boo smt cut it out now @MyLuxuriousLook,169326352,"""really""; nonstandard spelling variant",emphasis,casual_conversation,false,
relly,23078051320,2010-09-05,@ROCKSTARRELLRSG thanx 4 comin too Relly,130183627,"""really""; nonstandard spelling variant",emphasis,casual_conversation,false,Manual override -> casual_conversation
relly,23078332139,2010-09-05,idec @Relly_Boo,169326352,"""really""; nonstandard spelling variant",emphasis,casual_conversation,false,
relly,23078508091,2010-09-05,No prob babes RT @Slim_Goodie_Ebb: @ROCKSTARRELLRSG thanx 4 comin too Relly,46003364,"""really""; nonstandard spelling variant",emphasis,casual_conversation,false,
relly,23078777250,2010-09-05,@fcloversbieber ok but i didn't relly understand wat u said,184965560,"""really""; nonstandard spelling variant",emphasis,casual_conversation,false,
relly,23079294659,2010-09-05,@nutellabieberr  relly,179929654,"""really""; nonstandard spelling variant",emphasis,casual_conversation,false,
relly,23079714698,2010-09-05,RT @_KoKoLove ok ok time 2 get out the bed....smh.! on my bummy shit 2day...........well not relly lol....yes really,97726120,"""really""; nonstandard spelling variant",emphasis,casual_conversation,false,
relly,23080029761,2010-09-05,No smiling! I'm still b bed! RT @EazyDusIt: CharlieLUSHESS hi Relly Rell :),154794507,"""really""; nonstandard spelling variant",emphasis,casual_conversation,false,
relly,23080045274,2010-09-05,@AthleticX yea i live in vegas nd i relly dont have any gym access. i have basketball practice on saturdays at 8 nd thts it,138610281,"""really""; nonstandard spelling variant",emphasis,casual_conversation,false,
relly,23080217110,2010-09-05,RT @Relly_Boo: i still cant believe wat he told me lsst nite like really... &lt;- Whaa Happened ?,72202852,"""really""; nonstandard spelling variant",emphasis,casual_conversation,false,
relly,25383875716,2010-09-24,Hey if your .a..mj fan my friend got .a..mj supporte youtube @ myjessica44  she relly nice go see it,190968837,"""really""; nonstandard spelling variant",emphasis,casual_conversation,false,
relly,25384036607,2010-09-24,@R_Relly27 lmao shut up relly....wat I still doin up nigg?,184601434,"""really""; nonstandard spelling variant",emphasis,casual_conversation,false,
relly,25384207514,2010-09-24,What a cool looking resident of The Whitsundays. A footballer trout close relly to coral trout www.cruisewhitsunda http://twitpic.com/2kq699,79690836,"""really""; nonstandard spelling variant",emphasis,article_sharing,false,
relly,25384255446,2010-09-24,RT @MsDash21 @R_Relly27 lmao shut up relly....wat I still doin up nigg?&lt; I'm alway up late nigg I dnt be tired,185885974,"""really""; nonstandard spelling variant",emphasis,casual_conversation,false,
relly,25384436796,2010-09-24,@RellyRells awh thanks Relly! Appreciate it! I know right... Hope your good?,33348934,"""really""; nonstandard spelling variant",emphasis,casual_conversation,false,
relly,25384562873,2010-09-24,@5amBoy_Rell uu Kno Damn Well uu Not Srry Lol I Kno uu Relly.,110107093,"""really""; nonstandard spelling variant",emphasis,casual_conversation,false,
relly,25385052715,2010-09-24,wow!  big relly stretchd out ...smh ... #neveragain,162929256,"""really""; nonstandard spelling variant",emphasis,commenting,false,
relly,25385546225,2010-09-24,I relly want to see my boyfriend,23271956,"""really""; nonstandard spelling variant",emphasis,commenting,false,
relly,25385922318,2010-09-24,@BieberPancake  i relly love you twitter name its soo cute FOLLOWEN FOLLOW BACK PRETTY PRETTY PLEASE WIT .A. STRAWBERRY ON TOP (: (:,190968837,"""really""; nonstandard spelling variant",emphasis,casual_conversation,false,
relly,25387220139,2010-09-24,@iKrisBelieb  i no mine just playing my name is relly strawberry btw (:,190968837,"""really""; nonstandard spelling variant",emphasis,casual_conversation,false,
relly,25967712474,2010-09-30,"1 2 buckle my shoe, no one on the corner has brains like I do _Relly",107844169,"""really""; nonstandard spelling variant",emphasis,commenting,false,
relly,25968700346,2010-09-30,I relly dunno y its takin so long to check the tracks kmft,49462083,"""really""; nonstandard spelling variant",emphasis,commenting,false,
relly,25970211086,2010-09-30,"Oh good,false if i love someone with different beliefs? Servant relly nervous. Servant love it because you lord.",188218665,"""really""; nonstandard spelling variant",emphasis,commenting,false,
relly,25970532124,2010-09-30,relly 408 dead stop,48555560,"""really""; nonstandard spelling variant",emphasis,commenting,false,
relly,25971067652,2010-09-30,Check out that hard n tha paint@itzDuBB my relly burried it hoodz finezt twiggaz,150539738,"""really""; nonstandard spelling variant",emphasis,casual_conversation,false,
relly,25971633452,2010-09-30,Fall weather is relly not suppode to be like this...,128985833,"""really""; nonstandard spelling variant",emphasis,commenting,false,
relly,25972071128,2010-09-30,@botdfmusic it should have to come once a year but i think u guys can make it twice a relly awesome Halloween.,168705546,"""really""; nonstandard spelling variant",emphasis,casual_conversation,false,
relly,25975887380,2010-09-30,@TalkingWithTami the bride looked like she relly didn't wnt. to be there lol,19077034,"""really""; nonstandard spelling variant",emphasis,casual_conversation,false,
relly,25978856766,2010-09-30,i had a relly good nightsleep!!! :),78129436,"""really""; nonstandard spelling variant",emphasis,commenting,false,
relly,25979052821,2010-09-30,@ShreyaGhoshalFC  i relly waiting for acrion replay. . . .wat a song. . ..     jor ka jatka dhire se laga. . . .,166066615,"""really""; nonstandard spelling variant",emphasis,casual_conversation,false,
relly,26523217861,2010-10-06,"@virendersehwag yes, u r right veeru, relly a suprising package from Ishant.chak de India",189108603,"""really""; nonstandard spelling variant",emphasis,casual_conversation,false,
relly,26523870072,2010-10-06,Mom and relly  http://twitpic.com/2v1fxx,30537862,"""really""; nonstandard spelling variant",emphasis,article_sharing,false,
relly,26524235841,2010-10-06,@Nana_bear96 oo relly :) lol,146700762,"""really""; nonstandard spelling variant",emphasis,casual_conversation,false,
relly,26524314168,2010-10-06,RT @Dat_E_Nigga: @DownAss_RELLY WASSHUP =] » wasshup,192047279,"""really""; nonstandard spelling variant",emphasis,casual_conversation,false,
relly,26524638511,2010-10-06,@Toiitle fuk dude.. who goes? i wanna fuken go dude like play relly bad..,154422294,"""really""; nonstandard spelling variant",emphasis,casual_conversation,false,
relly,26524661012,2010-10-06,RT @Butta_got_u_wet: 0ff 2 watch luv &bball gud nite @LUST_LOVE_RENEE @DownAss_RELLY » nigh nigh :-♡,192047279,"""really""; nonstandard spelling variant",emphasis,casual_conversation,false,
relly,26524698299,2010-10-06,RT @brill120808: I relly need u to be here.,77750780,"""really""; nonstandard spelling variant",emphasis,casual_conversation,false,
relly,26524864632,2010-10-06,@Louie_V_ReLLy wat up friend,34036431,"""really""; nonstandard spelling variant",emphasis,casual_conversation,false,
relly,26525220069,2010-10-06,@helmerohyeah I dnt think I'd be ur friend if u did lmfao no but relly we need a date I dnt like not havin u to pick on!,185431882,"""really""; nonstandard spelling variant",emphasis,casual_conversation,false,
relly,26525337655,2010-10-06,"I thinkk we all laugh jst enoughh it jst shows how happy we relly are.!RT:""@KendoTooDope: I laugh too much ..""",114913753,"""really""; nonstandard spelling variant",emphasis,casual_conversation,false,
relly,27274106089,2010-10-13,@Relly_Rozayy lol thank you kindly hahaa,116932870,"""really""; nonstandard spelling variant",emphasis,casual_conversation,false,
relly,27274189618,2010-10-13,@A_ysiaa :p I gotta see pics if y'all stripped so I can relly judge tho albunssz@yahoo.com is my email send yur entries in ;-) lml,61567265,"""really""; nonstandard spelling variant",emphasis,casual_conversation,false,
relly,27275013591,2010-10-13,@Amrit_Core Oh dear....I know it relly is. ...But looooooooooooool that was soooooooooooooooo funnny,21322527,"""really""; nonstandard spelling variant",emphasis,casual_conversation,false,
relly,27275374153,2010-10-13,@HotBustinJustin RRRRR......now that i see the picture i relly want it now rrrrrrrrr..... #Firststep2forever I AM GOING AFTER U HAHAH &lt;&lt;333,168740612,"""really""; nonstandard spelling variant",emphasis,casual_conversation,false,
relly,27275482110,2010-10-13,I relly think somebody shud respond now!,163655269,"""really""; nonstandard spelling variant",emphasis,commenting,false,
relly,27275532143,2010-10-13,"'I don't make mistakes twice. I want to relly illerate, relittterate that' #apprentice",39720304,"""really""; nonstandard spelling variant",emphasis,commenting,false,
relly,27275563593,2010-10-13,join the club owww RT @Miller_Litee Omg my jaw is killing me... I think I relly need to get this tooth pulled now,76350589,"""really""; nonstandard spelling variant",emphasis,casual_conversation,false,
relly,27275852380,2010-10-13,OMG ITS @JUSTINBIEBER (screaming) ~Me what?? (Laughing relly hard) ~ aaron ahah,163655269,"""really""; nonstandard spelling variant",emphasis,casual_conversation,false,
relly,27276126487,2010-10-13,@OfficiallyIce guess who Relly is http://i55.tinypic.com/eaocg8.gif,18123326,"""really""; nonstandard spelling variant",emphasis,casual_conversation,false,
relly,27276201169,2010-10-13,"Why do people take the elevator from the basement, are you relly that lazy and gross",38019491,"""really""; nonstandard spelling variant",emphasis,commenting,false,
relly,27636443383,2010-10-17,@JusDat_PRETTY trojan condoms r relly strong excpally the new fire nd ice brand,193132490,"""really""; nonstandard spelling variant",emphasis,casual_conversation,false,
relly,27636651195,2010-10-17,RT @Im_T_Relly: Theres no way u can try to make everyone else happy & stay happy youself... #whelp Gotta let people stand on their own feet.,31407422,"""really""; nonstandard spelling variant",emphasis,casual_conversation,false,
relly,27637734342,2010-10-17,Kara showed on Music station!! So they are relly popular in Japan?,144509163,"""really""; nonstandard spelling variant",emphasis,commenting,false,
relly,27637896200,2010-10-17,i relly really really relaly really want to meet @planetjedward on monday with @lauren_dx and @melisssa93x ahhh cant wait :) @jeddies_cork,44680759,"""really""; nonstandard spelling variant",emphasis,casual_conversation,false,
relly,27638772925,2010-10-17,@iMarisol lol u sumthin else u kno that u relly sumthn else (kevin hart voice) lol,99557357,"""really""; nonstandard spelling variant",emphasis,casual_conversation,false,
relly,27639176119,2010-10-17,@Relly_Rozay GM tweekers! :) Sooo...who had a good Sweetest Day? &gt;&gt; You must of had a good one because you tweeting gm and shit lol wow.!,188080750,"""really""; nonstandard spelling variant",emphasis,casual_conversation,false,
relly,27639493823,2010-10-17,"68 minutes, and i'm starting to geet relly pissed off now &gt;:O",52896484,"""really""; nonstandard spelling variant",emphasis,commenting,false,
relly,27639496038,2010-10-17,@Mo_Gorgeous92 @Relly_Rozay GM tweekers! :) Sooo...who had a good Sweetest Day? &gt;&gt; u must of had a good 1 bcuz u tweetin gm n shit lol wow!,176469788,"""really""; nonstandard spelling variant",emphasis,casual_conversation,false,
relly,27641426242,2010-10-17,@vincephilosophy PLay boy mags? from flu to nose bleeds~ then u relly need a tampon =),116779799,"""really""; nonstandard spelling variant",emphasis,casual_conversation,false,
relly,27641583174,2010-10-17,"RT @Relly_Rozay RT @ihateKatStacks Ooooh she know she bad, bad like a mothafucka",164502333,"""really""; nonstandard spelling variant",emphasis,casual_conversation,false,
relly,4067115799683072,2010-11-15,RT @TyByAssociation: @Relly_Rel so u say sum after I leave new orleans... } lol,172482244,"""really""; nonstandard spelling variant",emphasis,casual_conversation,false,
relly,4071003323891712,2010-11-15,"Stayed @my frendz 4 the weekend and rocked out some road hockey, also some ice hockey with a bunch of our frendz. He did relly good as def.",209264055,"""really""; nonstandard spelling variant",emphasis,commenting,false,Manual override -> commenting
relly,4071233968672768,2010-11-15,"RT @RON_FLOCKAVELI: THIS GIRL @YungRYDA_Relly BLEW MINES TODAY I SWEAR » -_- call me tmrw , cydm .",192047279,"""really""; nonstandard spelling variant",emphasis,casual_conversation,false,
relly,4073861406527489,2010-11-15,Hey boy i relly wanna see if you can go downtown with a girl like mee,77603958,"""really""; nonstandard spelling variant",emphasis,commenting,false,
relly,4074587331493888,2010-11-15,@_dreezybby_ woah not again. dont snuff ol boy let me n relly handle this,24778526,"""really""; nonstandard spelling variant",emphasis,casual_conversation,false,
relly,4080654501281792,2010-11-15,@MoneyMunot hahaaa!! no but it relly waaas fun! had some frnz along too ! ;) hope to visit back dr sometime soon tho,53760340,"""really""; nonstandard spelling variant",emphasis,casual_conversation,false,
relly,4092391237615616,2010-11-15,@justinbieber you are like relly tall!! that's awesome!,30313352,"""really""; nonstandard spelling variant",emphasis,casual_conversation,false,
relly,4094138198786048,2010-11-15,"my pare, Relly was asking me if we could drink again.. but I declined. I'm still weak...",187091272,"""really""; nonstandard spelling variant",emphasis,commenting,false,
relly,4094517116407808,2010-11-15,Pareng Relly was asking me to drink but I can't. still weak.,187091272,"""really""; nonstandard spelling variant",emphasis,commenting,false,
relly,4095073805410304,2010-11-15,A relly ineteresting report from BBC: Close-Up: Spain's human towers http://goo.gl/LV6D1 #castellers,35222371,"""really""; nonstandard spelling variant",emphasis,article_sharing,false,
relly,9137474169212928,2010-11-29,@ProjectWedding That was a relly great idea,218379268,"""really""; nonstandard spelling variant",emphasis,casual_conversation,false,
relly,9140636607315968,2010-11-29,and im relly that nigga baby they do it big but we do it bigger,135701977,"""really""; nonstandard spelling variant",emphasis,commenting,false,
relly,9141780289159168,2010-11-29,lmao. RT @Relly_Abstract: One minute im tweetin about Gods plan for me n the next it's about the strip club....I'm only human tho,151590373,"""really""; nonstandard spelling variant",emphasis,casual_conversation,false,
relly,9142101484773376,2010-11-29,@callmeAMillz yaa like that's so weird.. Relly weird.. N the darkies cudnt say anything either...,55678131,"""really""; nonstandard spelling variant",emphasis,casual_conversation,false,
relly,9143542572122112,2010-11-29,"watch how i act towards everybody , yeah yawl can start to say brand new ima relly nah fena give a fuck .",133116644,"""really""; nonstandard spelling variant",emphasis,commenting,false,
relly,9145003037171712,2010-11-29,@Ky_Relly shut up!!!! That's cuz when we met you was still a baby,92321591,"""really""; nonstandard spelling variant",emphasis,casual_conversation,false,
relly,9146332023361536,2010-11-29,@MrTweetDat_Foo lol you right you do.. but its relly not cheating bc he allows it,197900531,"""really""; nonstandard spelling variant",emphasis,casual_conversation,false,
relly,9146971860242432,2010-11-29,@AnAlphaNamedKen relly? Well glad to enlighten you lol,19377146,"""really""; nonstandard spelling variant",emphasis,casual_conversation,false,
relly,9147776340332544,2010-11-29,Old messages make me miss him even more. I miss my reLLy.!,26785934,"""really""; nonstandard spelling variant",emphasis,commenting,false,
relly,9149816844066816,2010-11-29,@Relly_Got_Fetti Son I ain't going 2 skool,36363171,"""really""; nonstandard spelling variant",emphasis,casual_conversation,false,
relly,10275642201346048,2010-12-02,seemss I relly not go to course....,69562400,"""really""; nonstandard spelling variant",emphasis,commenting,false,
relly,10279255887843328,2010-12-02,@ollyofficial Please Come Back To eastkilbride You were relly good in april xxx Pwetty Pweese xxxx,218907323,"""really""; nonstandard spelling variant",emphasis,casual_conversation,false,
relly,10279904209805312,2010-12-02,"And now that I've admitted that, I relly wish id gotten more than just 1 slice. #honeybakedham",21112073,"""really""; nonstandard spelling variant",emphasis,commenting,false,
relly,10281924236943360,2010-12-02,is relly getting into painting my nails! and im doing a great job too!,179256868,"""really""; nonstandard spelling variant",emphasis,commenting,false,
relly,10282118600990720,2010-12-02,@TheBethPhoenix Did you relly Glam Slammed Chavo !,83103177,"""really""; nonstandard spelling variant",emphasis,casual_conversation,false,
relly,10282732412207104,2010-12-02,"@cambo97 and i dont like you becoz of cody, i like you for who you are.. and i relly want you to know that! 143 cam!",199425626,"""really""; nonstandard spelling variant",emphasis,casual_conversation,false,
relly,10284759003430912,2010-12-02,"@cambo97 and i dont like you becoz of cody, i like you for who you are.. and i relly want you to know that! 143 cam! :)",199425626,"""really""; nonstandard spelling variant",emphasis,casual_conversation,false,
relly,10285251406340096,2010-12-02,"u askin me n dubz whts my favourite song frm ur album...
Well i have to say thet girls is a relly sick song and so is so alive!!!",212169902,"""really""; nonstandard spelling variant",emphasis,commenting,false,
relly,10286808239702016,2010-12-02,@BenHibbs is Saivet relly as good as FM made him out to be,45528401,"""really""; nonstandard spelling variant",emphasis,casual_conversation,false,
relly,10288492709945344,2010-12-02,relly wonts the snow to go away so i can go back to work to get some money for xmas!!,80906677,"""really""; nonstandard spelling variant",emphasis,commenting,false,
relly,19950002600153088,2010-12-29,Oke jg pto ny.. Hho :p RT @rin1209rin: Relly I miss you ... )=  http://plixi.com/p/66303759 http://myloc.me/fQscT,91520108,"""really""; nonstandard spelling variant",emphasis,casual_conversation,false,
relly,19950186642018304,2010-12-29,"Q: concedid ppl are relly ugly. cof cof!!A: No, let me correct you. Ugly people are...: http://yearbook.com/ask/sexiisonicscotti/w2szd",71603724,"""really""; nonstandard spelling variant",emphasis,article_sharing,false,
relly,19951460120788992,2010-12-29,I'm relly not feeln well,83938832,"""really""; nonstandard spelling variant",emphasis,commenting,false,
relly,19952095599796224,2010-12-29,@janelamarie122 I'm sorry but i relly dont know what to listed is ^-^'' haha,220132313,"""really""; nonstandard spelling variant",emphasis,casual_conversation,false,
relly,19952410378113024,2010-12-29,@PHUNKYBRUSTER lol half the time no..that's ma relly tho it's all good,76987061,"""really""; nonstandard spelling variant",emphasis,casual_conversation,false,
relly,19953018099204096,2010-12-29,@negativenina awsum!! U relly met her!?? What was she like??,168791863,"""really""; nonstandard spelling variant",emphasis,casual_conversation,false,
relly,19953323750727680,2010-12-29,#np gin in my cup by @boosie  aha this my bro relly song wen HE on... aha our eyes use to look like this -___-,155482855,"""really""; nonstandard spelling variant",emphasis,casual_conversation,false,
relly,19953590567182336,2010-12-29,@YoungPlatinum  lmfao DKM ..wrd buh to be honest i swore she was relly yur mom i was dieng lookin at her tweets smh,220487258,"""really""; nonstandard spelling variant",emphasis,casual_conversation,false,
relly,19953831949373440,2010-12-29,Riding with Relly !,221813233,"""really""; nonstandard spelling variant",emphasis,commenting,false,
relly,19953991869796352,2010-12-29,This nigga relly a SUCKA lmaoooo,31046791,"""really""; nonstandard spelling variant",emphasis,commenting,false,
