word,id,date,text,author_id,term_meaning,term_category,usage_context,is_ironic,annotation_notes
gorp,7705033424,2010-01-13,"Accounting Clerk job in Pella, IA at Van Gorp Corporation http://bit.ly/5Wg4pu
 #clerk #jobs",93453879,"""Good Ole' Raisins & Peanuts""; trail mix or snack mix",food,advertising_spam,false,Non-food proper-name/title/link use. | Darwin audit: advertising_spam
gorp,7705389539,2010-01-13,"Backpacker Magazine Readers's Choice for best trail snack - GORP (good old raisins and peanuts); other choices: energy bar, lasagna.",59444397,"""Good Ole' Raisins & Peanuts""; trail mix or snack mix",food,food_related,false,
gorp,7832189041,2010-01-16,New Post: How to Make Your Own GORP Trail Mix http://www.self-reliance-exchange.com/?p=4145,73396325,"""Good Ole' Raisins & Peanuts""; trail mix or snack mix",food,food_related,false,
gorp,7832388620,2010-01-16,A half-cup of GORP and a banana is not a breakfast that stays with you for very long. Hungry now and not yet lunch time.,52752761,"""Good Ole' Raisins & Peanuts""; trail mix or snack mix",food,food_related,false,
gorp,7837930499,2010-01-16,Camping Recipe: Jailbreak GORP - http://ow.ly/WWvJ,45950986,"""Good Ole' Raisins & Peanuts""; trail mix or snack mix",food,article_sharing,false,Linked recipe share.
gorp,7839123265,2010-01-16,"@thekristeno And if there's no gorp, you can boil the inner bark of a hardwood tree to extract tannic acid. Sounds tasty.",18956515,"""Good Ole' Raisins & Peanuts""; trail mix or snack mix",food,commenting,false,
gorp,7854242373,2010-01-17,Just saw Aiden van gorp. Apparently he DOES exist.,62609698,"""Good Ole' Raisins & Peanuts""; trail mix or snack mix",food,commenting,false,Non-food proper-name/title use.
gorp,7854805379,2010-01-17,Made GORP today for the munchkins. They went wild for it... Sometimes girl scouts still helps.,27587514,"""Good Ole' Raisins & Peanuts""; trail mix or snack mix",food,food_related,false,Direct food preparation/consumption context.
gorp,7911632298,2010-01-18,Win A Free Trip To NYC From EDGE! - http://eepurl.com/gOrp,29297030,"""Good Ole' Raisins & Peanuts""; trail mix or snack mix",food,advertising_spam,false,Non-food proper-name/title/link use. | Darwin audit: advertising_spam
gorp,8162966503,2010-01-24,"Looking for a healthy mid-afternoon snack?  Make your own gorp with dried Wild Blueberries, almonds and dark chocolate.  Salty-Sweet!  Yum!",108055772,"""Good Ole' Raisins & Peanuts""; trail mix or snack mix",food,food_related,false,
gorp,8167464494,2010-01-24,FearfulI: Gorp: Nice.  The computer geek in me finds this to be hilarious. xD...  http://kotaku.com/c/18676216,90896826,"""Good Ole' Raisins & Peanuts""; trail mix or snack mix",food,humor,true,
gorp,8404425642,2010-01-30,My best friend Fiber. . . - The Great GORP Project: 1/4 cup Red beans = 4g. whole grain toast (depending on brand)... http://bit.ly/bLYCMM,106299735,"""Good Ole' Raisins & Peanuts""; trail mix or snack mix",food,food_related,false,
gorp,8412389944,2010-01-30,There aren't even any nice birds to gorp at. Just equally abandoned grumpy men who seem to be rather creepily moustashed,54891101,"""Good Ole' Raisins & Peanuts""; trail mix or snack mix",food,commenting,false,
gorp,8413584061,2010-01-30,Getting a late start (hey it's cold) headed for a ski and wondering about fuel. Gorp? Granola bars? What's  your fuel  for outdoor fun? RT,102475659,"""Good Ole' Raisins & Peanuts""; trail mix or snack mix",food,food_related,false,
gorp,8421617147,2010-01-30,@niniladyh BABYGURL BLOCK DAT FOOL MAJORITY OF DA BGBM DID SO.HE A FUCKIN BEAST @JIMjONESSTALKER go the fuck 2 sleep I'm the only 1 wit gorp,39754129,"""Good Ole' Raisins & Peanuts""; trail mix or snack mix",food,commenting,false,
gorp,9115859562,2010-02-14,Youngest reports found floor gorp is the best kind of gorp. #weekoldfloorfood,15361042,"""Good Ole' Raisins & Peanuts""; trail mix or snack mix",food,commenting,false,
gorp,9157998276,2010-02-15,@losamanda is it GORP?,798410,"""Good Ole' Raisins & Peanuts""; trail mix or snack mix",food,commenting,false,
gorp,9250758190,2010-02-17,"The GORP tells the tale: @missoulian Trail of snacks, MySpace surfing lead to Hamilton burglary suspect http://bit.ly/cKQyQt",43574629,"""Good Ole' Raisins & Peanuts""; trail mix or snack mix",food,food_related,false,
gorp,9254310622,2010-02-17,Just watched: Two and a Half Men - S7E8 - Gorp. Fnark. Schmegle.,41444364,"""Good Ole' Raisins & Peanuts""; trail mix or snack mix",food,article_sharing,false,"Episode-title/watch-log style post, not generic commentary."
gorp,9254328646,2010-02-17,Just watched: Two and a Half Men - S7E8 - Gorp. Fnark. Schmegle. #fb,41444364,"""Good Ole' Raisins & Peanuts""; trail mix or snack mix",food,commenting,false,Non-food proper-name/title use.
gorp,9261328841,2010-02-18,@Tomi_Dick oh meh gorp hey!,88113832,"""Good Ole' Raisins & Peanuts""; trail mix or snack mix",food,commenting,false,
gorp,9565979360,2010-02-24,"@WestCoastRydaz check out my gorp LOCKE
http://twitpic.com/14y71m - Every1 please retweet LOCKE, LAWANDA MICHAEL,SHORTDAWG THA NATIVE LIVE",72406861,"""Good Ole' Raisins & Peanuts""; trail mix or snack mix",food,advertising_spam,false,Non-food proper-name/title/link use. | Darwin audit: advertising_spam
gorp,9568462495,2010-02-24,charitys actually stop money goin to victims deliberatly by mamgement & staff gorp on free holidays at work sit in front of pc doin nought',77339782,"""Good Ole' Raisins & Peanuts""; trail mix or snack mix",food,commenting,false,
gorp,10447396143,2010-03-14,"Power out. A game of Go-fish, and a dinner of gorp.  http://yfrog.com/jma2zj",16037214,"""Good Ole' Raisins & Peanuts""; trail mix or snack mix",food,food_related,false,
gorp,10447459805,2010-03-14,Gorp and Harushika junmai? Try it sometime...,16037214,"""Good Ole' Raisins & Peanuts""; trail mix or snack mix",food,commenting,false,
gorp,10447471011,2010-03-14,"Second game for Peninsula Eagles Bantam C1 a win as well! Game MVP: Number 30, Peter Van Gorp! Go Eagles Go!",13286732,"""Good Ole' Raisins & Peanuts""; trail mix or snack mix",food,commenting,false,Non-food proper-name/title use.
gorp,10462146467,2010-03-14,"hiiiiiiiiiiiii
how are you?
please join my gorp.............",122896420,"""Good Ole' Raisins & Peanuts""; trail mix or snack mix",food,commenting,false,
gorp,10888219740,2010-03-22,"@gorp That's the Bone Fone, if I am remembering my 1970s technology correctly!",9033902,"""Good Ole' Raisins & Peanuts""; trail mix or snack mix",food,commenting,false,Non-food proper-name/title use.
gorp,10906077008,2010-03-23,"TRIBUTES have begun flowing for former sergeant Tony van Gorp, who was found dead at Healesville police station.  http://bit.ly/92cBod",29840239,"""Good Ole' Raisins & Peanuts""; trail mix or snack mix",food,article_sharing,false,Non-food proper-name/title/link use.
gorp,11051346576,2010-03-25,Could it be true that this time tomorrow I'll be backpacking in the Sierra Norte in #Oaxaca?  I can smell the GORP in the air already.,19552050,"""Good Ole' Raisins & Peanuts""; trail mix or snack mix",food,food_related,false,
gorp,11053586393,2010-03-25,#nowplaying 'The Ghost Of RichPorter 'Jim Jones @jimjonescapo mixtape http://piff.me/ffff951 @DatPiffMixtapes 'goRP! `My w/ KP Slim is hot!,25455002,"""Good Ole' Raisins & Peanuts""; trail mix or snack mix",food,article_sharing,false,"Mixtape/title link contamination, not food context."
gorp,11054081297,2010-03-25,In meeting 'til 7.  GORP for dinner. Yeah!,10648482,"""Good Ole' Raisins & Peanuts""; trail mix or snack mix",food,food_related,false,
gorp,11063489407,2010-03-26,@BeardaciousB  Zombies Alert - Zombies last tweeted by Ben Van Gorp This is the end,108345018,"""Good Ole' Raisins & Peanuts""; trail mix or snack mix",food,commenting,false,Non-food proper-name/title use.
gorp,11068941903,2010-03-26,@byrdgangshoota What's Good Shoota? I Hear U On Dat GORP Doin Ya 1 2 Fam...,31549446,"""Good Ole' Raisins & Peanuts""; trail mix or snack mix",food,commenting,false,
gorp,11073042131,2010-03-26,RT @Footz95: @byrdgangshoota What's Good Shoota? I Hear U On Dat GORP Doin Ya 1 2 Fam...&lt;~you already know! What's poppn!,41044416,"""Good Ole' Raisins & Peanuts""; trail mix or snack mix",food,commenting,false,
gorp,11075922769,2010-03-26,"Lunch Snack Recipe: Camping Recipe - Snacks, Lunch &amp; Gorp Recipes Easy recipes for snacks and lunch esp.. http://bit.ly/c9CTuI",93632636,"""Good Ole' Raisins & Peanuts""; trail mix or snack mix",food,food_related,false,
gorp,11083150941,2010-03-26,"Carol Van Gorp, CEO of Columbia Board of Realtors, resigning after 7 yrs on the job for similar position in Florida. Last day is next month.",27225894,"""Good Ole' Raisins & Peanuts""; trail mix or snack mix",food,commenting,false,Non-food proper-name/title use.
gorp,11090394994,2010-03-26,[Watch TV]: 07x08-Gorp. Fnark. Schmegle. - http://bit.ly/cKxb3a - Two and a Half Men,114700096,"""Good Ole' Raisins & Peanuts""; trail mix or snack mix",food,article_sharing,false,Non-food proper-name/title/link use.
gorp,11312917974,2010-03-30,Two and a Half Men - Season 7 Episode 8 - Gorp. Fnark. Schmegle. http://ping.fm/KC7Pk,119770419,"""Good Ole' Raisins & Peanuts""; trail mix or snack mix",food,article_sharing,false,"TV episode title share, not food context."
gorp,11319577648,2010-03-30,Damn I 4Got About My Dawg. BigUps 2 @DONJAI Who Did All Da Photos 4 @JimJonesCapo GORP Project. Email Those Flix U Took Of Me & G In The Stu,31549446,"""Good Ole' Raisins & Peanuts""; trail mix or snack mix",food,food_related,false,
gorp,11329619178,2010-03-30,"@gorp sloppy terminology. they mean that an ""update"" returns a new map. ""m + (key -&gt; 23)"" returns a new immutable map w/ new key/val added.",9213742,"""Good Ole' Raisins & Peanuts""; trail mix or snack mix",food,commenting,false,Non-food proper-name/title use.
gorp,11331044397,2010-03-30,@jimjonescapo #gorp or  @myfabolouslife #TiNc2...good match,107672982,"""Good Ole' Raisins & Peanuts""; trail mix or snack mix",food,commenting,false,
gorp,11335894771,2010-03-30,What's up with all dis Jones & Fab beef?  .......Jones must be made bez that GORP mixtape ain't popping like Mixtape,37917638,"""Good Ole' Raisins & Peanuts""; trail mix or snack mix",food,commenting,false,Non-food proper-name/title use.
gorp,11339644414,2010-03-31,@Justz_Be_Me lol havent heard GORP yet but ima listen tonight,20025861,"""Good Ole' Raisins & Peanuts""; trail mix or snack mix",food,commenting,false,Non-food proper-name/title use.
gorp,11340797055,2010-03-31,@richl1 Gorp,822070,"""Good Ole' Raisins & Peanuts""; trail mix or snack mix",food,commenting,false,
gorp,11396088620,2010-04-01,@gorp I believe it is implied.,78663,"""Good Ole' Raisins & Peanuts""; trail mix or snack mix",food,commenting,false,Non-food proper-name/title use.
gorp,11409522547,2010-04-01,Today is the day of gorp gorp. The tamaranian day of berating drapery. Stupid curtains!!!,94256516,"""Good Ole' Raisins & Peanuts""; trail mix or snack mix",food,commenting,false,
gorp,11418019828,2010-04-01,http://bit.ly/9dGaxG Gorp (Netherlands) #random,122383622,"""Good Ole' Raisins & Peanuts""; trail mix or snack mix",food,commenting,false,
gorp,11423074891,2010-04-01,Cliff Bars and gorp instead of Pete? The Blood Mt. bear must not be on the Paleo diet.,110126824,"""Good Ole' Raisins & Peanuts""; trail mix or snack mix",food,commenting,false,
gorp,11430320098,2010-04-01,"@RonisWeigh My fave too! GORP = Good Old Raisins and Peanuts, everything else is just trail mix.",34174594,"""Good Ole' Raisins & Peanuts""; trail mix or snack mix",food,food_related,false,
gorp,11434457540,2010-04-01,"I'm Sucha Gorp, I Was Playing Catch With My Phone I Threw It Up And Then I Wanted A Mint And Turned To Go And Get One Then My Phone Dropped",22934541,"""Good Ole' Raisins & Peanuts""; trail mix or snack mix",food,commenting,false,
gorp,11438828937,2010-04-01,@jimjonescapo is the shyt...wish I could meet ya on the block homie...#nowplaying GORP,36004955,"""Good Ole' Raisins & Peanuts""; trail mix or snack mix",food,commenting,false,
gorp,11442821153,2010-04-01,I am once again craving gorp.,14552582,"""Good Ole' Raisins & Peanuts""; trail mix or snack mix",food,commenting,false,
gorp,11585840044,2010-04-04,"@jessmeeka Hahaa i dare say all i would get is ""Urr she's a bloodi fowul orra, whats tha want' gorp at er fo?"" hahaha",26837290,"""Good Ole' Raisins & Peanuts""; trail mix or snack mix",food,commenting,false,
gorp,11601774626,2010-04-04,"@Casey_van_Gorp - sadly, the man doesn't tweet. trying to send him ""bring be chocolate"" thoughts.  :D  Happy Easter to all of you too!  xo",13326402,"""Good Ole' Raisins & Peanuts""; trail mix or snack mix",food,commenting,false,
gorp,11623236437,2010-04-05,@CalamityJen - Gorp from The Day the Earth Stood Still... thx @anthonymarco for the info,1242571,"""Good Ole' Raisins & Peanuts""; trail mix or snack mix",food,commenting,false,
gorp,11648722262,2010-04-05,RT @JennyCraig: Try making these #breakfast no-bake GORP bars from @Bobs_Red_Mill! They're only 160 #calories http://tinyurl.com/yjv4ee2,16569176,"""Good Ole' Raisins & Peanuts""; trail mix or snack mix",food,commenting,false,
gorp,11651554268,2010-04-05,@jimjonescapo I need dat gorp I'm n htown tho,18855917,"""Good Ole' Raisins & Peanuts""; trail mix or snack mix",food,commenting,false,
gorp,11656682676,2010-04-05,RT @yubbrian: Last week Two and a Half Men is Season 7 Episode 8: Gorp. Fnark. Schmegle. Waiting for this week http://www.mopvideo.com,129218261,"""Good Ole' Raisins & Peanuts""; trail mix or snack mix",food,article_sharing,false,Non-food proper-name/title/link use.
gorp,11664123270,2010-04-05,Home spring cleaning listening to gorp by Jim jones,26627636,"""Good Ole' Raisins & Peanuts""; trail mix or snack mix",food,commenting,false,
gorp,11675797241,2010-04-06,umm my paents need to gorp a subject...,27460784,"""Good Ole' Raisins & Peanuts""; trail mix or snack mix",food,commenting,false,
gorp,11680075916,2010-04-06,"Assisti ""Two and a Half Men: Gorp. Fnark. Schmegle."" s7ep8 http://j.mp/bkosgs #orangotag",54913137,"""Good Ole' Raisins & Peanuts""; trail mix or snack mix",food,article_sharing,false,Non-food proper-name/title/link use.
gorp,11685381891,2010-04-06,Sebastien Leger - Majuro (Dave van Gorp Remix) [Work In Progres]  http://snd.sc/bwZWjV via #soundcloud,66299248,"""Good Ole' Raisins & Peanuts""; trail mix or snack mix",food,commenting,false,Non-food proper-name/title use.
gorp,11846148318,2010-04-08,@hollyasdfghjk ME TOO. BUT NOT ROCKS. I read the GORP thing in a Nickelodeon magazine when I was little.,25705844,"""Good Ole' Raisins & Peanuts""; trail mix or snack mix",food,commenting,false,
gorp,11849449841,2010-04-08,@gorp Which tweet are we talking about :-D,8926692,"""Good Ole' Raisins & Peanuts""; trail mix or snack mix",food,commenting,false,Non-food proper-name/title use.
gorp,12214794115,2010-04-15,Load 'n Go Gorp: Need a new munchy? Toss this cereal snack together in minutes. http://bit.ly/c1GG57,128429573,"""Good Ole' Raisins & Peanuts""; trail mix or snack mix",food,food_related,false,
gorp,12233363043,2010-04-15,"@gorp I suffer so that you need not. So far, it looks like a Ruby web app framework-- minimal Sinatra-ness plus stuff you always want.",78663,"""Good Ole' Raisins & Peanuts""; trail mix or snack mix",food,technology_discussion,false,"Software/dev discussion with @gorp, not food use."
gorp,12241108115,2010-04-15,Brown has a very annoying 'gasping' tick. He can't say a sentence with good ol' gorp!,131186266,"""Good Ole' Raisins & Peanuts""; trail mix or snack mix",food,commenting,false,
gorp,12247525750,2010-04-15,@gorp Now that we've got that taken care of lets pass the law that prevents Alien Reptiles from holding elected office.,40042529,"""Good Ole' Raisins & Peanuts""; trail mix or snack mix",food,commenting,false,Non-food proper-name/title use.
gorp,12247550687,2010-04-15,"@gorp that's a realistic concern in Moronville, GA.",8926692,"""Good Ole' Raisins & Peanuts""; trail mix or snack mix",food,commenting,false,Non-food proper-name/title use.
gorp,12260006631,2010-04-16,Chevy ridin' knockin that @JimJonesCapo GoRP...,58823283,"""Good Ole' Raisins & Peanuts""; trail mix or snack mix",food,commenting,false,
gorp,12269483002,2010-04-16,[mh] Ageeth van Gorp is now connected to Arthur Pleijsier (Tax Director International West at Medtronic http://url4.eu/2h0E0,40852477,"""Good Ole' Raisins & Peanuts""; trail mix or snack mix",food,commenting,false,Non-food proper-name/title use.
gorp,12790220325,2010-04-24,Gorp. @allicastriotta,58517947,"""Good Ole' Raisins & Peanuts""; trail mix or snack mix",food,commenting,false,
gorp,12839995605,2010-04-25,"I have a confession to make. Yesterday, while I was hiking in the woods, I ate gorp.",64017637,"""Good Ole' Raisins & Peanuts""; trail mix or snack mix",food,commenting,false,
gorp,13147374637,2010-04-30,I've been eating gorp all day but I'm not hiking. I'm sitting. This is why I'm fat.,15689828,"""Good Ole' Raisins & Peanuts""; trail mix or snack mix",food,food_related,false,Direct statement about eating gorp.
gorp,13147388699,2010-04-30,"@jillallyn Pack your boots, lady. Meet at the trailhead. You bring the GORP.",14911662,"""Good Ole' Raisins & Peanuts""; trail mix or snack mix",food,commenting,false,
gorp,13176235919,2010-05-01,i feel pretty gorp (YouTube http://youtu.be/FdnzCs5ZsVg?a),115969840,"""Good Ole' Raisins & Peanuts""; trail mix or snack mix",food,commenting,false,
gorp,13290066698,2010-05-03,Splonk gorp beep ASK ME QUESTIONS http://formspring.me/madtraditions,1385281,"""Good Ole' Raisins & Peanuts""; trail mix or snack mix",food,commenting,false,
gorp,13300188285,2010-05-03,"New Park Finder Tool On GORP.com Makes Planning Your ... - Street.Com: More than 850 robust park guides, including... http://bit.ly/9dN5no",78839124,"""Good Ole' Raisins & Peanuts""; trail mix or snack mix",food,commenting,false,
gorp,13301207597,2010-05-03,New Park Finder Tool on GORP.com Makes Planning Your Next Outdoor Escape Quick and Easy http://goo.gl/fb/UOHxk,133839763,"""Good Ole' Raisins & Peanuts""; trail mix or snack mix",food,advertising_spam,false,Darwin audit: advertising_spam
gorp,13301595430,2010-05-03,I love it when chavs gorp at me cause I don't have my hair butchered every week,45879724,"""Good Ole' Raisins & Peanuts""; trail mix or snack mix",food,commenting,false,
gorp,13303981537,2010-05-03,http://tinyurl.com/26t24wl - New Park Finder Tool on GORP.com Makes Planning Your Next #Outdoor Escape Quick and Easy - ...,108800768,"""Good Ole' Raisins & Peanuts""; trail mix or snack mix",food,commenting,false,
gorp,13312476072,2010-05-03,our baby squirrels liked the goat milk but it isn't recommended.  thankfully they also like gorp and duck grain.,14693877,"""Good Ole' Raisins & Peanuts""; trail mix or snack mix",food,commenting,false,
gorp,13312573499,2010-05-03,RT @twigfarm: our baby squirrels liked the goat milk but it isn't recommended.  thankfully they also like gorp and duck grain.,84123246,"""Good Ole' Raisins & Peanuts""; trail mix or snack mix",food,commenting,false,
gorp,13323871915,2010-05-03,@Spoony_C I have a GORP bag - a huge dufflebag full of trail mix. Not sure if it'll help in an emergency.,16138167,"""Good Ole' Raisins & Peanuts""; trail mix or snack mix",food,food_related,false,
gorp,13325444344,2010-05-03,New Park Finder Tool on GORP.com Makes Planning Your Next Outdoor Escape Quick and Easy: Top three national park http://url4.eu/38cBH,116048328,"""Good Ole' Raisins & Peanuts""; trail mix or snack mix",food,commenting,false,
gorp,13380716318,2010-05-04,"NEW @jimjonescapo Feat. @MelMatrix,N.O.E & Chink Santana ""Hit 'Em Up"" on www.WorldStarHipHop.com. DO download & pick up GORP in the streets!",26965538,"""Good Ole' Raisins & Peanuts""; trail mix or snack mix",food,commenting,false,
gorp,13391515948,2010-05-04,Stephen van gorp with a shaved head. who is he??,17025182,"""Good Ole' Raisins & Peanuts""; trail mix or snack mix",food,commenting,false,Non-food proper-name/title use.
gorp,14995576779,2010-05-29,"@Gorp is a great trail mix,  also a great ingredient in parfaits and in  this favorite #campfire and #grill  #dessert. http://bit.ly/2NQecb",109294245,"""Good Ole' Raisins & Peanuts""; trail mix or snack mix",food,food_related,false,
gorp,15016339974,2010-05-30,"""He's a gorp.""-Dad
""What's that?""-Me
""A person that sits in the bathtub, farts, and tries to pop the bubbles.""-Dad.",87857873,"""Good Ole' Raisins & Peanuts""; trail mix or snack mix",food,commenting,false,
gorp,15017509526,2010-05-30,GORP!  I just swallowed another battery!,129717432,"""Good Ole' Raisins & Peanuts""; trail mix or snack mix",food,commenting,false,
gorp,15040471660,2010-05-30,"Apparently ""to have a bloody good gorp"" is not a great answer when your girlfriend asks you 'what do you fancy at Hooters later?'",19711796,"""Good Ole' Raisins & Peanuts""; trail mix or snack mix",food,commenting,false,
gorp,15508299549,2010-06-05,"#homemade_gorp means better ingredients, less cost. Recipes for #camping, #hiking, #kids after school. http://bit.ly/2NQecb",109294245,"""Good Ole' Raisins & Peanuts""; trail mix or snack mix",food,article_sharing,false,Darwin audit: article_sharing
gorp,15541056827,2010-06-06,Brand MinimumPrice MaximumPrice -&gt; http://urlal.com/gorp,145735102,"""Good Ole' Raisins & Peanuts""; trail mix or snack mix",food,commenting,false,
gorp,15544713897,2010-06-06,Keyword Traffic Estimator gorp.com (GORP.com: Outdoor Travel Guides & Adventure Travel Information ...)  http://bit.ly/dwdqhC,143361753,"""Good Ole' Raisins & Peanuts""; trail mix or snack mix",food,commenting,false,
gorp,16250086795,2010-06-15,"#Snacks for #hiking, #campfire #sing-alongs, eating at the wheel, #boating, #biking. Healthful #recipes homemade #gorp http://bit.ly/2NQecb",109016501,"""Good Ole' Raisins & Peanuts""; trail mix or snack mix",food,food_related,false,
gorp,16250785765,2010-06-15,@gorp I'll let you know the second I give a damn.,78663,"""Good Ole' Raisins & Peanuts""; trail mix or snack mix",food,commenting,false,Non-food proper-name/title use.
gorp,16252569648,2010-06-15,"@gorp I rarely use the phone, never mind a video variant of it. It's just not relevant to me, whereas standards-using websites are.",78663,"""Good Ole' Raisins & Peanuts""; trail mix or snack mix",food,commenting,false,Non-food proper-name/title use.
gorp,16253379017,2010-06-15,I just had to add 'Gorp' and 'Morlack' into my phones recognized words.  Not sure what that says about me.,18836354,"""Good Ole' Raisins & Peanuts""; trail mix or snack mix",food,commenting,false,
gorp,16280737060,2010-06-16,@jim_newell & what does one pack for such a trip? Dry socks? A bowie knife? GORP? You know you're gonna need your carbs in those mountains.,106228835,"""Good Ole' Raisins & Peanuts""; trail mix or snack mix",food,commenting,false,
gorp,16309997655,2010-06-16,Gorp - http://b.globe.com/bSrYll,65025914,"""Good Ole' Raisins & Peanuts""; trail mix or snack mix",food,commenting,false,
gorp,16309998204,2010-06-16,RT @GlobePierce: Gorp - http://b.globe.com/bSrYll,19780938,"""Good Ole' Raisins & Peanuts""; trail mix or snack mix",food,commenting,false,
gorp,16314608664,2010-06-16,@_Scissor_Hands i love it that Spain are loosing! makes it much more interesting! Torres is just to gorp at!,19899728,"""Good Ole' Raisins & Peanuts""; trail mix or snack mix",food,commenting,false,
gorp,18353308485,2010-07-12,SEO Company Tools for gorp.com (GORP.com: Outdoor Travel Guides & Adventure Travel Information ...)  http://bit.ly/dwdqhC,131995698,"""Good Ole' Raisins & Peanuts""; trail mix or snack mix",food,commenting,false,
gorp,18370184909,2010-07-12,#video gorp difusion http://bit.ly/c6Hmmq,22148232,"""Good Ole' Raisins & Peanuts""; trail mix or snack mix",food,commenting,false,
gorp,18398716535,2010-07-13,"@bookieboo Q9.  Snack  GORP(Good OLe Raisins & Peanuts)  Fruit , Vege Sandwiches on Whole Wheat Bread. #mamavation",114970857,"""Good Ole' Raisins & Peanuts""; trail mix or snack mix",food,food_related,false,
gorp,20080857410,2010-08-01,@cobboldd A maccys and a bloody good gorp =p,36624182,"""Good Ole' Raisins & Peanuts""; trail mix or snack mix",food,commenting,false,
gorp,20081773444,2010-08-01,A delicious food recipe: Glorified GORP http://is.gd/dWYdW,125734994,"""Good Ole' Raisins & Peanuts""; trail mix or snack mix",food,article_sharing,false,Recipe/article sharing.
gorp,20082382683,2010-08-01,Recipe: Mix &amp;amp; Match Cereal Gorp * http://url4.eu/6fQpe,77689446,"""Good Ole' Raisins & Peanuts""; trail mix or snack mix",food,commenting,false,
gorp,20085429094,2010-08-01,My mom's home is just ghetto now.  Brings to mind her word 'gorp'. There's 'gorp' everwhere here. RIP Mama.,32055588,"""Good Ole' Raisins & Peanuts""; trail mix or snack mix",food,commenting,false,
gorp,20089949045,2010-08-01,RT @DealsDiva: Want to camp at the beach this week? Last minute campsites http://bit.ly/bAPQov #oc #la #camp #beach #deals #cheap #gorp  ...,14189705,"""Good Ole' Raisins & Peanuts""; trail mix or snack mix",food,commenting,false,
gorp,20106512406,2010-08-02,@ALYNASILVA   http://www.gorp.com/weekend-guide/travel-ta-birdwatching-sidwcmdev_052967.html   ... last one- it's 2 pages (hit 'next'),173657323,"""Good Ole' Raisins & Peanuts""; trail mix or snack mix",food,commenting,false,
gorp,20139068970,2010-08-02,@RachPoynter_TWx but the thing is...i dont do ustreams for everyone to gorp at me:/.,20001821,"""Good Ole' Raisins & Peanuts""; trail mix or snack mix",food,commenting,false,
gorp,20155725054,2010-08-02,How to get beach campsites at the last minute http://bit.ly/bAPQov #oc #la #camp #beach #deals #cheap #gorp #surf #california #losangeles,37974406,"""Good Ole' Raisins & Peanuts""; trail mix or snack mix",food,commenting,false,
gorp,20169622355,2010-08-02,Congratulations to Amy Van Gorp-Jones!  She is the lucky winner of the $25 gift card.   Woo-Hoo!!!,17411077,"""Good Ole' Raisins & Peanuts""; trail mix or snack mix",food,commenting,false,Non-food proper-name/title use.
gorp,20326007742,2010-08-04,Just ate way too much GORP. #returnofthefatty,10648482,"""Good Ole' Raisins & Peanuts""; trail mix or snack mix",food,food_related,false,Direct statement about eating too much gorp.
gorp,20335164568,2010-08-04,Want to camp at the beach this week? Last minute campsites http://bit.ly/bAPQov #oc #la #camp #beach #deals #cheap #gorp #surf #california,37974406,"""Good Ole' Raisins & Peanuts""; trail mix or snack mix",food,article_sharing,false,Darwin audit: article_sharing
gorp,20335390887,2010-08-04,"GORP - A new recipe for an old favourite | HikeBikeTravel http://bit.ly/9eikSP - thanks Leigh, we love it!",22977160,"""Good Ole' Raisins & Peanuts""; trail mix or snack mix",food,commenting,false,
gorp,20339716232,2010-08-04,Thanks for today's RT's on an Aussie version of GORP @campingblogger @frank_in_oz @BelsonOutdoors  @E4walker2011 @ORec_USC,105054402,"""Good Ole' Raisins & Peanuts""; trail mix or snack mix",food,commenting,false,
gorp,20342197774,2010-08-04,RT @campingblogger: RT @hikebiketravel GORP - A new recipe for an old fav. http://fb.me/EXNfAbmj - Gorp was made for hiking! #Sprinterscout,126409030,"""Good Ole' Raisins & Peanuts""; trail mix or snack mix",food,commenting,false,
gorp,20350263122,2010-08-05,"RT @ORec_USC: GORP - A new recipe for an old favorite - with pictures. http://fb.me/EXNfAbmj  -  yep, we love it!",22977160,"""Good Ole' Raisins & Peanuts""; trail mix or snack mix",food,commenting,false,
gorp,20352709401,2010-08-05,Oregon Family Travel Guide | Away.com: Family - Southern Oregon Cascades and the Southern Coast. Gorp Travel; Hiki... http://bit.ly/ajGM25,132059002,"""Good Ole' Raisins & Peanuts""; trail mix or snack mix",food,commenting,false,
gorp,20359423563,2010-08-05,Tip319 What's in your GORP mix? Exchange healthy snack ideas w ur nutritionists (less candy bits) Any local ingredients? #mixednuts #hcsm,8397712,"""Good Ole' Raisins & Peanuts""; trail mix or snack mix",food,food_related,false,
gorp,20359652262,2010-08-05,GORP!!!! @mahanajoy!!!,23273378,"""Good Ole' Raisins & Peanuts""; trail mix or snack mix",food,commenting,false,
gorp,20362398442,2010-08-05,Spent the evening catching up with @Mle4me over the phone whilst packing for GORP. I miss my Memphis friends...,40421822,"""Good Ole' Raisins & Peanuts""; trail mix or snack mix",food,commenting,false,
gorp,20663780254,2010-08-08,GORP has been one of the best weekends I've had in a long time.,40421822,"""Good Ole' Raisins & Peanuts""; trail mix or snack mix",food,commenting,false,
gorp,20665409268,2010-08-09,"Corrections & Amplifications: Wilfred Van Gorp , a Chicago-based wine collector, was incorrectly identified as Wil... http://bit.ly/brZVy4",58848576,"""Good Ole' Raisins & Peanuts""; trail mix or snack mix",food,article_sharing,false,Non-food proper-name/title use. | Darwin audit: article_sharing
gorp,20665410819,2010-08-09,"Corrections & Amplifications: Wilfred Van Gorp , a Chicago-based wine collector, was incorrectly identified a... http://bit.ly/bFVUPP #wine",119749220,"""Good Ole' Raisins & Peanuts""; trail mix or snack mix",food,article_sharing,false,Non-food proper-name/title use. | Darwin audit: article_sharing
gorp,20665411353,2010-08-09,"Corrections & Amplifications: Wilfred Van Gorp , a Chicago-based wine collector, was incorrectly identified as Wil... http://bit.ly/cNrwW0",25168136,"""Good Ole' Raisins & Peanuts""; trail mix or snack mix",food,article_sharing,false,Non-food proper-name/title use. | Darwin audit: article_sharing
gorp,20666913662,2010-08-09,"Corrections & Amplifications: Wilfred Van Gorp , a Chicago-based wine collector, was incorrectly identified as Wil... http://bit.ly/bFVUPP",104548064,"""Good Ole' Raisins & Peanuts""; trail mix or snack mix",food,commenting,false,Non-food proper-name/title use.
gorp,20666913847,2010-08-09,"Corrections & Amplifications: Wilfred Van Gorp , a Chicago-based wine collector, was incorrectly identified as Wil... http://bit.ly/aHIhBl",61730055,"""Good Ole' Raisins & Peanuts""; trail mix or snack mix",food,article_sharing,false,Non-food proper-name/title use. | Darwin audit: article_sharing
gorp,20683901447,2010-08-09,"Nighty Night Twitts, Hugs and Kisses now go eat some gorp",120781958,"""Good Ole' Raisins & Peanuts""; trail mix or snack mix",food,commenting,false,
gorp,21585834465,2010-08-19,"RT @Groupon_Says Groupon might have 'The Gap' today, but only we have 'The Gorp.' Great deals on individual pant-legs! http://bit.ly/aVIOyV",159504760,"""Good Ole' Raisins & Peanuts""; trail mix or snack mix",food,commenting,false,
gorp,21586876909,2010-08-19,RT @Groupon_Says Groupon might have 'The Gap' today but only we have 'The Gorp.' Great deals on individual pant-legs! - http://bit.ly/aVIOyV,159513887,"""Good Ole' Raisins & Peanuts""; trail mix or snack mix",food,commenting,false,
gorp,21606344003,2010-08-19,"Apparently The Gorp sells special capes for dogs who ""believe in themselves"".",32649804,"""Good Ole' Raisins & Peanuts""; trail mix or snack mix",food,commenting,false,
gorp,21612068211,2010-08-19,RT @JIMWICh: Great article on Affective Design by Trevor Van Gorp on Boxes and Arrows: http://tiny.cc/13fde #design #ux #ui #emotion #bu ...,14180907,"""Good Ole' Raisins & Peanuts""; trail mix or snack mix",food,commenting,false,Non-food proper-name/title use.
gorp,22109530430,2010-08-25,"[mh] Wouter van Gorp is now OSM at ABN AMRO Bank N.V., COO Markets http://url4.eu/72Ygc",40852477,"""Good Ole' Raisins & Peanuts""; trail mix or snack mix",food,commenting,false,Non-food proper-name/title use.
gorp,22120664437,2010-08-25,"@gorp We're trying to get Great White to play here, the trick is finding a spot with a non combustible ceiling. #toosoon?",40042529,"""Good Ole' Raisins & Peanuts""; trail mix or snack mix",food,commenting,false,Non-food proper-name/title use.
gorp,22137003056,2010-08-26,"@gorp Yeah, Javascript, custom ssl certs, css, all thats for wussies. Real men use browsers from the clinton administration.",40042529,"""Good Ole' Raisins & Peanuts""; trail mix or snack mix",food,technology_discussion,false,"Browser/Javascript/CSS discussion with @gorp, not food use."
gorp,22139898391,2010-08-26,has created the greatest trail mix ever consumed by humankind... #gorp++,16707495,"""Good Ole' Raisins & Peanuts""; trail mix or snack mix",food,food_related,false,
gorp,22143953074,2010-08-26,"Gorp - eww “@salamicat: #wordswehate I also can't stand ""phlegm""”",32057935,"""Good Ole' Raisins & Peanuts""; trail mix or snack mix",food,food_related,false,
gorp,22158513961,2010-08-26,GORP: The Classic Snack Packs a Nutritional Punch http://bit.ly/9oeOHM #foodie,138334186,"""Good Ole' Raisins & Peanuts""; trail mix or snack mix",food,food_related,false,
gorp,22161422267,2010-08-26,Edible word of the day: GORP - As in: G ranola O ats R aisins P eanuts And some candy bits thrown in for good... http://tumblr.com/xmngrcq0s,81816570,"""Good Ole' Raisins & Peanuts""; trail mix or snack mix",food,commenting,false,
gorp,22179797698,2010-08-26,A great breakfast snack to throw in your kids napsack Good Morning Gorp. http://ow.ly/2uB3g,26287392,"""Good Ole' Raisins & Peanuts""; trail mix or snack mix",food,food_related,false,
gorp,22192298870,2010-08-26,www.rmrminc.net Top 10 Diving Resorts Photo Gallery | GORP.com: Rocky Mountain National Park · Crater Lake Nationa... http://bit.ly/cMJvq0,48431031,"""Good Ole' Raisins & Peanuts""; trail mix or snack mix",food,commenting,false,
gorp,22612165697,2010-08-31,"Today is National Trail Mix Day.  Some call it GORP for ""good old raisins and peanuts""",21302449,"""Good Ole' Raisins & Peanuts""; trail mix or snack mix",food,food_related,false,
gorp,22614331103,2010-08-31,"Happy Trail Mix Day: I’ve never called Trail Mix . . . Trail Mix.  I have always known it as GORP, “good ‘ol raisi... http://bit.ly/9d5ZJc",37136988,"""Good Ole' Raisins & Peanuts""; trail mix or snack mix",food,food_related,false,
gorp,22631282507,2010-08-31,let's hear it for GORP! RT @swampynomo: Today is National Eat Outside Day & National Trail Mix Day. You can celebrate them together.,23501155,"""Good Ole' Raisins & Peanuts""; trail mix or snack mix",food,food_related,false,
gorp,22632354503,2010-08-31,Early morning hike at Monte Bello. Flock of quail. Herd of deer. Bag of gorp.,12138192,"""Good Ole' Raisins & Peanuts""; trail mix or snack mix",food,commenting,false,
gorp,22632479938,2010-08-31,@mollyclare GORP!,16879211,"""Good Ole' Raisins & Peanuts""; trail mix or snack mix",food,commenting,false,
gorp,22634819697,2010-08-31,Enjoy some gorp today. RT @Chef_Jay: Today is National Trail Mix Day! #foodcalendar,82685533,"""Good Ole' Raisins & Peanuts""; trail mix or snack mix",food,food_related,false,
gorp,22635142175,2010-08-31,@sanborncamps GORP ! I had almost forgotten that Trail Mix once had a better name.,16331112,"""Good Ole' Raisins & Peanuts""; trail mix or snack mix",food,food_related,false,
gorp,22635866311,2010-08-31,Easy gorp recipe for Natl Trail Mix Day | Eating Well http://bit.ly/ddN3Fs,14420689,"""Good Ole' Raisins & Peanuts""; trail mix or snack mix",food,food_related,false,
gorp,22637102575,2010-08-31,RT @EatingWell: Easy gorp recipe for Natl Trail Mix Day | Eating Well http://bit.ly/ddN3Fs,14594251,"""Good Ole' Raisins & Peanuts""; trail mix or snack mix",food,food_related,false,
gorp,22639232124,2010-08-31,Today is National Trail Mix Day so make a quasi GORP mix at www.MixMyGranola.com http://fb.me/FDvb5BOY,15924333,"""Good Ole' Raisins & Peanuts""; trail mix or snack mix",food,food_related,false,
gorp,22641620298,2010-08-31,Q & A: Michele Van Gorp - Michele Van Gorp is hard not to notice. The 6-foot-6-inch Michigan native who now... http://tumblr.com/xiuh9bxd6,18434319,"""Good Ole' Raisins & Peanuts""; trail mix or snack mix",food,commenting,false,Non-food proper-name/title use.
gorp,22666811232,2010-09-01,Yup! RT @judiemiller: Enjoy some gorp today. RT @Chef_Jay: Today is National Trail Mix Day! #foodcalendar,18092217,"""Good Ole' Raisins & Peanuts""; trail mix or snack mix",food,food_related,false,
gorp,22668389386,2010-09-01,RT @RocLaFamilia_: @jimjonescapo had the best MixTape of the summer. GORP,40416205,"""Good Ole' Raisins & Peanuts""; trail mix or snack mix",food,commenting,false,
gorp,22678500666,2010-09-01,@strongestman How could I say no the the library GORP demon? Let's get a student team on this. Who else do we need? Bishop is involved.,13377912,"""Good Ole' Raisins & Peanuts""; trail mix or snack mix",food,commenting,false,
gorp,22706965521,2010-09-01,[mh] Wouter van Gorp is now connected to Remko Dickhaut (Director at Cortona Estates) http://url4.eu/78TiB,40852477,"""Good Ole' Raisins & Peanuts""; trail mix or snack mix",food,commenting,false,Non-food proper-name/title use.
gorp,22706966045,2010-09-01,"[mh] Wouter van Gorp is now connected to Klaas van der Veur (Owner, Bitmove BV Interactive marketing agency, http://url4.eu/78TiC",40852477,"""Good Ole' Raisins & Peanuts""; trail mix or snack mix",food,commenting,false,Non-food proper-name/title use.
gorp,22710376404,2010-09-01,Q & A: Former WNBA player Michele Van Gorp (poststar.com) http://j.mp/9fVBG4 #wnba,28124137,"""Good Ole' Raisins & Peanuts""; trail mix or snack mix",food,commenting,false,Non-food proper-name/title use.
gorp,22733778351,2010-09-01,RT @hoopfeed: Q & A: Former WNBA player Michele Van Gorp (poststar.com) http://j.mp/9fVBG4 #wnba,14822081,"""Good Ole' Raisins & Peanuts""; trail mix or snack mix",food,commenting,false,Non-food proper-name/title use.
gorp,22840170614,2010-09-02,"@kelseyp Yes, I will also be camping with your girlfriends this weekend.

Also: 'Gorp' is a brand new word for me, and I love it!",9343622,"""Good Ole' Raisins & Peanuts""; trail mix or snack mix",food,commenting,false,
gorp,22875648541,2010-09-03,[mh] Wouter van Gorp is now connected to Hans Roeland Poolman (Owner at 1&amp;12 Ventures) http://url4.eu/7AF9l,40852477,"""Good Ole' Raisins & Peanuts""; trail mix or snack mix",food,commenting,false,Non-food proper-name/title use.
gorp,22971451449,2010-09-04,[mh] Wouter van Gorp is now connected to Roy Willems (Owner at Flinder BV) http://url4.eu/7BCi1,40852477,"""Good Ole' Raisins & Peanuts""; trail mix or snack mix",food,commenting,false,Non-food proper-name/title use.
gorp,22980983339,2010-09-04,[mh] Wouter van Gorp is now connected to Paul Heiden (MD North America at BHOLD Company) http://url4.eu/7BH9q,40852477,"""Good Ole' Raisins & Peanuts""; trail mix or snack mix",food,commenting,false,Non-food proper-name/title use.
gorp,22989597065,2010-09-04,[mh] Wouter van Gorp is now connected to Ralf Mevissen (Director at AFS Brokers) http://url4.eu/7BLHe,40852477,"""Good Ole' Raisins & Peanuts""; trail mix or snack mix",food,commenting,false,Non-food proper-name/title use.
gorp,23002899690,2010-09-04,[mh] Wouter van Gorp is now connected to Jeroen Waterreus (Sr accountmanager at Maximum) http://url4.eu/7BS0i,40852477,"""Good Ole' Raisins & Peanuts""; trail mix or snack mix",food,commenting,false,Non-food proper-name/title use.
gorp,23002899704,2010-09-04,[mh] Wouter van Gorp is now connected to Ralf Mevissen (Broker at Amstel Derivatives) http://url4.eu/7BS0m,40852477,"""Good Ole' Raisins & Peanuts""; trail mix or snack mix",food,commenting,false,Non-food proper-name/title use.
gorp,23006249201,2010-09-04,you can have him;)ill just gorp at him;D &lt;3 — ahah!:'}&lt;3 http://4ms.me/a72jcz,177289776,"""Good Ole' Raisins & Peanuts""; trail mix or snack mix",food,commenting,false,
gorp,23038035427,2010-09-05,"Dog Breed Info Center, InfoDog, Petmed Express, Dogstop, PetFoodDirect, Adognet, Dog-O-Mania, Animal Network, GORP, AcmePet, About.com:Dogs",179997642,"""Good Ole' Raisins & Peanuts""; trail mix or snack mix",food,commenting,false,
gorp,24397783097,2010-09-13,GORP says Inyo National Forest is one of the top in the nation for fall color. We've got the photos to prove it: http://ow.ly/2yfA7,165842123,"""Good Ole' Raisins & Peanuts""; trail mix or snack mix",food,commenting,false,
gorp,24460409931,2010-09-14,"@H4HBEAR Lmao, love a good gorp wouldnt mind a grope though pmsl!",169979795,"""Good Ole' Raisins & Peanuts""; trail mix or snack mix",food,commenting,false,
gorp,25578234720,2010-09-26,"Video: Steve on Steve - Recipe for Success Gorp: 

          Author: childhood9070
     ... http://bit.ly/bN2JOs",28005679,"""Good Ole' Raisins & Peanuts""; trail mix or snack mix",food,commenting,false,
gorp,25615002580,2010-09-26,Maybe some other stuff on Random Gorp to get me going again...,16352661,"""Good Ole' Raisins & Peanuts""; trail mix or snack mix",food,commenting,false,
gorp,26068869245,2010-10-01,Ux iceberg1-ru: The UX Iceberg by Trevor van Gorp slides translated into Russian http://slidesha.re/d8TpiG,30197232,"""Good Ole' Raisins & Peanuts""; trail mix or snack mix",food,commenting,false,Non-food proper-name/title use.
gorp,26091769376,2010-10-01,"My GS Juniors troop is camping @ Camp Hoover. Encampment: games, smores, GORP, banana boats, songs & bonfires. I heart #GirlScout #camping!",108092875,"""Good Ole' Raisins & Peanuts""; trail mix or snack mix",food,food_related,false,
gorp,26115065605,2010-10-01,@JessicaThinkies I think I'll make some Gorp and Monster cookies and maybe pb+j sushi for when we stop.,69562577,"""Good Ole' Raisins & Peanuts""; trail mix or snack mix",food,commenting,false,
gorp,26226915989,2010-10-03,Trail Mix Variations - Beyond GORP - http://is.gd/fHD97,28326636,"""Good Ole' Raisins & Peanuts""; trail mix or snack mix",food,food_related,false,
gorp,26227710991,2010-10-03,Grant Writer - Shrewsbury United Kingdom...  http://jobsurl.com/gorP,20507006,"""Good Ole' Raisins & Peanuts""; trail mix or snack mix",food,article_sharing,false,Non-food proper-name/title/link use.
gorp,26242324307,2010-10-03,Senior C++ Engineer -...  http://jobsurl.com/goRP,19984116,"""Good Ole' Raisins & Peanuts""; trail mix or snack mix",food,article_sharing,false,Non-food proper-name/title/link use.
gorp,26245553594,2010-10-03,"Hospitality: Spec, Store Technology - Key Carrier - EVANSTON, Illin...  http://jobsurl.com/gorp",66702121,"""Good Ole' Raisins & Peanuts""; trail mix or snack mix",food,article_sharing,false,Non-food proper-name/title/link use.
gorp,26274389102,2010-10-03,"@theindigomuse Craisins, roasted soy, banana chips, chocolate covered raisins. Wait. That's for GORP.  Not the same as granola but YUM!",21202133,"""Good Ole' Raisins & Peanuts""; trail mix or snack mix",food,food_related,false,
gorp,26358473273,2010-10-04,Antoine Lavoisier: Founder Of Modern Chemistry Lynn Van Gorp  #books #india http://ping.fm/XdkzI,118546753,"""Good Ole' Raisins & Peanuts""; trail mix or snack mix",food,commenting,false,Non-food proper-name/title use.
gorp,26400778049,2010-10-04,@TechCrunch happened want gorp,195899253,"""Good Ole' Raisins & Peanuts""; trail mix or snack mix",food,commenting,false,
gorp,27241244249,2010-10-13,"RT @croninwhocares: ""They were a dumb bunch, but at least they had corn chips shaped like little bowls.""  (""On Earthlings,"" by Zellen-Go ...",116450304,"""Good Ole' Raisins & Peanuts""; trail mix or snack mix",food,commenting,false,
gorp,27264079470,2010-10-13,"A friend asked me the other day ""what is gorp?"" People are less active so the term is not used often.  http://bit.ly/dfJFXa #healthykids",90023857,"""Good Ole' Raisins & Peanuts""; trail mix or snack mix",food,commenting,false,
gorp,27306912722,2010-10-14,What is gorp?! ...granola? MINE didn't have granola!!!!,190737118,"""Good Ole' Raisins & Peanuts""; trail mix or snack mix",food,food_related,false,
gorp,27307363263,2010-10-14,@3tdoan That reminds me of the Gorp I ate as a child; I would hoard all the carob chips and eat them last. (Wasn't often allowed chocolate).,16879882,"""Good Ole' Raisins & Peanuts""; trail mix or snack mix",food,commenting,false,
gorp,27310967650,2010-10-14,"2 great days, 2 epic adventures and 2 gallons of gorp... I will sleep well tonight  http://plixi.com/p/50516307",14435884,"""Good Ole' Raisins & Peanuts""; trail mix or snack mix",food,commenting,false,
gorp,27317449149,2010-10-14,Nothing in my head but gorp right now.,14784943,"""Good Ole' Raisins & Peanuts""; trail mix or snack mix",food,commenting,false,
gorp,27325435921,2010-10-14,"@MattieStar26 haha glad you had a good time, yeah get it posted up so I can have a gorp at him haha I will post (cont) http://tl.gd/6fm5gf",97186942,"""Good Ole' Raisins & Peanuts""; trail mix or snack mix",food,commenting,false,
gorp,28369530462,2010-10-22,"Gorp, Mizer, Yager, Reddawgg, Stabberu are my toons on Quel Dorei!  Swing by and give me a holler sometime!",205555199,"""Good Ole' Raisins & Peanuts""; trail mix or snack mix",food,commenting,false,
gorp,28382713121,2010-10-22,GORP Good Old Raisins & Peanuts #redeye @greggutfeld @BillSchulz @andylevy,199396820,"""Good Ole' Raisins & Peanuts""; trail mix or snack mix",food,food_related,false,
gorp,28402481444,2010-10-22,@dyst4dystonia. Can anyone contact Ms. Ruelens or Ms. van Gorp to ask them to contact me? www.labtaal.nl,108889512,"""Good Ole' Raisins & Peanuts""; trail mix or snack mix",food,commenting,false,Non-food proper-name/title use.
gorp,28404860678,2010-10-22,@dyst4dystonia Contact with Ms.Ruelens and van Gorp is established!,108889512,"""Good Ole' Raisins & Peanuts""; trail mix or snack mix",food,commenting,false,Non-food proper-name/title use.
gorp,28442226371,2010-10-22,Remember gorp in elementary school? Because I sure do.,29221621,"""Good Ole' Raisins & Peanuts""; trail mix or snack mix",food,commenting,false,
gorp,29539814822,2010-11-03,"@RylanSato Dip gorp barb jom jorm dhand, that is all. #Naruto",17996594,"""Good Ole' Raisins & Peanuts""; trail mix or snack mix",food,commenting,false,
gorp,29575315233,2010-11-03,Initial report securable on Copper Creek Gorp.  Speculative Buy rating. Download @ http://tiny.ly/0J9Z,203787757,"""Good Ole' Raisins & Peanuts""; trail mix or snack mix",food,commenting,false,
gorp,29597205086,2010-11-03,The energy food of bikers and hikers is called Gorp: Good Old Raisins and Peanuts.,194567473,"""Good Ole' Raisins & Peanuts""; trail mix or snack mix",food,food_related,false,
gorp,29615087607,2010-11-03,Initial report securable on Copper Creek Gorp.  Speculative Buy recommendation. Download @ http://tiny.ly/0J9Z,203787757,"""Good Ole' Raisins & Peanuts""; trail mix or snack mix",food,commenting,false,
gorp,29626977067,2010-11-04,Initial evaluation available on Copper Creek Gorp.  Speculative Buy opinon. Download @ http://tiny.ly/0J9Z,203787757,"""Good Ole' Raisins & Peanuts""; trail mix or snack mix",food,commenting,false,
gorp,29667333521,2010-11-04,@allsources_cc Hahaha....And a good sense of humour...If u wanna u can swap 'gorp' for 'gaze' its a little less 'in your face' #moresexy ;),127520844,"""Good Ole' Raisins & Peanuts""; trail mix or snack mix",food,commenting,false,
gorp,29670310504,2010-11-04,New evaluation accessible on Copper Creek Gorp.  Speculative Buy opinon. Download @ http://tiny.ly/0J9Z,203787757,"""Good Ole' Raisins & Peanuts""; trail mix or snack mix",food,commenting,false,
gorp,29678090574,2010-11-04,New report accessible on Copper Creek Gorp.  Speculative Buy opinon. Download @ http://tiny.ly/0J9Z,203787757,"""Good Ole' Raisins & Peanuts""; trail mix or snack mix",food,commenting,false,
gorp,29684798802,2010-11-04,New evaluation available on Copper Creek Gorp.  Speculative Buy target. Download @ http://tiny.ly/0J9Z,203787757,"""Good Ole' Raisins & Peanuts""; trail mix or snack mix",food,commenting,false,
gorp,29690109921,2010-11-04,Initial opinion available on Copper Creek Gorp.  Speculative Buy recommendation. Download @ http://tiny.ly/0J9Z,203787757,"""Good Ole' Raisins & Peanuts""; trail mix or snack mix",food,commenting,false,
gorp,29691742133,2010-11-04,@eliseparker4590 i love me some honey buns. wanna make some gorp? or microwave some garlic butter? for old times? mmmm...,205865586,"""Good Ole' Raisins & Peanuts""; trail mix or snack mix",food,commenting,false,
gorp,29694510121,2010-11-04,Initial advisory available on Copper Creek Gorp.  Speculative Buy opinon. Download @ http://tiny.ly/0J9Z,203787757,"""Good Ole' Raisins & Peanuts""; trail mix or snack mix",food,commenting,false,
gorp,29698294898,2010-11-04,New opinion available on Copper Creek Gorp.  Speculative Buy target. Download @ http://tiny.ly/0J9Z,203787757,"""Good Ole' Raisins & Peanuts""; trail mix or snack mix",food,commenting,false,
gorp,349851430686720,2010-11-05,Almost done cpt book...and tomorrow yayyy gOrp :),70580115,"""Good Ole' Raisins & Peanuts""; trail mix or snack mix",food,commenting,false,
gorp,394960805298176,2010-11-05,New advisory securable on Copper Creek Gorp.  Speculative Buy target. Download @ http://tiny.ly/0J9Z,203787757,"""Good Ole' Raisins & Peanuts""; trail mix or snack mix",food,commenting,false,
gorp,7677082477789185,2010-11-25,[01:19:29] &lt;abrn&gt; i literally invented the word gorf/gorp,219545660,"""Good Ole' Raisins & Peanuts""; trail mix or snack mix",food,commenting,false,
gorp,7722764416847872,2010-11-25,"@IngyJackson u must be there now, oh the joy! I'm off to gorp at councillors in high heels!! It may be a long day x",203164729,"""Good Ole' Raisins & Peanuts""; trail mix or snack mix",food,commenting,false,
gorp,7815683110866944,2010-11-25,New advisory accessible on Copper Creek Gorp.  Speculative Buy rating. Download @ http://tiny.ly/0J9Z,203787757,"""Good Ole' Raisins & Peanuts""; trail mix or snack mix",food,commenting,false,
gorp,7841371033444353,2010-11-25,New to camping and the crazy gear? Check out this article on GORP.com! http://fb.me/OPMXt7xm,179558570,"""Good Ole' Raisins & Peanuts""; trail mix or snack mix",food,commenting,false,
gorp,7850860319080448,2010-11-25,Initial opinion accessible on Copper Creek Gorp.  Speculative Buy target. Download @ http://tiny.ly/0J9Z,203787757,"""Good Ole' Raisins & Peanuts""; trail mix or snack mix",food,commenting,false,
gorp,7868072899649536,2010-11-25,Initial opinion accessible on Copper Creek Gorp.  Speculative Buy opinon. Download @ http://tiny.ly/0J9Z,203787757,"""Good Ole' Raisins & Peanuts""; trail mix or snack mix",food,commenting,false,
gorp,7884268663472128,2010-11-25,Initial advisory available on Copper Creek Gorp.  Speculative Buy rating. Download @ http://tiny.ly/0J9Z,203787757,"""Good Ole' Raisins & Peanuts""; trail mix or snack mix",food,commenting,false,
gorp,7899133977305088,2010-11-25,Initial evaluation accessible on Copper Creek Gorp.  Speculative Buy target. Download @ http://tiny.ly/0J9Z,203787757,"""Good Ole' Raisins & Peanuts""; trail mix or snack mix",food,commenting,false,
gorp,7929416952840192,2010-11-25,Initial report available on Copper Creek Gorp.  Speculative Buy opinon. Download @ http://tiny.ly/0J9Z,203787757,"""Good Ole' Raisins & Peanuts""; trail mix or snack mix",food,commenting,false,
gorp,9239919583035392,2010-11-29,"@TMA 'Goro' could be Giro, Gorp, Goo, Gore, Gory, Gyro, Doro or Moro.",38113411,"""Good Ole' Raisins & Peanuts""; trail mix or snack mix",food,commenting,false,
gorp,9285733135159296,2010-11-29,Initial opinion securable on Copper Creek Gorp.  Speculative Buy opinon. Download @ http://tiny.ly/0J9Z,203787757,"""Good Ole' Raisins & Peanuts""; trail mix or snack mix",food,commenting,false,
gorp,9302681302605824,2010-11-29,Initial advisory securable on Copper Creek Gorp.  Speculative Buy recommendation. Download @ http://tiny.ly/0J9Z,203787757,"""Good Ole' Raisins & Peanuts""; trail mix or snack mix",food,commenting,false,
gorp,9352789880733696,2010-11-29,New advisory accessible on Copper Creek Gorp.  Speculative Buy recommendation. Download @ http://tiny.ly/0J9Z,203787757,"""Good Ole' Raisins & Peanuts""; trail mix or snack mix",food,commenting,false,
gorp,9406930657222656,2010-11-30,Initial evaluation securable on Copper Creek Gorp.  Speculative Buy opinon. Download @ http://tiny.ly/0J9Z,203787757,"""Good Ole' Raisins & Peanuts""; trail mix or snack mix",food,commenting,false,
gorp,9467573020135424,2010-11-30,Initial report available on Copper Creek Gorp.  Speculative Buy rating. Download @ http://tiny.ly/0J9Z,203787757,"""Good Ole' Raisins & Peanuts""; trail mix or snack mix",food,commenting,false,
gorp,9480167818788864,2010-11-30,Initial evaluation accessible on Copper Creek Gorp.  Speculative Buy rating. Download @ http://tiny.ly/0J9Z,203787757,"""Good Ole' Raisins & Peanuts""; trail mix or snack mix",food,commenting,false,
gorp,10837415295983616,2010-12-03,RT @GoldStockReport: New evaluation available on Copper Creek Gorp.  Speculative Buy target. Download @ http://tiny.ly/0J9Z,83028711,"""Good Ole' Raisins & Peanuts""; trail mix or snack mix",food,commenting,false,
gorp,11468749777403904,2010-12-05,"There's a gorp on the loose, oh ah moose!  http://yfrog.com/ccbb40j",40214574,"""Good Ole' Raisins & Peanuts""; trail mix or snack mix",food,commenting,false,
gorp,14339956050763776,2010-12-13,#Christmas #Recipes: White Chocolate Gorp http://bit.ly/aNeImd,37113081,"""Good Ole' Raisins & Peanuts""; trail mix or snack mix",food,commenting,false,
gorp,14379912408334336,2010-12-13,where is miss gorp,163590525,"""Good Ole' Raisins & Peanuts""; trail mix or snack mix",food,commenting,false,
gorp,14513203492950016,2010-12-14,why journalist unconsciously use (cultural) frames is that they are unfamiliar with alternatives (Van Gorp).. #framinganalysis,129148344,"""Good Ole' Raisins & Peanuts""; trail mix or snack mix",food,commenting,false,Non-food proper-name/title use.
gorp,14514247455215616,2010-12-14,The critic? Van Gorp was walking on irrelevant and inconsistent root from the work of Gamson about subjectivity in #framing analysis..,129148344,"""Good Ole' Raisins & Peanuts""; trail mix or snack mix",food,commenting,false,Non-food proper-name/title use.
gorp,15892152533917696,2010-12-17,"I may have mentioned this last night, but tonight on MFC will be a Hitachi group show (gorp show!) and candy cane dildo groups too!",67066307,"""Good Ole' Raisins & Peanuts""; trail mix or snack mix",food,commenting,false,
gorp,15893755064225792,2010-12-17,"@brotherbenji classic, what a mindless gorp.",57900431,"""Good Ole' Raisins & Peanuts""; trail mix or snack mix",food,commenting,false,
gorp,17134127014744064,2010-12-21,@_Juan_Alvie_ YOUVE BEEN LIEADING ME ON WITH THE LIES OF THE EPISCOPALIAN GNOME. OR YOU ARE ATHEIST-SEEKING GORP?,173071628,"""Good Ole' Raisins & Peanuts""; trail mix or snack mix",food,commenting,false,
gorp,17245199860236288,2010-12-21,"RT @CocoonBranding: Cocoon takes 2 Applied Arts Awards in the Design category.
Gorp Clean Energy Bar - http://goo.gl/6Lp8W
Oi Talking So ...",17447239,"""Good Ole' Raisins & Peanuts""; trail mix or snack mix",food,commenting,false,
gorp,17354893870243840,2010-12-21,Cooking From Scratch: How to Make Your Own Homemade GORP Trail Mix http://ow.ly/3sswA,73396325,"""Good Ole' Raisins & Peanuts""; trail mix or snack mix",food,food_related,false,
gorp,17367635897360384,2010-12-21,@mglenbarker:  you forgot Gorp &gt; Balls,30958052,"""Good Ole' Raisins & Peanuts""; trail mix or snack mix",food,commenting,false,
grub,7353775151,2010-01-04,@dj_wallywonder too dope. I've been working a remix for @FESO now that I have ableton 7. some 808 shiz too. We should link up Friday 4 grub,42834468,food; something to eat,food,commenting,false,
grub,7353799200,2010-01-04,Stomach EMPTY...NEED GRUB,31277301,food; something to eat,food,food_related,false,
grub,7353829031,2010-01-04,@IamOshun sorry hun. Just settleing in after work. Gettin my grub on. How u doin?,21112073,food; something to eat,food,food_related,false,
grub,7353936297,2010-01-04,juss stacked up on some delicious grub shout out to my sis !,101603773,food; something to eat,food,commenting,false,
grub,7353975799,2010-01-04,Night drive to Walmart for some grub. I want bagel bites and cheetos and cinnabuns. And lotsa hot coc0. And spaghettios for my sick love.,50062865,food; something to eat,food,food_related,false,
grub,7354067994,2010-01-04,Los Angeles Food: Betty Fraser's Grub: Grub'bin In a Hollywood Oasis [Breakfast review w/ pics!]: Wife and I had lu... http://bit.ly/6jKwSn,16570641,food; something to eat,food,article_sharing,false,
grub,7354166777,2010-01-04,@suavae I diggz..shit momsb jus cooked dinner n shit. So I'm on my grub flow..,38895016,food; something to eat,food,commenting,false,
grub,7354203017,2010-01-04,@gina_234 just grub,21446779,food; something to eat,food,food_related,false,Direct eating/meal context.
grub,7354245845,2010-01-04,bouts to grub!,57837058,food; something to eat,food,food_related,false,
grub,8080475373,2010-01-22,Grabbing some grub from Los Coucos,63202901,food; something to eat,food,food_related,false,Direct getting food context.
grub,8080496352,2010-01-22,What's for grub!!!?™,15918420,food; something to eat,food,food_related,false,
grub,8080504102,2010-01-22,@ClassyAP smokin! nah chillin bout 2 head downtown now 2 grub,16244194,food; something to eat,food,food_related,false,
grub,8080515689,2010-01-22,@pedroarthurjedi off course have to exists!! (if you have grub installed) search in /boot/ and /boot/grub,14474239,food; something to eat,food,technology_discussion,false,Linux GRUB use rather than food slang.
grub,8080530377,2010-01-22,"Solid workout at the gym, done the bins, fed the random stray cat who occasionely visits. Now for some grub... Fishbake me thinks!!!",17588900,food; something to eat,food,food_related,false,
grub,8080538216,2010-01-22,Carne Asada Fries... Aint nuthin like it... Grub time.. Lol,36389731,food; something to eat,food,food_related,false,
grub,8080571705,2010-01-22,I'm out of that joint.. Quite enjoyable.. Unexpected.. Bussin and grub right quick!,72720212,food; something to eat,food,commenting,false,
grub,8080639019,2010-01-22,@kvpi Grub Steak right across the street!,2351781,food; something to eat,food,commenting,false,
grub,8080689011,2010-01-22,Honey called...my spaghetti ready...bout to blaze then run over to grandma's to grub!!! Yea buddy!,64545144,food; something to eat,food,food_related,false,
grub,8080700413,2010-01-22,Off to the Blues Kitchen for some southern american grub and some blues...yeehaw...,23254417,food; something to eat,food,food_related,false,
grub,8349078098,2010-01-29,Lol so That's a yes? RT @SaudieBoo: RT @liikes0p0pular: @SaudieBoo get me a rib or 2 tho - see ur ass grub worrying about me getting u a rib,26092689,food; something to eat,food,humor,true,
grub,8349125982,2010-01-29,"Just ate my first grub all day, I'm on a diet.lol",60944844,food; something to eat,food,humor,true,
grub,8349141439,2010-01-29,@keysha99  grub on :),63560005,food; something to eat,food,commenting,false,
grub,8349169499,2010-01-29,Finally made it 2 my destination :-) bout 2 grub I nd 2 go 2 bed bath & beyond n find a shoe rack,36543652,food; something to eat,food,commenting,false,
grub,8349185003,2010-01-29,"@ShirlPearly iight, grub n coronas #ondeck #enroute #inamin",27493594,food; something to eat,food,commenting,false,
grub,8349206009,2010-01-29,Negotiating counter offer w/sellers agent...yea I know it's 8pm and time 4 some grub!,34751322,food; something to eat,food,food_related,false,
grub,8349246640,2010-01-29,"I'm gettin fat.lol RT @bellabeeme: Lol ur on a deit? #youneedtostop !RT @Endustreboi: Just ate my first grub all day, I'm on a diet.lol",60944844,food; something to eat,food,humor,true,
grub,8349253997,2010-01-29,im bout 2 get my favorite grub... starbuccs frap aand sum cookies,55651905,food; something to eat,food,food_related,false,
grub,8349258649,2010-01-29,#bestsexsongs sticky face on top showerlude grub on,94454604,food; something to eat,food,commenting,false,
grub,8349287907,2010-01-29,WHILE IM WAITIN FOR DA GRUB IM ON THIS AGAIN..,92304685,food; something to eat,food,commenting,false,
grub,8402637652,2010-01-30,OMG! My Boot Loader Was Corrupted! I Can’t Log into My Linux System!: What will you do if your Grub Boot Loader wa... http://bit.ly/8XBC6j,61551266,food; something to eat,food,technology_discussion,false,Linux boot loader discussion.
grub,8402638265,2010-01-30,Blog Post: OMG! My Boot Loader Was Corrupted! I Can’t Log into My Linux System!: What will you do if your Grub Boo... http://bit.ly/8XBC6j,19103665,food; something to eat,food,technology_discussion,false,Linux boot loader discussion.
grub,8402735491,2010-01-30,how to change the default operating system in grub http://bit.ly/azUrL2,64645579,food; something to eat,food,technology_discussion,false,Linux boot loader discussion.
grub,8402761928,2010-01-30,"chillin about to get my grub on, that homemade food, hot plates!!",30022343,food; something to eat,food,commenting,false,
grub,8402779133,2010-01-30,@Be_Brittany naw i wuz always gangsta.. greek grub just bringz it out aight??,24219118,food; something to eat,food,commenting,false,
grub,8402888217,2010-01-30,@Honey_Dip1 I CAN DIG IT...I'm TRYNA GRUB TOOOO SONNNN!! LOL BEEN IN THE STUDIO FOR HRS! WRAPPIN UP OUR 3RD SONG FOR THE NITE..,47166476,food; something to eat,food,humor,true,
grub,8402933483,2010-01-30,no I want some nigga and some grub or somethin,95759867,food; something to eat,food,food_related,false,
grub,8402956345,2010-01-30,RT endofthablock: Me n @Awwready at buds bout grub on these #4's and sauce and cheese fam,14801343,food; something to eat,food,food_related,false,Direct eating context.
grub,8402973886,2010-01-30,Heading to downtown Disney with @anthonymaris & @JaysinStrife. Gonna get our grub on! Weeehooooo,16715736,food; something to eat,food,food_related,false,
grub,8403046119,2010-01-30,finally home...great movie btw...bout to grub on sum food then hit the sac cuz im tired from a long drive home!!! gotta do work 2m tho lol,105313601,food; something to eat,food,food_related,false,
grub,8667481764,2010-02-05,"Was hella full got my grub on tonite, took a lil nap thought I was tired but now i am up watching ESPN haha get at me ya digg!!!",58611256,food; something to eat,food,commenting,false,
grub,8667484637,2010-02-05,"""Free DOA Fishing Lures CAL Grub Tails http://www.NewTackleSale.com"",",30002240,food; something to eat,food,article_sharing,false,
grub,8667608399,2010-02-05,"RT @FlyCoupon: Today's Deal: $15 for $35 Worth of Pizza, Pub Grub & Drinks at Candlelite Chicago! http://bit.ly/97VdnZ",26940554,food; something to eat,food,article_sharing,false,
grub,8667611895,2010-02-05,@cameroncandel hey busy bee! can never hit a sista up for some grub ha. sorry i can't go to your show =[ i work too damn much,33309354,food; something to eat,food,food_related,false,
grub,8667636306,2010-02-05,What a night. Bp sesh done. Time to grub then chalk.,74318316,food; something to eat,food,food_related,false,Direct eat-then-rest context.
grub,8667764394,2010-02-05,@Ashley_NicoleTM. Nuthin just left the clubb.  Lookin for some grub.. ill be back next week I think,62721074,food; something to eat,food,food_related,false,
grub,8667827248,2010-02-05,"me, @stephstupidfly, da roomies, donna, && ashley leavin cuz des bitches didnt want it haha! Bout 2 grub lyk shyt doe, so gud night mii  ...",93690891,food; something to eat,food,commenting,false,
grub,8667833737,2010-02-05,@paulaj1967 @figgyme. Yes...I remember those days...kinda miss the convenience...might have to hit the pub again soon for their grub.,20255046,food; something to eat,food,commenting,false,
grub,8667848683,2010-02-05,@InoSintGirl get ur grub on with the ice cream yummy what kind?,27194421,food; something to eat,food,commenting,false,
grub,8667975914,2010-02-05,im goin 2 the grocery store tomoro so I won't be snowed in w/o any grub!!!!,28226377,food; something to eat,food,commenting,false,
grub,9135378777,2010-02-15,"""My m8 calls his fg grub so for valentines day he made her a card saying 'I Larvae You''. Pretty sure my friends have the best stories.",108880215,food; something to eat,food,commenting,false,
grub,9135497470,2010-02-15,RT @KEEMMELLO: Goin to the store to get somethin to grub on&gt;yooo where da fuck wit u been at lol,27759286,food; something to eat,food,humor,true,
grub,9135857801,2010-02-15,gonna go grub and home i go,96240268,food; something to eat,food,commenting,false,
grub,9135964014,2010-02-15,Grub steak to top off the night!!!!,22104983,food; something to eat,food,commenting,false,
grub,9136185154,2010-02-15,"#Valentine highlights: Pink rose from bestie, *huge* balloon nabbed from restaurant and delicious grub from favourite Indian.",77047559,food; something to eat,food,commenting,false,
grub,9136277578,2010-02-15,Grub day fo shooo,44250188,food; something to eat,food,commenting,false,
grub,9136292685,2010-02-15,Ahahaha!!! Yee just had some bomb Grub! fron @CarlsJr,35125332,food; something to eat,food,commenting,false,
grub,9136407929,2010-02-15,"Why am I starving myself today, must head out to get some grub, asap.",14544064,food; something to eat,food,food_related,false,
grub,9136974640,2010-02-15,Hung with frans at phi nguyen's house. he made decadent grub all day long to celebrate new years. my favorite was savory french toast!,89131661,food; something to eat,food,commenting,false,
grub,9137008675,2010-02-15,@chazily Why not?  90% of the grub on that menu was grown w/in 40 miles.,23496474,food; something to eat,food,commenting,false,
grub,9196562129,2010-02-16,Think its bout time to grab some grub! Oh and jumped thru my last hoop to get my damn transcript! #morgan and the games they play! Smdh,26781683,food; something to eat,food,food_related,false,
grub,9196580330,2010-02-16,just got my back done feeling hella better now time for grub,41150203,food; something to eat,food,commenting,false,
grub,9196667522,2010-02-16,good grub this weekend. only ate indoors. home cooking is the best. invented Wind Yum soup.,22934292,food; something to eat,food,commenting,false,
grub,9196667668,2010-02-16,I Need Some Grub IDK What Im Gon Eat Though!!,38337797,food; something to eat,food,food_related,false,
grub,9196701038,2010-02-16,"AND I may go try some organic grub @milliesleeds in fact, while se're at it, what else shall I try tomorrow!!??!?",88794845,food; something to eat,food,commenting,false,
grub,9196715408,2010-02-16,Bout to get my grub on!,49354305,food; something to eat,food,commenting,false,
grub,9196826405,2010-02-16,Jus left campus went and go sum churches finna grub in dey faces jus might b late to class lolz,74620775,food; something to eat,food,humor,true,
grub,9196884299,2010-02-16,"band shoot done, lady gaga contract signed - now grub then photoshop :)",22807529,food; something to eat,food,commenting,false,
grub,9196885843,2010-02-16,Now delivering Monster Pop shirts with your Pizza in the the azle deliver range! Hit me up to get your grub and threadz on!,17224757,food; something to eat,food,commenting,false,
grub,9196925004,2010-02-16,@BrendanHorn is that a grub worm? Fishing season not up yet is it?,18709186,food; something to eat,food,commenting,false,
grub,9260892271,2010-02-18,Not your whiskey with your grub sitting on your lazyboy? RT @Dohknutty I like to drink pop with my dinner while sitting on my couch.,43818727,food; something to eat,food,commenting,false,
grub,9260900071,2010-02-18,"Headed to Akron's hot spot, the ""Winking Lizard"". Grub and beer will end the day right.",18377211,food; something to eat,food,commenting,false,
grub,9261001173,2010-02-18,that would be whiskey with the vittles on the lazyboy . RT @queuebert: Not your whiskey with your grub sitting on your lazyboy?,26872483,food; something to eat,food,commenting,false,
grub,9261033062,2010-02-18,Grub is the appropriate verb? Can't wait to get home and 'grub' and relax.,29097818,food; something to eat,food,commenting,false,
grub,9261036806,2010-02-18,Bout to grub on this curry chicken! I had to take a break from my pollo tropical.. Http://twitpic.com/13utpl,26803928,food; something to eat,food,commenting,false,
grub,9261047206,2010-02-18,met Nelly n got pics w him cool ass dude on our way to grub,80162676,food; something to eat,food,commenting,false,
grub,9261159489,2010-02-18,Huckleberries Online: HBO Grub Club: Nosworthy: Don Sausser returned with the first review of the new HBO Grub Clu... http://bit.ly/cHUpZG,14951479,food; something to eat,food,article_sharing,false,
grub,9261172480,2010-02-18,bout to get this grub in me and do some homewrk,20777127,food; something to eat,food,commenting,false,
grub,9261197231,2010-02-18,bout to get my grub on you dig........oh yeahhhh!!!!!!!!!!!!!!!!!,31946305,food; something to eat,food,commenting,false,
grub,9261220352,2010-02-18,Time to grub.,28076115,food; something to eat,food,food_related,false,
grub,10680339904,2010-03-18,Just goin to get some grub,29869946,food; something to eat,food,food_related,false,
grub,10680375387,2010-03-18,Yeah my mama finally here. Time 2 get my grub on,98656607,food; something to eat,food,commenting,false,
grub,10680377916,2010-03-18,@JoeParker19 we should go grub somewheree tomorrow I get off earlier than saturday,82094712,food; something to eat,food,commenting,false,
grub,10680438659,2010-03-18,"#nowplaying ""grub on""-Trey! Ooooo yuuuuuup! ;)",23030899,food; something to eat,food,commenting,false,
grub,10680525428,2010-03-18,Dmon. Bring a nigga somefing to grub on.,88322003,food; something to eat,food,commenting,false,
grub,10680541775,2010-03-18,"Luvd the day today... Went shopping early, got some grub.. Now off runnin errands to go make that $$$ @ wrk!!!",29650498,food; something to eat,food,food_related,false,
grub,10680547877,2010-03-18,I might possibly need to grub now,53919945,food; something to eat,food,commenting,false,
grub,10680576058,2010-03-18,about to get my grub on!,105875827,food; something to eat,food,commenting,false,
grub,10680583813,2010-03-18,Soo hungry kant wait tue GRUB,66616718,food; something to eat,food,commenting,false,
grub,10680717400,2010-03-18,on my way to get some grub :o)))) my stomach is touching my BACK!,74322270,food; something to eat,food,food_related,false,
grub,11467829185,2010-04-02,"@keymayodaberry ok koo , long as we go , &nd grub LoL",99551523,food; something to eat,food,humor,true,
grub,11467901242,2010-04-02,@dingane1 every faith blesses their meals...I'm sure the god you pray to wouldn't mind blessing your grub,16169881,food; something to eat,food,commenting,false,
grub,11468053465,2010-04-02,Late night Grub! http://tweetphoto.com/16768484,25578216,food; something to eat,food,commenting,false,
grub,11468064699,2010-04-02,"@champsuperstar being married and having kids is one thing, letting some broad eat all my grub because she's ""cute"" is another case...lol",16169881,food; something to eat,food,humor,true,
grub,11468264680,2010-04-02,"RT @Madame_Chocolat: Mention ""Grub Street"" at the register & get 15% off Easter purchases plus one free chocolate egg http://bit.ly/cBLEu0",97834631,food; something to eat,food,article_sharing,false,
grub,11468270395,2010-04-02,Post show grub down at swingers,26982410,food; something to eat,food,commenting,false,
grub,11468305032,2010-04-02,Jus grabbing some grub,81040112,food; something to eat,food,food_related,false,
grub,11468316802,2010-04-02,#cosign RT @SiiMPLy_VeE: I'm just ready 2 grub...can yu tak my order plz,26073765,food; something to eat,food,commenting,false,
grub,11468419047,2010-04-02,Haydn/Gruber: Christmas Music | Colehann | BrokenControllers.com: This page provides information about 'Haydn/Grub... http://bit.ly/bnOJF5,96583106,food; something to eat,food,article_sharing,false,
grub,11468540965,2010-04-02,Time for grub...,121357333,food; something to eat,food,commenting,false,
grub,12148229682,2010-04-14,Gialina Pizza to Open a Second Branch -- Grub Street San Francisco http://bit.ly/aUjaxT,41138786,food; something to eat,food,article_sharing,false,
grub,12148274789,2010-04-14,Looking at the Filipino Film Festival lineup while I wait for Filipino grub at Mabuhay. BigTime looks pretty good.,14264641,food; something to eat,food,commenting,false,
grub,12148295458,2010-04-14,At the Hip Kitty gonna grub on some fondue listening to some dope music.,65508889,food; something to eat,food,commenting,false,
grub,12148393337,2010-04-14,"Come join us & get your late night grub on!! 
http://bit.ly/bQAD5l
 http://twitpic.com/1dk875",93035322,food; something to eat,food,article_sharing,false,
grub,12148412389,2010-04-14,Thrillist finds the best cheap grub in your hood. | Thrillist: http://bit.ly/ae26P0 via @addthis,44312611,food; something to eat,food,article_sharing,false,
grub,12148448945,2010-04-14,@ the waffle house getting my grub on,27122761,food; something to eat,food,commenting,false,
grub,12148705407,2010-04-14,about 2 grub than watch every hates chris,22397160,food; something to eat,food,commenting,false,
grub,12148770651,2010-04-14,chili dogs on deck...damn smh....talk about #random ass late nite grub,105742257,food; something to eat,food,commenting,false,
grub,12148801429,2010-04-14,"I'll make GRUB ""The Photos collection of tomboy"" ,, do u want to join it?..
i to make grub in my FB account.
*smiling*",128483944,food; something to eat,food,commenting,false,
grub,12148831177,2010-04-14,"Berry Chill Blames Loop Locations for Bankruptcy -- Grub Street ...: Don't worry, they already have plans for more... http://bit.ly/bIDdkh",94492614,food; something to eat,food,article_sharing,false,
grub,12153423574,2010-04-14,"@manicmammy I would recommend them, excellent service and grub",19593691,food; something to eat,food,commenting,false,
grub,12153704629,2010-04-14,Taste Wine With a Better Sort of Wino at Toast of the Town -- Grub ...: Tasting 500 wines and spirits is a job for... http://bit.ly/a5JAN8,104548064,food; something to eat,food,article_sharing,false,
grub,12153780932,2010-04-14,RT @DJTURBULENCE: ***Gettin' my grub & drink w/ @Dcsnax69 at @ToroSushiBar w/ my homies. Too many @'s to mention but Happy B-Day @marina ...,108215074,food; something to eat,food,commenting,false,
grub,12154138569,2010-04-14,"Gotta say, seeing a proper lady like the one from How Clean is your house eating a witchety grub is satisfying to me lol",49937654,food; something to eat,food,humor,true,
grub,12154414537,2010-04-14,Grub grub yum! (@ Like Like Drive Inn) http://4sq.com/73E734,6607772,food; something to eat,food,commenting,false,
grub,12154717651,2010-04-14,Couple shed pounds - with help of chippy grub!: And now customers can buy fat-free fishcakes and oven-baked slimmi... http://bit.ly/bOwKMX,57013942,food; something to eat,food,article_sharing,false,
grub,12154718026,2010-04-14,Couple shed pounds - with help of chippy grub!: And now customers can buy fat-free fishcakes and oven-baked slim... http://twurl.nl/n7tgmx,89916950,food; something to eat,food,commenting,false,
grub,12154718375,2010-04-14,Couple shed pounds - with help of chippy grub! http://bit.ly/9B8XCm,39472124,food; something to eat,food,article_sharing,false,
grub,12155025282,2010-04-14,Just finish sum grub..bout to hit the sack,72979716,food; something to eat,food,commenting,false,
grub,12155071250,2010-04-14,grub club is back tonight! it is a perfect excuse to avoid hey hey.. Daz is on fire tonight..,24842398,food; something to eat,food,commenting,false,
grub,12172045457,2010-04-14,@Jlongmusic this how's big as shit for the music video bra... Me and camera crew about to get grub then b back. I spoke to ya pops he there,17565805,food; something to eat,food,commenting,false,
grub,12172072166,2010-04-14,#kushandorangejuice while going to get tan with stephy & grub on some paneraaaaa ;),36177839,food; something to eat,food,commenting,false,
grub,12172137044,2010-04-14,Laying out a bit chillin another fab night last night w  @marisolp34 Lincoln road for some grub later,116611752,food; something to eat,food,food_related,false,
grub,12172154627,2010-04-14,about to grub...hit me!,26760600,food; something to eat,food,food_related,false,
grub,12172164380,2010-04-14,At #bw3s with #ucskippy getting some grub,68415819,food; something to eat,food,food_related,false,
grub,12172170677,2010-04-14,@brandonhartzell ill be by later to get my grub on!,131262990,food; something to eat,food,commenting,false,
grub,12172179792,2010-04-14,At #bw3s with @ucskippy getting some grub,68415819,food; something to eat,food,food_related,false,
grub,12172222504,2010-04-14,"#ReMeMbEr- 1,2,Freddy's comin for u 3,4,better lock Da door 5,6,grub ur crufix 7,8,gonna stay up late 9,10,never sleep again!!",21959935,food; something to eat,food,commenting,false,
grub,12172256681,2010-04-14,"is very much enjoying his day off of work -- sleeping in, his favorite bagel place & an afternoon yankees game (with all the requisite grub)",6265142,food; something to eat,food,commenting,false,
grub,12172285089,2010-04-14,On break finn grub,60962447,food; something to eat,food,commenting,false,
grub,12196389403,2010-04-15,RT @ALBEBACK: RT @JayAndino: RT @ALBEBACK: I'm loving the block Chinese food right now.- Bullet proof window grub (cont) http://tl.gd/sbb9a,33669767,food; something to eat,food,commenting,false,
grub,12196493783,2010-04-15,RT @Ng0Zii Off work. Can't wait to grub w/ my loves. &lt;|woot wooot=),40317094,food; something to eat,food,commenting,false,
grub,12196516637,2010-04-15,Time for walkies with Tangobear to pick up some grub!,23662812,food; something to eat,food,food_related,false,
grub,12196587876,2010-04-15,Almost there!! Gonna go get some grub. Hopefully Red Lobster?,30110310,food; something to eat,food,food_related,false,
grub,12196606793,2010-04-15,Finally out the piece!! Time to go chill with the homies and GRUB!!!!!!!!,39442868,food; something to eat,food,commenting,false,
grub,12196658454,2010-04-15,Time to cook some grub. Meh. I wish I had a chef. That'd be swell.,14990801,food; something to eat,food,food_related,false,
grub,12196680766,2010-04-15,Come grub wit us http://tweetphoto.com/18467585,105996092,food; something to eat,food,commenting,false,
grub,12196696670,2010-04-15,Getting some grub (@ The Rat at Quinnipiac) http://4sq.com/aDkGEA,29769085,food; something to eat,food,food_related,false,
grub,12196703927,2010-04-15,Bout to grub on some pizza.... Weird how no matter how old you get pizza is still the shit!,32941473,food; something to eat,food,commenting,false,
grub,12196708997,2010-04-15,Yeah.. My Sat will be in the city at Delores Park getting my grub etc. On!,14718750,food; something to eat,food,commenting,false,
grub,12481904127,2010-04-19,Going to KFC for some grub...,29938321,food; something to eat,food,food_related,false,
grub,12482031551,2010-04-19,"Wow, The Wall sure is busy right now! Ready to get my grub on!!",77003666,food; something to eat,food,commenting,false,
grub,12482044794,2010-04-19,@edatrero YO! We still on for grub tomorrow?,17030934,food; something to eat,food,commenting,false,
grub,12482093391,2010-04-19,Chillin ; Boutta Grub !!,38461988,food; something to eat,food,commenting,false,
grub,12482127281,2010-04-19,British Pub Grub http://flook.it/c/32xSf46 The Three Pigeons in Chalfont St Peter...lost it's way for a while..now very much back on trac...,124472684,food; something to eat,food,article_sharing,false,
grub,12482143589,2010-04-19,@iiiNuNuiii HEY PINKY!!!!! LOL... I was trying to walk fast so I can come back and grub and did just that.The chicken breast was good! LOL,127705034,food; something to eat,food,humor,true,
grub,12482258658,2010-04-19,jus woke up from an amazing nap needa grab some grub now.,37969052,food; something to eat,food,food_related,false,
grub,12482330994,2010-04-19,Grub (@ Los Agave's Mexican Grill) http://4sq.com/cVBZ4E,97704280,food; something to eat,food,commenting,false,
grub,12482348049,2010-04-19,Finishing up workout. Going to eat some grub - have a bunch of stuff to get done in the next 36 hrs or so. My Weds I start underpinning...,16514162,food; something to eat,food,food_related,false,
grub,12482382991,2010-04-19,"@DanaDaneNY Shake Shack in Citi Field. Also in Madison Sq Park and another location in the upper west side. DOPE grub, just ignore diet.",93983236,food; something to eat,food,commenting,false,
grub,12869413591,2010-04-26,Bout to grub on this chicken boi!,80977871,food; something to eat,food,commenting,false,
grub,12869632012,2010-04-26,@cuddle_kitten84 american grills are fab. real fill you up grub.,21179042,food; something to eat,food,commenting,false,
grub,12869756099,2010-04-26,Woke up hungry right now.... bout to grub on sum peanutbutter crackers and knock.,29262169,food; something to eat,food,commenting,false,
grub,12869773539,2010-04-26,Quick early grub... lebanese grilled chicken platter. (@ Moet's Curry Pot w/  @hardik) http://4sq.com/9OTku3,42373,food; something to eat,food,commenting,false,
grub,12869940978,2010-04-26,Sooo I'm over here WIDE AWAKE... Mean while plotting on dat ass AND on wat we guna grub on for sister day @libbylohanx0x0,100686296,food; something to eat,food,commenting,false,
grub,12869990594,2010-04-26,Opinion:DTV: The Real Story-The public will buy the story that the broadcasters are money-grub http://broadcastnewsroom.com/i.jsp?id=4468,95490894,food; something to eat,food,commenting,false,
grub,12870053683,2010-04-26,Another point with graze that I've just thought of is the delivery and the miles it does for £2.99 worth of grub to find someones desk!,31254030,food; something to eat,food,commenting,false,
grub,12870247682,2010-04-26,Just getting ready to head to Cheltenham for the day to see two lots of friends and pop in at home for a bit of grub :),18952379,food; something to eat,food,commenting,false,
grub,12870646898,2010-04-26,"@kwoda805 How was that grub spot, usually packed on sundays",116075099,food; something to eat,food,commenting,false,
grub,12870656723,2010-04-26,"On the road the grind don""t stop but still findin time 2 get the late nite grub on with some Olive Garden !! http://tweetphoto.com/19990678",25374111,food; something to eat,food,commenting,false,
grub,13140322275,2010-04-30,RT @cloudhackers thanks @rackcloud for buying food from power source cafe last night; verdict was that was pretty amazing grub,12876252,food; something to eat,food,commenting,false,
grub,13140340722,2010-04-30,15 MORE MINS AND I'M OUT THIS PIECE!!!  THINK I'M GONE GO GRUB ON SOME CRAWFISH B4 I HIT THA HIGHWAY!!!,30717237,food; something to eat,food,commenting,false,
grub,13140348117,2010-04-30,@daveybarnett What? Snaffling the free grub? Disgraceful!,24595718,food; something to eat,food,commenting,false,
grub,13140365933,2010-04-30,"@robzaugg Kaia, huh? Spelled in Hungarian it would be Kaja, which is the slang word for ""food"", i.e. grub, chow :D",39328321,food; something to eat,food,commenting,false,
grub,13140393359,2010-04-30,"Good grub, #hoodrats and black folks",23542448,food; something to eat,food,commenting,false,
grub,13140453712,2010-04-30,"""/usr/sbin/grub-setup: warn: Attempting to install GRUB to a partition instead of the MBR.  This is a BAD idea..""",112436497,food; something to eat,food,commenting,false,
grub,13140549789,2010-04-30,"On the grub front, take stock with a word in your shell-like... Felt obliged to share that it's a Risotto ai Frutti di Mare for tea!",34918525,food; something to eat,food,commenting,false,
grub,13140611165,2010-04-30,Dam this lil walk I'm bout take is kind of far her job better have grub lol,83613878,food; something to eat,food,humor,true,
grub,13140629503,2010-04-30,About to grub hard on this manderin chicken salad with this lil special glaze dressing they got on here.  Sounds #bomb right?,27227021,food; something to eat,food,food_related,false,
grub,13140685461,2010-04-30,Grub sesh with moms lol http://twitpic.com/1jovpc,107421162,food; something to eat,food,humor,true,
grub,13832206576,2010-05-12,On my way to elk grove to get some grub! Hella hungry yo!,47505361,food; something to eat,food,food_related,false,
grub,13832213819,2010-05-12,@jamescollins17 yo bitch where u at?? i have no keys and my phone has died and i need to leave to get grub!!! innit!!!,83550983,food; something to eat,food,commenting,false,
grub,13832303250,2010-05-12,Out To Dennys... Fittn to grub like,134003190,food; something to eat,food,commenting,false,
grub,13832343730,2010-05-12,"Let's go on a grub crawl: It's a balmy spring evening and graphic designer Stefan Ziff, 31, and three of his frien... http://bit.ly/9v59G4",93729965,food; something to eat,food,article_sharing,false,
grub,13832380514,2010-05-12,RT @DiGGyDiGG: RT @eLEcTrOLuVV: Finally my dominos came time 2 grub &lt;--bxtch feed yur child . lol...I do feed u child,100092407,food; something to eat,food,humor,true,
grub,13832388512,2010-05-12,@JamesCollins17 yo where u at my phone has died and got no keys ned to go get grub bitch xx,83550983,food; something to eat,food,commenting,false,
grub,13832408210,2010-05-12,@_ciaobella_ Mmmm well on a lighter note... Care for some tea? or grub perhaps?,15534425,food; something to eat,food,commenting,false,
grub,13832449441,2010-05-12,"Iron man 2 waz cool hopefully pt. 3 iiz betta, getting sum grub wit the hunney den off 2 home",21737815,food; something to eat,food,commenting,false,
grub,13832953653,2010-05-12,Tonight@ThePinkCow - Bike Night & Fruits -n- Suits! lots of fun socializing going on & great grub! no entry charge! #www.thepinkcow.com,106377420,food; something to eat,food,commenting,false,
grub,13833049893,2010-05-12,Find the Flormite you've been dying to have! I...  http://weedpestcontrol.com/insect-grub-control/flormite-best-features/,108883632,food; something to eat,food,commenting,false,
grub,14264905030,2010-05-19,Grabbing some grub.,21324825,food; something to eat,food,food_related,false,
grub,14264955755,2010-05-19,@ChadAxworthy you can get them for free at the grub mall,26854911,food; something to eat,food,commenting,false,
grub,14265107589,2010-05-19,"I'm at Stubby's Pub &  Grub (114 Antioch Dr, at Abbe Rd, Elyria). http://4sq.com/bcbQCu",20409451,food; something to eat,food,commenting,false,
grub,14265135297,2010-05-19,Finally in Seattle at the hotel. Time for grub!,26356409,food; something to eat,food,commenting,false,
grub,14265149336,2010-05-19,"Great workout, feeling much better. But, now I'm hongray! Time to grub.",20415476,food; something to eat,food,food_related,false,
grub,14265158339,2010-05-19,got some grub with some homies :),17111628,food; something to eat,food,food_related,false,
grub,14265237383,2010-05-19,Mane I need some grub....,64905495,food; something to eat,food,food_related,false,
grub,14265254686,2010-05-19,@shaunohio actually I'm going to Arbys to get some grub that's it lol,27523638,food; something to eat,food,food_related,false,
grub,14265259736,2010-05-19,Well...after #Idol @sarahrettew and I went into Beaufort to find some grub!  — at Luthers Rare & Well Done http://gowal.la/c/LWgz,17353001,food; something to eat,food,food_related,false,
grub,14265261651,2010-05-19,Ready to eat some grub after lil sis gratuation,37476193,food; something to eat,food,food_related,false,
grub,14750202256,2010-05-26,"[585742] grub-install /dev/md0 reports ""grub-setup: warn: Attempting to install GRUB to a partition instead of the... http://bit.ly/8Y4Nqt",19338772,food; something to eat,food,article_sharing,false,
grub,14750300115,2010-05-26,Time to get my grub on!,97140967,food; something to eat,food,commenting,false,
grub,14750343906,2010-05-26,"RT @Tomo_foolery @kevintuk it's early.7 start. Will be done by 8. Might get some
Grub in Brick Lane first http://bit.ly/aAqjyu",67901356,food; something to eat,food,article_sharing,false,
grub,14750478939,2010-05-26,@chhavi Recording? Hungry as well. Waiting for the carpenter & partners to turn up at @yolkshire. Then grab some grub.,14277764,food; something to eat,food,food_related,false,
grub,14750546007,2010-05-26,@rish404 : Which is the first Boot Loader ? Win7 or GRUB ?,17646879,food; something to eat,food,technology_discussion,false,Boot loader discussion.
grub,14750563683,2010-05-26,"@eggsy84 Balls, didn't ring you last night. You still up for coming over to Barrow for some pub grub Sat and head into Luff after?",27446516,food; something to eat,food,commenting,false,
grub,14750600000,2010-05-26,haaaaaa that was crazy fun time to grub,36894034,food; something to eat,food,food_related,false,
grub,14750744900,2010-05-26,"@cybercool10 there isn't any bootloader. It loads directly into win 7. when I try to restore GRUB, it boots directly into ubuntu.",17494947,food; something to eat,food,commenting,false,
grub,14751276222,2010-05-26,At Denny's bout to grub,65102432,food; something to eat,food,commenting,false,
grub,14751378498,2010-05-26,@dannychoo any recommendations for good akiba grub?,33148511,food; something to eat,food,commenting,false,
grub,15038122963,2010-05-30,"View from Bettyhill hotel in north of Scotland. Good grub. Free wifi. Character bar.

 http://tinyurl.com/36zwwbz

http://img.ly/1omU",71076930,food; something to eat,food,commenting,false,
grub,15039264926,2010-05-30,"Ok, officially off to grub.",84884931,food; something to eat,food,commenting,false,
grub,15039339735,2010-05-30,Topix - Food Wire: Here's the Plan: GRUB BBQ Tuesday Preview at Mission Beach Cafe What: The beloved weekly BBQ re... http://bit.ly/d2vrCF,15214438,food; something to eat,food,article_sharing,false,
grub,15039530535,2010-05-30,Grub with the fam in Frankie & Bennys...Gotta prep myself for the long ass set @ Oceana Bristol...Yuuuuup!!! http://tweetphoto.com/24719088,19649183,food; something to eat,food,commenting,false,
grub,15039670113,2010-05-30,"@commanderbyrne might be too late, but I love eat on Chatham st. Ocean Bar does lovely grub too.",18903353,food; something to eat,food,commenting,false,
grub,15039775531,2010-05-30,Off to grab some grub with the bf #nixmapha @KeithTG,78023037,food; something to eat,food,food_related,false,
grub,15039821830,2010-05-30,About to head into work then get my grub on when I get off,24748476,food; something to eat,food,commenting,false,
grub,15040803898,2010-05-30,GM all!!! Gettin ready to make the fam some breakfast. Who else tryna grub???,111533290,food; something to eat,food,commenting,false,
grub,15040880832,2010-05-30,RT @phenomenallyKy: GM all!!! Gettin ready to make the fam some breakfast. Who else tryna grub???&lt;---Me ;-),30541338,food; something to eat,food,commenting,false,
grub,15041191290,2010-05-30,Lampard is a complete ball sack. World Class for Chelsea. Pub Grub internationally.,135273682,food; something to eat,food,commenting,false,
grub,16531503720,2010-06-19,Dating Gays Are Mad at McDonald's; Padma Dating David Spade? -- Grub ...: The National Gay and Lesbian Chamb... http://bit.ly/9by7Vb Dating,84633373,food; something to eat,food,article_sharing,false,
grub,16531503821,2010-06-19,Gays Are Mad at McDonald's; Padma Dating David Spade? -- Grub ...: The National Gay and Lesbian Chamber of Commerc... http://bit.ly/allsxg,119365656,food; something to eat,food,article_sharing,false,
grub,16531504616,2010-06-19,Gays Are Mad at McDonald's; Padma Dating David Spade? -- Grub ...: The National Gay and Lesbian Chamber of Commerc... http://bit.ly/bR9yds,47707887,food; something to eat,food,article_sharing,false,
grub,16531506224,2010-06-19,Gays Are Mad at McDonald's; Padma Dating David Spade? -- Grub ... http://bit.ly/9jxSEO,49864538,food; something to eat,food,article_sharing,false,
grub,16531700077,2010-06-19,Craft Hosts a Farmer Dinner; Fat Hippo Faces Eviction -- Grub ... http://bit.ly/bFG8Ok,40409773,food; something to eat,food,article_sharing,false,
grub,16531846552,2010-06-19,RT @datingmania: Gays Are Mad at McDonald's; Padma Dating David Spade? -- Grub ...: The National Gay and Lesbian Chamber of Commerc... h ...,155499758,food; something to eat,food,commenting,false,
grub,16531873765,2010-06-19,Havent danced to soo much mexican music in a longgg time haha now were gonna grub on jacknthebox,18228141,food; something to eat,food,commenting,false,
grub,16531873887,2010-06-19,Gays Are Mad at McDonald's; Padma Dating David Spade? -- Grub ... http://bit.ly/bsjfR7,61854713,food; something to eat,food,article_sharing,false,
grub,16531970810,2010-06-19,We got bottles for days! And grub for oens #brrrraah!,74959225,food; something to eat,food,commenting,false,
grub,16532069957,2010-06-19,"Mouth-On With Gamer Grub Smores And BBQ: Gamer Grub debuted two new flavors at the show, and I went mouth-on with ... http://bit.ly/aiamLt",80929262,food; something to eat,food,article_sharing,false,
grub,17069229966,2010-06-26,Time to grub :) ughhhh I wanna go to la tmrw :(,139324000,food; something to eat,food,food_related,false,
grub,17069335134,2010-06-26,Gonna grub on pizza,64840501,food; something to eat,food,commenting,false,
grub,17069379961,2010-06-26,Bout to grub and get in.,60829610,food; something to eat,food,commenting,false,
grub,17069411651,2010-06-26,@msva i hope so..cuz u got both contacts to reach me..if u leave b4 the weekend i will make time after or b4 work to grub with ya,49816144,food; something to eat,food,commenting,false,
grub,17069423115,2010-06-26,@MrkyEvangelista Im tryin to grub At bj's when I get to Diego.,62084616,food; something to eat,food,commenting,false,
grub,17069427798,2010-06-26,@lindo michoacan with jr indira marquitos. Henzel monchis and cecy! Bout to grub,65453517,food; something to eat,food,commenting,false,
grub,17069432365,2010-06-26,@ErynYK Haha girl I'm just a little piggy that loves to GRUB! Whatcha been up to my loud ass japanese girl haha&lt;3,34532014,food; something to eat,food,commenting,false,
grub,17069455330,2010-06-26,@DSAComposer11 i know we are in the car bout to grub maybe... wont be too much longer,42556794,food; something to eat,food,commenting,false,
grub,17069576638,2010-06-26,Club H2O And to get some grub,96283129,food; something to eat,food,food_related,false,
grub,17069597120,2010-06-26,"In the studio as usual, somebody bring me something 2 eat! I got the hen just bring some grub",29969416,food; something to eat,food,food_related,false,
grub,17343978818,2010-06-29,"Bout to get this grub on at Wendy's then go get a place to live! I ain't trynna die, imma live!",7836302,food; something to eat,food,commenting,false,
grub,17344115268,2010-06-29,Giveaway: Three packs of PB&J Gamer Grub http://bit.ly/bFoUMu,122775102,food; something to eat,food,article_sharing,false,
grub,17344121432,2010-06-29,Late night grub ... it's all about the slinger!  http://tinyurl.com/2d5mh2f  #chicago #latenight #food #cbshow,19942329,food; something to eat,food,commenting,false,
grub,17344137898,2010-06-29,At Cosi picking up some grub.,25760079,food; something to eat,food,food_related,false,
grub,17344162318,2010-06-29,a nigga bout to get his grub on,64193286,food; something to eat,food,commenting,false,
grub,17344204011,2010-06-29,if i don't get some grub soon i'm going 2 starve(that would only take about 2 weeks have a little on reserve)this mornen ihad leftover rice&gt;,36253480,food; something to eat,food,food_related,false,
grub,17344336337,2010-06-29,Lunch break today! Picked up @kpflynn in the sexy shark to grub at grilled teriyaki. #allwedoiswin,17467268,food; something to eat,food,commenting,false,
grub,17344400196,2010-06-29,Just finished my workout.. Time to shower up and get some grub http://myloc.me/8ASqw,45686510,food; something to eat,food,food_related,false,
grub,17344432206,2010-06-29,lovely lunch at @theplough in stalisfield green . Pub grub at its best!,25968228,food; something to eat,food,commenting,false,
grub,17344438206,2010-06-29,@deenylovesyou nada chula. Just woke up recent bout to grub.  Y tu? :),115392292,food; something to eat,food,commenting,false,
grub,17498382829,2010-07-01,Getting grub.... (@ Stella Cafe) http://4sq.com/aApf3S,24936920,food; something to eat,food,commenting,false,
grub,17498820587,2010-07-01,@opanie maybe some bking? who knows...i think chicken n beer is on the top of mylist...if i can get my girls to grub w me tnight that is.,126559740,food; something to eat,food,commenting,false,
grub,17499002544,2010-07-01,I'm at Beach Freak Grub Line. http://4sq.com/bXmp63,17015743,food; something to eat,food,commenting,false,
grub,17499030711,2010-07-01,FML - forgot to buy some bbq grub and everything is closed here. Jaysus!,41364292,food; something to eat,food,commenting,false,
grub,17499097941,2010-07-01,Had a blast last night. Now off to 5leaves for some grub and IC then to a mattinee then behind the bar at Matchless all night. #ladiesnight,50041345,food; something to eat,food,food_related,false,
grub,17499226821,2010-07-01,"dual booting Windows XP and Ubuntu error.?: okay so I have a grub error and this is what it says when I boot up 
_... http://bit.ly/d0UNK5",62146605,food; something to eat,food,article_sharing,false,
grub,17499274723,2010-07-01,@simplymeeks good good that's wassup I'm chillen gna get my grub on oooo yea and gna get my hair braided :),39636486,food; something to eat,food,commenting,false,
grub,17499463117,2010-07-01,Grub time,62970999,food; something to eat,food,food_related,false,
grub,17499575547,2010-07-01,Final stop before getting some grub (@ K-mart) http://4sq.com/dy0w3M,14137142,food; something to eat,food,food_related,false,
grub,17499602888,2010-07-01,"@prettysecrets00 What kinda job you got? Im a waitress,... its the yummiest food place ever, makes it hard to fast seeing all that grub =(",158757048,food; something to eat,food,commenting,false,
grub,17980892525,2010-07-07,Need some grub right about............... almost there........................ wait for it......................  now! Haha,153637358,food; something to eat,food,food_related,false,
grub,17980944781,2010-07-07,New Blog Post on Linux Mandrake you can find it here http://www.linuxmandrake.org/linux-grub-boot-loader/,121719621,food; something to eat,food,article_sharing,false,
grub,17981222846,2010-07-07,Gettin some grub then back to the good ol ER. . .,64128989,food; something to eat,food,food_related,false,
grub,17981268731,2010-07-07,bout to get some grub... Im Bouncin *Dave Chappelle voice*,123238992,food; something to eat,food,food_related,false,
grub,17981366973,2010-07-07,trying to find something to grub on.!,163384603,food; something to eat,food,commenting,false,
grub,17981553752,2010-07-07,Daamn. no onee wants to grub with me ;[,54020858,food; something to eat,food,commenting,false,
grub,17981671513,2010-07-07,Just had Hayward La Vics w/Jesse. Orange sauce is grub.,81778630,food; something to eat,food,commenting,false,
grub,17981711366,2010-07-07,bout to grub.....,27116093,food; something to eat,food,commenting,false,
grub,17981719679,2010-07-07,"AJC readers name Manuel's Tavern best pub grub in Atlanta! Thank you, readers! http://bit.ly/9BMYpJ",81480032,food; something to eat,food,article_sharing,false,
grub,17981864171,2010-07-07,jus woke up.. boutta cook these burritos and grub!!,58354876,food; something to eat,food,commenting,false,
grub,18640806948,2010-07-15,Just got in from a 96 mile bike ride.  I'm hungry!  Time to get my grub on.,165909788,food; something to eat,food,commenting,false,
grub,18640901817,2010-07-15,'Bout to get my grub on at Green Leaves on Santa Monica...I love this Vegan food!,68503971,food; something to eat,food,commenting,false,
grub,18641000165,2010-07-15,Hungry as hell timme to find some grub!!!,159135459,food; something to eat,food,food_related,false,
grub,18641008703,2010-07-15,Getting ready to get my grub on!,41004379,food; something to eat,food,commenting,false,
grub,18641129383,2010-07-15,RT @TomaDreds85: Bout to grub wit  @MzKookz the Duke n lil hammerhead yummmmmmy n the tummy.... love MzHelen!! Haha,33955181,food; something to eat,food,commenting,false,
grub,18641148604,2010-07-15,Sittin wid da wifey relaxin fixenta gEt muh grub on and den hang wid da wifey sum mo! God is good all da Time!,36802502,food; something to eat,food,commenting,false,
grub,18641310276,2010-07-15,Yo grub where u at?,129244079,food; something to eat,food,commenting,false,
grub,18641375176,2010-07-15,"@Poochesse I Know, Im Boutta Grub! Lmaooo Oh And Thats Nice Hehe",101174938,food; something to eat,food,commenting,false,
grub,18641386110,2010-07-15,Dinner is served..time to grub and watch First 48 all night,105922564,food; something to eat,food,food_related,false,
grub,18641397794,2010-07-15,@tavi_babi ready to grub!!  http://tweetphoto.com/32886545,30543695,food; something to eat,food,commenting,false,
grub,19385053479,2010-07-24,at red lobster about to grub,121606403,food; something to eat,food,food_related,false,
grub,19385055005,2010-07-24,So @_SLiiMJiiM we gettin our grub on at golden corral on sunday,72772484,food; something to eat,food,commenting,false,
grub,19385254817,2010-07-24,Just got out da gym wat a workout startin to get my strength back goin to get some grub then who knos where afterwards hopefully VooDoo,57440936,food; something to eat,food,food_related,false,
grub,19385380480,2010-07-24,@MissLexyDiva let's get sum grub,126753361,food; something to eat,food,commenting,false,
grub,19385512022,2010-07-24,Bout to grub and then sip a lil',133489876,food; something to eat,food,commenting,false,
grub,19385544566,2010-07-24,Oc fair tonight. I'm going to GRUB!,80819043,food; something to eat,food,commenting,false,
grub,19385573750,2010-07-24,At Wing Stop. Ready to grub!,35566007,food; something to eat,food,commenting,false,
grub,19385600112,2010-07-24,Bout to get some grub at bunches,65402385,food; something to eat,food,food_related,false,
grub,19385610278,2010-07-24,"Just finished up in Fall River, MA. Rock on y'all! Now we're hanging with our friends/ family at Newport Creamery. Time to get my grub on!",50351231,food; something to eat,food,commenting,false,
grub,19385629372,2010-07-24,"Tonight's dinner in Rhinebeck, NY: yummy pub grub! http://yfrog.com/mz81094517j",8144422,food; something to eat,food,article_sharing,false,
grub,19714668175,2010-07-28,change boot order grub suse http://sohaload.blog.com/2010/07/28/change-boot-order-grub-suse,138175549,food; something to eat,food,commenting,false,
grub,19714789312,2010-07-28,RT @huzaduct: change boot order grub suse http://sohaload.blog.com/2010/07/28/change-boot-order-grub-suse,93600986,food; something to eat,food,commenting,false,
grub,19715330487,2010-07-28,Gettin some grub... (@ Cloverleaf Tavern) http://4sq.com/670Sw1,28518550,food; something to eat,food,food_related,false,
grub,19715376229,2010-07-28,@MissEchevarria now u know I'm stingy wit the grub...once its in my possession everybody else can forget it. Lol,44298765,food; something to eat,food,humor,true,
grub,19715572218,2010-07-28,[ubuntu] help with customizing grub 2 bootloader http://bit.ly/atLoRC #Ubuntu,122778132,food; something to eat,food,article_sharing,false,
grub,19715735614,2010-07-28,@nattycontrera it was straight. had some fun getting mad cheap grub.,22076972,food; something to eat,food,commenting,false,
grub,19715839305,2010-07-28,"Bout To Grub On Some Flamin' Hot
PuffCorn",138571809,food; something to eat,food,commenting,false,
grub,19715877712,2010-07-28,#treysaid its five o clock in the morning and the club is over shawty lets go get our grub on,111534580,food; something to eat,food,commenting,false,
grub,19715991709,2010-07-28,After 17+ hours in the car we're finally getting some grub at ihop. The badlands were unbelievable. More fun to come tomorrow. #seattlebound,19469257,food; something to eat,food,food_related,false,
grub,19715996160,2010-07-28,About to go grub @ #Ihop,57166091,food; something to eat,food,commenting,false,
grub,19850535245,2010-07-29,"RT @zaratez: Rub a dub dub where is the grub??? Cooke St by UH Med School and Cutter Chevy that's where! Tacos, Burritos, Quesadillas an ...",26782584,food; something to eat,food,commenting,false,
grub,19850568093,2010-07-29,"@AlejandroSanz Heinz ketchup i like to pour it on my grub, on bacon and egss...jejejelo siento me ha salido solo, publicidad subliminal je",127984190,food; something to eat,food,commenting,false,
grub,19850729243,2010-07-29,bout to go get my grub on sup wild wings,94214662,food; something to eat,food,food_related,false,
grub,19850828337,2010-07-29,Out of the Candy Mag meeting and ready to chop down some serious grub!,132494512,food; something to eat,food,commenting,false,
grub,19850838658,2010-07-29,@NikaAve same tryna get sum grub,31898538,food; something to eat,food,commenting,false,
grub,19850892980,2010-07-29,Ready to get some BBQ at the @utterlyengaged hoedown. We are saving our appetites for tonight's grub.,138510295,food; something to eat,food,commenting,false,
grub,19850914062,2010-07-29,#np Grub on--&gt;Songz,151770495,food; something to eat,food,commenting,false,
grub,19850940043,2010-07-29,In-n-out soooo grub...,53236994,food; something to eat,food,commenting,false,
grub,19850981814,2010-07-29,Watching Masterchef tonight has left me with a major hankering for some proper Aussie grub! Aussie cookfest tomorrow methinks!,27594852,food; something to eat,food,commenting,false,
grub,19851100092,2010-07-29,About to grub on this chik fil a chicken salad!!,161535200,food; something to eat,food,food_related,false,
grub,20548061959,2010-08-07,@michaellegge Hendersons Deli on Hanover st. just Sth of George st. You may need to bring your mortgage offer with you but it's good grub.,23930286,food; something to eat,food,commenting,false,
grub,20548300940,2010-08-07,Well I have had ample sufficiency Chinese grub wise. Now I really need a cup of tea :),38503840,food; something to eat,food,commenting,false,
grub,20548600922,2010-08-07,We've missed you! RT @DanielEfton: I've missed out for a couple of weeks. Gonna grub on some delicious! (@ Toot's) http://4sq.com/as1qvM,100298256,food; something to eat,food,commenting,false,
grub,20548769209,2010-08-07,"chalo now leaving.....goin at ma aunty's place for dinner...u see whereva dere's good grub, dere's me.. :p",103601104,food; something to eat,food,commenting,false,
grub,20548781405,2010-08-07,Kay made my plate finuh grub,123008500,food; something to eat,food,commenting,false,
grub,20549155321,2010-08-07,@iMolestMidgets just chillin wating for some grub,123033441,food; something to eat,food,food_related,false,
grub,20549197911,2010-08-07,Grab some grub. :)),30825219,food; something to eat,food,food_related,false,
grub,20549222815,2010-08-07,Grub Street: Bon Chon Opens in Midtown; 60-Cent Slices at Patsys http://bit.ly/cPxL9B via http://outside.in/11205,17097428,food; something to eat,food,article_sharing,false,
grub,20549223053,2010-08-07,Grub Street: Bon Chon Opens in Midtown; 60-Cent Slices at Patsys http://bit.ly/dlM2B3 via http://outside.in/11217,17102397,food; something to eat,food,article_sharing,false,
grub,20549223212,2010-08-07,Grub Street: Bon Chon Opens in Midtown; 60-Cent Slices at Patsys http://bit.ly/d9pxnp via http://outside.in/11238,16931674,food; something to eat,food,article_sharing,false,
grub,20766548557,2010-08-10,dis grub is hiring da spot,161430520,food; something to eat,food,commenting,false,
grub,20766687225,2010-08-10,Just got to momz with the cuzins bout to grub..the look on her face priceless she didn't kno I was bringing my cuzins back with me lol,89826541,food; something to eat,food,humor,true,
grub,20766764734,2010-08-10,RT @IMHopkins: RT @MrHollywoodDJ: P Y T... Grub-time...&lt; Where... Found me... &lt;- ill be back inside in a min..,27439565,food; something to eat,food,commenting,false,
grub,20766968358,2010-08-10,"RT @alexverse: Logo Insect & Grub Control Pest & Weed Control Gardening & Plants Yard, Garden & Outdoor Living Nursery http://bte.tc/b4Zf",156563413,food; something to eat,food,commenting,false,
grub,20766996667,2010-08-10,@HeatherHorror haha ill grub down for ya,35252654,food; something to eat,food,commenting,false,
grub,20767011013,2010-08-10,"And pitchers of dos equis?? RT @djkane71: About to grub on some Shakeys Pizza, chicken & mojos",84016278,food; something to eat,food,food_related,false,
grub,20767169705,2010-08-10,home cooked italian food so good grub time!!!!!! http://twitpic.com/2dau6v,130023876,food; something to eat,food,food_related,false,
grub,20767271582,2010-08-10,"@TateyannaSade shoot hopefully , I want to go to your moms restaurant & grub",42465401,food; something to eat,food,commenting,false,
grub,20767475117,2010-08-10,Bout to get ma Grub on,136173148,food; something to eat,food,commenting,false,
grub,20767477097,2010-08-10,Eating grub and then findout your whereing the dripz. Just like lil kid dangit,45702407,food; something to eat,food,commenting,false,
grub,20942471937,2010-08-12,done with this run. now time to grub on a guadalajara burrito,26934428,food; something to eat,food,food_related,false,
grub,20942493858,2010-08-12,Making some grub and then watching the season finale of Hell's Kitchen. #pdx,18433547,food; something to eat,food,food_related,false,
grub,20942707568,2010-08-12,RT @Divalegs30 YESSSS FINALLY @ Aunt Kizzy's n the Marina yummmmmmy I am SO hOngry..w/the bestie @Monique06 grub time :-),28599671,food; something to eat,food,food_related,false,
grub,20942785058,2010-08-12,Chilling with my big bro and and kick ass cuz going 2 go spend sum time at main st. in hunnington ...Cant wait 2 grub lol just wish my m ...,164947348,food; something to eat,food,humor,true,
grub,20942810718,2010-08-12,"damn,ive been waitin or grub so long, i looked at my plate n im full..fuck it, got grub for tomorrow",55691694,food; something to eat,food,commenting,false,
grub,20942996331,2010-08-12,@latikambourke Sure that was not Latham on Latham? - what a grub...,15374666,food; something to eat,food,commenting,false,
grub,20943089948,2010-08-12,Finally home :) bout to grub . .,122266850,food; something to eat,food,commenting,false,
grub,20943090326,2010-08-12,The Best Grub in New York City's Hub: Street Food Served up with Style - http://bit.ly/doRCgr #Astoria #NewYork,102252952,food; something to eat,food,article_sharing,false,
grub,20943148403,2010-08-12,Pimping my Grub,88561380,food; something to eat,food,commenting,false,
grub,20943302559,2010-08-12,Time to go grub on some yummy chocolate coconut cake. Mmmmm!!!,25947807,food; something to eat,food,commenting,false,
grub,21495431216,2010-08-18,"Well I was on my way to get bfast and noticed theses boys out here working hard, gonna bring enuff for @crazytoonz and @DGuero806 to grub 2",160096550,food; something to eat,food,commenting,false,
grub,21495475415,2010-08-18,"I KEEP BITING THIS FUCKIN LIP RING! Lol....can't even grub like a nigga want to, fuckin up my biscuit mann",24274893,food; something to eat,food,humor,true,
grub,21495626251,2010-08-18,"@shepbh6 @KATTS03 KFC!!!!! omg, havent we just had enough grub?",19438223,food; something to eat,food,commenting,false,
grub,21495676655,2010-08-18,"Yaawwwning..just got some evil skull(head)from a sexy latina,bouta buss down sum grub,do 200pushups,then out tha door 2bake bread!",179189190,food; something to eat,food,commenting,false,
grub,21495834521,2010-08-18,Anyone trying to grub at the canteen soon?,104277984,food; something to eat,food,commenting,false,
grub,21495873627,2010-08-18,Stopped in Zadar for a quick grub wit @latinprince man's gotta eat!,29231859,food; something to eat,food,commenting,false,
grub,21496076560,2010-08-18,"RT @NBCMiami: Move over ""Great Food Truck Race,"" Miami's got street grub game, too http://bit.ly/cmT7lb",29745392,food; something to eat,food,article_sharing,false,
grub,21496088453,2010-08-18,"RT @TheAbitaBeer: Save the date - Abita ""Grub Crawl"" Sat nite 8/28 -- food & beer at 4 New Orleans restaurants just $40 http://abitagrub ...",27822590,food; something to eat,food,article_sharing,false,
grub,21496124676,2010-08-18,About get me some grub,170328493,food; something to eat,food,food_related,false,
grub,21496131277,2010-08-18,"WANT RT @TheAbitaBeer Abita ""Grub Crawl"" Sat nite 8/28 - food & beer at 4 NOLA restaurants just $40 http://abitagrubcrawl.eventbrite.com/",122796205,food; something to eat,food,article_sharing,false,
grub,22050140553,2010-08-25,@Ms_NorfoLk me to gettin my grub on,26444929,food; something to eat,food,food_related,false,
grub,22050153794,2010-08-25,Someone...lets get some grub..,19332250,food; something to eat,food,food_related,false,
grub,22050214591,2010-08-25,Im huungry.. Hmm where to get some grub?,98691828,food; something to eat,food,food_related,false,
grub,22050274570,2010-08-25,@bikeforthelight lunch... Definitely...come by the DO!  We will work it all out and go grub!,14355285,food; something to eat,food,commenting,false,
grub,22050277888,2010-08-25,@jahmal_d well I aint getting no grub so u aint either,120613709,food; something to eat,food,commenting,false,
grub,22050290388,2010-08-25,"grub, I don't like you when you throw me to the rescue...",18391473,food; something to eat,food,commenting,false,
grub,22050299578,2010-08-25,"Its probably a hungerheadache, so let me grub on something!!!!",93987441,food; something to eat,food,commenting,false,
grub,22050311193,2010-08-25,Bout to grub on some Nice Posolito lol.,173570127,food; something to eat,food,humor,true,
grub,22050314926,2010-08-25,OHh mmm G. I'm bout to gRub on deezz gorditas homeade :)) . Jus got off wrk . What to do neXtt hmmmm,174792512,food; something to eat,food,commenting,false,
grub,22050387113,2010-08-25,"Red beans & rice w/smoke sausage (D & D), hot sausage, chicken wings & bread is #bestmealever now I'm ready 2 grub",163073656,food; something to eat,food,food_related,false,
grub,22696466238,2010-09-01,I wanna grub...but i needs to contol my eating...free food always gets me though,19332250,food; something to eat,food,commenting,false,
grub,22697675936,2010-09-01,Gonna get a early start & get some grub NOWWWW,56557570,food; something to eat,food,food_related,false,
grub,22697772908,2010-09-01,@impsyche @sunjayv so run in the morn .. cardio by eve .. and non-greasy grub ...and a wee bituv dessert ..and ocassional sippas okie?,26062749,food; something to eat,food,commenting,false,
grub,22697908283,2010-09-01,"We're gonna try to Play in Public again tonight. The Chick Fil-A in Camden, DE at 6pm. Grab some good grub, take a seat, play a game.",21871343,food; something to eat,food,commenting,false,
grub,22698114661,2010-09-01,@welovelocalfood how's the grub coming on? can still pop in around 2.30 - 3 to collect if that helps...,72546811,food; something to eat,food,commenting,false,
grub,22698233347,2010-09-01,My fawking head is ringing! I wonder if its allergy season again? Anyway had fun listening to The Dirty Projectors bout to get my grub on 1!,132236149,food; something to eat,food,commenting,false,
grub,22698257543,2010-09-01,Time 4 sum grub!,146097312,food; something to eat,food,commenting,false,
grub,22698306231,2010-09-01,@OGOchoCinco check out Scotty's in Indy. Great grub and great vibe.,31595292,food; something to eat,food,commenting,false,
grub,22698334713,2010-09-01,time for some grub - buggering around with far too many design documents to be sane.,14117524,food; something to eat,food,food_related,false,
grub,22698419818,2010-09-01,"Ok stop with the madness for a bit so I can get my grub on!!! @Thabza8, let's do this...",94416871,food; something to eat,food,commenting,false,
grub,22862524552,2010-09-03,Back home bout to grub on this mc donalds,52652080,food; something to eat,food,commenting,false,
grub,22862555824,2010-09-03,Late night grub. http://twitpic.com/2kqbgr,15357170,food; something to eat,food,commenting,false,
grub,22862567625,2010-09-03,Had a nice time chillen with @lovePRETTYSAM now I'm home bout to grub,30916851,food; something to eat,food,commenting,false,
grub,22862684892,2010-09-03,"times like this i wish i had a friend that i kould kall up and say ""lets go get some grub"" ""/",50791151,food; something to eat,food,food_related,false,
grub,22862725075,2010-09-03,RT @FiveThumbsDown: @SumoSalad has joined the Twittersphere! They do fantastic grub. &lt;&lt; Thanks! :D,172143795,food; something to eat,food,commenting,false,
grub,22862788129,2010-09-03,... I swear flys don't think I won't slap da sh@#$ if they don't stop aggressively buzzin' around muh grub #ThugBugs,23905685,food; something to eat,food,commenting,false,
grub,22862827505,2010-09-03,Looking 4 some grub,65820892,food; something to eat,food,food_related,false,
grub,22862860574,2010-09-03,The situation is a role model...get ur grub on the beat...hahaha...,171372773,food; something to eat,food,commenting,false,
grub,22863461770,2010-09-03,Quick break from work. Headed to cafe brazil for some coffee and grub. #allnighter,21107018,food; something to eat,food,commenting,false,
grub,22863597752,2010-09-03,Photo album of some of the best Indian grub in Southern California -- http://bit.ly/acRMif (seriously -- post comin' soon!),61985275,food; something to eat,food,article_sharing,false,
grub,25309508181,2010-09-23,bout to grub then begin preparation for this magnificent day..,35511490,food; something to eat,food,commenting,false,
grub,25309535633,2010-09-23,"Man vs Food is both sick and appetizing at the same time, I don't know whether to barf or to grab some grub",129268698,food; something to eat,food,food_related,false,
grub,25310064285,2010-09-23,"@steeltownanthem also Tip Top on E Gay. veg friendly pub grub, decent beer and drink list",756224,food; something to eat,food,commenting,false,
grub,25310135484,2010-09-23,"RT @mikel411: Man vs Food is both sick and appetizing at the same time, I don't know whether to barf or to grab some grub",28301055,food; something to eat,food,food_related,false,
grub,25310135907,2010-09-23,starving .. where the grub at?,54258145,food; something to eat,food,commenting,false,
grub,25310161455,2010-09-23,Nick Trahan never had Waffle House... Nigga WTF is wrong with u? Bringing this fool to grub Down,128968663,food; something to eat,food,commenting,false,
grub,25310616364,2010-09-23,@Rated_Triple_R hungry lookin for some mornin grub,27435275,food; something to eat,food,commenting,false,
grub,25310909992,2010-09-23,Man I need some grub and a back rub! LOL,21387639,food; something to eat,food,food_related,false,
grub,25311072633,2010-09-23,Man I'm hungry somebody bring me some grub,184970487,food; something to eat,food,food_related,false,
grub,25311084272,2010-09-23,Is at Grandys finna grub,128354305,food; something to eat,food,commenting,false,
grub,25856804552,2010-09-29,@ALLIEINCREDIBLE  if u like fish got to hush puppies to get yo grub on they got bomb cat fish n vegas,99750375,food; something to eat,food,commenting,false,
grub,25856858588,2010-09-29,gettin my grub on (@ Jo Jo's) w/ @blewton3 @fredsbrown @d_oz81,29304113,food; something to eat,food,food_related,false,
grub,25856959093,2010-09-29,"Headed to the strip wit da fellaz, fa sum grub",177728972,food; something to eat,food,commenting,false,
grub,25857170547,2010-09-29,omw to get this grub,26846143,food; something to eat,food,commenting,false,
grub,25857359483,2010-09-29,Gonna grab sum grub http://myloc.me/cAAMz,30745068,food; something to eat,food,commenting,false,
grub,25857528912,2010-09-29,im bout to grub right now!!! then sleep good af....whats on TV tho?,21046505,food; something to eat,food,commenting,false,
grub,25857553415,2010-09-29,"Memphis convenience store grub not just cheap, fast, bu... - http://fwix.com/a/31_3a82291ee0",57279508,food; something to eat,food,commenting,false,
grub,25857666919,2010-09-29,"Ok. It's time to go hunt again. For grub, I mean. Later tweeps!",98836072,food; something to eat,food,commenting,false,
grub,25857770086,2010-09-29,Grub movie bed  #offthis,58303027,food; something to eat,food,commenting,false,
grub,25857985449,2010-09-29,@johannacamba no worries fellow foodie.All is well in foodland again.BB came back home 2nite so I cooked some grub http://yfrog.com/07vatxj,101630013,food; something to eat,food,food_related,false,
grub,26300067846,2010-10-03,About to grub on this tub or rocky road icecream!(:,131250651,food; something to eat,food,food_related,false,
grub,26300121245,2010-10-03,Enough with the tweets. I'm going to get my grub on. BBQ...yummmmm,142581208,food; something to eat,food,commenting,false,
grub,26300133036,2010-10-03,Posted at the pad just got home bout too grub ... Wats crackin today get at yo boi. H M U!!!!,136048964,food; something to eat,food,commenting,false,
grub,26300145265,2010-10-03,RT @JalisaYvonne: Bout to grub it ouuuuuut!!!!!!! http://plixi.com/p/48608733---&gt;where mine at?,103753049,food; something to eat,food,commenting,false,
grub,26300183072,2010-10-03,Bout to grub out.. http://twitpic.com/2uffow,27375973,food; something to eat,food,commenting,false,
grub,26300245307,2010-10-03,Bouts make this pizza movement for the grub session. Yesss.,3667801,food; something to eat,food,commenting,false,
grub,26300281588,2010-10-03,wheres the grub?,132268459,food; something to eat,food,commenting,false,
grub,26300301179,2010-10-03,really effin hungry.. bout to grub on some pizza with @dev1antl0ve and @Phoeniixx26 and @LiLMelodyy,111322993,food; something to eat,food,commenting,false,
grub,26300303496,2010-10-03,Bout to grub on sum wing stop...lmao,33927610,food; something to eat,food,commenting,false,
grub,26300400115,2010-10-03,"The plan: Grab some grub, go back to my room, put the hawk up, then head downtown to do some promo work. #fb",78110709,food; something to eat,food,food_related,false,
grub,26857313546,2010-10-09,"i need some morning grub and then record shoppings... feeling a bit sore from last night, but it feels oh so good! thanks Paul!!",88879708,food; something to eat,food,commenting,false,
grub,26857328759,2010-10-09,Still bumping them Slow jams for the am! bout to go grub in a min...,175611771,food; something to eat,food,commenting,false,
grub,26857379729,2010-10-09,Tailgating at lot 15 on randol mill stop by for some grub. Next to apts,17313793,food; something to eat,food,food_related,false,
grub,26857450885,2010-10-09,"At ""pluckers"" getting grub.",56152081,food; something to eat,food,commenting,false,
grub,26857546687,2010-10-09,RT @Buttaman82: Still bumping them Slow jams for the am! bout to go grub in a min...,27155759,food; something to eat,food,commenting,false,
grub,26857572191,2010-10-09,RT @ElleKeys_Style I want Waffle House!!! &lt;&gt; Come pick me up so we can get our grub on!!! lol,90683047,food; something to eat,food,humor,true,
grub,26857656100,2010-10-09,Im hungry. I think ill help myself to some of this grub loll,140279824,food; something to eat,food,humor,true,
grub,26857841963,2010-10-09,@meerasapra I know what you mean. Had the same feeling watching JR gobble yum Italian grub in EPL. #foodporn,797515,food; something to eat,food,commenting,false,
grub,26857866756,2010-10-09,Finally out this bitch ! Time to grub !!!,132995515,food; something to eat,food,food_related,false,
grub,26857869401,2010-10-09,way too hungry to wait anothother 20 minutes to get my grub on!! :(,109208503,food; something to eat,food,commenting,false,
grub,28490183177,2010-10-23,Morning! About to head down for some mud and grub...,88590366,food; something to eat,food,commenting,false,
grub,28490879889,2010-10-23,"Last-minute plan: Free shows, booze and grub at Public Assembly http://tmout.us/9xEJXW",20962674,food; something to eat,food,commenting,false,
grub,28491494240,2010-10-23,Got Grub? Please bring food donations today. I&#39;ll be at the RVC Panera bread 12-4 #LITweetup Helps http://ow.ly/... http://ow.ly/19B4ky,201535098,food; something to eat,food,commenting,false,
grub,28491583642,2010-10-23,When in VEGAS you have to hit up cafe moda for that after hours grub.... That food is the business..,51883099,food; something to eat,food,commenting,false,
grub,28491748685,2010-10-23,going out for some pub grub #nom,18997872,food; something to eat,food,commenting,false,
grub,28491780495,2010-10-23,"People of #Ottawa, don't forget to drop by @ottawagoodtime for some delicious @HINTONBURGER grub and a silent auction for @OttawaFoodBank",10430922,food; something to eat,food,commenting,false,
grub,28491786056,2010-10-23,"Up early for work, then off to the Joule to celebrate 8 years! Charlie Palmer's for grub, Joule suite for some R&R!",19165747,food; something to eat,food,commenting,false,
grub,28491832973,2010-10-23,"Oups, last time when I cleaned up old partitions on my computer, I accidentally cleaned away the Grub boot loader #badpartitionlayout",8290052,food; something to eat,food,technology_discussion,false,Boot loader discussion.
grub,28491860861,2010-10-23,"@bOjOkluc is #nowplaying ""we no speak americano""  for all those on the way home  getting grub from Del taco, Jack N the Box or Roberto's",28830568,food; something to eat,food,commenting,false,
grub,28491924747,2010-10-23,"says see this: Pub Grub from Most Popular Eatery, on a Budget http://bit.ly/dzEmlI",35488465,food; something to eat,food,article_sharing,false,
grub,393192973279232,2010-11-05,finna grub w . the stepsister then m a y b e talk to the babes on the telefono . &lt; 3 niteeeee tweeterz .,146956493,food; something to eat,food,commenting,false,
grub,393322275274752,2010-11-05,Aight finally done...bout to grub on this chinese food and go from there hit me up though,34811560,food; something to eat,food,commenting,false,
grub,393811767332864,2010-11-05,Just touched dow in Sac me n @Guilty_Entfinna smash on some grub n hit tha #lab,182918563,food; something to eat,food,food_related,false,
grub,394331185745920,2010-11-05,"Happy hour appetizers 6:00-9:30 
Half off all selected apps, Get your grub on",202108725,food; something to eat,food,commenting,false,
grub,394838537150464,2010-11-05,i need some grub...my stomach starting to speak to me,137565405,food; something to eat,food,food_related,false,
grub,395007034916864,2010-11-05,First thing I do when I get back to Texas is grub some real Mexican food. Yumm.,70042344,food; something to eat,food,commenting,false,
grub,395073967624192,2010-11-05,Dude I need to punch the f out n grab some grub,15396389,food; something to eat,food,food_related,false,
grub,395160978464768,2010-11-05,@CourtneyAyana @SidneyLauren --&gt;Gotta love that grub at Park...cus my only aunt chef Lois cooked it!  She does her thang all day err day!,153770422,food; something to eat,food,commenting,false,
grub,395927059697664,2010-11-05,Ghoulishious Grub! http://bit.ly/ds33cU,90036411,food; something to eat,food,article_sharing,false,
grub,396255180103681,2010-11-05,@Fressh_J Awww.! I'm just bout to grub in a min..  Whad about you.?,29489402,food; something to eat,food,commenting,false,
grub,4545707344138242,2010-11-16,Going out for lunch today? Why not get your grub at a locally-owned cafe or deli?,87487344,food; something to eat,food,commenting,false,
grub,4545775560298496,2010-11-16,I cant grub panera bread lol I swear dat place is strictly 4 #republicans lol....,35770495,food; something to eat,food,humor,true,
grub,4545978392641536,2010-11-16,$10 for $20 Worth of Pub Grub and Drinks at Richter's Café in New Haven - http://gr.pn/9qhEA0  How great does that sound!?,192379160,food; something to eat,food,article_sharing,false,
grub,4546020243406848,2010-11-16,Goodmorning!  thinkin Ima bust a grub at pancake house .. Nicee,83766857,food; something to eat,food,commenting,false,
grub,4546086958010368,2010-11-16,RT @H0M0_L0VA: @LEZ_BEYOND lol silly. Ur prob ready to grub//u DAMN rite!!!i play NO games w/FOOD!,69995838,food; something to eat,food,humor,true,
grub,4546817886781440,2010-11-16,How to get rid of Grubs:#grub #pest #lawn http://factoidz.com/how-to-get-rid-of-grubs/,47110489,food; something to eat,food,commenting,false,
grub,4546827336556544,2010-11-16,Parents swap fast food for healthy grub http://bit.ly/9vuVMz,150970940,food; something to eat,food,article_sharing,false,
grub,4546838166241280,2010-11-16,Parents swap fast food for healthy grub http://bit.ly/dc4F8z,150970940,food; something to eat,food,article_sharing,false,
grub,4547445790867456,2010-11-16,So who's gonna be throwin down on a grub session this thanksgiving?!,127567395,food; something to eat,food,commenting,false,
grub,4547722333913088,2010-11-16,Up makin the Lil one and I breakfast...yummy I can't wait to grub!!!,63179126,food; something to eat,food,commenting,false,
grub,4938180537094144,2010-11-17,Looking forward to some pub grub later then home to blog about the gorillaz from Sunday night! Will upload pics to.,86338748,food; something to eat,food,commenting,false,
grub,4938340612710400,2010-11-17,@skjensen Best place in Twin Cities to get some cheap & good lunchtime grub?,15170496,food; something to eat,food,commenting,false,
grub,4938397550387200,2010-11-17,Change of plans! Sexy mama jus got outta jail so i GOTTA get her stoopid loaded furst den we`re gonna go grub...,182426796,food; something to eat,food,commenting,false,
grub,4939303104815105,2010-11-17,Lunch bouta get my grub on #nice,172659572,food; something to eat,food,commenting,false,
grub,4939421908475906,2010-11-17,Barber shop bout to hit the crib grub shower and writing then maybe a nap and work later,82152002,food; something to eat,food,commenting,false,
grub,4939447636332545,2010-11-17,"Feeling the hunger... too much tea, not enough food. What to grub on?",216709908,food; something to eat,food,commenting,false,
grub,4939491022209025,2010-11-17,Headed to grub at the Gamma Phi Beta house with #twitterless Melissa.,37282390,food; something to eat,food,commenting,false,
grub,4939589542223873,2010-11-17,Fastest appointment ever ! Haa .,,food; something to eat,food,commenting,false,
grub,4939804693241856,2010-11-17,Back to my life tho... About to get some grub and chill before w0rk!,31160029,food; something to eat,food,food_related,false,
grub,4940066761744385,2010-11-17,"Bout to shower, grub, then do somethin with my life...might have to throw some new music at yall!...",25904684,food; something to eat,food,commenting,false,
grub,7425797245636608,2010-11-24,Ready for some good grub!!!!,38551374,food; something to eat,food,commenting,false,
grub,7426212364296192,2010-11-24,"Gonna have to hit up that YMCA on friday because tomorrow im about to #GRUB! And not think twice about it.. Lol. Oh, how I love the holidays",61566142,food; something to eat,food,humor,true,
grub,7426815207407616,2010-11-24,"Everybody, everybody get your grub on #anxioustweet",205036906,food; something to eat,food,commenting,false,
grub,7427716852744192,2010-11-24,RT @DoubleABJ: Yeahhhh buddy.... I'm a UBER Amped for the next 5 days... Party & bs & party & bs....& Taboo & hot tub & dance offs & mo grub,15163616,food; something to eat,food,commenting,false,
grub,7427870121000960,2010-11-24,Lmao sittin in the classroom with no teacher & 2 other ppl as we grub & talk about rkelly smhh,110786115,food; something to eat,food,commenting,false,
grub,7428277962547200,2010-11-24,Bout time to eat some grub for turkey day!,197438045,food; something to eat,food,food_related,false,
grub,7428751377829888,2010-11-24,"Oh yeah, we're totally open tonight. Come by + start off the thanks wknd right! No family drama + juicy grub. Priceless.",96634481,food; something to eat,food,commenting,false,
grub,7429190181724161,2010-11-24,@bencolemanjr But I'm hoping to babysit tomorrow- then I won't need to rest. Just get off & get my grub on! Lol,18495671,food; something to eat,food,humor,true,
grub,7429346549571586,2010-11-24,Would like to welcome Mr. Grubbs to my ever growing family of pets! &lt;3 He's pretty cute for a grub...,146452999,food; something to eat,food,commenting,false,
grub,7429390799478784,2010-11-24,Looking forward to a full on Indian grub tonight at one of our fav restaurants it's been a while :)-ManDee,106574879,food; something to eat,food,commenting,false,
grub,7737711960006657,2010-11-25,JUST GOT HOME. GONNA GRUB ON THIS DEL TACO AND WATCH ESPN.,62521075,food; something to eat,food,commenting,false,
grub,7737824879054848,2010-11-25,Happy thanksgivin. rdy 2 get blowed n grub.,212845041,food; something to eat,food,commenting,false,
grub,7738025027047426,2010-11-25,@I_Am_Spades will you be able to get grub,65216696,food; something to eat,food,commenting,false,
grub,7738029150052352,2010-11-25,@_Bigcatt ha nah! Let's get some grub,213567715,food; something to eat,food,food_related,false,
grub,7738032119619585,2010-11-25,@youngBLACKrico3 thanks u hella missin out on the grub lol but u knoo i dnt b on tha cuz shiit lol,32263879,food; something to eat,food,humor,true,
grub,7738185782136832,2010-11-25,"I never sleep b4 a holiday, i always be up just thinking about the next day. IS anyone else like that. I can't wait to grub",32454168,food; something to eat,food,commenting,false,
grub,7738509364305920,2010-11-25,Ready to grub on some turkey today then black Friday shopping tomorrow!,21846177,food; something to eat,food,commenting,false,
grub,7738842840834048,2010-11-25,"Up & out already, can't wait to grub later",47612286,food; something to eat,food,commenting,false,
grub,7738973623418880,2010-11-25,I up bout to start helpin mommy! Cant wait to grub cuz the smell of cooked food i cant touch burns my hungry soul.,34073249,food; something to eat,food,commenting,false,
grub,7738981479350272,2010-11-25,Can't wait to grub tomorrow!! Looking forward to the Mac n cheese &&nd stuffing mmmmm!!!!,133093095,food; something to eat,food,commenting,false,
grub,15991140658450432,2010-12-18,I need some food asap!!! Too many drinks no grub!,25462622,food; something to eat,food,commenting,false,
grub,15991870555422720,2010-12-18,Bout to grub on this ihop hear in a min.. #delicious,178821538,food; something to eat,food,commenting,false,
grub,15992332616732672,2010-12-18,That's two of us RT @BLUNTwitit I'm ready to grub & take my high ass to bed lol the cold just makes me wanna lay up,117592576,food; something to eat,food,humor,true,
grub,15992531305111552,2010-12-18,"finally showering, it may be a little late but at least i won't look like a grub ALL day.",60276062,food; something to eat,food,commenting,false,
grub,15992736905695232,2010-12-18,Happy 21 Birthday @alyshaSchertz (@ Stubby's Pub & Grub w/ @alyshaschertz) http://4sq.com/hbvaGg,11072822,food; something to eat,food,commenting,false,
grub,15993480685813760,2010-12-18,"yess the lights are back on !! , omw to md to get some grub (:",62451906,food; something to eat,food,food_related,false,
grub,15993516614230018,2010-12-18,At chekers finna grub wit they slow ass service,52849495,food; something to eat,food,commenting,false,
grub,15993712681160704,2010-12-18,Hey people in TWITTER WORLD I'm hungry who gonna hook me up some grub. Pwetty pweeze ;),227327048,food; something to eat,food,food_related,false,
grub,15993928641679360,2010-12-18,"dilemma of the moment...when i'm bored, i'm cooking. not eating, but cooking. so i always got a lot of fresh grub in my house...what to do?",23203380,food; something to eat,food,commenting,false,
grub,15994469467815936,2010-12-18,At @xemilylim 's house boutta grub & get ready. (;,140311549,food; something to eat,food,commenting,false,
grub,18119287239614464,2010-12-24,"i had asian food today, tomarrow its italian, then some basic holladay grub at my papas the next:)",75291477,food; something to eat,food,commenting,false,
grub,18119535592738816,2010-12-24,So dead. Grub and running some errands. Then possibly DtD.,18292171,food; something to eat,food,commenting,false,
grub,18119973545185280,2010-12-24,"Mamet Cartoon: Chinese Restaurateurs Thank Jews of America -- Grub ...: ""We do not completely understand your di... http://bit.ly/eKMoBp",35663165,food; something to eat,food,article_sharing,false,
grub,18119989806501888,2010-12-24,"About to get out grub on at Siam Nara Thai restaurant for @ruelthepapa's birthday dinner - happy birthday, Papala!!!",3767991,food; something to eat,food,commenting,false,
grub,18120285794344960,2010-12-24,Me and @twistedfantasyx boutta grub on this http://plixi.com/p/64956401,70876716,food; something to eat,food,commenting,false,
grub,18121185967472640,2010-12-24,Waitin on this pizza. Can't wait to grub..,60180312,food; something to eat,food,commenting,false,
grub,18121265202077696,2010-12-24,I'm starving dude. Where's the Thanksgiving grub?,229624123,food; something to eat,food,commenting,false,
grub,18121422534606848,2010-12-24,about to cook up some grub,81490788,food; something to eat,food,food_related,false,
grub,18121474250379264,2010-12-24,Jus touched downed for those who care. Bout to go find some grub. If u got my number holla at ya boi!!!,37564559,food; something to eat,food,food_related,false,
grub,18121525437661184,2010-12-24,Headin to #BuffoloWildWings to grub,118547990,food; something to eat,food,food_related,false,
grub,18902700020207616,2010-12-26,Time to grub cuz I haven't ate in a whole hour! Haha #Fatmove,202359952,food; something to eat,food,food_related,false,
grub,18902708194902016,2010-12-26,Its grub time again,51995155,food; something to eat,food,food_related,false,
grub,18904167867228160,2010-12-26,At denny about too grub ! ... Hungry AF,161783252,food; something to eat,food,commenting,false,
grub,18904184518606848,2010-12-26,@KojoBoy_ -----&gt;&gt; yo son your shoe game is 10000000. Sike!!!!! Had to do it.. merry christmas. Grub lmao http://twitpic.com/3jsdh0,74544216,food; something to eat,food,commenting,false,
grub,18904633674047488,2010-12-26,Gettin my grub on while watchin netfix,49752827,food; something to eat,food,food_related,false,
grub,18905382843842560,2010-12-26,@THEREALJUICYJAZ my bbm fucked up till tomorrow I'm on my old phone now they gon fix it tomorrow when I'm done we should grab some grub,61512315,food; something to eat,food,food_related,false,
grub,18905403442073600,2010-12-26,"Lazy Christmas day! basketball games, grub, and rest...",25612755,food; something to eat,food,commenting,false,
grub,18905778895196160,2010-12-26,"@voltaires_vice yes, AND the Queen's Christmas message :( We were eating our Xmas grub so I completely forgot.",52722970,food; something to eat,food,commenting,false,
grub,18905929567178752,2010-12-26,5. Trey Songz - Grub On - Trey Day.,19492974,food; something to eat,food,commenting,false,
grub,18906125579591680,2010-12-26,LiT! gettin some grub. Stay lifted ^_^,118960338,food; something to eat,food,food_related,false,
linner,7488888766,2010-01-07,Its linner time I need my mid day snack. Yes twitches linner the meal between lunch and dinner.,42916816,a meal between lunch and dinner; lunch-dinner combo,food,food_related,false,Meal naming and eating context.
linner,7491916339,2010-01-07,About to have lupper/linner with Britt at Cheese.,31024370,a meal between lunch and dinner; lunch-dinner combo,food,food_related,false,
linner,7493267626,2010-01-07,Breakfast for Linner... Mmm.,68086529,a meal between lunch and dinner; lunch-dinner combo,food,food_related,false,Meal naming and eating context.
linner,7494922967,2010-01-07,@Kinchie Linner FTW! Hope it's as delish as the new project!,16549857,a meal between lunch and dinner; lunch-dinner combo,food,casual_conversation,false,
linner,7495950894,2010-01-07,on my way to Ratto's to grab Linner then to the China Town Park (home of the giant ship playground) to eat while the toddler runs amuck.,32567305,a meal between lunch and dinner; lunch-dinner combo,food,food_related,false,
linner,7495957452,2010-01-07,Going to linner with the wifey:),18499230,a meal between lunch and dinner; lunch-dinner combo,food,casual_conversation,false,
linner,7496466014,2010-01-07,Linner in the woods with the little sisters. No boba plzkthx. - Pic: http://bkite.com/2mwr6,14458141,a meal between lunch and dinner; lunch-dinner combo,food,food_related,false,
linner,7500717162,2010-01-08,a house full of people.. and yet.. i ate linner by myself..,14781708,a meal between lunch and dinner; lunch-dinner combo,food,casual_conversation,false,
linner,7508049373,2010-01-08,"@TracyTrinita ""Linner is an exciting event between lunch and dinner."" - M Lahey :)",12882562,a meal between lunch and dinner; lunch-dinner combo,food,food_related,false,
linner,7516568163,2010-01-08,#Friends Lindsay(12-Jun-1973)(Linner)-Leeds:,23416682,a meal between lunch and dinner; lunch-dinner combo,food,casual_conversation,false,
linner,7603220057,2010-01-10,Heading over to my parent's house for linner! Linner: Late lunch/early dinner...our family is strange! ;),35164420,a meal between lunch and dinner; lunch-dinner combo,food,casual_conversation,false,
linner,7603600842,2010-01-10,@NKOTB311FAN I use the word Linner too!,55921084,a meal between lunch and dinner; lunch-dinner combo,food,casual_conversation,false,
linner,7604118484,2010-01-10,Samuel Adams Imperial Stout and backyard grilled burger is a lovely linner. http://twitpic.com/xkbw1,14079436,a meal between lunch and dinner; lunch-dinner combo,food,food_related,false,
linner,7604434522,2010-01-10,The brunch we had yesterday ending up turning into lupper (or linner) because we started eating at 4 or five thirty. :) Good times.,23624074,a meal between lunch and dinner; lunch-dinner combo,food,food_related,false,
linner,7604649124,2010-01-10,"@whetmyappetite We did Hanks today, Drake yesterday. Although at the time Ive been eating it's more like linner ;)",91134207,a meal between lunch and dinner; lunch-dinner combo,food,food_related,false,
linner,7606925834,2010-01-10,"""Linner"" at Choo Choo a promising train themed restaurant in Riverside IL- the first planned suburb by Olmstead http://twitpic.com/xkst2",23280174,a meal between lunch and dinner; lunch-dinner combo,food,food_related,false,
linner,7607659717,2010-01-10,What should I have for Linner - (late lunch -dinner ) ? #yyc,11267302,a meal between lunch and dinner; lunch-dinner combo,food,food_related,false,Choosing what to eat for linner.
linner,7609453643,2010-01-10,Something in Oregon takes away the need for me to consume lunch. Maybe i'll just start having linner.,38220911,a meal between lunch and dinner; lunch-dinner combo,food,food_related,false,
linner,7615403621,2010-01-11,Today was definitely tiring for me.  Meeting. Linner.  Then unintentional nap.  Hate when they're unintentional.,43015908,a meal between lunch and dinner; lunch-dinner combo,food,casual_conversation,false,
linner,7617744481,2010-01-11,@BGSK I like it! My grad student life requires a lot of in-between meals: linner and brinner. The crumb cake was received with accolades!,31783474,a meal between lunch and dinner; lunch-dinner combo,food,food_related,false,
linner,8005131388,2010-01-20,Linner and movie with the awesome bestie Cindy!,55646469,a meal between lunch and dinner; lunch-dinner combo,food,casual_conversation,false,
linner,8006652874,2010-01-21,Lunch time! oh I guess I missed lunch...linner time!,14372059,a meal between lunch and dinner; lunch-dinner combo,food,food_related,false,
linner,8008935909,2010-01-21,Time to run to church girls almost done w choir practice & small groups after dinner (won't be hungry since I just ate lunch for linner),14372059,a meal between lunch and dinner; lunch-dinner combo,food,casual_conversation,false,
linner,8009970962,2010-01-21,@essentialU Really? Are you sure you ate lunch for linner and not dunch for dinner? LOL!,14308012,a meal between lunch and dinner; lunch-dinner combo,food,casual_conversation,false,
linner,8011845556,2010-01-21,DRAKE LiNNER LiKE jU THA FUCKiNG BEST TIMES T2O,83994051,a meal between lunch and dinner; lunch-dinner combo,food,casual_conversation,false,
linner,8015598812,2010-01-21,@JustAnt1 I mean linner,25968881,a meal between lunch and dinner; lunch-dinner combo,food,casual_conversation,false,
linner,8018180223,2010-01-21,"I had a large orange pepper for linner. Which is like brunch, only in between lunch and dinner.",26972667,a meal between lunch and dinner; lunch-dinner combo,food,food_related,false,Describes what was eaten for linner.
linner,8026727653,2010-01-21,"@PaigeApreca I'm weird so I prefer ""Linner"" :) ""So, you wanna have linner tonight?"" HAHAHA!",37112669,a meal between lunch and dinner; lunch-dinner combo,food,humor,true,
linner,8026894732,2010-01-21,@PaigeApreca Ikaw na cool. Ako na weird. Won't disagree though. So I just had my linner. Haha!,37112669,a meal between lunch and dinner; lunch-dinner combo,food,humor,true,
linner,8027790068,2010-01-21,What do you call the meal after lunch but before dinner? Dunch? Linner? I'm hongray! #fb,14953730,a meal between lunch and dinner; lunch-dinner combo,food,casual_conversation,false,
linner,8776558975,2010-02-07,@nay_dreams_x3 yea right. Ya fat ass be there for breakfast brunch lunch linner and dinner lol,39442846,a meal between lunch and dinner; lunch-dinner combo,food,food_related,false,
linner,8777058326,2010-02-07,"def not brunch, seen as how it's past lunch & bfast.maybe it's an early linner /snauch (snack & lunch) @JayeCharisma  #BREAKFAST #brunch",47276787,a meal between lunch and dinner; lunch-dinner combo,food,food_related,false,
linner,8777544571,2010-02-07,@JonPowellDC @BeadyBeed ok Linner is ok too...but I like Drunch,25090528,a meal between lunch and dinner; lunch-dinner combo,food,casual_conversation,false,
linner,8777979135,2010-02-07,"@JonPowellDC @BeadyBeed Linner sounds like a high priced fish, ""I'll take Linner with my grey poupon""",25090528,a meal between lunch and dinner; lunch-dinner combo,food,humor,true,Clearly joke framing about linner sounding like a fish.
linner,8778424642,2010-02-07,"@nycUlla Stopped for ""Linner"" sandwich en route to Central PA -- except I'm up on 80 and ur down on the Penna Tpke :(",34067225,a meal between lunch and dinner; lunch-dinner combo,food,food_related,false,
linner,8779270801,2010-02-07,@JonathanRKnight I'll cyber with ya! ;) enjoy your linner,89993643,a meal between lunch and dinner; lunch-dinner combo,food,casual_conversation,false,
linner,8780463357,2010-02-07,Time for linner! :) (@ Sushi Station) http://4sq.com/5FdhIA,1175981,a meal between lunch and dinner; lunch-dinner combo,food,food_related,false,
linner,8780579310,2010-02-07,@NoelClarke Linner?  I love days like what when I get to hang with friends and enjoy it.,28507193,a meal between lunch and dinner; lunch-dinner combo,food,casual_conversation,false,
linner,8780606814,2010-02-07,Very productive Sunday considering I overslept badly. Getting lots done. Thinking about late lunch/early dinner. Is that linner or dunch?,13651772,a meal between lunch and dinner; lunch-dinner combo,food,food_related,false,Thinking about meal timing/linner as meal planning.
linner,8781710060,2010-02-07,Brunch at 530? That's Linner not Brunch RT @MzBreezyXoXo: Brunch was banging...now movie time :),45496070,a meal between lunch and dinner; lunch-dinner combo,food,food_related,false,
linner,8819821224,2010-02-08,"Imma start calling my lunch ""linner""",17954912,a meal between lunch and dinner; lunch-dinner combo,food,casual_conversation,false,Talking about naming convention rather than meal itself.
linner,8821808198,2010-02-08,ill be getting one meal today: linner. dunch. lupper. sunch.whatever you feel like calling it.,21151436,a meal between lunch and dinner; lunch-dinner combo,food,food_related,false,
linner,8824072964,2010-02-08,@ashleemonique vacay recap at 305 pm on wed over linner????,27446890,a meal between lunch and dinner; lunch-dinner combo,food,casual_conversation,false,
linner,8825233318,2010-02-08,"@derekmdcom linner for sure. Super hungry, but still holding out.",14208930,a meal between lunch and dinner; lunch-dinner combo,food,food_related,false,
linner,8825671552,2010-02-08,"Making linner (lunch/dinner, clever, no?) and then I'm going to tackle this cover letter! THEN I'm going to write & all will be good again.",21911383,a meal between lunch and dinner; lunch-dinner combo,food,food_related,false,Making linner is direct meal activity.
linner,8827741500,2010-02-08,@DaeHyunKim When it's closer to lunchtime than dinnertime it's lunner. Otherwise it's linner.,15175667,a meal between lunch and dinner; lunch-dinner combo,food,food_related,false,
linner,8838915244,2010-02-09,And there goes my Linner :p #Days,46103957,a meal between lunch and dinner; lunch-dinner combo,food,casual_conversation,false,
linner,8840935556,2010-02-09,My brilliant linner plan? Not so brilliant. Am now sick.,21911383,a meal between lunch and dinner; lunch-dinner combo,food,casual_conversation,false,
linner,8840983691,2010-02-09,...two new words for my vocab. Linner (when you combine lunch &dinner) & Dezinner (when you combine dinner & dessert).,15856207,a meal between lunch and dinner; lunch-dinner combo,food,food_related,false,
linner,8846310648,2010-02-09,"Cheeseburger& fries for brunch, linner, and 11 o' clock snack :/ D: not good/healthy!",31285614,a meal between lunch and dinner; lunch-dinner combo,food,food_related,false,
linner,9452202851,2010-02-22,Linner at the inlaws.,14237363,a meal between lunch and dinner; lunch-dinner combo,food,casual_conversation,false,
linner,9452264654,2010-02-22,"@Naxos Feels more like linner (than a snack), but thanks for keeping abreast the aaaarg hits. That site is evil good.",103101482,a meal between lunch and dinner; lunch-dinner combo,food,casual_conversation,false,
linner,9453839650,2010-02-22,@MandyMonge linner.,25117447,a meal between lunch and dinner; lunch-dinner combo,food,casual_conversation,false,
linner,9454703382,2010-02-22,"Moms soul food with shandelle and charee! Perfect ""linner"" after a day of shopping. Gta workout after this meal!!!",83784849,a meal between lunch and dinner; lunch-dinner combo,food,food_related,false,
linner,9458323904,2010-02-22,"I've spent an official lazy Sunday & I needed it! Made a gorgeous linner, whole wheat pasta,jumbo shrimp,plum tomatoes & spinach!",17888589,a meal between lunch and dinner; lunch-dinner combo,food,food_related,false,
linner,9458370412,2010-02-22,"Finished ""linner"" and I'm about to get comfy n watch some tube....so much for working out! :(",83784849,a meal between lunch and dinner; lunch-dinner combo,food,casual_conversation,false,
linner,9458556349,2010-02-22,"@bevysmith was there wine with that ""linner?"" Lol",18916014,a meal between lunch and dinner; lunch-dinner combo,food,casual_conversation,false,
linner,9458590287,2010-02-22,"Your Dinner Is A Wonderland. RT @bevysmith: I've made a gorgeous linner, whole wheat pasta,jumbo shrimp,plum tomatoes & spinach!",16204159,a meal between lunch and dinner; lunch-dinner combo,food,food_related,false,
linner,9458710594,2010-02-22,"RT @everythingro @bevysmith was there wine with that ""linner?"" Lol &lt;I just want to know how many glasses!",32568359,a meal between lunch and dinner; lunch-dinner combo,food,casual_conversation,false,
linner,9459108913,2010-02-22,"@bevysmith could've fooled me w/""linner"" spelling 4 dinner-lol. Watch Sinbad on Comedy Central-grown folks comedy-completely relatable!",18916014,a meal between lunch and dinner; lunch-dinner combo,food,food_related,false,
linner,9544665203,2010-02-23,Out to linner with my pops. :),65453825,a meal between lunch and dinner; lunch-dinner combo,food,casual_conversation,false,
linner,9545943601,2010-02-23,"For those who missed linner yesterday, echo park round 2!!! Were at sunset and logan, grillin in 30!!!",90081495,a meal between lunch and dinner; lunch-dinner combo,food,casual_conversation,false,
linner,9546499803,2010-02-23,"RT @GrillEmAllTruck: For those who missed linner yesterday, echo park round 2!!! Were at sunset and logan, grillin in 30!!!",73674314,a meal between lunch and dinner; lunch-dinner combo,food,casual_conversation,false,
linner,9550122770,2010-02-24,@kbladow Stupid phone keyboard. I meant linner.,7276962,a meal between lunch and dinner; lunch-dinner combo,food,casual_conversation,false,
linner,9552591732,2010-02-24,"Linner! RT @NESTOR_G @Feather_Heather ok is it dinner then lol i skip breakfast n just have lunch n dinner . so i take it im havin brunch""",23032905,a meal between lunch and dinner; lunch-dinner combo,food,food_related,false,
linner,9552875009,2010-02-24,@2BeSrR ha yeah Eli linner do u eat linner combination of lunch and dinner ha good times that was hilarious :),20287813,a meal between lunch and dinner; lunch-dinner combo,food,food_related,false,
linner,9557077172,2010-02-24,hanging out in the lobby after sharing a drink & fries with @laurieb Now where's J? I'm ready for linner!,17103253,a meal between lunch and dinner; lunch-dinner combo,food,casual_conversation,false,
linner,9559683462,2010-02-24,AND ALL I KNOW IS @DGKTHOUGHTS AND @ROB8081 AND I NEED TO GO OUT FOR LINNER SOME DAY THIS WEEK,36405600,a meal between lunch and dinner; lunch-dinner combo,food,casual_conversation,false,
linner,9563083437,2010-02-24,My linner has arrived. #ZSNatto http://tweetphoto.com/12340443,15595167,a meal between lunch and dinner; lunch-dinner combo,food,casual_conversation,false,
linner,9565263510,2010-02-24,"I'm done like Dinner, not to be confused with Linner and the Fork has spoken people, the Fork has spoken...the Fork is wise.",22875651,a meal between lunch and dinner; lunch-dinner combo,food,food_related,false,
linner,10192117315,2010-03-08,"At work, having my lunch/dinner. I guess I'll call it linner... Lol.",114656709,a meal between lunch and dinner; lunch-dinner combo,food,food_related,false,
linner,10192420235,2010-03-08,"@PBR_LA dave! Were doin ""linner"" in echo park again! Swing by! We needs  more supplies! The onions, matt, and myself cannot be sober! Haha!",90081495,a meal between lunch and dinner; lunch-dinner combo,food,humor,true,
linner,10202875030,2010-03-09,@marcooshiro maybe call in brunch?or linner? xD,75988011,a meal between lunch and dinner; lunch-dinner combo,food,casual_conversation,false,
linner,10206405946,2010-03-09,@MissJia shath! i did a double-take on this one. it's kind of like linner (lunch/dinner)...,88370880,a meal between lunch and dinner; lunch-dinner combo,food,food_related,false,
linner,10229840127,2010-03-09,@linner ton ton!!,16420780,a meal between lunch and dinner; lunch-dinner combo,food,casual_conversation,false,
linner,10234427429,2010-03-09,"Linner with Naomi = good times. Finished Sense and Sensibility. Marianne is annoying, but i love Col Brandon. Go David Morrissey!",18789682,a meal between lunch and dinner; lunch-dinner combo,food,casual_conversation,false,
linner,10238516468,2010-03-09,had a great linner! heading over to my first rehearsal for le Vegas gig happening this weekend! ...still crossing fingers for rock band...,114292436,a meal between lunch and dinner; lunch-dinner combo,food,food_related,false,
linner,10681964154,2010-03-18,@HeyLaurHey I'm sorry I didn't respond! @notquitepaper and I are getting linner/dunch around 3:30ish! Come?,62446599,a meal between lunch and dinner; lunch-dinner combo,food,casual_conversation,false,
linner,10682760175,2010-03-18,"RT @DatBoiTony: @Caressington how about ""Linner""... the evening version of brunch...&lt;--lmao! Linner?",26081056,a meal between lunch and dinner; lunch-dinner combo,food,casual_conversation,false,
linner,10687172944,2010-03-18,At blackbeards for linner and then to the shops!!!!,23599639,a meal between lunch and dinner; lunch-dinner combo,food,casual_conversation,false,
linner,10688473961,2010-03-18,Delicious linner (lunch + dinner) with Shay,18157698,a meal between lunch and dinner; lunch-dinner combo,food,food_related,false,
linner,10690343486,2010-03-18,"Gah, missed lunch because of resting... It's linner time.",7358222,a meal between lunch and dinner; lunch-dinner combo,food,food_related,false,
linner,10691913511,2010-03-18,At Ikea for some afternoon fun. Lots to see and I want to alter this and that.  Kids are chowing down some Swedish meatballs for linner.,15927511,a meal between lunch and dinner; lunch-dinner combo,food,food_related,false,
linner,10694276248,2010-03-18,@maybeimright What is linner?  Is that lunch and dinner or your bad spelling due to too much Moonshine?,16818600,a meal between lunch and dinner; lunch-dinner combo,food,casual_conversation,false,
linner,10696310681,2010-03-19,Weekly Linner service! We are in Echo Park @ sunset & Logan. Listening to NPR instead of metal but making burgers all the same.,90081495,a meal between lunch and dinner; lunch-dinner combo,food,food_related,false,
linner,10696624137,2010-03-19,"Linner with my pops, yummers",15975170,a meal between lunch and dinner; lunch-dinner combo,food,casual_conversation,false,
linner,10697957533,2010-03-19,Getting linner at the sushi dinner,15611787,a meal between lunch and dinner; lunch-dinner combo,food,food_related,false,
linner,11267685670,2010-03-29,Linner lol RT @Yung_Hamm: If breakfast/lunch is brunch what's lunch/dinner??,53576645,a meal between lunch and dinner; lunch-dinner combo,food,food_related,false,
linner,11267794387,2010-03-29,@ReginaDenise yeah Linner... I like dunch tho... Sounds better...,39045524,a meal between lunch and dinner; lunch-dinner combo,food,casual_conversation,false,
linner,11268101446,2010-03-29,@yung_hamm either linner or  lupper,54174504,a meal between lunch and dinner; lunch-dinner combo,food,casual_conversation,false,
linner,11269605348,2010-03-29,hmm off to linner (lunch/dinner) my stomach is about to eat my heart if i dont get food soon......so yea,17258182,a meal between lunch and dinner; lunch-dinner combo,food,food_related,false,
linner,11270408690,2010-03-29,@hidline hahhaa!! I'm opting for linner or lupper..depends on my appetite... ;),28878083,a meal between lunch and dinner; lunch-dinner combo,food,casual_conversation,false,
linner,11270772683,2010-03-29,"""Linner"" was great! Tristan L. Layfield is my shit. :) @4thkind",58856291,a meal between lunch and dinner; lunch-dinner combo,food,food_related,false,
linner,11270874059,2010-03-29,"RT @bmarie1019: ""Linner"" was great! Tristan L. Layfield is my shit. :) @4thkind // no you are mines! love you boo!",19224985,a meal between lunch and dinner; lunch-dinner combo,food,food_related,false,
linner,11271112502,2010-03-29,@GrillEmAllTruck: still doing linner in Echo Park as well?,15702559,a meal between lunch and dinner; lunch-dinner combo,food,casual_conversation,false,
linner,11272514481,2010-03-29,Linner time. (@ California Pizza Kitchen - Uptown Mall) http://4sq.com/dlgazN,19119782,a meal between lunch and dinner; lunch-dinner combo,food,food_related,false,
linner,11272932281,2010-03-29,"@mptaylor Nah, sorry man. Linner cancelled today but the Hollywood late night stands.",90081495,a meal between lunch and dinner; lunch-dinner combo,food,casual_conversation,false,
linner,11387062872,2010-03-31,yes. or perhaps Linner. or...oooh... Sinner! (Supper + dinner - a Southern thing?) @bridgemama,36809340,a meal between lunch and dinner; lunch-dinner combo,food,food_related,false,
linner,11387583170,2010-03-31,"What is the word for the meal between lunch and dinner? Dinner and supper? Linner? Dupper? Well, @gillian_foster was delicious.",107593395,a meal between lunch and dinner; lunch-dinner combo,food,casual_conversation,false,
linner,11388433805,2010-03-31,"I just pulled out a bunch of food to cook, then I had a cigarette now I'm not hungry anymore. Um, yay cig-brunch-linner-whatever.",18743071,a meal between lunch and dinner; lunch-dinner combo,food,food_related,false,
linner,11391309850,2010-03-31,"@rebeccachai darn. i read ur tweet too late for the brunch thing... now, it would be for... linner -.-",21897103,a meal between lunch and dinner; lunch-dinner combo,food,food_related,false,
linner,11391381199,2010-03-31,http://twitpic.com/1c9ey2 - nails did. new TOMS from@koryp. class with @ameliafana. firehouse linner.,27363711,a meal between lunch and dinner; lunch-dinner combo,food,food_related,false,
linner,11403783489,2010-04-01,Whats funny is that I went out with @tiffgooch & @kennygotsoul for Linner & Margaritas & went straight to work right after. I luv my life,39167832,a meal between lunch and dinner; lunch-dinner combo,food,casual_conversation,false,
linner,11407702299,2010-04-01,"@shipchan i am excited for linner with big sis. i am mean to you because i &lt;3 you, obviously. it's hard to be the middle child!",35018315,a meal between lunch and dinner; lunch-dinner combo,food,casual_conversation,false,
linner,11415979808,2010-04-01,Los Angeles Food: Peruvian Cuisine for Easter Sunday Linner: Try Cuzqo on Santa Monica Blvd & Barry Ave. in West LA. http://bit.ly/9UYQL2,16570641,a meal between lunch and dinner; lunch-dinner combo,food,casual_conversation,false,
linner,11416247243,2010-04-01,Who says you can't have waffles for linner:D,70850834,a meal between lunch and dinner; lunch-dinner combo,food,casual_conversation,false,
linner,12671318145,2010-04-23,Having a free olive garden linner. /via @nwitiuk // Mmmmm... linner!,16261729,a meal between lunch and dinner; lunch-dinner combo,food,casual_conversation,false,
linner,12672979193,2010-04-23,"@jaxthatgirl Last I checked, Brunch is ""Breakfast/Lunch"", hence between brkfst and lunchtimes; 2pm is ""Linner"" or ""Lupper""",15237525,a meal between lunch and dinner; lunch-dinner combo,food,food_related,false,
linner,12676406345,2010-04-23,eating breakfast for linner with a spork LOLOLOL,58367666,a meal between lunch and dinner; lunch-dinner combo,food,food_related,false,
linner,12679671829,2010-04-23,"@ItzMizzAdams ur fat! Didn't u already eat ""linner""?!",32935709,a meal between lunch and dinner; lunch-dinner combo,food,food_related,false,
linner,12689960975,2010-04-23,@bomanirani :::: HAHAHAHAH thats a hilarious one linner....so the father of jiah khan is Boman irani or NO one showed in the film,61515684,a meal between lunch and dinner; lunch-dinner combo,food,humor,true,
linner,12690424272,2010-04-23,"Looks like the ex-Enpocket guys Lawson, Linner and JP continue to go great guns at Limbo/Brightkite: http://tcrn.ch/ckAeGE - great to see!",50982951,a meal between lunch and dinner; lunch-dinner combo,food,food_related,false,
linner,12692451663,2010-04-23,"@143BrodieJayJay secret lols 
did you know that luch after 3 is called linner",71647631,a meal between lunch and dinner; lunch-dinner combo,food,humor,true,
linner,12695342518,2010-04-23,"@CandidCarrie What about ""lupper"" or ""linner? I'm following @Mke_Brunch now.",14935643,a meal between lunch and dinner; lunch-dinner combo,food,casual_conversation,false,
linner,12697099686,2010-04-23,@nikazwaa tak payahlah. I'm waiting for my linner (lunch+dinner) now. I'm hvng fish. Meow meow.,32883980,a meal between lunch and dinner; lunch-dinner combo,food,food_related,false,
linner,12705430746,2010-04-23,@moliko2 call it 'linner' I miss Dohaaaaa! Is that near Coffee Beanery &lt;3 ?,2047411,a meal between lunch and dinner; lunch-dinner combo,food,casual_conversation,false,
linner,13003762209,2010-04-28,Good Morn Ladies @Jbreezie & @SibelMonet I get out at 5pm..lemme know what time is good for linner (lunch/dinner) he he!,61063108,a meal between lunch and dinner; lunch-dinner combo,food,food_related,false,
linner,13016351261,2010-04-28,"Having a late 'linner' or 'dunch', like brunch but in between lunch and dinner",12161,a meal between lunch and dinner; lunch-dinner combo,food,food_related,false,
linner,13024124997,2010-04-28,Twitter Beef... it's what's for linner [sic]...,27487075,a meal between lunch and dinner; lunch-dinner combo,food,casual_conversation,false,
linner,13024212012,2010-04-28,RT @KtotheT: Twitter Beef... it's what's for linner [sic]...,24946282,a meal between lunch and dinner; lunch-dinner combo,food,casual_conversation,false,
linner,13025389541,2010-04-28,is it linner at this point? (lunch + dinner),3076611,a meal between lunch and dinner; lunch-dinner combo,food,food_related,false,
linner,13026034679,2010-04-28,is about to eat ...linner? between lunch and dinner... mm grits and french toast. so I gues it is linnerfast... hmm. :/?,29758036,a meal between lunch and dinner; lunch-dinner combo,food,casual_conversation,false,
linner,13026076575,2010-04-28,RT @GOGOROB: HAVING LUNCH AT JOHN HOPKINS UNIVERSITY---» its almost 5 this is clearly not lucnh more so linner or dunch,27318556,a meal between lunch and dinner; lunch-dinner combo,food,food_related,false,
linner,13027350896,2010-04-28,@catwalkkc linner?! Perhaps?,19925658,a meal between lunch and dinner; lunch-dinner combo,food,casual_conversation,false,
linner,13029920283,2010-04-28,"""This is so much cheese in one day"" -Tin tin. Gries Linner Win",123642285,a meal between lunch and dinner; lunch-dinner combo,food,food_related,false,
linner,13041579652,2010-04-29,"Gossip Grill was so good! Glad to have had ""linner"" with Joshua and Hilda :D",18464954,a meal between lunch and dinner; lunch-dinner combo,food,casual_conversation,false,
linner,13280856293,2010-05-03,@KhloeKardashian LOVE LINNER!,97567668,a meal between lunch and dinner; lunch-dinner combo,food,casual_conversation,false,
linner,13281796697,2010-05-03,linner (@ Corner Pizzeria) http://4sq.com/9654rh,16577960,a meal between lunch and dinner; lunch-dinner combo,food,food_related,false,
linner,13285157672,2010-05-03,@KhloeKardashian I thought I only said linner.,139159387,a meal between lunch and dinner; lunch-dinner combo,food,casual_conversation,false,
linner,13285409424,2010-05-03,@KhloeKardashian what is linner?,139600481,a meal between lunch and dinner; lunch-dinner combo,food,casual_conversation,false,
linner,13285945508,2010-05-03,It def is...did that on saturday RT @KhloeKardashian Linner is the best :),82697100,a meal between lunch and dinner; lunch-dinner combo,food,casual_conversation,false,
linner,13289784326,2010-05-03,"@Blackhawks_Live Looking for a Canucks insider? I can tell you what Kyle Wellwood had for breakfast, brunch, lunch, linner and dinner.",27706323,a meal between lunch and dinner; lunch-dinner combo,food,food_related,false,
linner,13291859991,2010-05-03,RT @KhloeKardashian: Linner is the best :),66614759,a meal between lunch and dinner; lunch-dinner combo,food,casual_conversation,false,
linner,13627575121,2010-05-08,"RT @mynameisjune: While coloring/getting linner with @kathleen_dileo, I have received confirmation that he's not gay...HOORAY! :)",25648636,a meal between lunch and dinner; lunch-dinner combo,food,casual_conversation,false,
linner,13628276386,2010-05-08,Just made the best linner(lunch/dinner) ever lobster tail baked potato and steamed broccoli yummy :),38588384,a meal between lunch and dinner; lunch-dinner combo,food,food_related,false,
linner,13628304039,2010-05-08,Linner with Katie (@ Longhorn Steakhouse) http://4sq.com/6pDezv,50493771,a meal between lunch and dinner; lunch-dinner combo,food,food_related,false,
linner,13629454188,2010-05-08,"This nigga @BettyC88 just said ""linner"" is served wtf is linner?",75738190,a meal between lunch and dinner; lunch-dinner combo,food,casual_conversation,false,
linner,13629556142,2010-05-08,Just had chinese for linner...,16349549,a meal between lunch and dinner; lunch-dinner combo,food,casual_conversation,false,
linner,13629600192,2010-05-08,@Godivathediva lmao....fuck u son!!! it's lunch + dinner=linner,58641480,a meal between lunch and dinner; lunch-dinner combo,food,food_related,false,
linner,13634683225,2010-05-08,WAS def going 2 study a little today...instead I have like a 3 hour linner with @Detzold & @JessC_Campbell & now a napperoo b4 a fun night:),133872103,a meal between lunch and dinner; lunch-dinner combo,food,casual_conversation,false,
linner,13635549602,2010-05-08,"@_stephcruz I believe the official term is ""linner"" haha",17301351,a meal between lunch and dinner; lunch-dinner combo,food,humor,true,
linner,13636344121,2010-05-09,"Mmmm subway and ice cold water for linner (lunch and dinner)lol... Then writing.
Deathbat* Angel",141393494,a meal between lunch and dinner; lunch-dinner combo,food,food_related,false,
linner,13640655867,2010-05-09,Sweet! I just realized that I can walk to Dick's from here for linner :) then bk to finding a place to watch the rest of the Lakers game,33421195,a meal between lunch and dinner; lunch-dinner combo,food,casual_conversation,false,
linner,14376762521,2010-05-20,@MrWordsWorth Brilliant. Have you tried linner?,28342821,a meal between lunch and dinner; lunch-dinner combo,food,casual_conversation,false,
linner,14379415181,2010-05-20,@SunhavenLane having linner?,14207109,a meal between lunch and dinner; lunch-dinner combo,food,casual_conversation,false,
linner,14385008669,2010-05-20,@ajohnsru that's what happened to me.. I didn't realize I didn't eat lunch until 3:45PM so I got the Q...now it's 'Linner.',15208526,a meal between lunch and dinner; lunch-dinner combo,food,food_related,false,
linner,14385115923,2010-05-20,#bpt http://www.brownpapertickets.com/event/113791 - Tickets are now on sale for Leopold's Wild Linner!,30765860,a meal between lunch and dinner; lunch-dinner combo,food,casual_conversation,false,
linner,14385130467,2010-05-20,"Epitome of boredom lmao RT @DesirEE_Ace: that time between lunch and dinner....""linner"" or ""dunch""??",25833220,a meal between lunch and dinner; lunch-dinner combo,food,food_related,false,
linner,14388224169,2010-05-20,"Mmmmm. Mozzarella, tomato, basil panini with a side of sweet potato fries for linner...late lunch, early dinner.",34195740,a meal between lunch and dinner; lunch-dinner combo,food,food_related,false,
linner,14388948835,2010-05-20,It's fucking lunch time. More like Linner but whatever (@ Wahoo's Fish Taco) http://4sq.com/aTm8c0,12703042,a meal between lunch and dinner; lunch-dinner combo,food,food_related,false,
linner,14391227375,2010-05-20,awesome linner with @Yosh25 at the shack. now on a beer tour of Brooklyn with @theglobaltrip ... first stop was not a beer at all.......,26799562,a meal between lunch and dinner; lunch-dinner combo,food,casual_conversation,false,
linner,14391341949,2010-05-20,Got some @ElPolloLocoInc for Linner but went thru drive thru so couldn't mix dp with strawberry soda,32283277,a meal between lunch and dinner; lunch-dinner combo,food,humor,true,
linner,14392136895,2010-05-20,It's linner foo! Lol RT @paparazzi_ lunchner (dinner slash lunch) on the pier.   http://twitpic.com/1pif0z,38245217,a meal between lunch and dinner; lunch-dinner combo,food,food_related,false,
linner,14925526127,2010-05-28,@jordanknight I have arrived at the Borgata can we get linner together!!!,26895656,a meal between lunch and dinner; lunch-dinner combo,food,casual_conversation,false,
linner,14925676445,2010-05-28,Linner (@ Longhorn Steakhouse) http://4sq.com/duW3E7,21004615,a meal between lunch and dinner; lunch-dinner combo,food,food_related,false,
linner,14926461693,2010-05-28,"Free LINNER (between lunch and dinner) from 2:30-3:30pm today in cafe. Science fair, open to all ee's! Beer, wine, nachobar I hear.",50099967,a meal between lunch and dinner; lunch-dinner combo,food,food_related,false,
linner,14930346531,2010-05-28,"This is both dinner and lunch...um, is that linner? Or dunch? (@ Taco Bell) http://4sq.com/5rGm4G",123901948,a meal between lunch and dinner; lunch-dinner combo,food,food_related,false,
linner,14932522448,2010-05-28,@BTR_fan13 U need linner? lol! haha! I LOOOOOVE BTR!!!!,15717004,a meal between lunch and dinner; lunch-dinner combo,food,casual_conversation,false,
linner,14936076362,2010-05-28,17 minutes to enjoy Linner? Fml. What kind of a break is this?! :'(,22412193,a meal between lunch and dinner; lunch-dinner combo,food,casual_conversation,false,
linner,14938443948,2010-05-28,Went out to eat for linner. Ohm nom nom! So full!,15621787,a meal between lunch and dinner; lunch-dinner combo,food,food_related,false,
linner,14938793932,2010-05-28,"Family linner, save meeee. Hopefully I can get my nails done after so I can de-stress before i restress in studying for finals woo",78740646,a meal between lunch and dinner; lunch-dinner combo,food,casual_conversation,false,
linner,14939312011,2010-05-28,Hungry! Does that mean I should have a dunch or a linner (lunch/dinner)? Or just a snack? Decisions!,49905002,a meal between lunch and dinner; lunch-dinner combo,food,food_related,false,
linner,14941467037,2010-05-29,Sitting by myself in the park eating Linner before work. I feel so...relaxd. Im a gma lol http://twitpic.com/1rygsy,33767785,a meal between lunch and dinner; lunch-dinner combo,food,food_related,false,
linner,15331735484,2010-06-03,"@shapeshiftah ah word, i that bfast 7days a week, subway 6 days a week for linner, no mayo, no pickles(sodium). water n booze only lol",28671608,a meal between lunch and dinner; lunch-dinner combo,food,humor,true,
linner,15337881044,2010-06-03,Oh sugar! I have to work through another lunch hour. Pushing lunch back until 3... again. #linner,149587242,a meal between lunch and dinner; lunch-dinner combo,food,food_related,false,
linner,15337950962,2010-06-03,@btcoffee looks like i won't have time for lunch today so Taco Thursday will be my linner.,20003217,a meal between lunch and dinner; lunch-dinner combo,food,food_related,false,
linner,15345577806,2010-06-03,@Sim_PLEX linner is what I call it,19829760,a meal between lunch and dinner; lunch-dinner combo,food,casual_conversation,false,
linner,15351309593,2010-06-03,"@hayamandarae well. Dunch or linner for me, because I woke up at two :x wanna come boo?",68342413,a meal between lunch and dinner; lunch-dinner combo,food,casual_conversation,false,
linner,15352898821,2010-06-03,Time for me to eat lunch... or Linner I guess it would be now... Then headed back to work #grindin,108497678,a meal between lunch and dinner; lunch-dinner combo,food,food_related,false,
linner,15353683725,2010-06-03,Still haven't eaten! Coffee's jolting thru my veins! Maybe I should have some... What's between lunch/dinner? Not brunch... Dunch? Linner?,33028356,a meal between lunch and dinner; lunch-dinner combo,food,casual_conversation,false,
linner,15354457769,2010-06-03,"@mandysmind HAHA ok, I've heard of and used ""linner"" but never ""dunch"" I'm so gonna use that now ;)",33450540,a meal between lunch and dinner; lunch-dinner combo,food,humor,true,
linner,15356327126,2010-06-03,Linner at PF Changs (:,37284776,a meal between lunch and dinner; lunch-dinner combo,food,casual_conversation,false,
linner,15379243413,2010-06-04,Eating at Shogun's :) Guess this is my lunch and dinner combined to make linner?,117630843,a meal between lunch and dinner; lunch-dinner combo,food,casual_conversation,false,
linner,15873978398,2010-06-10,haven't eatin lunch yet hmm maybe i'll just have linner (lunch/dinner) later,16554303,a meal between lunch and dinner; lunch-dinner combo,food,food_related,false,
linner,15874701871,2010-06-10,"@Gaskill oh i like that, i have ""linner"" often.",19325079,a meal between lunch and dinner; lunch-dinner combo,food,casual_conversation,false,
linner,15875547354,2010-06-10,"Finally I get to eat my ""Linner""",26389216,a meal between lunch and dinner; lunch-dinner combo,food,food_related,false,
linner,15881189821,2010-06-10,It's bin a long day but um still at school waitin on my sister so we could go get some linner ((lunch/dinner)) lol LEGGOOOOOOO :),35888407,a meal between lunch and dinner; lunch-dinner combo,food,food_related,false,
linner,15883879799,2010-06-10,Such a busy day I forgot to eat lunch ! So lunch + dinner = linner ? More work ahead tonight plus some blog posts I've been pondering...,61932305,a meal between lunch and dinner; lunch-dinner combo,food,food_related,false,
linner,15884552305,2010-06-10,Where is LINNER?,15543850,a meal between lunch and dinner; lunch-dinner combo,food,casual_conversation,false,
linner,15887260545,2010-06-10,@quirkycori so umm... linner? sunch?,33781299,a meal between lunch and dinner; lunch-dinner combo,food,casual_conversation,false,
linner,15888408320,2010-06-11,Yum...linner RT @gitismatt: Eating linner at Caesars. Then not sure what the night brings,26304446,a meal between lunch and dinner; lunch-dinner combo,food,food_related,false,
linner,15889833275,2010-06-11,@JUNEBUG5 happy birthday girl!! *tosses confetti* I hope you had an awesome 'linner' LOL!!!,19359302,a meal between lunch and dinner; lunch-dinner combo,food,humor,true,
linner,15891723542,2010-06-11,@XxKOLOHExX LOL linner is my favorite meal of the day =),113967414,a meal between lunch and dinner; lunch-dinner combo,food,food_related,false,
linner,16885612059,2010-06-23,Going to have lunch/dinner/linner with Mark. Hope he knows he's making me fat with all of the fast food he begs me to eat with him.,15787003,a meal between lunch and dinner; lunch-dinner combo,food,food_related,false,
linner,16886193380,2010-06-23,"Thankyou to everyone who came to linner for my birfday, having a gr8 day thanks to all my fwends O:)",40393130,a meal between lunch and dinner; lunch-dinner combo,food,casual_conversation,false,
linner,16888760008,2010-06-24,@AdrianeLynn83 when we goin 2 linner wit @NoStresinWesley?,111640615,a meal between lunch and dinner; lunch-dinner combo,food,casual_conversation,false,
linner,16899666561,2010-06-24,dunch :]! RT @Ab_Finomenon If breakfast/lunch is brunch wats lunch/dinner. . . .linner?,117633436,a meal between lunch and dinner; lunch-dinner combo,food,casual_conversation,false,
linner,16899876033,2010-06-24,RT @Ab_Finomenon: If breakfast/lunch is brunch wats lunch/dinner. . . .linner?,37627853,a meal between lunch and dinner; lunch-dinner combo,food,casual_conversation,false,
linner,16900354145,2010-06-24,RT @Ab_Finomenon If breakfast/lunch is brunch wats lunch/dinner. . . .linner?&lt;-- haha this made me chuckle,41051357,a meal between lunch and dinner; lunch-dinner combo,food,casual_conversation,false,
linner,16900891692,2010-06-24,"RT @Ab_Finomenon #followersquestion do yall like ""linner"" or ""dunch"" for Lunch/dinner",117633436,a meal between lunch and dinner; lunch-dinner combo,food,food_related,false,
linner,16901701226,2010-06-24,hmmm interesting.. RT @Ab_Finomenon @TiTiSoAmaZing 2 linner - 1 dunch,117633436,a meal between lunch and dinner; lunch-dinner combo,food,casual_conversation,false,
linner,16905696310,2010-06-24,@GritFX linner?,29561855,a meal between lunch and dinner; lunch-dinner combo,food,casual_conversation,false,
linner,16907020226,2010-06-24,@GritFX linner or dunch,22936823,a meal between lunch and dinner; lunch-dinner combo,food,casual_conversation,false,
linner,17241293005,2010-06-28,"Just finished linner, lunch and dinner. Overloaded on sashimi",93896873,a meal between lunch and dinner; lunch-dinner combo,food,food_related,false,
linner,17271020053,2010-06-28,Eating linner after swim practice in Holidome. Awesome storm to watch too.,81593576,a meal between lunch and dinner; lunch-dinner combo,food,food_related,false,
linner,17272149187,2010-06-28,I'm supposed to have fajitas for linner and now I can't focus on anything else. Fajitas! Fajitas! Fajitas!,20153892,a meal between lunch and dinner; lunch-dinner combo,food,casual_conversation,false,
linner,17275939640,2010-06-28,"@mikehollywood eat an early dinner! Or, make it a ""linner""!",14665149,a meal between lunch and dinner; lunch-dinner combo,food,food_related,false,
linner,17276400759,2010-06-28,out to late lunch/early dinner (linner or dunch? #lmao) with mama dukes.,26050349,a meal between lunch and dinner; lunch-dinner combo,food,casual_conversation,false,
linner,17276810599,2010-06-28,@kelly506 haha. I'm used to eating a late lunch. Mostly because of these crazy hours. Hope your linner was decent :),32649852,a meal between lunch and dinner; lunch-dinner combo,food,food_related,false,
linner,17277432140,2010-06-28,Had to close a bit early. Thanks to everyone who came out. Hope to be back soon. Tomorrow is linner in Echo Park. See you then!,90081495,a meal between lunch and dinner; lunch-dinner combo,food,casual_conversation,false,
linner,17278123599,2010-06-28,"@emvandee It's 3:30 here so I guess we'll call this mean ""linner""",22798200,a meal between lunch and dinner; lunch-dinner combo,food,casual_conversation,false,
linner,17282784330,2010-06-28,"going to el chilitos for ""linner""
a+r&lt;3",62942650,a meal between lunch and dinner; lunch-dinner combo,food,casual_conversation,false,
linner,17313734841,2010-06-29,"@xhellocodyy Haha. Good luck with that. I'd feed him In-N-Out daily for breakfast, brunch, lunch, linner, and dinner. Results by the week :)",93331922,a meal between lunch and dinner; lunch-dinner combo,food,food_related,false,
linner,17319422708,2010-06-29,"Slept all day. Eating Pancit Canton for Linner. :""&gt;",37906936,a meal between lunch and dinner; lunch-dinner combo,food,food_related,false,
linner,17325358806,2010-06-29,on the way to orlando for some lunch and linner with friends!,17400009,a meal between lunch and dinner; lunch-dinner combo,food,food_related,false,
linner,17338669170,2010-06-29,"Funeral/thanksgiving service would've made our friend proud. Still going to miss him greatly. Now, time for some ""linner"" (work it out :)).",14138603,a meal between lunch and dinner; lunch-dinner combo,food,food_related,false,
linner,17340794528,2010-06-29,Finally pure sweet face! today wore pink lipstick with little linner to enhance the beauty of my eyes..sooo happy!,125981315,a meal between lunch and dinner; lunch-dinner combo,food,casual_conversation,false,
linner,17345635490,2010-06-29,"Looks like today's planned b'fast run will at best be a lunch run. Lookin at us now, might be a linner? lupper? dunch? run. #wehaslazybones",16656473,a meal between lunch and dinner; lunch-dinner combo,food,casual_conversation,false,
linner,17892350524,2010-07-06,You know it's a busy day when you're eating lunch at 4pm. Or is that linner? dunch? What?,15394448,a meal between lunch and dinner; lunch-dinner combo,food,casual_conversation,false,
linner,17893299884,2010-07-06,"Bck! hmm? nice ""linner"" half lunch n dinner",72171617,a meal between lunch and dinner; lunch-dinner combo,food,food_related,false,
linner,17893870955,2010-07-06,"Late lunch, early dinner.  Linner Time!  These guys used to be in The Beach, I miss them - they have the best Italian sandwiches!!",12058112,a meal between lunch and dinner; lunch-dinner combo,food,food_related,false,
linner,17896328228,2010-07-06,Just now eating lunch... so technically linner.,17524671,a meal between lunch and dinner; lunch-dinner combo,food,food_related,false,
linner,17896480143,2010-07-06,Ahh Linner.,31271709,a meal between lunch and dinner; lunch-dinner combo,food,casual_conversation,false,
linner,17899105312,2010-07-06,Just finished linner!,24594905,a meal between lunch and dinner; lunch-dinner combo,food,casual_conversation,false,
linner,17899141459,2010-07-06,"5:40 was too late to be lunch and too early to be dinner, so I call it, LINNER! XD",24594905,a meal between lunch and dinner; lunch-dinner combo,food,food_related,false,
linner,17902819359,2010-07-06,"VIDEO: Tony Linner’s racing wreck, one year later  http://hubvideo.kearneyhub.com/?p=3560",54951024,a meal between lunch and dinner; lunch-dinner combo,food,casual_conversation,false,
linner,17903536566,2010-07-06,"Back from the interview, sushi linner with Pam, etc. I think I did well with the interview, but when there are candidates with more",79176875,a meal between lunch and dinner; lunch-dinner combo,food,casual_conversation,false,
linner,20090425462,2010-08-01,"Just had lupper, dunch, linner, and dupper with Mandy Goode.",16875220,a meal between lunch and dinner; lunch-dinner combo,food,casual_conversation,false,
linner,20092574006,2010-08-01,Maybelline powder foundation (ivory 10)..... liquid I linner..... cheap shavers... finger nail clippers... and a turkey deli sandwitch.. ...,25569780,a meal between lunch and dinner; lunch-dinner combo,food,casual_conversation,false,
linner,20093169315,2010-08-01,RT @Lloydgetscared: Maybelline powder foundation (ivory 10)..... liquid I linner..... cheap shavers... finger nail clippers... and a tur ...,173024319,a meal between lunch and dinner; lunch-dinner combo,food,casual_conversation,false,
linner,20094286847,2010-08-01,you might call it linner I call it Dunch. (@ El Chilito Restaurant),16110234,a meal between lunch and dinner; lunch-dinner combo,food,casual_conversation,false,
linner,20095287053,2010-08-01,"Wicked Attraction is a well deserved break after cooking linner, baking a cake, doing dishes & laundry. I'm freaking Super Woman today!",18471611,a meal between lunch and dinner; lunch-dinner combo,food,casual_conversation,false,
linner,20095535820,2010-08-01,Having linner. Gonna start watching 3 Idiots.,23174756,a meal between lunch and dinner; lunch-dinner combo,food,casual_conversation,false,
linner,20096843619,2010-08-01,Having linner with old school college homie and birthday sharer @Alice Ann Barnes! (@ Riviera Maya Mexican Restaurant) http://4sq.com/8QrMWg,46837608,a meal between lunch and dinner; lunch-dinner combo,food,food_related,false,
linner,20100433335,2010-08-02,i just ate a late lunch/early dinner...linner? HAHAAH,24332087,a meal between lunch and dinner; lunch-dinner combo,food,casual_conversation,false,
linner,20106915302,2010-08-02,@venadanielle Linner?  That's a new one lol,47797823,a meal between lunch and dinner; lunch-dinner combo,food,casual_conversation,false,
linner,20116880769,2010-08-02,Still full from linner with my neighbor for his birrhday ... Brazilian BBQ noms,24758147,a meal between lunch and dinner; lunch-dinner combo,food,casual_conversation,false,
linner,20171658570,2010-08-02,Lunch/Dinner ----- Linner *shrugs* + Is there life out there!!!!!!!! YAY BBL! ;),40224426,a meal between lunch and dinner; lunch-dinner combo,food,food_related,false,
linner,20171811836,2010-08-02,Linner with Mom @ Texas Roadhouse.,39152708,a meal between lunch and dinner; lunch-dinner combo,food,casual_conversation,false,
linner,20171888355,2010-08-02,"@joshuaabrams linner with your mommy?  
love you daddy.",105963944,a meal between lunch and dinner; lunch-dinner combo,food,casual_conversation,false,
linner,20176139222,2010-08-02,"Lined my rockers: spent most of the day preping and paint my flares and rockers with bed linner. 
 
i like how it ... http://bit.ly/a3YvFf",111115674,a meal between lunch and dinner; lunch-dinner combo,food,casual_conversation,false,
linner,20178816525,2010-08-03,Drinking my homemade smoothie and finally eating lunch aka linner.Watching #phineasandferb the hour long movie. Yall missing out,47276787,a meal between lunch and dinner; lunch-dinner combo,food,food_related,false,
linner,20203819321,2010-08-03,@grillemalltruck what linner/dinner/late night shifts you guys got going on this week?,19623462,a meal between lunch and dinner; lunch-dinner combo,food,food_related,false,
linner,20214234268,2010-08-03,Why is there no word for a meal between lunch and dinner? Like brunch. Linner? Dunch? My sis and I called it lupper when we were kids.,12477452,a meal between lunch and dinner; lunch-dinner combo,food,casual_conversation,false,
linner,20217212660,2010-08-03,@bookgrl I always call it linner.,8255472,a meal between lunch and dinner; lunch-dinner combo,food,casual_conversation,false,
linner,20226894505,2010-08-03,Once there was brunch today we are having linner,16612560,a meal between lunch and dinner; lunch-dinner combo,food,food_related,false,
linner,20229160277,2010-08-03,"@drpepper first one at breakfast, then one for lunch, one for linner, one for dinner, and a DP Float to top it all off!",45510088,a meal between lunch and dinner; lunch-dinner combo,food,food_related,false,
linner,21177509402,2010-08-14,Had fun at linner; off to tori&#39;s grad party :D,20738373,a meal between lunch and dinner; lunch-dinner combo,food,casual_conversation,false,
linner,21178141303,2010-08-14,"Do you ever do brunch, linner, or brinner?",92351543,a meal between lunch and dinner; lunch-dinner combo,food,food_related,false,
linner,21179313153,2010-08-14,Having linner at Met Bar & Grill w/ @hgimenez @andybenedetti & @marbeni,25901252,a meal between lunch and dinner; lunch-dinner combo,food,casual_conversation,false,
linner,21181889100,2010-08-14,@GabrielaTwittaa k i switched. Burritos for linner LOL then tacos for dinner whenever im hungry. Im gonna be crazayyy!,26423936,a meal between lunch and dinner; lunch-dinner combo,food,food_related,false,
linner,21183151767,2010-08-14,"U lukin for Fufu bruv lol RT Noski_pepi: Having ""Linner""...I hate walking into a restaurant, sitting down, looking at the menu and they. .",51315673,a meal between lunch and dinner; lunch-dinner combo,food,humor,true,
linner,21184072839,2010-08-14,"Productive work day this am, lounged a bit with my honey, we went to linner, now off to give some love to my... http://fb.me/HlVzMU21",32876644,a meal between lunch and dinner; lunch-dinner combo,food,casual_conversation,false,
linner,21185150144,2010-08-14,"Oh man! Eating the linner of champions tonight! Cup noodles, reduced fat pringles, instant coffee and #walgreens brand root beer.",93579807,a meal between lunch and dinner; lunch-dinner combo,food,food_related,false,
linner,21185695966,2010-08-14,this is some nice smooth jazz accompanying my linner at mcdonald's.,18210894,a meal between lunch and dinner; lunch-dinner combo,food,casual_conversation,false,
linner,21186109669,2010-08-14,Having linner right now then IDK. You? RT @XpLiCiTsTyLeZ: @OneRareRose wussup?...what you up to right now?...,21890167,a meal between lunch and dinner; lunch-dinner combo,food,casual_conversation,false,
linner,21188868680,2010-08-15,had linner w a really nice lady on da SM boardwalk. talked like old frends. Intro her to 30STM. Hope she Votes!,33155133,a meal between lunch and dinner; lunch-dinner combo,food,casual_conversation,false,
linner,21943226572,2010-08-23,Eating Linner and getting oddly excited for working my reference shift - first one since March; first evening one since 2006,10860332,a meal between lunch and dinner; lunch-dinner combo,food,food_related,false,
linner,21945717317,2010-08-23,Heading to the fish market for linner. Hopefully funnel cake will be involved.,89516360,a meal between lunch and dinner; lunch-dinner combo,food,casual_conversation,false,
linner,21946840642,2010-08-23,5:03pm sitting down to lunch #linner,20013401,a meal between lunch and dinner; lunch-dinner combo,food,food_related,false,
linner,21949327884,2010-08-23,"@angeliquita Shame you didn't see when I used to work at one lol. Btw this is linner (lunch dinner), or lupper, which ever you fancy.",16341291,a meal between lunch and dinner; lunch-dinner combo,food,food_related,false,
linner,21952452487,2010-08-23,Linner...lol http://twitpic.com/2hlgkb,74264935,a meal between lunch and dinner; lunch-dinner combo,food,food_related,false,
linner,21953598635,2010-08-23,"@juanpinillos @rcamp004 How do u guys ALWAYS take things to the next lvl?! ROFL, I'm like, ""wtf is lupper, linner, & when did he work @ 1?)",11255752,a meal between lunch and dinner; lunch-dinner combo,food,casual_conversation,false,
linner,21958557924,2010-08-24,RT @RobVicSD: http://twitpic.com/2hln8h - Linner (lunch/dinner) with @AdrianLagman,33084686,a meal between lunch and dinner; lunch-dinner combo,food,food_related,false,
linner,21958674174,2010-08-24,Yesss! Can't wait to try!! RT @GrillEmAllTruck: Look for us in echo park tomorrow for linner! Sunset and logan. Stay hungry ghouls!,19891670,a meal between lunch and dinner; lunch-dinner combo,food,food_related,false,
linner,21958794495,2010-08-24,RT @dolanclothing: Yesss! Can't wait to try!! RT @GrillEmAllTruck: Look for us in echo park tomorrow for linner! Sunset and logan. Stay  ...,128033733,a meal between lunch and dinner; lunch-dinner combo,food,casual_conversation,false,
linner,21974972253,2010-08-24,"What's ""linner""? Lol RT @selwiggle: My ex invited me to linner next week. Lol this should be interesting. http://myloc.me/aZerF",93780609,a meal between lunch and dinner; lunch-dinner combo,food,humor,true,
linner,22555992598,2010-08-30,"See, @haykathleen, I'm not the ONLY one who says linner!",23377887,a meal between lunch and dinner; lunch-dinner combo,food,casual_conversation,false,
linner,22556279497,2010-08-30,Can't make linner. How bout lupper?  Haha- Thai food rocks! (@christoferdrew)http://yfrog.com/m9vxdjj,26083581,a meal between lunch and dinner; lunch-dinner combo,food,humor,true,
linner,22556416444,2010-08-30,@christoferdrew the magic noodle! one day we'll have linner there,33700995,a meal between lunch and dinner; lunch-dinner combo,food,casual_conversation,false,
linner,22556974975,2010-08-30,shish kabobmenal. superb linner with djmak.,20991563,a meal between lunch and dinner; lunch-dinner combo,food,casual_conversation,false,
linner,22557757174,2010-08-30,FUCK YEAH I'm NOT THE ONLY ONE WHO SAYS LINNER!,22915205,a meal between lunch and dinner; lunch-dinner combo,food,casual_conversation,false,
linner,22559182247,2010-08-30,@writtentragedy linner?!,35101433,a meal between lunch and dinner; lunch-dinner combo,food,casual_conversation,false,
linner,22566716189,2010-08-30,@_juneaa you guys still over there? oh change of plans for our linner. its not chicken and pasta ha,172446541,a meal between lunch and dinner; lunch-dinner combo,food,casual_conversation,false,
linner,22567742577,2010-08-30,#noodle RT @christoferdrew linner. http://yfrog.com/m9vxdjj,84489961,a meal between lunch and dinner; lunch-dinner combo,food,casual_conversation,false,
linner,22576391179,2010-08-31,@TheSquare @StephStricklen Some please xplain to Joe Smith how to correctly pronounce Lynyrd Skynyrd. It's not Linner Skinner. :D Thx,30820885,a meal between lunch and dinner; lunch-dinner combo,food,casual_conversation,false,
linner,22617581700,2010-08-31,@JeffParlett Haha linner thats a new 1 i might start using that oh btw your lazy lol x,95063059,a meal between lunch and dinner; lunch-dinner combo,food,humor,true,
linner,22623187168,2010-08-31,"RT @Skepta: I missed Breakfast, missed Brunch, missed Lunch so now I'm off out to get some ""LINNER""",134222150,a meal between lunch and dinner; lunch-dinner combo,food,food_related,false,
linner,24040716447,2010-09-09,“@HerCuteAzz: Fried Shrimp Baked Tatoe and Salad for linner!” UHMMM SO GUD U CANT EVEN TWEET iT RITE LLAG,98987907,a meal between lunch and dinner; lunch-dinner combo,food,casual_conversation,false,
linner,24040934905,2010-09-09,@iTAYGOTGWAP nah I meant linner. Its not lunch buts its not dinner,134936569,a meal between lunch and dinner; lunch-dinner combo,food,food_related,false,
linner,24042798653,2010-09-09,linner date with @playcrack (@ 3 Monkeys) http://4sq.com/5DedYE,39416486,a meal between lunch and dinner; lunch-dinner combo,food,food_related,false,
linner,24042993987,2010-09-09,"Is it wrong that we're just now eating lunch? Or is it officially dunch? Linner, perhaps? #whatstheeveningequivalentofbrunch?",37955860,a meal between lunch and dinner; lunch-dinner combo,food,food_related,false,
linner,24043067366,2010-09-09,Linner and beers (@ 3 Monkeys w/ @amandahumbolt) http://4sq.com/5DedYE,14700461,a meal between lunch and dinner; lunch-dinner combo,food,food_related,false,
linner,24043711209,2010-09-09,"Looks like another lunch/dinner combo. for me at the U.S. Open...otherwise known as ""Linner"". -PV",1188611,a meal between lunch and dinner; lunch-dinner combo,food,food_related,false,
linner,24051486122,2010-09-09,"break time! whats for linner u ask, i think pastrami is on the menu :] #mmmm",30108220,a meal between lunch and dinner; lunch-dinner combo,food,casual_conversation,false,
linner,24058173579,2010-09-10,So full. No need Linner tonight.,15595167,a meal between lunch and dinner; lunch-dinner combo,food,casual_conversation,false,
linner,24099594153,2010-09-10,10.9 -12.9. Linner Burg - British Days & Country Fair: http://www.traumpfade-der-welt.de/tdw_lt_gal.php?reise_id=4053,45116895,a meal between lunch and dinner; lunch-dinner combo,food,casual_conversation,false,
linner,24101067577,2010-09-10,I'm having the best Eid & Lebanese lunch (or dunch or linner) ever! Tantes are rocking the dance floor! :-D Al7amdullah,24860194,a meal between lunch and dinner; lunch-dinner combo,food,food_related,false,
linner,24507897738,2010-09-14,"@BizOwnersOnline Enjoy your ""Linner""... LOL!",16532469,a meal between lunch and dinner; lunch-dinner combo,food,humor,true,
linner,24512331313,2010-09-14,Linner of champions... (@ Tropical Smoothie Cafe) http://4sq.com/dz5t7f,20778451,a meal between lunch and dinner; lunch-dinner combo,food,food_related,false,
linner,24512624661,2010-09-14,"@MoneyMinaya is about to get some ""Linner"" lmfao!",39410858,a meal between lunch and dinner; lunch-dinner combo,food,casual_conversation,false,
linner,24513337046,2010-09-14,"Presses running, painting motifs, 400 edges being torn, answering emails, calling clients... Grateful we ate @panerabread for linner!",16196863,a meal between lunch and dinner; lunch-dinner combo,food,casual_conversation,false,
linner,24515090497,2010-09-14,"We had a great run at CNN today. We moved to Sunset and Edgemont. Come over for ""dunch"" or ""linner"" depending how you look at it!!!!",168838051,a meal between lunch and dinner; lunch-dinner combo,food,food_related,false,
linner,24515903873,2010-09-14,Having Linner @PFCHANGS Mil-Town. Oh Linner is lunch Dinner hybrid! http://twitpic.com/2oh5ir,45508969,a meal between lunch and dinner; lunch-dinner combo,food,food_related,false,
linner,24519743953,2010-09-14,Just got back from linner wit the girls @SuzyBougie @_SlimGoodies keep me laughing,106505960,a meal between lunch and dinner; lunch-dinner combo,food,casual_conversation,false,
linner,24520725895,2010-09-14,"@ChuckReynolds Ah. ""Linner. ""  I do that too often.",15358046,a meal between lunch and dinner; lunch-dinner combo,food,casual_conversation,false,
linner,24522650501,2010-09-15,@ricialg small world... I say linner too! We are def related! hahaha,39863745,a meal between lunch and dinner; lunch-dinner combo,food,humor,true,
linner,24526391167,2010-09-15,@iluvsuelyn Girl lunch was like six hours ago haha you had Linner,64349404,a meal between lunch and dinner; lunch-dinner combo,food,food_related,false,
linner,25241006741,2010-09-22,"Hwhat I'm having RT @de7on: ""Lunch @ 4 pm is not lunch, it's linner."" lmao!",71601073,a meal between lunch and dinner; lunch-dinner combo,food,food_related,false,
linner,25243273007,2010-09-22,Looking for that sponser to take us to linner! The meal between lunch n dinner.,184638970,a meal between lunch and dinner; lunch-dinner combo,food,food_related,false,
linner,25244412237,2010-09-22,Linner at a place called 'Ruby Reds' with my boobooski.,25470257,a meal between lunch and dinner; lunch-dinner combo,food,casual_conversation,false,
linner,25244483619,2010-09-22,Enjoying linner with Miriam. (@ The Blue Moose Bar & Grill) http://4sq.com/cMMKUt,15614789,a meal between lunch and dinner; lunch-dinner combo,food,food_related,false,
linner,25244902228,2010-09-22,So a meal between breakfast & lunch is called brunch. What is a meal between lunch & dinner called? Linner?,117936859,a meal between lunch and dinner; lunch-dinner combo,food,casual_conversation,false,
linner,25249277811,2010-09-22,Linner with @nekronurse. Veggie burger here :O,19004699,a meal between lunch and dinner; lunch-dinner combo,food,food_related,false,
linner,25250230447,2010-09-22,"Had a good ""linner"" with my district manager today, I love my job",34810331,a meal between lunch and dinner; lunch-dinner combo,food,casual_conversation,false,
linner,25272175336,2010-09-23,"@geekwang i want linner, but i have no lunch foods... so maybe i will just have brinner. soon.",14566261,a meal between lunch and dinner; lunch-dinner combo,food,food_related,false,
linner,25279547763,2010-09-23,"@urbansolace Personally, I like Linner; however, I'm always up for a good Blunch!!! :)",32654454,a meal between lunch and dinner; lunch-dinner combo,food,food_related,false,
linner,25284244066,2010-09-23,@danasargent C'mon lunch or linner or lupper on Thursday. Which is today. C'mon. I'll come to you. Got me some Dana withdrawal going,25207728,a meal between lunch and dinner; lunch-dinner combo,food,food_related,false,
linner,25533347167,2010-09-25,RT @Wrabbit1: having linner (lunch & dinner) with bestie @EZBreezii at the oasis on the beach&lt;&lt;mmmm fish wraps!!!,72661020,a meal between lunch and dinner; lunch-dinner combo,food,food_related,false,
linner,25535904493,2010-09-25,@chrisskelley damn that looks good I'm eating beer for linner :(,3138581,a meal between lunch and dinner; lunch-dinner combo,food,food_related,false,
linner,25538005136,2010-09-25,Went to golden corral in Tacy for linner (lunch/dinner). Good and filling.,162302893,a meal between lunch and dinner; lunch-dinner combo,food,food_related,false,
linner,25540521310,2010-09-25,"Bagel, Cream Cheese, Gatorade - Linner of Champions! http://tumblr.com/xonjn7x14",92242799,a meal between lunch and dinner; lunch-dinner combo,food,food_related,false,
linner,25543358928,2010-09-26,"Linner with @llllllauren, @suummerrr, @stefanimonday http://yfrog.com/jbx15bj",18262542,a meal between lunch and dinner; lunch-dinner combo,food,casual_conversation,false,
linner,25545918803,2010-09-26,I have on green eye linner but I have on white gray and yellow =P it does look bad tho.,27800073,a meal between lunch and dinner; lunch-dinner combo,food,casual_conversation,false,
linner,25549796066,2010-09-26,Well I made it for linner...,24428818,a meal between lunch and dinner; lunch-dinner combo,food,casual_conversation,false,
linner,25556541014,2010-09-26,Me & my girls had the CRAZIEST convo today at linner (lunch/dinner),54725533,a meal between lunch and dinner; lunch-dinner combo,food,food_related,false,
linner,25557233630,2010-09-26,"My day: Shopping spree, Linner at Oliver and Bonacini, vegging with @EmilyLAdams, meeting up with people, ditching to watch Bring It On!",108784325,a meal between lunch and dinner; lunch-dinner combo,food,casual_conversation,false,
linner,25564769920,2010-09-26,"I really do not do well with only breakfast and linner. This game, stadium, and crowd are awesome... But I'm starving :( #asu",57404161,a meal between lunch and dinner; lunch-dinner combo,food,casual_conversation,false,
linner,25620678102,2010-09-26,who wants to bring me lunch/dinner aka linner?,23980076,a meal between lunch and dinner; lunch-dinner combo,food,casual_conversation,false,
linner,25621121516,2010-09-26,http://twitpic.com/2sba93 - Linner with @LaurenOfLeOpera and Ashleyy(: We come prepared!,45069756,a meal between lunch and dinner; lunch-dinner combo,food,food_related,false,
linner,25622100952,2010-09-26,Going to Josh's mom's for linner! It's been an awesome week!,17270576,a meal between lunch and dinner; lunch-dinner combo,food,casual_conversation,false,
linner,25622673513,2010-09-26,Today's Linner consist of Bowie States pizza. Smh. Lol,100356150,a meal between lunch and dinner; lunch-dinner combo,food,humor,true,
linner,25623026606,2010-09-26,Just been served a delish blood souffle for... is this considered breakfast? brunch? lunch? linner? Food time. *bite*,72150422,a meal between lunch and dinner; lunch-dinner combo,food,casual_conversation,false,
linner,25626686267,2010-09-26,"Chex mix for linner..once again I fail at being a ""good"" adult :/",82720222,a meal between lunch and dinner; lunch-dinner combo,food,casual_conversation,false,
linner,25626853149,2010-09-26,#FYI Linner = Lunch and Dinner,82720222,a meal between lunch and dinner; lunch-dinner combo,food,food_related,false,
linner,25626893366,2010-09-26,"You win! RT @CptChunk: @LaurieStar I had a bevy of cheese, crackers and deli meats for linner.  Enjoy your chex mix!",82720222,a meal between lunch and dinner; lunch-dinner combo,food,food_related,false,
linner,25629253908,2010-09-26,"A word to describe a lunch-dinner?  Linner? naw ... Dunch? Sounds like an insult. Guess I'll just say it this way: ""Lunchdinner"" real fast ★",19631077,a meal between lunch and dinner; lunch-dinner combo,food,casual_conversation,false,
linner,25630338434,2010-09-26,Eating linner.,42266370,a meal between lunch and dinner; lunch-dinner combo,food,food_related,false,
linner,26290539538,2010-10-03,"@RatedAR lol u can have breakfast anytime neo! Brunch, linner.. Etc. Lol I'm bout to throw down! So excited! Lol",39358343,a meal between lunch and dinner; lunch-dinner combo,food,food_related,false,
linner,26296752356,2010-10-03,Linner with Alli and friends (@ Quartino Ristorante & Wine Bar w/ 2 others) http://4sq.com/8GKo66,45671064,a meal between lunch and dinner; lunch-dinner combo,food,food_related,false,
linner,26297686837,2010-10-03,Linner on the patio. The now dyed panda puppy gets lots of attn! (@ Cafe Orlin) http://4sq.com/22D6mn,3954581,a meal between lunch and dinner; lunch-dinner combo,food,food_related,false,
linner,26300494978,2010-10-03,Time for some Linner...since I didnt have lunch and it's too early for dinner,43555728,a meal between lunch and dinner; lunch-dinner combo,food,food_related,false,
linner,26300545057,2010-10-03,@B_is4_Britni Linner? #epicfail #backtothedrawingboard lmao,58320814,a meal between lunch and dinner; lunch-dinner combo,food,casual_conversation,false,
linner,26304108738,2010-10-03,slow braising some ribs in teriyaki sauce for linner or dunch not sure which.,14136660,a meal between lunch and dinner; lunch-dinner combo,food,casual_conversation,false,
linner,26309731566,2010-10-03,Linner time (@ Custom House) http://4sq.com/acvUGq,14793325,a meal between lunch and dinner; lunch-dinner combo,food,food_related,false,
linner,26310080691,2010-10-03,Having linner with my mom!,36587488,a meal between lunch and dinner; lunch-dinner combo,food,casual_conversation,false,
linner,26310558687,2010-10-03,Post-hike linner (lunch+dinner) at @VeggieGrill.,8167012,a meal between lunch and dinner; lunch-dinner combo,food,food_related,false,
linner,26313181817,2010-10-03,Linner (@ Senor Big Ed) http://4sq.com/ar8Ywf,39937220,a meal between lunch and dinner; lunch-dinner combo,food,food_related,false,
linner,26372840371,2010-10-04,Vegan in Bellingham: Sunday Linner: Easy Vegan Mac and Cheese and ... http://ow.ly/19hyKc,27585991,a meal between lunch and dinner; lunch-dinner combo,food,food_related,false,
linner,26382751089,2010-10-04,RT @vegancook101: Vegan in Bellingham: Sunday Linner: Easy Vegan Mac and Cheese and ... http://ow.ly/19hyKc,131047512,a meal between lunch and dinner; lunch-dinner combo,food,food_related,false,
linner,26383425241,2010-10-04,My day started at 4am. Going for some linner.,16180702,a meal between lunch and dinner; lunch-dinner combo,food,casual_conversation,false,
linner,26387855214,2010-10-04,@reagantaylor88 linner,76912908,a meal between lunch and dinner; lunch-dinner combo,food,casual_conversation,false,
linner,26399184244,2010-10-04,Vegan in Bellingham: Sunday Linner: Easy Vegan Mac and Cheese and ...: I am a vegan in Bellingham who hopes to hig... http://bit.ly/daQoke,171319339,a meal between lunch and dinner; lunch-dinner combo,food,food_related,false,
linner,26402547897,2010-10-04,@Jbxmusic its not lunch time anymore...its linner(lunch/dinner) time lol,118298373,a meal between lunch and dinner; lunch-dinner combo,food,food_related,false,
linner,26404343585,2010-10-04,"Julien, 9: ""What did we have for dinner?"" ""U know we only have 2 meals at dad's. Brunch and linner."" - Caleb, 12",7360182,a meal between lunch and dinner; lunch-dinner combo,food,food_related,false,
linner,26688531727,2010-10-07,@jusywho It's called Linner! lol,17757145,a meal between lunch and dinner; lunch-dinner combo,food,humor,true,
linner,26688845579,2010-10-07,LINNER TIME!!!!!,19001742,a meal between lunch and dinner; lunch-dinner combo,food,casual_conversation,false,
linner,26695804698,2010-10-07,Hurrying back from Linner to catch Francis Chan!  #CAT10,22875651,a meal between lunch and dinner; lunch-dinner combo,food,casual_conversation,false,
linner,26696549437,2010-10-07,We all know what brunch is.  What do you call a meal between lunch and dinner??  A 'linner'?,186936741,a meal between lunch and dinner; lunch-dinner combo,food,casual_conversation,false,
linner,26696913253,2010-10-07,@tofslie - It's linner,17055033,a meal between lunch and dinner; lunch-dinner combo,food,casual_conversation,false,
linner,26702557881,2010-10-08,"@nickmangold : nope its dinfast.......breakfast, brunch, lunch, linner, dinner, dinfast, midnmight taco bell",81905328,a meal between lunch and dinner; lunch-dinner combo,food,food_related,false,
linner,26704188150,2010-10-08,Mid day crash! I'm readdy for Linner!,180303852,a meal between lunch and dinner; lunch-dinner combo,food,casual_conversation,false,
linner,26704230276,2010-10-08,Linner was great!  Gardenburgers are ddelish,180303852,a meal between lunch and dinner; lunch-dinner combo,food,food_related,false,
linner,26709952944,2010-10-08,@BubblyJoan why dont we do...Linner,199584440,a meal between lunch and dinner; lunch-dinner combo,food,casual_conversation,false,
linner,26713793052,2010-10-08,"My nightly routine consists of showering, linner, and texting Tyler until one of us falls asleep.",33693872,a meal between lunch and dinner; lunch-dinner combo,food,casual_conversation,false,
linner,27346911095,2010-10-14,"Thursday Special: ""Linner"" Special. 2-6 p.m. Buy any Gyro sandwich and get a free combo upgrade when you mention Twitter.",88876188,a meal between lunch and dinner; lunch-dinner combo,food,food_related,false,
linner,27366088897,2010-10-14,Weather Lay Days Again | s/v Eos: We got settled in and then went for a nice linner or dunch - no lunch during the... http://bit.ly/aYc1Zv,93173702,a meal between lunch and dinner; lunch-dinner combo,food,food_related,false,
linner,27371893692,2010-10-14,comic is done! Need to get ready! :D linner  with the rents! yum yum yum!,28508435,a meal between lunch and dinner; lunch-dinner combo,food,casual_conversation,false,
linner,27373439680,2010-10-14,"Linner with the moms. Yum, Picnic!",88483970,a meal between lunch and dinner; lunch-dinner combo,food,casual_conversation,false,
linner,27378237333,2010-10-14,Linner = a Mix out off Lunch and Dinner,108315351,a meal between lunch and dinner; lunch-dinner combo,food,food_related,false,
linner,27380549340,2010-10-14,Oh wow it's 3PM where did my day go? Missed Lunch is it too late? Going for Linner,14251791,a meal between lunch and dinner; lunch-dinner combo,food,food_related,false,
linner,27388022074,2010-10-14,Kitchen24 with @icecreamxbandit for some linner. I feel naked I'm wearing a backless lil' lingerie dress with my high waisted skirt. #trashy,25651217,a meal between lunch and dinner; lunch-dinner combo,food,casual_conversation,false,
linner,27388604547,2010-10-14,"Enough work, now on to lunch...a very late lunch...almost dinner. What's that make it, linner??",25583906,a meal between lunch and dinner; lunch-dinner combo,food,casual_conversation,false,
linner,27393811548,2010-10-15,Linner break,22548395,a meal between lunch and dinner; lunch-dinner combo,food,casual_conversation,false,
linner,27414101093,2010-10-15,Still trippin about how I had $1 a plate sushi for linner today HAHA.,167676360,a meal between lunch and dinner; lunch-dinner combo,food,humor,true,
linner,27971513752,2010-10-20,Linner :) “@HungryGirl: What's your favorite meal of the day????”,161006047,a meal between lunch and dinner; lunch-dinner combo,food,food_related,false,
linner,27972909267,2010-10-20,At the Big Boy in Barstow for linner.,27083739,a meal between lunch and dinner; lunch-dinner combo,food,casual_conversation,false,
linner,27973839166,2010-10-20,Steak & steak fries 4 linner.  http://instagr.am/p/C_XF/,14249755,a meal between lunch and dinner; lunch-dinner combo,food,casual_conversation,false,
linner,27975482848,2010-10-20,"Phew! 10-hour day, time for linner. I gotta say, I have an outstanding case of ""blogger hair"" at the moment.",137168767,a meal between lunch and dinner; lunch-dinner combo,food,casual_conversation,false,
linner,27980191545,2010-10-21,linner with mama karen and henna,88531734,a meal between lunch and dinner; lunch-dinner combo,food,casual_conversation,false,
linner,27991641662,2010-10-21,LOLZ I HAVE A GO TEE FOR PLAYING WITH MOMS EYE LINER YAY I HAVE A EYE LINNER BEARD ^^,174990349,a meal between lunch and dinner; lunch-dinner combo,food,humor,true,
linner,28010949320,2010-10-21,"A sparkling night of comedy tonight with...
Carrie Gilbert, Kate Smurthwaite
Victor Linnér, Brian O'Grady
Messiah... http://fb.me/CxXbQXrp",130418532,a meal between lunch and dinner; lunch-dinner combo,food,casual_conversation,false,
linner,28016560870,2010-10-21,Linner ; http://plixi.com/p/51953398,15305401,a meal between lunch and dinner; lunch-dinner combo,food,casual_conversation,false,
linner,28029382983,2010-10-21,@Pleijpje dunch? linner? Threesies?  I like linner the best. I had a sandwich for linner today!,28415399,a meal between lunch and dinner; lunch-dinner combo,food,casual_conversation,false,
linner,28035270233,2010-10-21,@MrBellOriginal it's linner or dunch then! ;)),41355086,a meal between lunch and dinner; lunch-dinner combo,food,casual_conversation,false,
linner,28436152269,2010-10-22,Friday linner wit @nfcnycnola!  #fatgurltweet,18402176,a meal between lunch and dinner; lunch-dinner combo,food,casual_conversation,false,
linner,28436311261,2010-10-22,Photo: This is Linner. It’s Friday. Bill is sunning himself in Los Angeles. I’m under 260. I’ve got no... http://tumblr.com/xmpmqt1oi,110682108,a meal between lunch and dinner; lunch-dinner combo,food,casual_conversation,false,
linner,28444374994,2010-10-22,@ Red robins about to have linner with one of my favorite ppl!!!!,52573172,a meal between lunch and dinner; lunch-dinner combo,food,casual_conversation,false,
linner,28453189058,2010-10-23,@JRHildebrand linner,40924983,a meal between lunch and dinner; lunch-dinner combo,food,casual_conversation,false,
linner,28453776042,2010-10-23,My coworker and I did linner (lunch/dinner),54099624,a meal between lunch and dinner; lunch-dinner combo,food,food_related,false,
linner,28457067406,2010-10-23,"I ate one meal today, so I gourged. It was kinda a 'linner'... Catching up on dvr now.",22734052,a meal between lunch and dinner; lunch-dinner combo,food,food_related,false,
linner,28458163935,2010-10-23,I still need to eat linner (dinner/lunch),28472223,a meal between lunch and dinner; lunch-dinner combo,food,food_related,false,
linner,28470323133,2010-10-23,Chocolate muffin linner.,33693872,a meal between lunch and dinner; lunch-dinner combo,food,casual_conversation,false,
linner,28479513836,2010-10-23,"wait if breakfast and lunch is brunch, what's lunch and dinner? linner? aah",176329498,a meal between lunch and dinner; lunch-dinner combo,food,casual_conversation,false,
linner,28480224795,2010-10-23,Im having a meal after lunch n before dinner.. I'm eatin' linner.,33211308,a meal between lunch and dinner; lunch-dinner combo,food,food_related,false,
linner,1957141543915520,2010-11-09,Lunch-dinner! Linner? Dunch? (@ Ang Mo Kio Market & Food Centre Blk 724 w/ 2 others) http://4sq.com/dwYaW9,27899524,a meal between lunch and dinner; lunch-dinner combo,food,food_related,false,
linner,1961535068971008,2010-11-09,Linner (@ Soup Broth Asia) http://4sq.com/b2h96S,27671801,a meal between lunch and dinner; lunch-dinner combo,food,food_related,false,
linner,1998304095244288,2010-11-09,@Crazykittykat1 maybe tacos for brunch or linner? getting all excited here! Hahaaaaaaa @Herbie_Cat,22522667,a meal between lunch and dinner; lunch-dinner combo,food,casual_conversation,false,
linner,2003107399598080,2010-11-09,school should be fun&lt;3:) Happy Birthdayy:) Linner&lt;3,210226224,a meal between lunch and dinner; lunch-dinner combo,food,casual_conversation,false,
linner,2025775784009728,2010-11-09,"I can't wash clothe, can't watch football, make Linner.... @least I still got my smart phone... W/an E trade App. LOL! :-)",135228941,a meal between lunch and dinner; lunch-dinner combo,food,humor,true,
linner,2047777685110784,2010-11-09,@codylmao I guess so. Lol and linner/dunch? No such word. D:,115872611,a meal between lunch and dinner; lunch-dinner combo,food,humor,true,
linner,2067762377662464,2010-11-09,Katz Bagels on #Yelp: I've pretty much exhausted the Lower Haight breakfast/brunch/linner scene since I find myself ... http://bit.ly/9ExgMx,15471605,a meal between lunch and dinner; lunch-dinner combo,food,food_related,false,
linner,2078042541264896,2010-11-09,Get Your Yelp On! Katz Bagels (3/5) on Yelp: I've pretty much exhausted the Lower Haight breakfast/brunch/linner... http://bit.ly/b88tPa,15471605,a meal between lunch and dinner; lunch-dinner combo,food,food_related,false,
linner,2098601752793088,2010-11-09,sushi once again for linner,47431124,a meal between lunch and dinner; lunch-dinner combo,food,casual_conversation,false,
linner,2102798091026433,2010-11-09,"@pants4peace If you're still hungry, maybe you could have some 'linner'?",76232321,a meal between lunch and dinner; lunch-dinner combo,food,food_related,false,
linner,4416697725362176,2010-11-16,"Just had Spatchcock for Linner yes thats right,late lunch early dinner.",57874256,a meal between lunch and dinner; lunch-dinner combo,food,food_related,false,
linner,4436413684645888,2010-11-16,@diwagalvez I expect that to be a linner (lunch + dinner) actually :p,19823828,a meal between lunch and dinner; lunch-dinner combo,food,food_related,false,
linner,4475825399275520,2010-11-16,"Plans are: brunch, get dressed, clean desk, write, have linner around 4pm, go to den echo for a cola, dance class, party. Woo :)",68111937,a meal between lunch and dinner; lunch-dinner combo,food,food_related,false,
linner,4607090907684864,2010-11-16,The Workplace Technology Gap: What Does it Mean for You and Your Employees?: I recently attended a brunch linner... http://bit.ly/ds7oB5,35070042,a meal between lunch and dinner; lunch-dinner combo,food,food_related,false,
linner,4607091931086849,2010-11-16,The Workplace Technology Gap: What Does it Mean for You and Your Employees?: I recently attended a brunch linner... http://bit.ly/d0GPay,47630489,a meal between lunch and dinner; lunch-dinner combo,food,food_related,false,
linner,4619183476183040,2010-11-16,Linner! (@ Cheddar's Casual Cafe) http://4sq.com/bbtTQS,19777527,a meal between lunch and dinner; lunch-dinner combo,food,food_related,false,
linner,4657064739610625,2010-11-16,"such a lovely Eid linner with angi, the naccaches' & hurn @ Diwan :)",55187879,a meal between lunch and dinner; lunch-dinner combo,food,casual_conversation,false,
linner,4742894984364032,2010-11-17,time to eat linner.... yeah lunch and dinner. haven't had either,20422177,a meal between lunch and dinner; lunch-dinner combo,food,food_related,false,
linner,4743355258896384,2010-11-17,"@PrincessLilla lol Sounds like I need to get some ""linner"" too ;) I slept thru both.",16493153,a meal between lunch and dinner; lunch-dinner combo,food,humor,true,
linner,4767112887279617,2010-11-17,"@zakary Me too.  It's good for breakfast, lunch, dinner, and linner.",2005641,a meal between lunch and dinner; lunch-dinner combo,food,food_related,false,
linner,8286334359703552,2010-11-26,@raMJes11 I'm here! Eating linner...,22702946,a meal between lunch and dinner; lunch-dinner combo,food,food_related,false,
linner,8303847982243841,2010-11-26,"Eating ""Linner"" ;P",37020587,a meal between lunch and dinner; lunch-dinner combo,food,food_related,false,
linner,8333575430610944,2010-11-27,"Having  ""Linner"" again... it's worst than brunch~!",24568536,a meal between lunch and dinner; lunch-dinner combo,food,food_related,false,
linner,8335177101082624,2010-11-27,Apparently I'm just eating cheese today: cheese sticks for linner & now grilled cheese for whatever you call the meal you eat alone at 8:45.,55865589,a meal between lunch and dinner; lunch-dinner combo,food,food_related,false,
linner,8356427798155264,2010-11-27,Had a great Lupper? Linner? Late lunch at this place Halibut and Chips very nice  http://bit.ly/fjiBY4,22204505,a meal between lunch and dinner; lunch-dinner combo,food,casual_conversation,false,
linner,8386642700148737,2010-11-27,Ebi-don at Inchi-ban Boshi .. My Linner (Lunch/Dinner) http://plixi.com/p/59436891,42909155,a meal between lunch and dinner; lunch-dinner combo,food,food_related,false,
linner,8525421494669312,2010-11-27,"Haven't eaten anything since morning so.. Having McDeez as my ""linner"" now x.x",66630954,a meal between lunch and dinner; lunch-dinner combo,food,food_related,false,
linner,8597947528777728,2010-11-27,Brunch with friends. See you all at linner. (@ Hugo's Restaurant) http://4sq.com/7wtWcA,82472856,a meal between lunch and dinner; lunch-dinner combo,food,food_related,false,
linner,8598963070443520,2010-11-27,shall have K.F.C for early linner tomorrow when i watch the red carpet show~ :D ohhhhh my chickennn! shall choose original instead.,61156361,a meal between lunch and dinner; lunch-dinner combo,food,casual_conversation,false,
linner,8607795272228865,2010-11-27,"Linner! (@ Stir Crazy Cafe, West Nyack) http://whrrl.com/e/imTKz",14584120,a meal between lunch and dinner; lunch-dinner combo,food,casual_conversation,false,
linner,11562804351860736,2010-12-05,Linner... or would that be dunch. A mix between lunch & dinner. (@ Tomo Japanese Cuisine) http://4sq.com/8ajZ6X,28798689,a meal between lunch and dinner; lunch-dinner combo,food,food_related,false,
linner,11564194654584832,2010-12-05,"Tweet #200! and it's about coach Eastman!! ""Linner"" w him and Kathryn today.. Ik all of you ignatius kids are jealous! You should be.",159639730,a meal between lunch and dinner; lunch-dinner combo,food,casual_conversation,false,
linner,11566631469711360,2010-12-05,"Having ""linner"" (late lunch early dinner) with the man... Not just mine.. But THE man. Wassssup!",23811461,a meal between lunch and dinner; lunch-dinner combo,food,food_related,false,
linner,11571780711882752,2010-12-06,Whoooo going to get ...linner. :D,159695493,a meal between lunch and dinner; lunch-dinner combo,food,casual_conversation,false,
linner,11572195083952128,2010-12-06,"@RaveLegend Enjoy your linner, Lisa! :D Hope we can talk later. ;w; I got ""an idea"", omg! xD &lt;3",179692772,a meal between lunch and dinner; lunch-dinner combo,food,casual_conversation,false,
linner,11581728372035584,2010-12-06,i had the best linner right now like seriously i did,60968768,a meal between lunch and dinner; lunch-dinner combo,food,casual_conversation,false,
linner,11598631949836288,2010-12-06,JUST ate an amazingly yummy cheeseburger for linner/dunch. What else can you expect from In n Out?,86245742,a meal between lunch and dinner; lunch-dinner combo,food,food_related,false,
linner,11733554358652928,2010-12-06,"now eat, go home still got linner! (@ McDonalds King Albert Park) http://4sq.com/c0lh9V",48092980,a meal between lunch and dinner; lunch-dinner combo,food,food_related,false,
linner,11775768052891648,2010-12-06,Linner or Lupper (Lunch and Dinner ) like Bunch (Breakfast and Lunch),171501985,a meal between lunch and dinner; lunch-dinner combo,food,food_related,false,
linner,11778615461027840,2010-12-06,@nipunika11 Ya.. Now finding a joint to have Linner.. ;],31073789,a meal between lunch and dinner; lunch-dinner combo,food,casual_conversation,false,
linner,13645595466010624,2010-12-11,"@johnfbraun Yeah, i was leaning towards linner rather than brunch. :-)",14956783,a meal between lunch and dinner; lunch-dinner combo,food,food_related,false,
linner,13646296321630208,2010-12-11,@bonnyface @johnfbraun we wind up having linner all the time on the weekends here.,8951502,a meal between lunch and dinner; lunch-dinner combo,food,casual_conversation,false,
linner,13646460595732480,2010-12-11,@DaveHamilton @johnfbraun Thinking linner should be a holiday tradition. :-),14956783,a meal between lunch and dinner; lunch-dinner combo,food,casual_conversation,false,
linner,13652382751662080,2010-12-11,@bonnyface LOL! We had Linner this year for Thanksgiving at @pilotpete's house,8951502,a meal between lunch and dinner; lunch-dinner combo,food,humor,true,
linner,13661824331288576,2010-12-11,@Acorn42 its actually its after 12 so you love linner,173284757,a meal between lunch and dinner; lunch-dinner combo,food,casual_conversation,false,
linner,13666860423708672,2010-12-11,How about linner/dinner?:) haha I'm going to go to the library for a while to shhhhtudyyy.,33706890,a meal between lunch and dinner; lunch-dinner combo,food,food_related,false,
linner,13671756686430208,2010-12-11,Byblos for linner (dinner/lunch) = awesome idea!,48191519,a meal between lunch and dinner; lunch-dinner combo,food,food_related,false,
linner,13709594064855040,2010-12-11,Grabbing some guido's linner and then some serious study time.,43747035,a meal between lunch and dinner; lunch-dinner combo,food,casual_conversation,false,
linner,13720416493244416,2010-12-11,"Just had linner (late lunch) @ Camelia Grill. Great place.. This town has more character in it's little finger than.. well, you know.",19135439,a meal between lunch and dinner; lunch-dinner combo,food,food_related,false,
linner,13728187011825666,2010-12-11,Guess what patio I'm on just before cold air blows in? #linner http://yfrog.com/gz1ypuj http://yfrog.com/h4se0aj,78637448,a meal between lunch and dinner; lunch-dinner combo,food,casual_conversation,false,
linner,14087510485377024,2010-12-12,"@therealzooeyd what about ""linner""?",32000526,a meal between lunch and dinner; lunch-dinner combo,food,casual_conversation,false,
linner,14088622747684864,2010-12-12,Chillin at my dad's...waiting for linner to be done &lt;3,31672239,a meal between lunch and dinner; lunch-dinner combo,food,casual_conversation,false,
linner,14101732539768832,2010-12-12,linner before airport trip. (@ Macayo's Mexican Kitchen Scottsdale) http://4sq.com/a8TrlV,12789462,a meal between lunch and dinner; lunch-dinner combo,food,food_related,false,
linner,14107078767419392,2010-12-12,Just had Linner @ Red Lobster and See's for dessert. All For My Baby. Treats for My Sweet.,36134515,a meal between lunch and dinner; lunch-dinner combo,food,food_related,false,
linner,14108907504930816,2010-12-13,Had a BOMB linner with the bruhs @iam_Da_MAB and Darius,38315291,a meal between lunch and dinner; lunch-dinner combo,food,casual_conversation,false,
linner,14123216905699328,2010-12-13,"Seth Morrison wrote the answer ""I have one of the linner ovens from the Raichle days.  These work b..."" http://tinyurl.com/35uqtuu",79573186,a meal between lunch and dinner; lunch-dinner combo,food,casual_conversation,false,
linner,14128531869011968,2010-12-13,Why is it that there's a Brunch but not a Linner? Dont people eat between Lunch and Dinner? Lets do Linner sometime.,140922076,a meal between lunch and dinner; lunch-dinner combo,food,casual_conversation,false,
linner,14130680887779328,2010-12-13,Why is it that theres a Brunch but not a Linner? Dont people eat between Lunch and Dinner? Lets do Linner some time...,30881887,a meal between lunch and dinner; lunch-dinner combo,food,casual_conversation,false,
linner,14140558066851840,2010-12-13,Braving the weather to go get dourthmeal (it's like linner but a dinner/fourth meal hybrid),15360536,a meal between lunch and dinner; lunch-dinner combo,food,food_related,false,
linner,14179585780350976,2010-12-13,"Had the best day with my Granny today....me and miranda put up and decorated her tree,took her out to linner and rearranged her room =)",144705256,a meal between lunch and dinner; lunch-dinner combo,food,casual_conversation,false,
linner,16971983723958272,2010-12-20,The oft overlooked meal of linner. (@ Padrino's) http://4sq.com/ijj70F,14679951,a meal between lunch and dinner; lunch-dinner combo,food,food_related,false,
linner,16974254713077760,2010-12-20,"Linner? RT @ChrisBarnhart: I'm mitigating Monday by having a big, juicy steak for lunch. #win",166751914,a meal between lunch and dinner; lunch-dinner combo,food,casual_conversation,false,
linner,16976471243366400,2010-12-20,"""Linner"" at the Indian Chipotle. (@ Merzi w/ @tehrubendc) http://4sq.com/i57aII",19993686,a meal between lunch and dinner; lunch-dinner combo,food,food_related,false,
linner,16989456212955136,2010-12-20,@yarby linner.,103129731,a meal between lunch and dinner; lunch-dinner combo,food,casual_conversation,false,
linner,17009378657832960,2010-12-21,Day 2 of only eating breakfast lol. Time for me to eat LINNER. Lunch & dinner (:,115790320,a meal between lunch and dinner; lunch-dinner combo,food,food_related,false,
linner,17016532349485056,2010-12-21,I hate eye linner. It always be getting in my eye!,168974775,a meal between lunch and dinner; lunch-dinner combo,food,casual_conversation,false,
linner,17029469021671424,2010-12-21,lunch or dinner? or drunch?? or linner?,27561782,a meal between lunch and dinner; lunch-dinner combo,food,casual_conversation,false,
linner,17073689187065856,2010-12-21,@DjTITOLAGOS love linner!!!!,126205537,a meal between lunch and dinner; lunch-dinner combo,food,casual_conversation,false,
linner,17104751485255680,2010-12-21,Yea 9 years ago that was a lunar its a linner today RT @FlashOfMars_SF: no it wasnt -.-... i saw one wen i was ... http://tmi.me/4qzN1,61982205,a meal between lunch and dinner; lunch-dinner combo,food,casual_conversation,false,
linner,17133387802214400,2010-12-21,"126 dim sum for linner, finally feeding my raging hunger #starvingafricanmoment",28236746,a meal between lunch and dinner; lunch-dinner combo,food,casual_conversation,false,
linner,17999340467392512,2010-12-23,Ugh where's the bestie I wanted to do lunch or linner,29354154,a meal between lunch and dinner; lunch-dinner combo,food,food_related,false,
linner,18013637528518656,2010-12-23,On my way to get fitted for some suits. It's about damn time! Maybe I'll get 2! Then linner plans followed by Black Swan!,139244239,a meal between lunch and dinner; lunch-dinner combo,food,casual_conversation,false,
linner,18027742834458624,2010-12-23,Having linner at tgif with ma bro n cuz! Happy holidays!,23560091,a meal between lunch and dinner; lunch-dinner combo,food,casual_conversation,false,
linner,18033207840612352,2010-12-23,@Alison__Thomas Sunday lunch? Sunday brunch? Sunday Linner? Sunday dessert ;),74068386,a meal between lunch and dinner; lunch-dinner combo,food,casual_conversation,false,
linner,18047288697946112,2010-12-23,"@Tate_Law brunch, linner.",30968507,a meal between lunch and dinner; lunch-dinner combo,food,food_related,false,
linner,18047848884998144,2010-12-23,ate brunch at 10am and eating 'linner' at 4pm? lol works surprisingly well.,87335468,a meal between lunch and dinner; lunch-dinner combo,food,food_related,false,
linner,18048042565369856,2010-12-23,RT @JordanChaise: ate brunch at 10am and eating 'linner' at 4pm? lol works surprisingly well.,147962755,a meal between lunch and dinner; lunch-dinner combo,food,food_related,false,
linner,18052265780715520,2010-12-23,Having Linner. (@ Grand Lux Cafe w/ 7 others) http://4sq.com/fdZid7,77303688,a meal between lunch and dinner; lunch-dinner combo,food,food_related,false,
linner,18064716697960448,2010-12-23,Or as @JusDre would say. Lunch+dinner= Linner Lmao,31189900,a meal between lunch and dinner; lunch-dinner combo,food,food_related,false,
linner,18078617384787968,2010-12-23,@SeattleEllen @andywoolloo @oliviameridia Isn't that considered linner?,152815979,a meal between lunch and dinner; lunch-dinner combo,food,casual_conversation,false,
linner,18813047812399104,2010-12-25,Peking duck at Sun Wah for linner. Happy Festivus everyone!,34044453,a meal between lunch and dinner; lunch-dinner combo,food,casual_conversation,false,
linner,18824909861953536,2010-12-26,"Having ""linner"" with Gabi — at Mel's Drive In  http://gowal.la/c/3d5ac",132411480,a meal between lunch and dinner; lunch-dinner combo,food,casual_conversation,false,
linner,18890022589562880,2010-12-26,@Allies_lilmama haha YES! For linner!,21629621,a meal between lunch and dinner; lunch-dinner combo,food,humor,true,
linner,18890945739096064,2010-12-26,Awesome day!!! Snow was splendid n beautiful! Loosing n finding my fone scary n amazing! Linner=delicious! Now movie with the mommy :),167544302,a meal between lunch and dinner; lunch-dinner combo,food,casual_conversation,false,
linner,18951563779244032,2010-12-26,Linner with Renaissance.:) (@ Le Marche @ Somerset 313 w/ @rikurenaissance @chrishiyuu) http://4sq.com/ggO2fT,118742882,a meal between lunch and dinner; lunch-dinner combo,food,food_related,false,
linner,18955237029056512,2010-12-26,@saico011 ah !! I'm wrong ~ just lunch ?? Or Linner ?? Hahaaa,210731765,a meal between lunch and dinner; lunch-dinner combo,food,food_related,false,
linner,18959347442778112,2010-12-26,Having an awesome LINNER (@ Saizeriya @ Liang Court) http://4sq.com/fy9GnC,30664192,a meal between lunch and dinner; lunch-dinner combo,food,food_related,false,
linner,18965080334925824,2010-12-26,The Slammin Spicy Chicken Burger & menu http://twitpic.com/3ju7db #TheSlamminSpicyChickenBurger #chickenburger #cheese #linner #food #menu,17095978,a meal between lunch and dinner; lunch-dinner combo,food,food_related,false,
linner,18965087662379008,2010-12-26,The Slammin Spicy Chicken Burger & menu http://yfrog.com/h3ykhoj #TheSlamminSpicyChickenBurger #chickenburger #cheese #linner #food #menu,40527302,a meal between lunch and dinner; lunch-dinner combo,food,food_related,false,
linner,18988740735148032,2010-12-26,"New Ad: Boot linner, vauxhall http://bit.ly/fjiC2C [#AdTrader]",53045059,a meal between lunch and dinner; lunch-dinner combo,food,casual_conversation,false,
