word,id,date,text,author_id,term_meaning,term_category,usage_context,is_ironic,annotation_notes
roshambo,7350670399,2010-01-04,@catzo is that the emo's kids version of the best movies? @roshambo god i love pootie tang,12081082,rock-paper-scissors; also used for a kick to the groin,humor,casual_conversation,false,Manual override -> casual_conversation
roshambo,7353054077,2010-01-04,@kelleydmcguire Probably tears because you want run over here and roshambo me? I'll go put on a cup :),620533,rock-paper-scissors; also used for a kick to the groin,humor,humor,false,Manual override -> humor
roshambo,7354457927,2010-01-04,@catzo @roshambo also missing from that best of decade list is Mean Girls,15292051,rock-paper-scissors; also used for a kick to the groin,humor,television_reference,false,
roshambo,7380583554,2010-01-04,"Sad news: Roshambo Winery is closing, no more new wines (miss you, Pink). Loved going there and to their events. Drag Brunch was my fav",41193440,rock-paper-scissors; also used for a kick to the groin,humor,food_related,false,Manual override -> food_related | Darwin audit -> food_related
roshambo,7380624078,2010-01-04,"@roshambo um, how long are you here for?",19808438,rock-paper-scissors; also used for a kick to the groin,humor,casual_conversation,false,Manual override -> casual_conversation
roshambo,7659686606,2010-01-12,@roshambo SOLD!,20012130,rock-paper-scissors; also used for a kick to the groin,humor,casual_conversation,false,
roshambo,7672872617,2010-01-12,LoneStarVolleyball update: Skyline Roshambo rolls to 18 Open title at North Texas MLK.  Melissa Cumby (Caldwell/BV Jrs) picks Tyler College.,39346645,rock-paper-scissors; also used for a kick to the groin,humor,sports_discussion,false,Manual override -> sports_discussion
roshambo,7675396648,2010-01-12,@roshambo Thank you very much sir!,39309151,rock-paper-scissors; also used for a kick to the groin,humor,casual_conversation,false,
roshambo,7685616556,2010-01-12,@repressd We can roshambo for it. http://www.spike.com/video/roshambo/2835357,18249447,rock-paper-scissors; also used for a kick to the groin,humor,casual_conversation,false,Manual override -> casual_conversation
roshambo,7686088761,2010-01-12,@repressd Try this. http://www.spike.com/video/roshambo/2835357,18249447,rock-paper-scissors; also used for a kick to the groin,humor,article_sharing,false,Manual override -> article_sharing
roshambo,7686385816,2010-01-12,@repressd Try going to http://www.spike.com & search roshambo. Not sure why the linky no worky.,18249447,rock-paper-scissors; also used for a kick to the groin,humor,technology_discussion,false,Manual override -> technology_discussion
roshambo,7687269578,2010-01-12,@nhutto roshambo!  I go first!,19199265,rock-paper-scissors; also used for a kick to the groin,humor,humor,false,Manual override -> humor
roshambo,7691146663,2010-01-13,RT @ThisGoddzIlla: I wanna #Roshambo the mailman. The slip says sorry we missed you. I was in the house bitch you missed me on purpose!«ROTF,62390257,rock-paper-scissors; also used for a kick to the groin,humor,humor,false,Manual override -> humor
roshambo,7694551856,2010-01-13,Oh mar gawsh. The Network - Roshambo and The Network - Spike. I just fell in love with Money Money 2020 [[album they`re from]],61737062,rock-paper-scissors; also used for a kick to the groin,humor,music_discussion,false,Manual override -> music_discussion
roshambo,7840049786,2010-01-16,"Meanwhile, @jcinis and @roshambo wear matching shirts. So cute.",75933,rock-paper-scissors; also used for a kick to the groin,humor,casual_conversation,false,Manual override -> casual_conversation
roshambo,7842061546,2010-01-16,@roshambo please get @chrislea a glass of scotch of legal voting age and @jcinis a fine wine on my tab,790230,rock-paper-scissors; also used for a kick to the groin,humor,casual_conversation,false,Manual override -> casual_conversation
roshambo,7857768104,2010-01-17,@Mandums @babychunger A little roshambo!  LOL,30107749,rock-paper-scissors; also used for a kick to the groin,humor,casual_conversation,false,
roshambo,8078229610,2010-01-22,"Paper!  RT @7x7bitsbites: One last rock, paper, scissors: Roshambo winery to close, replaced by vegetables: http://bit.ly/548zYE",14227896,rock-paper-scissors; also used for a kick to the groin,humor,article_sharing,false,
roshambo,8078480420,2010-01-22,"One last rock, paper, scissors: Roshambo winery closes, replaced by vegetables: http://bit.ly/548zYE Rock. /via @EdibleSF Sad, but exciting!",25663,rock-paper-scissors; also used for a kick to the groin,humor,article_sharing,false,Manual override -> article_sharing
roshambo,8078517506,2010-01-22,"Rock smashes scissors. Party over at Roshambo. Vineyards out, veggies in. http://bit.ly/7Q45tC",26827988,rock-paper-scissors; also used for a kick to the groin,humor,article_sharing,false,Manual override -> article_sharing
roshambo,8078693621,2010-01-22,"Good luck MsBrill! RT @7x7bitsbites: One last rock, paper, scissors: Roshambo winery to close, replaced by vegetables: http://bit.ly/548zYE",15573514,rock-paper-scissors; also used for a kick to the groin,humor,article_sharing,false,Manual override -> article_sharing
roshambo,8078896019,2010-01-22,http://twitpic.com/z8d77 - Why I heart Roshambo #1: Pirate Prom benefit for 826 Valencia,15573514,rock-paper-scissors; also used for a kick to the groin,humor,article_sharing,false,Manual override -> article_sharing
roshambo,8078914768,2010-01-22,http://twitpic.com/z8dar - Why I heart Roshambo #2: Peg Leg Dance-off,15573514,rock-paper-scissors; also used for a kick to the groin,humor,article_sharing,false,Manual override -> article_sharing
roshambo,8081615025,2010-01-22,"Ciao Roshambo ""A Wine World Provocateur Switches to Vegetables - http://nyti.ms/4Q88AI"" via @NYTimes",19949768,rock-paper-scissors; also used for a kick to the groin,humor,article_sharing,false,Manual override -> article_sharing
roshambo,8083178113,2010-01-22,"A Wine World Provocateur Switches to Vegetables|Naomi Brilliant is plowing under Roshambo, her Sonoma winery that .. http://oohja.com/x5kof",76875699,rock-paper-scissors; also used for a kick to the groin,humor,article_sharing,false,Manual override -> article_sharing
roshambo,8085311918,2010-01-22,"RT @EdibleSF @7x7bitsbites: Roshambo winery to close, replaced by vegetables: http://bit.ly/548zYE Rock. &gt;&gt;love it",20279370,rock-paper-scissors; also used for a kick to the groin,humor,article_sharing,false,Manual override -> article_sharing
roshambo,8089544013,2010-01-22,Purchased 2007 Roshambo Grenache Eaglepoint Ranch - #wine http://cellartracker.com/w?653406,40428623,rock-paper-scissors; also used for a kick to the groin,humor,food_related,false,Manual override -> food_related
roshambo,8117368263,2010-01-23,Naomi Brilliant of Sonoma's Roshambo winery: from organizing rock ’n’ roll wine drinking events to growing vegetables- http://nyti.ms/4Dls50,17205623,rock-paper-scissors; also used for a kick to the groin,humor,article_sharing,false,Manual override -> article_sharing
roshambo,8132468811,2010-01-24,"@spencerobrien no problem!! I'm
Watching roshambo right now hella sick. Hopefully I can be as good as you ;-)",104302973,rock-paper-scissors; also used for a kick to the groin,humor,sports_discussion,false,Manual override -> sports_discussion
roshambo,8142817367,2010-01-24,Epic roshambo to the death at work.,28054326,rock-paper-scissors; also used for a kick to the groin,humor,commenting,false,
roshambo,8151969920,2010-01-24,"you should try the 2005 roshambo zinfandel, it is divine. (thanks @northrup) #wine",11320032,rock-paper-scissors; also used for a kick to the groin,humor,food_related,false,Manual override -> food_related
roshambo,8158206035,2010-01-24,@ladycdopest SO lets GOO ! LETS ROSHAMBO!,26900954,rock-paper-scissors; also used for a kick to the groin,humor,casual_conversation,false,
roshambo,8163166040,2010-01-24,Curious about whatever happened to Roshambo wines?  Check it out: http://bit.ly/548zYE ^JG,44571828,rock-paper-scissors; also used for a kick to the groin,humor,article_sharing,false,Manual override -> article_sharing
roshambo,8164825744,2010-01-24,Skyline 14 roshambo beat mad frog in 3 to continue onto the finals at tour of texas.  First time to beat them in 2 years :-D,37301150,rock-paper-scissors; also used for a kick to the groin,humor,sports_discussion,false,Manual override -> sports_discussion
roshambo,8164847425,2010-01-24,Go makayla and 14 roshambo!!,37301150,rock-paper-scissors; also used for a kick to the groin,humor,sports_discussion,false,Manual override -> sports_discussion
roshambo,8170914324,2010-01-25,@king_nothing91 hassan would you like a game of roshambo?,69351710,rock-paper-scissors; also used for a kick to the groin,humor,casual_conversation,false,
roshambo,8172552731,2010-01-25,This game was not scheduled with our kids bedtime in mind. TIme to play roshambo for tuck in duties. My money is on OhCountess.,15069824,rock-paper-scissors; also used for a kick to the groin,humor,commenting,false,
roshambo,8394064548,2010-01-30,"we just roshambo'd to see who had to stay late while my boss ""used the potty"". i won and gtfo",25628410,rock-paper-scissors; also used for a kick to the groin,humor,commenting,false,
roshambo,8428431760,2010-01-30,@roshambo high brew,16400156,rock-paper-scissors; also used for a kick to the groin,humor,casual_conversation,false,Manual override -> casual_conversation
roshambo,8430269602,2010-01-30,@roshambo you mean a DouBag?,15292051,rock-paper-scissors; also used for a kick to the groin,humor,casual_conversation,false,Manual override -> casual_conversation
roshambo,8468270263,2010-01-31,"I got a game...... ""Roshambo"" -but I go first..... :-)",22319859,rock-paper-scissors; also used for a kick to the groin,humor,humor,false,
roshambo,8475788231,2010-02-01,@alyankovic damn! Of all the luck. You two should have an epic roshambo battle to see who needs to change outfits.,35815235,rock-paper-scissors; also used for a kick to the groin,humor,casual_conversation,false,
roshambo,8489420595,2010-02-01,@roshambo what? Again???,19808438,rock-paper-scissors; also used for a kick to the groin,humor,casual_conversation,false,
roshambo,8504447454,2010-02-01,Mondays are like losing a game of roshambo to a field kicker.,62827741,rock-paper-scissors; also used for a kick to the groin,humor,commenting,false,
roshambo,8505642179,2010-02-01,"@MargoEve @sarystarlight Strip Settlers of Catan is one of my routine suggestions. Also, where are Roshambo, Connect Four, and Pandemic?",13449942,rock-paper-scissors; also used for a kick to the groin,humor,gaming,false,Manual override -> gaming
roshambo,8546115151,2010-02-02,made a new lol 'Never play E-mail Roshambo' http://twlol.com/tw/?6668315 #lol #ichc,14284744,rock-paper-scissors; also used for a kick to the groin,humor,meme_reference,false,Manual override -> meme_reference
roshambo,8553184767,2010-02-02,THIS WEEK -- Wednesday - Quiz Night -- Thursday - Roshambo -- Friday - Disco Night with DJ Steve -- Saturday -... http://bit.ly/bIhqHb,92957206,rock-paper-scissors; also used for a kick to the groin,humor,advertising_spam,false,Manual override -> advertising_spam
roshambo,8562531383,2010-02-02,I vote for @bubblybex for a Shorty Award in #health because she wants to go to NY innit. & she'll #kickcancer roshambo http://bit.ly/shorty,19523634,rock-paper-scissors; also used for a kick to the groin,humor,advertising_spam,false,Manual override -> advertising_spam
roshambo,8568269503,2010-02-03,PHPVille almost released today - Philip Olson http://blog.roshambo.org/archives/PHPVille-almost-released-today.html,26628904,rock-paper-scissors; also used for a kick to the groin,humor,technology_discussion,false,Manual override -> technology_discussion
roshambo,8568341511,2010-02-03,i'll roshambo you for it!,23138326,rock-paper-scissors; also used for a kick to the groin,humor,commenting,false,
roshambo,8569395939,2010-02-03,"My #ShoulderDevil wants to start tweeting fake Lost spoilers. Fortunately, my #ShoulderAngel usually wins the roshambo.",16440848,rock-paper-scissors; also used for a kick to the groin,humor,commenting,false,
roshambo,8680853015,2010-02-05,"I went and invented a new variant of Roshambo we'll call ""Rock, Thumbtip, 7,000 RPM CPU Fan"". -Dan Martinez #quote",98727460,rock-paper-scissors; also used for a kick to the groin,humor,commenting,false,
roshambo,8685842143,2010-02-05,RT @deerinwater Roshambo Superbowl Weekend begins tonight at 7. wohooooo!,17984730,rock-paper-scissors; also used for a kick to the groin,humor,advertising_spam,false,Manual override -> advertising_spam
roshambo,8696555931,2010-02-05,@AJxxx_ I insist you roshambo him immediately.,31514767,rock-paper-scissors; also used for a kick to the groin,humor,casual_conversation,false,
roshambo,8696661071,2010-02-05,"BMA nominees Roshambo at KJ's, Destin, tonight & Sat. (850) 837-8725 http://bit.ly/9gd6Fg",25727365,rock-paper-scissors; also used for a kick to the groin,humor,advertising_spam,false,Manual override -> advertising_spam
roshambo,8700349463,2010-02-06,"""Long may you loaf."" * snapshot of Spock throwing the shocker as Kirk throws blood * #roshambo",7483862,rock-paper-scissors; also used for a kick to the groin,humor,commenting,false,
roshambo,9308914821,2010-02-19,One part in roshambo sounds like someone dying..or choking on a hairball xD but I love it still,61100924,rock-paper-scissors; also used for a kick to the groin,humor,music_discussion,false,Manual override -> music_discussion
roshambo,9315818094,2010-02-19,love that song &lt;3 RT @Radioactivity89: d^.^b roshambo,17764319,rock-paper-scissors; also used for a kick to the groin,humor,music_discussion,false,Manual override -> music_discussion
roshambo,9316781438,2010-02-19,Bananagramming at game night with @catzo @roshambo @ninjakickflip @p_licious   Helen — at Roshambo HQ http://gowal.la/s/2UTV,15292051,rock-paper-scissors; also used for a kick to the groin,humor,casual_conversation,false,Manual override -> casual_conversation
roshambo,10101560965,2010-03-07,Oh man.. RT @Jesus Enjoying a glass of Roshambo. Reminds me of family.,19356814,rock-paper-scissors; also used for a kick to the groin,humor,humor,false,Manual override -> humor
roshambo,10101728314,2010-03-07,RT @jesus: Enjoying a glass of Roshambo. Reminds me of family.,25304698,rock-paper-scissors; also used for a kick to the groin,humor,article_sharing,false,Manual override -> article_sharing
roshambo,10103191378,2010-03-07,I'm waiting for a TV channel (most probably will be TLC or FOX) :) to announce the reality show ROSHAMBO KINGS! http://bit.ly/dntFRk,8607082,rock-paper-scissors; also used for a kick to the groin,humor,article_sharing,false,
roshambo,10104339859,2010-03-07,@lonewolfrepose Jesus can't he said he'll be busy drinking Roshambo,14747862,rock-paper-scissors; also used for a kick to the groin,humor,humor,false,Manual override -> humor
roshambo,10105864062,2010-03-07,"Captain's Log: Day 271, 5. I am roshambo champion",31230116,rock-paper-scissors; also used for a kick to the groin,humor,commenting,false,
roshambo,10105872371,2010-03-07,I just won my first game in Roshambo Online by PlayMesh! @ http://bit.ly/9OS6iV,75323664,rock-paper-scissors; also used for a kick to the groin,humor,gaming,false,Manual override -> gaming
roshambo,10121397302,2010-03-07,16.2 beat Skyline Roshambo 2 in game 1!,84725868,rock-paper-scissors; also used for a kick to the groin,humor,sports_discussion,false,Manual override -> sports_discussion
roshambo,10127886129,2010-03-07,Become a fan of my company...Roshambo Films on Facebook! Yay! www.facebook.com/roshambofilms,9380902,rock-paper-scissors; also used for a kick to the groin,humor,advertising_spam,false,Manual override -> advertising_spam
roshambo,10127922780,2010-03-07,Become a fan of Roshambo Films on Facebook! Yay! www.facebook.com/roshambofilms,75698802,rock-paper-scissors; also used for a kick to the groin,humor,advertising_spam,false,Manual override -> advertising_spam
roshambo,10135340145,2010-03-07,"No complaints! RT @roshambo Stuck in a taxicab with @rachelmusicquiz, two ginger iced teas, twelve steamed buns, and thirty-two dumplings.",15292051,rock-paper-scissors; also used for a kick to the groin,humor,casual_conversation,false,
roshambo,10240923435,2010-03-09,Roshambo: The adult way to make all major life decisions.,18698092,rock-paper-scissors; also used for a kick to the groin,humor,commenting,false,
roshambo,10241233848,2010-03-09,@D_Zaster That's Roshambo.,108513084,rock-paper-scissors; also used for a kick to the groin,humor,casual_conversation,false,
roshambo,10243890064,2010-03-09,"I &lt;3 Dropbox already, definitely need more space! RT @roshambo “psshh...i eat 2 gigs for breakfast” —@rachelmusicquiz",15292051,rock-paper-scissors; also used for a kick to the groin,humor,casual_conversation,false,Manual override -> casual_conversation
roshambo,10253160245,2010-03-10,"I am listening to Bayside - Roshambo (Rock, Paper, Scissors) bitchhess",22199336,rock-paper-scissors; also used for a kick to the groin,humor,music_discussion,false,Manual override -> music_discussion
roshambo,10253534867,2010-03-10,Someone totally roshambo'd me on ebay.,109183700,rock-paper-scissors; also used for a kick to the groin,humor,commenting,false,
roshambo,10686379103,2010-03-18,"hey, @klwines You still have 2006 Roshambo ""Justice"" Dry Creek Valley Syrah laying in stock? #greatdeal",39291662,rock-paper-scissors; also used for a kick to the groin,humor,food_related,false,Manual override -> food_related
roshambo,10686437641,2010-03-18,"Yes! http://bit.ly/a7Ws92RT @MatthewKlekner: hey, @klwines u still have 2006 Roshambo ""Justice"" Dry Creek Valley Syrah  in stock? #greatdeal",28356865,rock-paper-scissors; also used for a kick to the groin,humor,food_related,false,Manual override -> food_related
roshambo,10697861959,2010-03-19,"@websoup Finally, footage of the mythical ""Dick Cheney Roshambo"".",7725462,rock-paper-scissors; also used for a kick to the groin,humor,casual_conversation,false,
roshambo,10698132315,2010-03-19,"""Wonder twin powers activate!"" -@roshambo",15292051,rock-paper-scissors; also used for a kick to the groin,humor,casual_conversation,false,Manual override -> casual_conversation
roshambo,10710271039,2010-03-19,@roshambo bananagrams are the business.,20012130,rock-paper-scissors; also used for a kick to the groin,humor,casual_conversation,false,Manual override -> casual_conversation
roshambo,10724189204,2010-03-19,R U a rock-paper-scissors superstar?  Prove it at the @iowaenergy ROSHAMBO tourney Sat!  Over $1k in prizes. $14 for ticket & entry.,19007440,rock-paper-scissors; also used for a kick to the groin,humor,sports_discussion,false,Manual override -> sports_discussion
roshambo,10724883414,2010-03-19,RT @iowaenergy R U a rock-paper-scissors superstar? Prove it @iowaenergy ROSHAMBO tourney Sat! Over $1k in prizes. $14 for ticket & entry.,14638346,rock-paper-scissors; also used for a kick to the groin,humor,sports_discussion,false,Manual override -> sports_discussion
roshambo,11292811476,2010-03-30,@roshambo we sure do. Took 4 hours to install but it's pretty damn cool.,10002452,rock-paper-scissors; also used for a kick to the groin,humor,technology_discussion,false,Manual override -> technology_discussion
roshambo,11326979841,2010-03-30,the network roshambo #nowplaying,57042888,rock-paper-scissors; also used for a kick to the groin,humor,music_discussion,false,Manual override -> music_discussion
roshambo,11346150721,2010-03-31,"I posted 6 photos on Facebook in the album ""Staff of RoShambo ~"" http://bit.ly/bSvyZm",53017933,rock-paper-scissors; also used for a kick to the groin,humor,article_sharing,false,Manual override -> article_sharing
roshambo,11355596618,2010-03-31,only #killyourself if your @dolcevitaa_ and u spit on ppl at people at parties and  u go to roshambo and take a small bus with a helmet lol,36903953,rock-paper-scissors; also used for a kick to the groin,humor,casual_conversation,false,
roshambo,11389858719,2010-03-31,@roshambo i'm tweeting with all you twits now!,128352020,rock-paper-scissors; also used for a kick to the groin,humor,casual_conversation,false,
roshambo,11498545578,2010-04-02,Holy cock I'm totally going to roshambo my asshat boss today,7923392,rock-paper-scissors; also used for a kick to the groin,humor,commenting,false,
roshambo,11501377982,2010-04-02,Ry roshambo script just threw scissors ten times in a row. This is an omen.,79607018,rock-paper-scissors; also used for a kick to the groin,humor,commenting,false,
roshambo,11502740039,2010-04-02,"Today, i beat mr.fritz horribly in roshambo!",44232056,rock-paper-scissors; also used for a kick to the groin,humor,commenting,false,
roshambo,11502826929,2010-04-02,@lggarrison @dkr & @roshambo thank you for your comments. I'll stick with Things. I jst. wish it was easier to sync between iphone and comp.,9979582,rock-paper-scissors; also used for a kick to the groin,humor,technology_discussion,false,Manual override -> technology_discussion
roshambo,11503248918,2010-04-02,RT @mantwan: @lggarrison @dkr & @roshambo thank you for your comments. I'll stick with Things. I jst. wish it w... http://bit.ly/csH5L1,25321309,rock-paper-scissors; also used for a kick to the groin,humor,technology_discussion,false,Manual override -> technology_discussion
roshambo,11510390646,2010-04-03,"@stephheartsGD yeaah!!..my favs songs are roshambo, money money 2020 nd hungry hungry models!!!.. what about u??!! :)",57042888,rock-paper-scissors; also used for a kick to the groin,humor,music_discussion,false,Manual override -> music_discussion
roshambo,11510518549,2010-04-03,Hey! 10pm! Lakeview! Studio BE! Roshambo theaters first production! I am in it,19662919,rock-paper-scissors; also used for a kick to the groin,humor,advertising_spam,false,Manual override -> advertising_spam
roshambo,11516690025,2010-04-03,@roshambo how come you're not in the air right now?! #VirginFridays,20012130,rock-paper-scissors; also used for a kick to the groin,humor,casual_conversation,false,Manual override -> casual_conversation
roshambo,11522979808,2010-04-03,at least there's 7 more shows for you to all catch! ..The L & L with the RoShamBo crew afterwards was great,27055225,rock-paper-scissors; also used for a kick to the groin,humor,casual_conversation,false,Manual override -> casual_conversation
roshambo,11525287417,2010-04-03,"http://gempor.com/2745 Thugs&#038;Bowmen. 
A game of logic based on the rules of Roshambo and in the same strain as Mastermind.
... Play ...",96299856,rock-paper-scissors; also used for a kick to the groin,humor,gaming,false,Manual override -> gaming
roshambo,11787486334,2010-04-07,MIO DIO was proud to create the headpiece worn by our very good friend Stay-c in the debut production from RoShamBo... http://bit.ly/bTqzQw,61634466,rock-paper-scissors; also used for a kick to the groin,humor,advertising_spam,false,Manual override -> advertising_spam
roshambo,12496166836,2010-04-20,@MusicSavesLives #musicmonday 1. 'Roshambo' by The Network  2. And I'm O Negative. : ),25951691,rock-paper-scissors; also used for a kick to the groin,humor,music_discussion,false,Manual override -> music_discussion
roshambo,12723172452,2010-04-23,Ratings rated Roshambo Winery red 2004 4 stars. - #wine http://winelog.net/dlixgb,15633410,rock-paper-scissors; also used for a kick to the groin,humor,food_related,false,Manual override -> food_related
roshambo,12726454747,2010-04-23,"@pickleloaf10 Gross-out or odd sure, but I heart Battle Beasts for simplicity & roshambo.",18663047,rock-paper-scissors; also used for a kick to the groin,humor,casual_conversation,false,
roshambo,12736212985,2010-04-24,@johncusack last wknd to take frndshp tour to RoShamBo production of Attack Ships on Fire! tell Mike Rose that Kari sent ya.,6149802,rock-paper-scissors; also used for a kick to the groin,humor,advertising_spam,false,Manual override -> advertising_spam
roshambo,12740688971,2010-04-24,"RT @KattyBlum: I went and invented a new variant of Roshambo we'll call ""Rock, Thumbtip, 7,000 RPM CPU Fan"". -Dan Martinez #quote",73069473,rock-paper-scissors; also used for a kick to the groin,humor,casual_conversation,false,
roshambo,12752270889,2010-04-24,"Canberra Heads we're heading your way on the 22nd of may... Playing with the homies D'opus n Roshambo, Social... http://bit.ly/cdiPNK",22324505,rock-paper-scissors; also used for a kick to the groin,humor,music_discussion,false,Manual override -> music_discussion
roshambo,12775204626,2010-04-24,"We're playing champions tonight with Roshambo and Animal Talent show. 9 start, free entry, I love your face.",85390534,rock-paper-scissors; also used for a kick to the groin,humor,music_discussion,false,Manual override -> music_discussion
roshambo,13002837793,2010-04-28,"@angjonesy @veribatim @markramsey @javifuentes @terrorscribe Ahhh, my friends. Roshambo rampage.",756034,rock-paper-scissors; also used for a kick to the groin,humor,casual_conversation,false,
roshambo,13016857672,2010-04-28,"When I got up this morning, had this word running through my head...Roshambo.. No idea why. Finally googled it... Wish I hadn't, now",4581761,rock-paper-scissors; also used for a kick to the groin,humor,commenting,false,
roshambo,13022005282,2010-04-28,RT @JoseCanseco: I bet I can beat u in almost any sport who wants to challenge me&lt; I challenge u to a game of Roshambo..I go 1st,66025579,rock-paper-scissors; also used for a kick to the groin,humor,casual_conversation,false,
roshambo,13044992446,2010-04-29,"Hahaha ufc hick from season five says ""he pulled the old roshambo on us. Who says that?",137403233,rock-paper-scissors; also used for a kick to the groin,humor,commenting,false,
roshambo,13049812409,2010-04-29,D'OPUS &amp; ROSHAMBO COME FIND OUT TOUR MAY 2010: http://wp.me/pPTTk-13,23708483,rock-paper-scissors; also used for a kick to the groin,humor,advertising_spam,false,Manual override -> advertising_spam
roshambo,13053035231,2010-04-29,Does your Color need a kick start.... REV it up at RoShamBo ! http://bit.ly/bt7D7T,53017933,rock-paper-scissors; also used for a kick to the groin,humor,fashion_beauty,false,Manual override -> fashion_beauty
roshambo,13297319432,2010-05-03,@punky_moz Indeed! nice choice. Roshambo is the brother of a former workmate!,14359184,rock-paper-scissors; also used for a kick to the groin,humor,casual_conversation,false,Manual override -> casual_conversation
roshambo,13303418240,2010-05-03,"Yu kno yu a skater wen yu do ""roshambo"" for everything",54519822,rock-paper-scissors; also used for a kick to the groin,humor,commenting,false,
roshambo,13303794701,2010-05-03,"plays Dust Tones presents D'Opus & Roshambo this Friday night with D'Opus & Roshambo, and long time affilate Scott... http://bit.ly/97ame3",19284578,rock-paper-scissors; also used for a kick to the groin,humor,music_discussion,false,Manual override -> music_discussion
roshambo,13303817894,2010-05-03,"206collab plays Dust Tones presents D'Opus & Roshambo this Friday night with D'Opus  & Roshambo, and long time... http://bit.ly/chZqtL",19284578,rock-paper-scissors; also used for a kick to the groin,humor,music_discussion,false,Manual override -> music_discussion
roshambo,13312520208,2010-05-03,"American Crew work from Karsh \ Hagan, The1stMovement and Roshambo Films in The Denver Egotist: http://tiny.cc/0m5rp",14884993,rock-paper-scissors; also used for a kick to the groin,humor,article_sharing,false,Manual override -> article_sharing
roshambo,13314502692,2010-05-03,Come out and party with us Wednesday for a Cinco de Mayo Bash! Dead Man's Grill w/ Fire In The Asylum & RoShamBo @ The … http://lnk.ms/8cmvx,43892799,rock-paper-scissors; also used for a kick to the groin,humor,advertising_spam,false,Manual override -> advertising_spam
roshambo,13319422840,2010-05-03,"American Crew work from Karsh\Hagan, The1stMovement and Roshambo Films in The Denver Egotist: http://tiny.cc/0m5rp RT @coreynhayes",20302358,rock-paper-scissors; also used for a kick to the groin,humor,article_sharing,false,Manual override -> article_sharing
roshambo,13325652586,2010-05-03,"@alikat2k Just don't be a rock about it, but start playing roshambo",800280,rock-paper-scissors; also used for a kick to the groin,humor,casual_conversation,false,
roshambo,13325902218,2010-05-03,"Check out segments from ""Roshambo"" that I scored with John Hunter at the LLS fb site: http://www.facebook.com/#!/group.php?gid=126496372148",43830107,rock-paper-scissors; also used for a kick to the groin,humor,article_sharing,false,Manual override -> article_sharing
roshambo,13334715014,2010-05-04,http://twitpic.com/1kh6ej - Thanks KZFR! *Proud ROSHAMBO winner* I love my prizes - especially the Japanese Mapl,14347856,rock-paper-scissors; also used for a kick to the groin,humor,article_sharing,false,
roshambo,14277561829,2010-05-19,I was at the club last weekend & roshambo'd with my wingman to see who would take #theuglyfriend. I lost but she was easy and liked diapers.,109915072,rock-paper-scissors; also used for a kick to the groin,humor,humor,false,Manual override -> humor
roshambo,14301871548,2010-05-19,I just reached a rating of 1662 in Roshambo in ALL-IN-1 Games by PlayMesh! @ http://bit.ly/aCSZw6,71028060,rock-paper-scissors; also used for a kick to the groin,humor,article_sharing,false,
roshambo,14312121252,2010-05-19,"Ep 9 of @poker2nite was pretty good, @joesebok & @RafeFurst tangle in a little Roshambo, loser to dress in drag at WSOP http://ht.ly/1NhdE",17998220,rock-paper-scissors; also used for a kick to the groin,humor,article_sharing,false,
roshambo,14315611765,2010-05-19,I just won my first game in Roshambo in ALL-IN-1 Games by PlayMesh! @ http://bit.ly/aCSZw6,86609110,rock-paper-scissors; also used for a kick to the groin,humor,article_sharing,false,
roshambo,16359091270,2010-06-17,"En route to Canberra. Transit Bar tonight with @Mphazes, D'Opus & Roshambo and Raw City Ruckas.. Yeaaa boyee",22600024,rock-paper-scissors; also used for a kick to the groin,humor,casual_conversation,false,
roshambo,16362338912,2010-06-17,"RT @illyal: En route to Canberra. Transit Bar tonight with @Mphazes, D'Opus & Roshambo and Raw City Ruckas.. Yeaaa boyee",21946103,rock-paper-scissors; also used for a kick to the groin,humor,casual_conversation,false,
roshambo,16403253111,2010-06-17,"ROSHAMBO @ 10 tonight, no cover....need I say more?! http://fb.me/Cnyhqz6M",48849973,rock-paper-scissors; also used for a kick to the groin,humor,article_sharing,false,
roshambo,16424478862,2010-06-17,so me and samir did roshambo and its been decided....... im making a facebook,41904750,rock-paper-scissors; also used for a kick to the groin,humor,commenting,false,
roshambo,16429801156,2010-06-18,@Jargan @tonyamezrich @benmezrich here we go bitches!! @DanaBrunetti perfect timing. Door shutting on plane now! Phooy. Go Celts-Roshambo!,37511936,rock-paper-scissors; also used for a kick to the groin,humor,casual_conversation,false,
roshambo,16438397585,2010-06-18,Headed west of Bowery and north of Houston for a @roshambo rendezvous.  Very unlike us.,15292051,rock-paper-scissors; also used for a kick to the groin,humor,casual_conversation,false,
roshambo,18159948182,2010-07-10,"RT @andyclemmensen: short stack wankers"" . . . lucky I have alot of friends who are keen to roshambo woo epic noght",112651895,rock-paper-scissors; also used for a kick to the groin,humor,casual_conversation,false,
roshambo,18414367315,2010-07-13,Just had yummy fish at Weird Fish on Mission. Love the Roshambo wine and veggies! #sf,20006259,rock-paper-scissors; also used for a kick to the groin,humor,commenting,false,
roshambo,18415845573,2010-07-13,TOP PICK -- http://schmap.it/o1DFiv - Just had yummy fish at Weird Fish on Mission. Love the Roshambo wine and veggie... (by @rachelznerold),40020840,rock-paper-scissors; also used for a kick to the groin,humor,article_sharing,false,
roshambo,18428941374,2010-07-13,Life is playing a game of roshambo with me at the moment,20038110,rock-paper-scissors; also used for a kick to the groin,humor,commenting,false,
roshambo,18432842865,2010-07-13,@RobertJoya of course I will get up muahahahahahahaa jokes on you! I have no balls for you to kicketh me in... Oh wait.. Let's play roshambo,31156750,rock-paper-scissors; also used for a kick to the groin,humor,casual_conversation,true,"Irony audit: Roshambo line is overt playful banter, not literal."
roshambo,18446287629,2010-07-13,#nowplaying The Network - Roshambo,85671132,rock-paper-scissors; also used for a kick to the groin,humor,music_discussion,false,
roshambo,18963650915,2010-07-20,@roshambo it's on the house,1710401,rock-paper-scissors; also used for a kick to the groin,humor,casual_conversation,false,
roshambo,18971048740,2010-07-20,@ghostbot The new stuff looks great! Especially the Roshambo trailer! See ya there!,85250140,rock-paper-scissors; also used for a kick to the groin,humor,casual_conversation,false,
roshambo,18997750772,2010-07-20,"@_iain_ @stimhambo Ahh, the classic Roshambo. I tip my hat to you sir, a fine choice. http://bit.ly/M4Awb",18201016,rock-paper-scissors; also used for a kick to the groin,humor,article_sharing,false,
roshambo,19029046913,2010-07-20,"and tonight is #PubTrivia  The team shall rise again, we have not won in 2 weeks (we did tie for 1st last week, and loose in the #roshambo)",23863419,rock-paper-scissors; also used for a kick to the groin,humor,commenting,false,
roshambo,19866832613,2010-07-30,"@RickTM great...now we have to roshambo for it. thanks a lot, rick.",20984534,rock-paper-scissors; also used for a kick to the groin,humor,humor,false,
roshambo,20319564637,2010-08-04,RT @Miguel_RoShamBo: The Wii sucks ass.,164870551,rock-paper-scissors; also used for a kick to the groin,humor,casual_conversation,false,
roshambo,20321162314,2010-08-04,"This is how you SHUT DOWN Rock, Paper, Scissors! Roshambo Strategy via GEARFUSE.com http://post.ly/qEhZ",44617797,rock-paper-scissors; also used for a kick to the groin,humor,article_sharing,false,
roshambo,20339372059,2010-08-04,they totally documented my Rock Paper Scissors moves!! This is why I call myself a roshambo strategist... http://budurl.com/qlss,113288623,rock-paper-scissors; also used for a kick to the groin,humor,article_sharing,false,
roshambo,22417102597,2010-08-29,@roshambo_ but i DO love them to death! ♥,25473511,rock-paper-scissors; also used for a kick to the groin,humor,casual_conversation,false,
roshambo,22417233848,2010-08-29,@roshambo_ anytime hun :),17728191,rock-paper-scissors; also used for a kick to the groin,humor,casual_conversation,false,
roshambo,22419023045,2010-08-29,@roshambo_ dinner is taking way longer than i thought...,17728191,rock-paper-scissors; also used for a kick to the groin,humor,casual_conversation,false,
roshambo,22419957005,2010-08-29,"Seriously dudes, take it from me.. You need to follow these people @roshambo_ @MangoTango5000 @Blood_Sex_Booze",17728191,rock-paper-scissors; also used for a kick to the groin,humor,casual_conversation,false,
roshambo,22420044465,2010-08-29,"&lt;3 ILUUU RT @__Spike: Seriously dudes, take it from me.. You need to follow these people @roshambo_ @MangoTango5000 @Blood_Sex_Booze",17482323,rock-paper-scissors; also used for a kick to the groin,humor,casual_conversation,false,
roshambo,22420135155,2010-08-29,"@roshambo_ i love YOU too &lt;3 Not gonna lie, I'm so proud of being a #GreenDay fan.",25473511,rock-paper-scissors; also used for a kick to the groin,humor,casual_conversation,false,
roshambo,22420258281,2010-08-29,"RT @Blood_Sex_Booze: &lt;3 ILUUU RT @__Spike: Seriously dudes, take it from me.. You need to follow these people @roshambo_ @MangoTango5 ...",17728191,rock-paper-scissors; also used for a kick to the groin,humor,casual_conversation,false,
roshambo,22420376214,2010-08-29,@roshambo_ *sings* We're the stories and disciples of the Jesus of Suburbia ♥,25473511,rock-paper-scissors; also used for a kick to the groin,humor,casual_conversation,false,
roshambo,22420414514,2010-08-29,@roshambo_ You're welcome! Thanks for following back n_n,17482323,rock-paper-scissors; also used for a kick to the groin,humor,casual_conversation,false,
roshambo,22426819037,2010-08-29,"At some point today, something sucky is gonna roshambo me. I just know it.",29947442,rock-paper-scissors; also used for a kick to the groin,humor,humor,false,
roshambo,23191928487,2010-09-07,@roshambo_ know that pink and grey stripey hat i always wear?,17728191,rock-paper-scissors; also used for a kick to the groin,humor,casual_conversation,false,
roshambo,23193982778,2010-09-07,"@roshambo_ Grrr stupid phone didn't get it. Anyways, i think you can buy black and white ones xD i'm gonna make one from it",17728191,rock-paper-scissors; also used for a kick to the groin,humor,casual_conversation,false,
roshambo,23194131216,2010-09-07,@roshambo_ xD i will. Then i'll show you! Holy shit i'm nervous,17728191,rock-paper-scissors; also used for a kick to the groin,humor,casual_conversation,false,
roshambo,23194320152,2010-09-07,@roshambo_ &gt;.&lt; i hope so. I just hope i don't break anything,17728191,rock-paper-scissors; also used for a kick to the groin,humor,casual_conversation,false,
roshambo,23195278156,2010-09-07,RT @planetphp: 20 possible reasons why PHP function names and parameters are weird - Philip Olson http://blog.roshambo.org/?p=84,112066673,rock-paper-scissors; also used for a kick to the groin,humor,article_sharing,false,
roshambo,23195390289,2010-09-07,@Roshambo_ Hahahah oh yeah i'm sure that'll go down well. I'm sitting at a train station -.-,17728191,rock-paper-scissors; also used for a kick to the groin,humor,casual_conversation,false,
roshambo,23195539911,2010-09-07,@roshambo_ i took a 5 hour train once. It kinda sucked but i was with em so that made it fun.,17728191,rock-paper-scissors; also used for a kick to the groin,humor,casual_conversation,false,
roshambo,23195725582,2010-09-07,"@roshambo_ jesus christ, Fuck that. I Fucking hate the 15 minute train rides i take twice a day.",17728191,rock-paper-scissors; also used for a kick to the groin,humor,casual_conversation,false,
roshambo,23195833246,2010-09-07,@roshambo_ xD i just got a really cute text,17728191,rock-paper-scissors; also used for a kick to the groin,humor,casual_conversation,false,
roshambo,23195980536,2010-09-07,@roshambo_ guess xD,17728191,rock-paper-scissors; also used for a kick to the groin,humor,casual_conversation,false,
roshambo,24801644270,2010-09-17,"@Whippost @adelie42 Do we roshambo on who gets to be raped, just call dibs on raping/raper, or is it like Duck-Duck-Goose? Gon'-Get-Raped?",6459972,rock-paper-scissors; also used for a kick to the groin,humor,casual_conversation,false,
roshambo,24809575680,2010-09-18,Central Park Roshambo! RT @Jargan @tiffanydowd @tonyamezrich @benmezrich @danabrunetti Martha's Vineyard crew. Shall I bring croquet set?,37511936,rock-paper-scissors; also used for a kick to the groin,humor,casual_conversation,false,
roshambo,24831147764,2010-09-18,"Say ""Eye Do!"" to sexy lashes worth batting! $ 35.00 at RoShamBo Salon http://fb.me/JHelHq5L",53017933,rock-paper-scissors; also used for a kick to the groin,humor,article_sharing,false,
roshambo,24832762995,2010-09-18,I feel like kicking somebody in their crouch...Roshambo! Roshambo! Fuckkkkk!,21834439,rock-paper-scissors; also used for a kick to the groin,humor,commenting,false,
roshambo,24836329421,2010-09-18,"hello. i'm roshambo, AND IM A FUCKING POSTAL SLAPPER. — OH HAAAAAAAAI ROSHAMBO! I'M SPIKE. I'M A POSTAL SLAPPER TO… http://4ms.me/bPLbuN",17728191,rock-paper-scissors; also used for a kick to the groin,humor,article_sharing,false,
roshambo,24855937710,2010-09-18,@rdoolabh1 you can never have too much halo Roshambo!,40932350,rock-paper-scissors; also used for a kick to the groin,humor,casual_conversation,false,
roshambo,24868532396,2010-09-18,@Molson2009  walk up to the dad and roshambo him,23624477,rock-paper-scissors; also used for a kick to the groin,humor,casual_conversation,false,
roshambo,24868623306,2010-09-18,@sacca now im curious to see what a mean game of roshambo will stir up at the next bar...,14219617,rock-paper-scissors; also used for a kick to the groin,humor,casual_conversation,false,
roshambo,24869535011,2010-09-18,RT @jennlim @sacca now im curious to see what a mean game of roshambo will stir up at the next bar...,183504837,rock-paper-scissors; also used for a kick to the groin,humor,casual_conversation,false,
roshambo,24874112988,2010-09-18,"My wife has just quoted one of my boot camp petty officers, DC1 Walker, by saying that she was going to, ""Roshambo you in the chest.""",24443405,rock-paper-scissors; also used for a kick to the groin,humor,commenting,false,
roshambo,24890190924,2010-09-19,It's time for some RoShamBo!! (@ Log Cabin Dugout Bar) http://4sq.com/aOiLxE,8638132,rock-paper-scissors; also used for a kick to the groin,humor,article_sharing,false,
roshambo,25481799764,2010-09-25,#knoyouweakwhen yu playin roshambo for shotgunn .......hahah,72507450,rock-paper-scissors; also used for a kick to the groin,humor,commenting,false,
roshambo,25498191858,2010-09-25,Roshambo's dream just made my day x'),86147182,rock-paper-scissors; also used for a kick to the groin,humor,commenting,false,
roshambo,25510031730,2010-09-25,@jamesmb I reckon they should roshambo for it. http://bit.ly/aTDBTY,23353,rock-paper-scissors; also used for a kick to the groin,humor,article_sharing,false,
roshambo,25548032675,2010-09-26,I'm about to roshambo this guy for a finals ballot. I have a good guess as to who will win!,121290191,rock-paper-scissors; also used for a kick to the groin,humor,commenting,false,
roshambo,25555063219,2010-09-26,@_livvyd lol good xD i made you a 'roshambo Olivia danger' picture :),17728191,rock-paper-scissors; also used for a kick to the groin,humor,casual_conversation,false,
roshambo,25619346299,2010-09-26,"@shriker Yup, I'm one of the GoPets refugees, LOL. Roshambo and his family.",24392850,rock-paper-scissors; also used for a kick to the groin,humor,casual_conversation,false,Manual override -> casual_conversation
roshambo,25638193024,2010-09-27,Kat: Isn't Roshambo where you kick someone in the junk real hard. -- Me: No. It's rock paper scissors. ... Wow. I... wow,12844322,rock-paper-scissors; also used for a kick to the groin,humor,commenting,false,
roshambo,27270293736,2010-10-13,"@AnthonyRaneri (pop)ular science, landing feet first and roshambo for nyc?",17604569,rock-paper-scissors; also used for a kick to the groin,humor,casual_conversation,false,
roshambo,27270952020,2010-10-13,Who determines the order in which the miners come out? I'll be damned if I'm the last1 out. We'd be running Roshambo all day son! #justsayin,15078559,rock-paper-scissors; also used for a kick to the groin,humor,commenting,false,
roshambo,27274876445,2010-10-13,"Checking out ""Comedy Night @ BEX RoShamBo Lounge"" on ilivetodayav: http://ning.it/c6a0vc",125699054,rock-paper-scissors; also used for a kick to the groin,humor,article_sharing,false,
roshambo,27277126998,2010-10-13,I wonder how they decided who goes first? Rock paper Scissors? Roshambo? #chileanminers,146186547,rock-paper-scissors; also used for a kick to the groin,humor,commenting,false,
roshambo,27290621783,2010-10-14,"#myhomelesssignwouldsay ""i won this sign in a game of roshambo...i lost everything else in blackjack""",168287007,rock-paper-scissors; also used for a kick to the groin,humor,commenting,false,
roshambo,27301534390,2010-10-14,"Just looked up the proper spelling of ""Roshambo.""  I love that word.",8188962,rock-paper-scissors; also used for a kick to the groin,humor,commenting,false,
roshambo,27320276399,2010-10-14,"The Holidays are approaching! Are you knotty or Nice? If your knotty, call RoShamBo to get on Santa's good list ~ http://fb.me/HyIQHEXH",53017933,rock-paper-scissors; also used for a kick to the groin,humor,article_sharing,false,
roshambo,27323282015,2010-10-14,Roshambo' mp3 Green Day http://mp3eagle.com/roshambo_song2295408/,156940094,rock-paper-scissors; also used for a kick to the groin,humor,article_sharing,false,
roshambo,27747591851,2010-10-18,Klein and Weber just roshambo'd for first to go on D. #Preds #NHL,20416432,rock-paper-scissors; also used for a kick to the groin,humor,commenting,false,
roshambo,27747842464,2010-10-18,Ortmeyer and Smithson used to do the same thing before each game. RT @cellblock303 Klein and Weber just roshambo'd for first to go on D.,14593677,rock-paper-scissors; also used for a kick to the groin,humor,casual_conversation,false,
roshambo,28573444919,2010-10-24,Mer :( wishing my little RoShamBo ( @RoDanishei ) was old enough to come dance with me @AlisaPettigrove & @Coreybsaunders tonight!,29639633,rock-paper-scissors; also used for a kick to the groin,humor,casual_conversation,false,
roshambo,28575914907,2010-10-24,I'll RoShamBo you for it... http://ow.ly/2Ypuk,22181252,rock-paper-scissors; also used for a kick to the groin,humor,article_sharing,false,
roshambo,28599110696,2010-10-24,This ain't Roshambo RT @GiantsFanMan: #Phillies imply #sfGiants more lucky than good. Mebbe they would rather have a best of 9? of 11? 13?,60955037,rock-paper-scissors; also used for a kick to the groin,humor,casual_conversation,false,
roshambo,28739916578,2010-10-26,@CKinAZ I need him to not get roshambo'd or do the time warp on ice and miss games!,16302983,rock-paper-scissors; also used for a kick to the groin,humor,casual_conversation,false,
roshambo,28759203653,2010-10-26,"#canberraevents Nov  6, 2010: Liftoff at Eddison Park: DJ & Dance.
Featuring Roshambo, D'Opus and Paqman. http://bit.ly/a4wO0B",38138568,rock-paper-scissors; also used for a kick to the groin,humor,article_sharing,false,
roshambo,28776318931,2010-10-26,#uwascooluntil you cheated on my bestfriend. Now every time I see you I wanna roshambo you till u black out. #subtweet,196168923,rock-paper-scissors; also used for a kick to the groin,humor,commenting,false,
roshambo,28780117363,2010-10-26,A “life hacker” is selected by a game of Roshambo to travel the world http://goo.gl/fb/ltMTI,147451801,rock-paper-scissors; also used for a kick to the groin,humor,article_sharing,false,
roshambo,29545241741,2010-11-03,@TheRealTommyG we can roshambo ?? lol,22077224,rock-paper-scissors; also used for a kick to the groin,humor,casual_conversation,false,
roshambo,29545378866,2010-11-03,@Ryan_Fuerst lol roshambo for the mom cause she's more experienced or the daughter cause she's hotter? Hahaha,22966188,rock-paper-scissors; also used for a kick to the groin,humor,casual_conversation,true,Irony audit: Roshambo for the mom/daughter line is clearly joking.
roshambo,29584879913,2010-11-03,"In all seriousness, if #Dudley and #Kitzhaber tie, how is it settled? Roshambo? Thumb war? Free throw shooting contest? #ORElection",48065320,rock-paper-scissors; also used for a kick to the groin,humor,commenting,false,
roshambo,29598643831,2010-11-03,"@J_Brown99 Is ""Roshambo"" a noun or a verb?",23788615,rock-paper-scissors; also used for a kick to the groin,humor,casual_conversation,false,
roshambo,1028685616390144,2010-11-06,#thingsthatpissmeoff people who can't admit losses. especially when ischmack them in roshambo.,34446892,rock-paper-scissors; also used for a kick to the groin,humor,commenting,false,
roshambo,1028777240961024,2010-11-06,RT @12k4_Life: #thingsthatpissmeoff people who can't admit losses. especially when ischmack them in roshambo.,205590620,rock-paper-scissors; also used for a kick to the groin,humor,casual_conversation,false,
roshambo,979954615455745,2010-11-06,I just won my first game in Roshambo in All-in-1 Games by PlayMesh! Challenge me: 'derrickosis' @ http://bit.ly/bX2kBE,139238974,rock-paper-scissors; also used for a kick to the groin,humor,article_sharing,false,
roshambo,987577565839360,2010-11-06,"#jacc_norcal , ""dont rely on a magic 8 ball, flipping coin or  roshambo"" (rofl)",22522954,rock-paper-scissors; also used for a kick to the groin,humor,commenting,false,
roshambo,1075057514258432,2010-11-07,jus ran threw @dynamic_dj in roshambo...somebody should have warned this man but they didnt...NEXT!!!!!(method man voice),203896746,rock-paper-scissors; also used for a kick to the groin,humor,casual_conversation,false,
roshambo,1117096012423168,2010-11-07,"@swallowingstars WWJD? Either dob her into the Terrorism hotline, or, challenged her to a game of Roshambo.",14138022,rock-paper-scissors; also used for a kick to the groin,humor,casual_conversation,false,
roshambo,15453579494035456,2010-12-16,"@roshambo why thank you, kind sir!  good to be back, cold as it is..",5307,rock-paper-scissors; also used for a kick to the groin,humor,casual_conversation,false,
roshambo,15473523044646912,2010-12-16,Aaawwww. I just got destroyed in roshambo. I can never win that haha.,131714469,rock-paper-scissors; also used for a kick to the groin,humor,commenting,false,
roshambo,15493105386004480,2010-12-16,Lets Roshambo ts Saturday Saturday Saturday Land Ho! Harwich Port!!! Jay Frye's Birthday Show Extravaganza,141423730,rock-paper-scissors; also used for a kick to the groin,humor,commenting,false,
roshambo,15542307675701250,2010-12-16,@roshambo you're obviously not using the right kind of scotch.,20012130,rock-paper-scissors; also used for a kick to the groin,humor,casual_conversation,false,
roshambo,15575634470244352,2010-12-17,Roshambo - The Network,37649353,rock-paper-scissors; also used for a kick to the groin,humor,commenting,false,
roshambo,17469614619365376,2010-12-22,Gotta love when arguments @Pengillys are solved with roshambo!!,20285036,rock-paper-scissors; also used for a kick to the groin,humor,casual_conversation,false,
roshambo,17573889341136896,2010-12-22,Roshambo / Hey Humbug (via @ROSHAMBO_SWEDEN),48962163,rock-paper-scissors; also used for a kick to the groin,humor,casual_conversation,false,
roshambo,17648920410722304,2010-12-22,@Today_I_Saw I know! Tell that to @roshambo !,128352020,rock-paper-scissors; also used for a kick to the groin,humor,casual_conversation,false,
roshambo,17659567282331648,2010-12-22,The Network - Roshambo - http://ow.ly/1rYu0W,219770404,rock-paper-scissors; also used for a kick to the groin,humor,article_sharing,false,
roshambo,17716082890506240,2010-12-22,Ill roshambo you for it.,16908549,rock-paper-scissors; also used for a kick to the groin,humor,commenting,false,
roshambo,17744186052714496,2010-12-23,"@NatalioTabaco well, since its a roshambo, and you're going first; I'm wearin doc martens. #shitkickers",16908549,rock-paper-scissors; also used for a kick to the groin,humor,casual_conversation,false,
roshambo,20365168428974080,2010-12-30,Who wants to play Roshambo with me.... first one to cry wins!!!,184789201,rock-paper-scissors; also used for a kick to the groin,humor,commenting,false,
roshambo,20376442504220672,2010-12-30,Roshambo with @sanctifiedcyn on skype lol such fail,21616449,rock-paper-scissors; also used for a kick to the groin,humor,casual_conversation,false,
roshambo,20519973726191616,2010-12-30,"I love dinner with the best friends! We eat like pigs, the RoShamBo over who gets to throw up first! Good times.",100666056,rock-paper-scissors; also used for a kick to the groin,humor,commenting,false,
roshambo,20533520636055552,2010-12-30,"@rufo  @hiteak @nathos @davidlschafer I'll roshambo you for it, I go first...",15101175,rock-paper-scissors; also used for a kick to the groin,humor,humor,false,
roshambo,20577952139837440,2010-12-30,Street Fighter Roshambo! (girl vs boy): Street Fighter Roshambo! (girl vs boy)Source: www.youtube.comIn honor ... http://on.fb.me/gBN008,55493815,rock-paper-scissors; also used for a kick to the groin,humor,article_sharing,false,
roshambo,20704469121503232,2010-12-31,"2010 would probably rank lowest in the 'best years of my life' list. Let's bring on 2011 so I can roshambo with it, we'll see who wins!",121290191,rock-paper-scissors; also used for a kick to the groin,humor,commenting,false,
roshambo,20909632155291648,2010-12-31,Celebrating @roshambo's golden birthday. — at Golden Unicorn Restaurant http://gowal.la/c/3fxZ2,15292051,rock-paper-scissors; also used for a kick to the groin,humor,article_sharing,false,
roshambo,21005594286620672,2011-01-01,@purinkle well we're all being well behaved barring @neilcartwright3 giving @tharealdavids a #roshambo how about you,178189162,rock-paper-scissors; also used for a kick to the groin,humor,casual_conversation,false,Manual override -> casual_conversation
shart,7805224354,2010-01-15,I nominate @lilduval for a Shorty Award in #humor because...the nigga made me shart my self http://bit.ly/shorty,27236894,accidental fart-plus-shit event; to involuntarily defecate while farting,humor,humor,false,Manual override -> humor
shart,7805466994,2010-01-15,In a group room full of people n you fart thinking it's silent & you shart on yo self! #iwouldhatetobeyou,77428426,accidental fart-plus-shit event; to involuntarily defecate while farting,humor,humor,false,Manual override -> humor
shart,7806037448,2010-01-15,@Invitation0nLy lol u a fool jerky and mac and cheese don't even mix u gonna shart yaself,22429951,accidental fart-plus-shit event; to involuntarily defecate while farting,humor,casual_conversation,false,Manual override -> casual_conversation
shart,7807909954,2010-01-16,@MsKayLuv shart?,52579689,accidental fart-plus-shit event; to involuntarily defecate while farting,humor,commenting,false,Manual override -> commenting
shart,7809559770,2010-01-16,"RT @Aniviel: Yeah, I was googling pictures of sharks, and I accidentally typed ""shart."" Huge mistake",18204162,accidental fart-plus-shit event; to involuntarily defecate while farting,humor,technology_discussion,false,Manual override -> technology_discussion
shart,7811965726,2010-01-16,i wanna shart in ur mouth again @ToFly2bordinary,67443267,accidental fart-plus-shit event; to involuntarily defecate while farting,humor,humor,false,Manual override -> humor
shart,7812191898,2010-01-16,@KiKiCouture what do shart mean? :-?,92645409,accidental fart-plus-shit event; to involuntarily defecate while farting,humor,casual_conversation,false,Manual override -> casual_conversation
shart,7812213374,2010-01-16,RT @straightsixxent: @KiKiCouture what do shart mean? :-? &lt;&lt; a shart is when u fart and alittle bit of shit comes out :-X,67443267,accidental fart-plus-shit event; to involuntarily defecate while farting,humor,commenting,false,Manual override -> commenting
shart,7812229511,2010-01-16,RT @ToFly2BOrdinary: @KiKiCouture  What u wanna do in my mouth again . u perv .lol &lt;&lt;&lt; i'ma SHART in it ! if ur down ill even piss in it ;),67443267,accidental fart-plus-shit event; to involuntarily defecate while farting,humor,humor,false,Manual override -> humor
shart,7812542334,2010-01-16,Ol go grab some toilet paper cus ya booty loose #lookinass RT @KiKiCouture: i wanna shart in ur mouth again @ToFly2bordinary,28797294,accidental fart-plus-shit event; to involuntarily defecate while farting,humor,humor,false,Manual override -> humor
shart,8565374995,2010-02-03,These beans at moes look like a gigantic shart and @minnieinney is about to eat a shart lmao,73626238,accidental fart-plus-shit event; to involuntarily defecate while farting,humor,humor,false,Manual override -> humor
shart,8566510961,2010-02-03,@VanillyNYC just don't shart on me lmao,22106910,accidental fart-plus-shit event; to involuntarily defecate while farting,humor,casual_conversation,false,Manual override -> casual_conversation
shart,8567288863,2010-02-03,"Yes. And then some. What a nasty, nasty man. RT @buhbeesgirl: @shoewhoreninja did he shart?",48447396,accidental fart-plus-shit event; to involuntarily defecate while farting,humor,casual_conversation,false,Manual override -> casual_conversation
shart,8571120988,2010-02-03,@bgever Shart,14987772,accidental fart-plus-shit event; to involuntarily defecate while farting,humor,casual_conversation,false,Manual override -> casual_conversation
shart,8573109167,2010-02-03,i know you didnt just shart n try to play it of with a laugh #thisdateisover,43632782,accidental fart-plus-shit event; to involuntarily defecate while farting,humor,dating_context,false,Manual override -> dating_context
shart,8574977325,2010-02-03,if you shart at dinner #thedateisover lol,101654364,accidental fart-plus-shit event; to involuntarily defecate while farting,humor,humor,false,Manual override -> humor
shart,8578193208,2010-02-03,"Okay, I will let that slide. Literally. Yuck. RT @heatherkrotert: @dirtypreston Can I at least shart my pants over it?",10862672,accidental fart-plus-shit event; to involuntarily defecate while farting,humor,casual_conversation,false,
shart,8580451442,2010-02-03,@VanessaGeroux Oh duh. I keep forgetting there aren't that many episodes to shart with. Duh. Just ignore me...i'm sick and loopy.,52132833,accidental fart-plus-shit event; to involuntarily defecate while farting,humor,television_reference,false,Manual override -> television_reference
shart,8586023775,2010-02-03,#NowPlaying Arsonists Get All the Girls - Shat Shart Tart #Songbird,97940584,accidental fart-plus-shit event; to involuntarily defecate while farting,humor,music_discussion,false,Manual override -> music_discussion
shart,8587440428,2010-02-03,Shart Brown  #RejectedCrayolaColors,8646952,accidental fart-plus-shit event; to involuntarily defecate while farting,humor,humor,false,
shart,9290074065,2010-02-18,@thenaas shart or a full-on blowout?,17414973,accidental fart-plus-shit event; to involuntarily defecate while farting,humor,casual_conversation,false,Manual override -> casual_conversation
shart,9295387895,2010-02-18,#newcussword--Shart,26118432,accidental fart-plus-shit event; to involuntarily defecate while farting,humor,meme_reference,false,Manual override -> meme_reference
shart,9296833215,2010-02-18,Ellen white thought that snarf  was shart,82751416,accidental fart-plus-shit event; to involuntarily defecate while farting,humor,humor,false,
shart,9297154128,2010-02-18,#newcussword shart,3411361,accidental fart-plus-shit event; to involuntarily defecate while farting,humor,meme_reference,false,Manual override -> meme_reference
shart,9299268566,2010-02-18,LMFAO  DID U SHART ON URSELF? LMAOOO!~!,34152594,accidental fart-plus-shit event; to involuntarily defecate while farting,humor,humor,false,
shart,9299689143,2010-02-18,#newcussword SHART ; Shit & Fart ; Sentence; Wow! DId you just Shart on yourself???,34152594,accidental fart-plus-shit event; to involuntarily defecate while farting,humor,meme_reference,false,Manual override -> meme_reference
shart,9299722882,2010-02-18,RT @ItsDmoJones: #newcussword SHART ; Shit & Fart ; Sentence; Wow! DId you just Shart on yourself???,65928650,accidental fart-plus-shit event; to involuntarily defecate while farting,humor,meme_reference,false,Manual override -> meme_reference
shart,9302403071,2010-02-18,The Heligoats / Shart Attack / The Veins - http://fx.ly/a/43_876c81a181,106502664,accidental fart-plus-shit event; to involuntarily defecate while farting,humor,music_discussion,false,Manual override -> music_discussion
shart,9302710889,2010-02-18,Haha he said shart hahahaha,20134429,accidental fart-plus-shit event; to involuntarily defecate while farting,humor,humor,false,
shart,9303093632,2010-02-18,@DWiggles9 wuv you lil shart pants :),28417407,accidental fart-plus-shit event; to involuntarily defecate while farting,humor,casual_conversation,false,Manual override -> casual_conversation
shart,9304825008,2010-02-18,@ROCKSTEADYLA thanks:) that made me wet my pants in that good its not a shart kinda way.,1325411,accidental fart-plus-shit event; to involuntarily defecate while farting,humor,casual_conversation,false,
shart,9306741532,2010-02-18,@ivaniac @tepster that would be a shart,27734294,accidental fart-plus-shit event; to involuntarily defecate while farting,humor,casual_conversation,false,
shart,9531483419,2010-02-23,...lmao someone said adam's not very ~shart because he's okay with wearing fur? ok then,48234446,accidental fart-plus-shit event; to involuntarily defecate while farting,humor,commenting,false,Manual override -> commenting
shart,9531525800,2010-02-23,@ohalyssand would you classify~ adam as a shart?,48234446,accidental fart-plus-shit event; to involuntarily defecate while farting,humor,casual_conversation,false,Manual override -> casual_conversation
shart,9532452438,2010-02-23,RT @bo_knows24 I'm really about to shart ..lmfao bo! Hold it in! Run to the bathroom... @flyintrovert  see everyone does it lol,28123686,accidental fart-plus-shit event; to involuntarily defecate while farting,humor,casual_conversation,false,
shart,9534461416,2010-02-23,I wan burn down d house shaRT @wilso914: Wetin u cook nw RT @Aikhomu1: I am such a bad cook!,105902523,accidental fart-plus-shit event; to involuntarily defecate while farting,humor,casual_conversation,false,
shart,9535118095,2010-02-23,I may shart if I try and go out of the house!,55606279,accidental fart-plus-shit event; to involuntarily defecate while farting,humor,humor,false,
shart,9536620686,2010-02-23,omg its getting hot in florida now.... ready to shart wearin shorts so my legs can breathe!,41463315,accidental fart-plus-shit event; to involuntarily defecate while farting,humor,humor,false,
shart,9537762080,2010-02-23,i would fuckin shart myself lmao if i saw that picture.lmao  ahahahahahahahahahahah,31265244,accidental fart-plus-shit event; to involuntarily defecate while farting,humor,humor,false,
shart,9540507218,2010-02-23,"@Cdotstreetz ##firstdaterules ....lol n if u have 2 poot, hold it in 4 dear life...if u accidentally shart on urself its ##epicfail",76560910,accidental fart-plus-shit event; to involuntarily defecate while farting,humor,casual_conversation,false,
shart,9542576468,2010-02-23,@aquana just let rip dude. Unless you're worried you'll shart. Then don't.,18480050,accidental fart-plus-shit event; to involuntarily defecate while farting,humor,casual_conversation,false,
shart,9543127526,2010-02-23,@xyzealous no but your shart smells something fierce,23082583,accidental fart-plus-shit event; to involuntarily defecate while farting,humor,casual_conversation,false,
shart,9648166658,2010-02-25,"RT @lancearmstrong: Classy. RT @Vaughters: I taught my son the word ""shart"" today about 4 hrs after eating at Wendys. Ah, the joys of fa ...",18761548,accidental fart-plus-shit event; to involuntarily defecate while farting,humor,casual_conversation,false,
shart,9648254215,2010-02-25,@z_craftsman its funny cause i have a friend named sara hart and we all call her shart for obvious reasons.,117231983,accidental fart-plus-shit event; to involuntarily defecate while farting,humor,casual_conversation,false,
shart,9648777647,2010-02-25,"Big thanks for the new word of the day (and laugh!) from @vaughters via @lancearmstrong about ""shart"". Very nice, gentlemen. Very nice. LOL!",62589016,accidental fart-plus-shit event; to involuntarily defecate while farting,humor,casual_conversation,false,
shart,9650299421,2010-02-26,@faifers81 I am soooo going to kick you & @green_weem 's asses!!! You & your sugar highs making my cat shart himself & tearing up the house!,31274837,accidental fart-plus-shit event; to involuntarily defecate while farting,humor,casual_conversation,false,
shart,9651754115,2010-02-26,"The shit talkin is getting thick on the ride back. Top of the Sharts:
1 Shart Week on Dooscovery
2 Owner of a Lonely Shart
3 Shart Cathedral",33478231,accidental fart-plus-shit event; to involuntarily defecate while farting,humor,humor,false,
shart,9652191168,2010-02-26,"Me: ""stop b4 u shart!"" and @kweezy2009 just told me, ""Shut up erika you don't know that girls shituation!"" LOL",110587876,accidental fart-plus-shit event; to involuntarily defecate while farting,humor,casual_conversation,false,
shart,9652931992,2010-02-26,"@FatboyRoberts That's ""Peanut Duck Shart,"" sir!",13102262,accidental fart-plus-shit event; to involuntarily defecate while farting,humor,casual_conversation,false,
shart,9654212156,2010-02-26,"Top of the Sharts:
1 Shart Week on Dooscovery
2 Owner of a Lonely Shart
3 Shart Cathedral
#shart",33478231,accidental fart-plus-shit event; to involuntarily defecate while farting,humor,humor,false,
shart,9655498283,2010-02-26,"Thanks Redken for ""Shart""ing all over my first deal sheet! HAHAHA Gotta love typos that are dirty!!!",30762568,accidental fart-plus-shit event; to involuntarily defecate while farting,humor,humor,false,
shart,9658373442,2010-02-26,@jlee467 superman wears my panties and sniffs amies shart panties with kharas panties on his head,23082583,accidental fart-plus-shit event; to involuntarily defecate while farting,humor,casual_conversation,false,
shart,10231994845,2010-03-09,Patton Oswalt is writing a Serenity/ Firefly comic?  I think I would rather shart blood than read that.,16152958,accidental fart-plus-shit event; to involuntarily defecate while farting,humor,humor,false,
shart,10233607031,2010-03-09,BOY-I can kiss without touch ur lips.GIRL-U can't. BOY-Lagi 20rs ki shart. GIRL-Ok Boy kises girl tightly. GIRL-U touched. BOY-Ye le 20rs.,118812139,accidental fart-plus-shit event; to involuntarily defecate while farting,humor,humor,false,
shart,10248786078,2010-03-10,RT @Reek253: #iwillnever shart in my pants again&lt;--eww reek #wheretheydodat?,36220934,accidental fart-plus-shit event; to involuntarily defecate while farting,humor,casual_conversation,false,
shart,10251981414,2010-03-10,@ijustine http://twitpic.com/17n9m7 - looks like you just did a shart.,22103290,accidental fart-plus-shit event; to involuntarily defecate while farting,humor,casual_conversation,false,
shart,10253437258,2010-03-10,Shart I am watching little miss perfect. (Sigh) it's like crack. Really...only if I knew what that was like then I could compare.,23597194,accidental fart-plus-shit event; to involuntarily defecate while farting,humor,humor,false,
shart,10253498417,2010-03-10,One lucky reader can win two @cafepress tees on my blog! You can pick any tee you want! I went the classy route and went with a shart theme.,47650475,accidental fart-plus-shit event; to involuntarily defecate while farting,humor,casual_conversation,false,
shart,10253540873,2010-03-10,And in case you don't know. Shart: When one farts and a little shit comes out.,47650475,accidental fart-plus-shit event; to involuntarily defecate while farting,humor,humor,false,
shart,10254489890,2010-03-10,"@cmglothlin And if you were in your underpanties, would you really risk a shart?",28906120,accidental fart-plus-shit event; to involuntarily defecate while farting,humor,casual_conversation,false,
shart,10255832087,2010-03-10,@nicklovesslayer at least you didnt shart this time!!,24427588,accidental fart-plus-shit event; to involuntarily defecate while farting,humor,casual_conversation,false,Manual override -> casual_conversation
shart,10256331627,2010-03-10,"This lightning just scared a #shart outta me, hah",64082284,accidental fart-plus-shit event; to involuntarily defecate while farting,humor,humor,false,
shart,10405946134,2010-03-13,@beetlebeer why do you Shart yourself when Jordan is over?,13678022,accidental fart-plus-shit event; to involuntarily defecate while farting,humor,casual_conversation,false,
shart,10406155201,2010-03-13,fucking shart... we lost :(,19910333,accidental fart-plus-shit event; to involuntarily defecate while farting,humor,sports_discussion,false,Manual override -> sports_discussion
shart,10407367074,2010-03-13,"RT @frageelay: ""Thanks for sharing the shart story."" I may live to be 110 and I'll never receive a better Facebook reply than that.",96925273,accidental fart-plus-shit event; to involuntarily defecate while farting,humor,casual_conversation,false,
shart,10407702236,2010-03-13,Asin eh!! But someones always last shaRT @aysumtin: Who wan Carry Last?RT @pamychic No one wants to b single again???tsk tsk...#endtimes,25949261,accidental fart-plus-shit event; to involuntarily defecate while farting,humor,casual_conversation,false,
shart,10407796109,2010-03-13,Haba At least Draw RT @pamychic Asin eh!! But someones always last shaRT @aysumtin: Who wan Carry Last?RT @pamychic No one wants to b single,89671015,accidental fart-plus-shit event; to involuntarily defecate while farting,humor,casual_conversation,false,
shart,10410264043,2010-03-13,So I started my flow shart with: Born -&gt; Kinder -&gt; Primary School -&gt; High School -&gt; etc. I rule at life.,24434814,accidental fart-plus-shit event; to involuntarily defecate while farting,humor,work_school,false,Manual override -> work_school
shart,10412606696,2010-03-13,@ehehval good! I want everyone to hear me play cause I practiced hard! Haha hey @nate_shart was good!,103357017,accidental fart-plus-shit event; to involuntarily defecate while farting,humor,casual_conversation,false,Manual override -> casual_conversation
shart,10412658251,2010-03-13,@ishfail & yes @nate_shart is good ;) lol,40825289,accidental fart-plus-shit event; to involuntarily defecate while farting,humor,casual_conversation,false,Manual override -> casual_conversation
shart,10413482488,2010-03-13,"leroy brown don't shart on yourself, unless you dig it out first. lol fun times at the table.",85728753,accidental fart-plus-shit event; to involuntarily defecate while farting,humor,humor,false,
shart,10413720575,2010-03-13,@yazminslim: you said shart!!! Hhahahahaha we have 2 witnesses!,90546403,accidental fart-plus-shit event; to involuntarily defecate while farting,humor,casual_conversation,false,
shart,12067765289,2010-04-12,hmmm..iLike shaRT @iMMerci: @elpadriiino lol...*no comment for now*,28772672,accidental fart-plus-shit event; to involuntarily defecate while farting,humor,casual_conversation,false,
shart,12068483314,2010-04-12,"Is wondering if some people call a fart a ""hindey burp"" what do the call it when they shart? Throw-up?",20016903,accidental fart-plus-shit event; to involuntarily defecate while farting,humor,humor,false,
shart,12076043178,2010-04-13,Hahahaha some lady just said 'shart' on family feud.....ahhh im 12,16875759,accidental fart-plus-shit event; to involuntarily defecate while farting,humor,television_reference,false,Manual override -> television_reference
shart,12076527448,2010-04-13,just got done playing rip stick basketball so now i feel like a shart attack sweaty/heart attack.... it sucks :/,58307745,accidental fart-plus-shit event; to involuntarily defecate while farting,humor,self_description,false,Manual override -> self_description
shart,12076673706,2010-04-13,Damn now im gonna have A.D.D til 11pm!! Shart!,58508517,accidental fart-plus-shit event; to involuntarily defecate while farting,humor,reaction,false,Manual override -> reaction
shart,12082903046,2010-04-13,Lmao at how my bath turned into a photoshoot.  I was supposed to b writing but hey... shART happens LOL!!,29875264,accidental fart-plus-shit event; to involuntarily defecate while farting,humor,humor,false,
shart,12084895664,2010-04-13,"""If you shart during a farting contest, do you automatically win?""-@TheDominque",33043281,accidental fart-plus-shit event; to involuntarily defecate while farting,humor,casual_conversation,false,
shart,12085271446,2010-04-13,I think my dog sharted on the bed. I didn't know dogs could shart ...  http://twitpic.com/1f8kvm,17067862,accidental fart-plus-shit event; to involuntarily defecate while farting,humor,storytelling,false,Manual override -> storytelling
shart,12086325756,2010-04-13,"@BigBreezy *waits for an opposing team fan to bring ""chan ho shart"" sign to next yankees game* lol",38958429,accidental fart-plus-shit event; to involuntarily defecate while farting,humor,casual_conversation,false,
shart,12087863043,2010-04-13,@shortforrichard you make me shart on a regular basis with your wit and amazing mind.,23683465,accidental fart-plus-shit event; to involuntarily defecate while farting,humor,casual_conversation,false,
shart,12737242636,2010-04-24,"I didn't know the human voice could produce a note that would make you shart involuntarily... Yep,  just heard it.",134903945,accidental fart-plus-shit event; to involuntarily defecate while farting,humor,humor,false,
shart,12737459079,2010-04-24,Why @EllAyeYuhAhrAye (Laura) aka Gennibra aka Mrs. Poodie jus shart up the car nd chat all century ? Why she don't bayde ? SHE STINK BADLY !,35882252,accidental fart-plus-shit event; to involuntarily defecate while farting,humor,casual_conversation,false,
shart,12740029352,2010-04-24,"Hehe...""shart.""",19459174,accidental fart-plus-shit event; to involuntarily defecate while farting,humor,humor,false,
shart,12742432790,2010-04-24,Shart attack man #poopsongs,14284672,accidental fart-plus-shit event; to involuntarily defecate while farting,humor,humor,false,
shart,12747247613,2010-04-24,YomanRT @ctptaka: Thanks shaRT @fairuzkhansas: #followsaturday @riyahaha @denisejulia @ayuvwxyz @sylpong (cont) http://tl.gd/10eegv,86005982,accidental fart-plus-shit event; to involuntarily defecate while farting,humor,casual_conversation,false,Manual override -> casual_conversation
shart,12757287319,2010-04-24,"thank you shaRT @xSasha my godddd envy envy @rayzwegger @avyyy u guys are 
1year now!!!!!congrats:)",102369936,accidental fart-plus-shit event; to involuntarily defecate while farting,humor,casual_conversation,false,Manual override -> casual_conversation
shart,12757328507,2010-04-24,"youre welcome:)RT @rayzwegger
  
thank you shaRT @xSasha my godddd envy envy @rayzwegger @avyyy u guys are 1year now!!!!!congrats:)",97176590,accidental fart-plus-shit event; to involuntarily defecate while farting,humor,casual_conversation,false,Manual override -> casual_conversation
shart,12766509373,2010-04-24,"Shart Films - Directors
http://kurunthirai.blogspot.com",114929293,accidental fart-plus-shit event; to involuntarily defecate while farting,humor,article_sharing,false,Manual override -> article_sharing
shart,12769079877,2010-04-24,RT @KenMos: @KeshMac @atotalrec I ain't ready for that jelly lol #thereisafountain ----- there is a fountain???? Lmao. Dummy.I miss u shart!,80929681,accidental fart-plus-shit event; to involuntarily defecate while farting,humor,casual_conversation,false,
shart,12772858905,2010-04-24,SHART. GLASSES.,17658359,accidental fart-plus-shit event; to involuntarily defecate while farting,humor,humor,false,
shart,14344501769,2010-05-20,"""I'm just a shart away from you"". #missheardlyrics",1381551,accidental fart-plus-shit event; to involuntarily defecate while farting,humor,humor,false,
shart,14347872793,2010-05-20,"Aww,RIP julius,he sha always had some weird frds shaRT @DupeDabiri: @Temyoseny That Olajones007 is Julius' friend oh. You remember Julius?",107036780,accidental fart-plus-shit event; to involuntarily defecate while farting,humor,casual_conversation,false,
shart,14352245385,2010-05-20,just woke up to the worst shart ever ughhh my stomach hurts,41415771,accidental fart-plus-shit event; to involuntarily defecate while farting,humor,self_description,false,Manual override -> self_description
shart,14353754715,2010-05-20,"So wetin happen, and is d gul nut, y wld she, hp d guy no touch shaRT @larebony: Its happening here oo someone slapped ma CD chair man twice",86050424,accidental fart-plus-shit event; to involuntarily defecate while farting,humor,casual_conversation,false,
shart,14353954017,2010-05-20,http://bit.ly/9CfKLs Rags to Richess injury? :P shart,142008180,accidental fart-plus-shit event; to involuntarily defecate while farting,humor,article_sharing,false,Manual override -> article_sharing
shart,14354073844,2010-05-20,Finally.small shaRT @enny_08:  mama is home.miss me?,77080370,accidental fart-plus-shit event; to involuntarily defecate while farting,humor,casual_conversation,false,
shart,14356000168,2010-05-20,Mayb 4 a married couple celebrating theri gazillionth weddn anniversary shaRT @thomasscrown: Is CRAIG DAVID- (cont) http://tl.gd/1cusos,59179567,accidental fart-plus-shit event; to involuntarily defecate while farting,humor,casual_conversation,false,
shart,14357489548,2010-05-20,Fark thars shart,104679324,accidental fart-plus-shit event; to involuntarily defecate while farting,humor,humor,false,
shart,14361034052,2010-05-20,@mchrsr he has a small shark and I  have a big shart LMAO,96217066,accidental fart-plus-shit event; to involuntarily defecate while farting,humor,casual_conversation,false,
shart,14361294012,2010-05-20,Ode!I added u shaRT @rotimierikitola: @koryprice Nope.. Samsung. Add me tho lol 20de65cd,66960244,accidental fart-plus-shit event; to involuntarily defecate while farting,humor,casual_conversation,false,Manual override -> casual_conversation
shart,17599270720,2010-07-02,I daft shaRT @promisiano: @promisiano. Nw ff u back,135977393,accidental fart-plus-shit event; to involuntarily defecate while farting,humor,casual_conversation,false,Manual override -> casual_conversation
shart,17599565839,2010-07-02,@djmorsecode @do_over SHART ALERT,18494046,accidental fart-plus-shit event; to involuntarily defecate while farting,humor,casual_conversation,false,
shart,17599620568,2010-07-02,Live every week like it's SHART WEEK,18494046,accidental fart-plus-shit event; to involuntarily defecate while farting,humor,humor,false,
shart,17602418304,2010-07-02,Lol!!there is love behind this shaRT @adokiye: RT Asshole lmao @AM_Onerno: @adokiye shut d fuck up k,76595601,accidental fart-plus-shit event; to involuntarily defecate while farting,humor,casual_conversation,false,
shart,17605743682,2010-07-02,omfg i wint swiming just got done mark kick me out cuz i had a shart on fuck him mad cuz sum fagit kid wet me dum shit and my babe just leve,39914038,accidental fart-plus-shit event; to involuntarily defecate while farting,humor,humor,false,
shart,17607270617,2010-07-02,I think my phone is starting to shart out on me.,32250948,accidental fart-plus-shit event; to involuntarily defecate while farting,humor,technology_discussion,false,Manual override -> technology_discussion
shart,17607365159,2010-07-02,But ez true shaRT @Tkamz: *ouch* RT @gbengeneknosall: Errmm.....Start by unfollowin urself RT @wizkidayo: Now unfollowing dry ppl on my TL,107036780,accidental fart-plus-shit event; to involuntarily defecate while farting,humor,casual_conversation,false,
shart,17609264732,2010-07-02,"And, at the Reconsider Lounge: Allied Feces (proctologist Triumph tribute band), Grand Funk Brailleroad, Closer to the Shart (Rush tribute).",20485445,accidental fart-plus-shit event; to involuntarily defecate while farting,humor,humor,false,
shart,17611628605,2010-07-03,RT @BigDDiaz: My barber is sick haha... y did he shart on u,111532668,accidental fart-plus-shit event; to involuntarily defecate while farting,humor,casual_conversation,false,
shart,17614681617,2010-07-03,My mom gots on her (I ♥ rodney ) t'shart,112017452,accidental fart-plus-shit event; to involuntarily defecate while farting,humor,humor,false,
shart,17618178479,2010-07-03,Holy shart...,24957493,accidental fart-plus-shit event; to involuntarily defecate while farting,humor,reaction,false,Manual override -> reaction
shart,17772634214,2010-07-05,"Hunh?wat r u sayin,G'mornin shaRT @MzS_Pam: its feels good 2 actually go 2wrk on a monday!!!! it sure feels lk friday  nyways..",97625510,accidental fart-plus-shit event; to involuntarily defecate while farting,humor,casual_conversation,false,
shart,17773776287,2010-07-05,Nope bt soon shaRT @olajuwon_: @tommyotee awww pele...gat anoda?,126271081,accidental fart-plus-shit event; to involuntarily defecate while farting,humor,casual_conversation,false,
shart,17775237814,2010-07-05,She's fine o!!but she's back home now shaRT @jaeyek: @nkiiiiiiii duurlin am good.. Owz kylaa..☺,58456397,accidental fart-plus-shit event; to involuntarily defecate while farting,humor,casual_conversation,false,
shart,17776505117,2010-07-05,The weather is crazy.. Totally crazy. I feel heat wave and a cool breeze at the same time. :/ Aazmaish shart hai! #Lahore,18913366,accidental fart-plus-shit event; to involuntarily defecate while farting,humor,humor,false,
shart,17776704792,2010-07-05,"Thas y the Lord jus woke me up. He was like ""get up boy, u gotta c this 1"" RT @msleshon: I wanna let my gas go but I'm afraid I mite shart",45459168,accidental fart-plus-shit event; to involuntarily defecate while farting,humor,casual_conversation,false,
shart,17779487300,2010-07-05,like the face @ 0:27. It's the kinda look you get when you realized you shart... (YouTube http://youtu.be/NtMSBh_9plk?a),132494962,accidental fart-plus-shit event; to involuntarily defecate while farting,humor,casual_conversation,false,
shart,17780716030,2010-07-05,"@laktose *Giggles* you know me so well. Actually, it was more shart, but close enough. Hope your morning is going well. /shart.",43113600,accidental fart-plus-shit event; to involuntarily defecate while farting,humor,casual_conversation,false,
shart,17782415666,2010-07-05,"Gemerlapbokadisko ya shaRT @sashashadrina: bhahaha sampe rumah youtube-ing nostalgia the safari, agrikulture, upstairs goodnight electric da",63118557,accidental fart-plus-shit event; to involuntarily defecate while farting,humor,casual_conversation,false,Manual override -> casual_conversation
shart,17787795722,2010-07-05,"@scottishwildcat Im sure he had a shart showing Tesco as being the only 1 being more expensive,if it was on a chart it must be true,right??",27842796,accidental fart-plus-shit event; to involuntarily defecate while farting,humor,casual_conversation,false,
shart,17788372055,2010-07-05,Where have u been oh?9c way of announcin ur arrival shaRT @adokiye: August has the highest percentage of births.,97625510,accidental fart-plus-shit event; to involuntarily defecate while farting,humor,casual_conversation,false,
shart,17898957452,2010-07-06,@_shArt_ is sponsored by LOREAL.. because im worth it.. HAHA,31377304,accidental fart-plus-shit event; to involuntarily defecate while farting,humor,casual_conversation,false,
shart,17899702886,2010-07-06,RT @GaryJBusey: Shark week = AWESOME! Shart week = un-AWESOME!: GaryJBusey: Shark week = AWESOME! Shart week = un-AWESOME!,116803807,accidental fart-plus-shit event; to involuntarily defecate while farting,humor,casual_conversation,false,
shart,17900259539,2010-07-06,RT @GaryJBusey: Shark week = AWESOME! Shart week = un-AWESOME!,97957775,accidental fart-plus-shit event; to involuntarily defecate while farting,humor,casual_conversation,false,
shart,17901080801,2010-07-06,@GaryJBusey  I just sharted i laughed so hard! Shart week here I come!,17380331,accidental fart-plus-shit event; to involuntarily defecate while farting,humor,casual_conversation,false,
shart,17902143925,2010-07-06,I cannot wait to watch the second episode of Louie with @louisck - I had a laughter shart during the Pilot.  Unbelievable!  (Its on Fx),70581852,accidental fart-plus-shit event; to involuntarily defecate while farting,humor,casual_conversation,false,
shart,18750448588,2010-07-17,U ar daft shaRT @exothermic_kV: www.ask.com www.bing.com www.wikipedia.com www.google.com ....those guys can answer a ... http://tmi.me/bGiT,56226022,accidental fart-plus-shit event; to involuntarily defecate while farting,humor,casual_conversation,false,
shart,18752592093,2010-07-17,@_mostwanted  I love you...let me shart in your nostril...I'll buttfuck you till you loved me like christmas,71486707,accidental fart-plus-shit event; to involuntarily defecate while farting,humor,casual_conversation,false,
shart,18755151081,2010-07-17,u n dreams shaRT @Lucya_E: Hahaha..gud 4u.. :P RT @kennyabdul: ws having 1 beaurriful dream dt i cnt rememba wt its abt until @Lucya_E calld,78734200,accidental fart-plus-shit event; to involuntarily defecate while farting,humor,casual_conversation,false,
shart,18755642714,2010-07-17,"Me!bt nt necessarily moi-moi any form of beans shaRT @toptosyn: Who else had moimoi for breakfast evry sat, yam on su ... http://tmi.me/bIBk",50081243,accidental fart-plus-shit event; to involuntarily defecate while farting,humor,casual_conversation,false,
shart,18756823979,2010-07-17,@shahidkapoor abni shart yaad hai na???????????m going to c d film now.......n want my dream tweet today.......tell u d whole stry of it,114652277,accidental fart-plus-shit event; to involuntarily defecate while farting,humor,casual_conversation,false,
shart,18756832355,2010-07-17,@shahidkapoor apni shart yaad hai na???????????m going to c d film now.......n want my dream tweet today.......tell u d whole stry of it,114652277,accidental fart-plus-shit event; to involuntarily defecate while farting,humor,casual_conversation,false,
shart,18757027097,2010-07-17,@shahidkapoor apni shart yaad hai na???????????m going to c d film now.......n want my dream tweet today.......tell u d whole story of it,114652277,accidental fart-plus-shit event; to involuntarily defecate while farting,humor,casual_conversation,false,
shart,18757039136,2010-07-17,@shahidkapoor apni shart yaad hai na???????????m going to c d film now.......n want my dream tweet today.......tell u d whole story of it...,114652277,accidental fart-plus-shit event; to involuntarily defecate while farting,humor,casual_conversation,false,
shart,18757056078,2010-07-17,@shahidkapoor apni shart yaad hai na???????????m going to c d film now......n want my dream tweet today.......tell u d whole story of it...,114652277,accidental fart-plus-shit event; to involuntarily defecate while farting,humor,casual_conversation,false,
shart,18759474779,2010-07-17,Abi oo its nt easy ts been a yl dt we've been 2geda I'll probabli chill in a hs 4 lke a wk or 2!:)donno yet shaRT @ ... http://tmi.me/bKB0,132164680,accidental fart-plus-shit event; to involuntarily defecate while farting,humor,casual_conversation,false,
shart,20540975688,2010-08-07,#RogerThatRT @sexyanjella: Dunno yet but first week in November ShaRT  @Zizu100: Yup yup!!! When is itRT @sexyanjella ... http://tmi.me/pMPu,59425342,accidental fart-plus-shit event; to involuntarily defecate while farting,humor,casual_conversation,false,
shart,20541860909,2010-08-07,Saved a post for National Day! ^^ Must make sure to see it on National day! ^^ http://xiaoqian-shart.blogspot.com/,119329409,accidental fart-plus-shit event; to involuntarily defecate while farting,humor,article_sharing,false,
shart,20545310704,2010-08-07,"In the spirit of keeping his potty mouth at a minmum, I taught my son to say ""foop"" rather then ""shart.""",173870355,accidental fart-plus-shit event; to involuntarily defecate while farting,humor,humor,false,
shart,20545317282,2010-08-07,Has just seen the BIGGEST shart in the history of sharts!!! I fear for my life!!!,160261391,accidental fart-plus-shit event; to involuntarily defecate while farting,humor,humor,false,
shart,20545329317,2010-08-07,and NO it wasn't my shart....,160261391,accidental fart-plus-shit event; to involuntarily defecate while farting,humor,humor,false,
shart,20545443379,2010-08-07,Its gud 2 crack up shaRT @Kay_Abdul: Yelz! RT @ozzdude: As in coke?RT @Kay_Abdul: It's time to get some coke in dis  ... http://tmi.me/pQJJ,102354789,accidental fart-plus-shit event; to involuntarily defecate while farting,humor,casual_conversation,false,
shart,20545894727,2010-08-07,"@Latinvixen re: smart car/ipad - Just face it, you're gonna die someday ;) doubt there will be a shart car OR ipad involved... :P",112799126,accidental fart-plus-shit event; to involuntarily defecate while farting,humor,casual_conversation,false,
shart,20546383898,2010-08-07,One day I will shart on you,129309871,accidental fart-plus-shit event; to involuntarily defecate while farting,humor,humor,false,
shart,20546525512,2010-08-07,In the asda/walmart some groovy guy ad some bright pink an lilac shart on WOW!!!!,22358870,accidental fart-plus-shit event; to involuntarily defecate while farting,humor,humor,false,
shart,20549560764,2010-08-07,@DemiladeR you know what a shart is? When you fart but accidentally let out a droplet of shit. We say you 'sharted',125223678,accidental fart-plus-shit event; to involuntarily defecate while farting,humor,casual_conversation,false,
shart,21760178716,2010-08-21,Dam yo RT @MOverachiever Somebody tell @thewriter83 that he's a piece of shart! Don't tell em I told you tho lol,24735490,accidental fart-plus-shit event; to involuntarily defecate while farting,humor,casual_conversation,false,
shart,21763194250,2010-08-21,@ThatOneType you just learned the word SHART?? My word E!,137464406,accidental fart-plus-shit event; to involuntarily defecate while farting,humor,casual_conversation,false,
shart,21763527022,2010-08-21,@ThatOneType lmfao @ u and this shart! R u in ATL? Y u didn't cme hme for the alumni game?,137464406,accidental fart-plus-shit event; to involuntarily defecate while farting,humor,casual_conversation,false,
shart,21766089942,2010-08-21,@shart_yang don't know how to love me,146371026,accidental fart-plus-shit event; to involuntarily defecate while farting,humor,casual_conversation,false,
shart,21767971987,2010-08-21,@HughHef_F #famousmovielines did u just shart on urself,25319623,accidental fart-plus-shit event; to involuntarily defecate while farting,humor,casual_conversation,false,
shart,21768922575,2010-08-21,If @ThatOneType say anything else about a Shart! I swear! Lol,137464406,accidental fart-plus-shit event; to involuntarily defecate while farting,humor,casual_conversation,false,
shart,21769969824,2010-08-21,LOL #hangovers a do it everytime RT @ThatOneType Heading to the bathroon cause I think this might be a shart!!!! #Hangover,34516993,accidental fart-plus-shit event; to involuntarily defecate while farting,humor,casual_conversation,false,
shart,21777098723,2010-08-21,"#veryFunnie chelsea ko, agbo ni. I be psquare fan shaRT @PeterPsquare: My advice 2 all Man U fan!...decamp and join the winning team CHELSEA",111532246,accidental fart-plus-shit event; to involuntarily defecate while farting,humor,casual_conversation,false,
shart,21779645618,2010-08-21,*lol u wish! Ok small shaRT @buchinwangwu: Hello hater did u miss me ?RT @onyinye88: @buchinwangwu pls go to bed hiss,44596544,accidental fart-plus-shit event; to involuntarily defecate while farting,humor,casual_conversation,false,
shart,22475764303,2010-08-29,@nate_shart can't wait to see u :) ughh u need to take my mind off this drama!,40825289,accidental fart-plus-shit event; to involuntarily defecate while farting,humor,casual_conversation,false,
shart,22479037033,2010-08-30,Terrible S_a SHART,184103230,accidental fart-plus-shit event; to involuntarily defecate while farting,humor,humor,false,
shart,22479425987,2010-08-30,@jeneennicole these three chicks feet big as shart!,18996313,accidental fart-plus-shit event; to involuntarily defecate while farting,humor,casual_conversation,false,
shart,22480930602,2010-08-30,"""i didn't poop my pants! I sharted!.... a shart is so much more acceptable!""",141605109,accidental fart-plus-shit event; to involuntarily defecate while farting,humor,humor,false,
shart,22481368683,2010-08-30,"@MorganCeili @michellesg Thanks!!! We just had another accident shart in the house, after she'd been outside w/us all day, on an errand run",14665656,accidental fart-plus-shit event; to involuntarily defecate while farting,humor,casual_conversation,false,
shart,22482589413,2010-08-30,The cove / value shart,22093419,accidental fart-plus-shit event; to involuntarily defecate while farting,humor,humor,false,
shart,22486958910,2010-08-30,lmao..50cent/50cents--the same curtis jackson black nigga shaRT @TamiloreO: @adebiyiaderinto are you razz? Its 50 cent not 50 cents :\,132518366,accidental fart-plus-shit event; to involuntarily defecate while farting,humor,casual_conversation,false,
shart,22487518997,2010-08-30,@MsPrettyLady822 No!! By Tacony Creek Park where my bf's mom lives.. Smh! I almost shart my pants!!,150795178,accidental fart-plus-shit event; to involuntarily defecate while farting,humor,casual_conversation,false,
shart,22488588169,2010-08-30,"Watching Along Came Polly. ""Shart"" lol!!!",79211513,accidental fart-plus-shit event; to involuntarily defecate while farting,humor,humor,false,
shart,22495789310,2010-08-30,"I hope ""Shart My Dad Sprays"" or whatever it's called wins an Emmy so we can all hang ourselves at the next Tweetup.",12972532,accidental fart-plus-shit event; to involuntarily defecate while farting,humor,humor,false,
shart,22503676716,2010-08-30,Smh...hope u don't av family dere shaRT @grantizzle: #somewhereIntheworld a man just raped his wife and killed (cont) http://tl.gd/3d9jl9,60171097,accidental fart-plus-shit event; to involuntarily defecate while farting,humor,casual_conversation,false,
shart,22507145588,2010-08-30,@oludray..lik in a wik shaRT @oludray: Wen u goin to skul?? RT @simi_sexy @oludray.......am gud oo...bright morninRT  ... http://tmi.me/Ssof,148710549,accidental fart-plus-shit event; to involuntarily defecate while farting,humor,casual_conversation,false,
shart,22507885326,2010-08-30,"I hear u, av milzed u small shaRT @AjeButteR01: Coz u said GOD dey ohRT @tonex17: So y r u loling?RT @AjeButteR01: Lo ... http://tmi.me/Styy",134126544,accidental fart-plus-shit event; to involuntarily defecate while farting,humor,casual_conversation,false,
shart,22508332555,2010-08-30,"11.Dis rain is nt nw helpin,bt I'll b thr by like 10.30 shaRT @VeraAmberCheeks: @luchiz wat tym r u goin?",40367817,accidental fart-plus-shit event; to involuntarily defecate while farting,humor,casual_conversation,false,
shart,22509021560,2010-08-30,"Fyn fynRT @AjeButteR01: Missed u 2,how was ur weekendRT @tonex17: I hear u, av milzed u small shaRT @AjeButteR01: Coz ... http://tmi.me/SviQ",134126544,accidental fart-plus-shit event; to involuntarily defecate while farting,humor,casual_conversation,false,
shart,22509874781,2010-08-30,"Trst me...I will #pervtweetRT @i3kid: Lol!evn tho we did sf,we wudnt ve noticed it shaRT @IDeyvid: Imagine, we (cont) http://tl.gd/3davsh",60171097,accidental fart-plus-shit event; to involuntarily defecate while farting,humor,casual_conversation,false,
shart,22515023964,2010-08-30,Dprince is here shaRT @hendrixbeiber: Nice show yday! But is dat why we are here? @dprincemohits,52420430,accidental fart-plus-shit event; to involuntarily defecate while farting,humor,casual_conversation,false,
shart,22516109312,2010-08-30,RT @azizansari Woops. #WhytheFuckDidIJustEatTwoMcGriddlesBeforetheFlight&lt;~ You will 4 sure SHART YOURSELF! ,121349213,accidental fart-plus-shit event; to involuntarily defecate while farting,humor,casual_conversation,false,
shart,22516920371,2010-08-30,I dunno...dey sell in Bru.La Casera z lyk 2cedis or so.dunno if dey'v increasd t nw shaRT @misschidinma: @MizFubara r u 4 real hw cum??,109019199,accidental fart-plus-shit event; to involuntarily defecate while farting,humor,casual_conversation,false,
shart,22517237910,2010-08-30,Hrd fast's ending 9th shaRT @stayhigh2087: @Ms_LoLo_Endowed muslim's pub hol.I wanna b sure of d date too http://myloc.me/beBKR,159010460,accidental fart-plus-shit event; to involuntarily defecate while farting,humor,casual_conversation,false,
shart,23899236482,2010-09-08,can't we all reply to @jbird5x5 and tell him our highscore on Hungry Shart pt1 the iphone app. #rubitinhisface :),14452878,accidental fart-plus-shit event; to involuntarily defecate while farting,humor,casual_conversation,false,
shart,23900503419,2010-09-08,I asked one person on bbm n he doesn't have so I assumed odaz won't have..lol lemme ask shaRT @pcege: Tl sum1 to s ... http://tmi.me/19wwX,41188685,accidental fart-plus-shit event; to involuntarily defecate while farting,humor,casual_conversation,false,
shart,23902982224,2010-09-08,@jayhoward66 haha thats awesome man. that definitely made me laugh extremely hard though. so were you shart free last night hahaha,40764769,accidental fart-plus-shit event; to involuntarily defecate while farting,humor,casual_conversation,false,
shart,23909558867,2010-09-08,"@StephisaurusRex @rantingpudding ahaha ""shart"". Never heard that term before, but the fact is, I just snorted with laughter. #thatsakeeper",16659606,accidental fart-plus-shit event; to involuntarily defecate while farting,humor,humor,false,Manual override -> humor
shart,23913243186,2010-09-08,GolfRing offers free BoxGroove.com membership with any GolfRing shart game training aid purchase.  www.thegolfring.com,14365379,accidental fart-plus-shit event; to involuntarily defecate while farting,humor,humor,false,
shart,23914566444,2010-09-08,Successful evening my end! RT @kylelewis1: thats awesome man.that definitely made me laugh extremely hard though.so were you shart free last,81187403,accidental fart-plus-shit event; to involuntarily defecate while farting,humor,casual_conversation,false,
shart,23915422934,2010-09-08,RT @theworshipmogul: GM everyone----I'm excited about today. There will be a release and change! I can feel it!&lt;That's called a shart lol,27077138,accidental fart-plus-shit event; to involuntarily defecate while farting,humor,casual_conversation,false,
shart,23916359259,2010-09-08,Mai sista dat one na stipend jorr...dem nvr pay shaRT @aaayG_01: Lmao.. today's jus 8th! Nnpc neva pay u?? RT @fakz ... http://tmi.me/1a234,163172935,accidental fart-plus-shit event; to involuntarily defecate while farting,humor,casual_conversation,false,
shart,23917642166,2010-09-08,cant wait to get my teeth into Brit Shart Show,63085939,accidental fart-plus-shit event; to involuntarily defecate while farting,humor,humor,false,
shart,23918734629,2010-09-08,@sybillaw  That ain't swamp ass.. that's SHART!,14095129,accidental fart-plus-shit event; to involuntarily defecate while farting,humor,casual_conversation,false,
shart,28039533302,2010-10-21,I'd rather shart than have cankles,137376964,accidental fart-plus-shit event; to involuntarily defecate while farting,humor,humor,false,
shart,28042605965,2010-10-21,Lmao!!! Omonye... I'm wiv steph on dis..I tried!! And this wasn't the first artist!! Me I want a retweet shaRT (cont) http://tl.gd/6janje,98425447,accidental fart-plus-shit event; to involuntarily defecate while farting,humor,article_sharing,false,
shart,28042874632,2010-10-21,@clayton_alden shart topping artists are people who take it to the top of the sharts !,19307810,accidental fart-plus-shit event; to involuntarily defecate while farting,humor,casual_conversation,false,
shart,28044133547,2010-10-21,@Shalanel @EWcrashintome32 a bare butt shart,99171120,accidental fart-plus-shit event; to involuntarily defecate while farting,humor,casual_conversation,false,
shart,28046649117,2010-10-21,@SarahKSilverman Let's all live shart it instead!,17875090,accidental fart-plus-shit event; to involuntarily defecate while farting,humor,casual_conversation,false,
shart,28047599581,2010-10-21,"My mother just used the word 'shart', this is a milestone.",61597711,accidental fart-plus-shit event; to involuntarily defecate while farting,humor,humor,false,
shart,28047939875,2010-10-21,"@BurbDoc  dare i ask... ""shart?""  @DrSnit",100400859,accidental fart-plus-shit event; to involuntarily defecate while farting,humor,casual_conversation,false,
shart,28048925710,2010-10-21,"@ScottFerrall if you stayed after a shart, Lou should stay too.",27860540,accidental fart-plus-shit event; to involuntarily defecate while farting,humor,casual_conversation,false,
shart,28049714576,2010-10-21,guy u wan know everythin ah me no b amebo go n ask segun shaRT @drizzychizzy: @qkel94 @iSmokDope guys e ja mi si nahw who be d girl?,185313092,accidental fart-plus-shit event; to involuntarily defecate while farting,humor,casual_conversation,false,
shart,28050890636,2010-10-21,Really? No idea shaRT @UncleJevi: @ceecee01 Yu ought to knw dat answer na. Pweety obvious!!! *covering face*,147246629,accidental fart-plus-shit event; to involuntarily defecate while farting,humor,casual_conversation,false,
shart,29544559918,2010-11-03,RT @Geeyadigg: Lol shut up shart gargler,203618602,accidental fart-plus-shit event; to involuntarily defecate while farting,humor,casual_conversation,false,
shart,29544562137,2010-11-03,RT @Nawshus: Shart gargler tho b?,203618602,accidental fart-plus-shit event; to involuntarily defecate while farting,humor,casual_conversation,false,
shart,29544844999,2010-11-03,"@turnageb No, I think it was a typo...It wasn't ""snark"", it was ""shart"". Or possibly ""stark"" raving mad. [PS check out my epic 4-twt ballad]",24850085,accidental fart-plus-shit event; to involuntarily defecate while farting,humor,casual_conversation,false,
shart,29544867697,2010-11-03,"RT @BeccaPiano: @turnageb No, I think it was a typo...It wasn't ""snark"", it was ""shart"". Or possibly ""stark"" raving mad. [PS check out m ...",203618602,accidental fart-plus-shit event; to involuntarily defecate while farting,humor,casual_conversation,false,
shart,29547380158,2010-11-03,@tonic1626 fuck her up! Throw her in the sewer n shart in her mouth!:D hahaha jk,38445314,accidental fart-plus-shit event; to involuntarily defecate while farting,humor,casual_conversation,true,"Irony audit: Contains 'hahaha jk', explicitly marking the shart threat as joking."
shart,29548201268,2010-11-03,"It ws gud,d experience was wonderful shaRT @TheNewGeneral: @berrysoswt Jst in a brief,hw did it go",154003662,accidental fart-plus-shit event; to involuntarily defecate while farting,humor,casual_conversation,false,
shart,29550465365,2010-11-03,Put laccatives n the punch at prom and went around punchin everybody n the stomache n makin em shart #becauseimanasshole,54353391,accidental fart-plus-shit event; to involuntarily defecate while farting,humor,humor,false,
shart,29550495202,2010-11-03,RT @NELLGotUPrego: Put laccatives n the punch at prom and went around punchin everybody n the stomache n makin em shart #becauseimanasshole,203618602,accidental fart-plus-shit event; to involuntarily defecate while farting,humor,casual_conversation,false,
shart,6004961896828928,2010-11-20,"ahn ahn!....i no tlk shaRT @snr_mappy: Jus found out am d only sombori wit a yelloi avatar, so ur can called me MR YELLOw: jus joking oooo",134098280,accidental fart-plus-shit event; to involuntarily defecate while farting,humor,casual_conversation,false,
shart,6013888378179584,2010-11-20,"#FourLokoIngredients dehydrated tears, sardine can oil, a shart, iguana egg whites, the green kind of rubbing alcohol",116793999,accidental fart-plus-shit event; to involuntarily defecate while farting,humor,humor,false,
shart,6014109736767489,2010-11-20,"RT @DaRealKayTaylor: #FourLokoIngredients dehydrated tears, sardine can oil, a shart, iguana egg whites, the green kind of rubbing alcohol",203618602,accidental fart-plus-shit event; to involuntarily defecate while farting,humor,casual_conversation,false,
shart,6014306273460224,2010-11-20,Near st.lios bt am at home nw shaRT @hamusty: @dhoyeen_sola were???,57488104,accidental fart-plus-shit event; to involuntarily defecate while farting,humor,casual_conversation,false,
shart,6018195336990720,2010-11-20,"Yeah told her will come with u...can't stop thinkin abt dt anne klein dress shaRT @ogeivy: chrystle8701 ok  o, (cont) http://tl.gd/72q4tb",55691287,accidental fart-plus-shit event; to involuntarily defecate while farting,humor,casual_conversation,false,
shart,6018624493981697,2010-11-20,"Match wey no get sense... I dey watch am shaRT @babyeenks: @2010_ab am alrite sweety,ar u gonna watch d match?",173263179,accidental fart-plus-shit event; to involuntarily defecate while farting,humor,casual_conversation,false,
shart,6020714482114560,2010-11-20,"For all those avid gas passers out there: sometimes it's not gas, boo... don't embarrass yourself with a shart and shitty undies. Not funny.",152547782,accidental fart-plus-shit event; to involuntarily defecate while farting,humor,humor,false,
shart,6020779263131648,2010-11-20,"RT @TheBritneeGrrr: For all those avid gas passers out there: sometimes it's not gas, boo... don't embarrass yourself with a shart and s ...",203618602,accidental fart-plus-shit event; to involuntarily defecate while farting,humor,casual_conversation,false,
shart,6021100764921857,2010-11-20,@Mrs_TheKing when ever I get through a false alarm shart... U & gynozbella comes to mind. &lt;---- insult? Or compliment? lol,185461355,accidental fart-plus-shit event; to involuntarily defecate while farting,humor,casual_conversation,false,
shart,6021300279578624,2010-11-20,RT @tamskee80: @Mrs_TheKing when ever I get through a false alarm shart... U & gynozbella comes to mind. &lt;---- insult? Or compliment? lol,203618602,accidental fart-plus-shit event; to involuntarily defecate while farting,humor,casual_conversation,false,
shart,16996583207862272,2010-12-20,@cdmove shart,17353376,accidental fart-plus-shit event; to involuntarily defecate while farting,humor,casual_conversation,false,
shart,16996808181948416,2010-12-20,RT @drawp: @cdmove shart,203618602,accidental fart-plus-shit event; to involuntarily defecate while farting,humor,casual_conversation,false,
shart,16998500189347840,2010-12-20,Who is dis person ur tweeting @ nor be me shaRT @ehibello: @nosssybelle e be like say na tomorrow morn we go yarn ... http://tmi.me/4pPd4,121727287,accidental fart-plus-shit event; to involuntarily defecate while farting,humor,casual_conversation,false,
shart,17000843555377152,2010-12-20,@clayton_alden Flu shart in the shower G-Rooosssssss,17394638,accidental fart-plus-shit event; to involuntarily defecate while farting,humor,casual_conversation,false,
shart,17000944151568384,2010-12-20,RT @Nergal2: @clayton_alden Flu shart in the shower G-Rooosssssss,203618602,accidental fart-plus-shit event; to involuntarily defecate while farting,humor,casual_conversation,false,
shart,17001474148007936,2010-12-20,@shartchart BITCH I ALREADY TOLD YOU TO LEAVE ME THE SHART ALONE NOW FUCK OFF GORAM BOT,17394638,accidental fart-plus-shit event; to involuntarily defecate while farting,humor,casual_conversation,false,
shart,17002765540655104,2010-12-20,Not fair shaRT @sexyisha: Ure late! RT @goldenshiggar: I rily nid dis gist,137934559,accidental fart-plus-shit event; to involuntarily defecate while farting,humor,casual_conversation,false,
shart,17003695329775616,2010-12-20,*Wide grin*RT @goldenshiggar: Not fair shaRT @sexyisha: Ure late! RT @goldenshiggar: I rily nid dis gist,135499862,accidental fart-plus-shit event; to involuntarily defecate while farting,humor,casual_conversation,false,
shart,17005571412594688,2010-12-20,Fiyin is an amebo dude buh he learns from u shaRT @Tolu_Fi: Chineke meh! U r just an amebo I swearRT @fiyin30: ... http://tmi.me/4pRfV,178405036,accidental fart-plus-shit event; to involuntarily defecate while farting,humor,casual_conversation,false,
shart,19409182830632960,2010-12-27,Hehe.. Ow fr wiv dt trinity!?? Go ping yu nw shaRT @hossbobo: Ny parols?? Holla @​​ ur boi asap! #dullinRT @iamYEMI: Hommmee ooo...,55217479,accidental fart-plus-shit event; to involuntarily defecate while farting,humor,casual_conversation,false,
shart,19412165127569408,2010-12-27,Nah but forreal its called a shart..... dats when u gotta SHit & fART at da same time.. so be careful when ya fart it could be a shart lol,26879693,accidental fart-plus-shit event; to involuntarily defecate while farting,humor,humor,false,
shart,19412237156356096,2010-12-27,RT @KingKnocka: Nah but forreal its called a shart..... dats when u gotta SHit & fART at da same time.. so be careful when ya fart it co ...,203618602,accidental fart-plus-shit event; to involuntarily defecate while farting,humor,casual_conversation,false,
shart,19412748362317824,2010-12-27,Forreal yall motherfuckers think im laughin im dead serious SHARTS is dangerous wat if a girl shart on her self while going to a club ewwlll,26879693,accidental fart-plus-shit event; to involuntarily defecate while farting,humor,humor,false,
shart,19415219155505152,2010-12-27,Mayb n I jst hp ur nt tasin me on dt levl shaRT @bellaz13: Huh?? :O.. Insulting me... You high again? :p RT ... http://tmi.me/4HbFt,225265428,accidental fart-plus-shit event; to involuntarily defecate while farting,humor,casual_conversation,false,
shart,19418065124986880,2010-12-27,Hehehe :p sowee luv buh I am! RT @dharmie360: Mayb n I jst hp ur nt tasin me on dt levl shaRT @bellaz13: Huh?? (cont) http://tl.gd/7oct8c,72526976,accidental fart-plus-shit event; to involuntarily defecate while farting,humor,casual_conversation,false,
shart,19418070833434624,2010-12-27,That's a negative on the shart. False alarm.,173591775,accidental fart-plus-shit event; to involuntarily defecate while farting,humor,humor,false,
shart,19418149589884928,2010-12-27,RT @CoolBlackGuy: That's a negative on the shart. False alarm.,203618602,accidental fart-plus-shit event; to involuntarily defecate while farting,humor,casual_conversation,false,
shart,19420056383389696,2010-12-27,Imagine!!!hw bad can u b..well fanx shaRT @bellaz13: Hehehe :p sowee luv buh I am! RT @dharmie360: Mayb n I jst hp ... http://tmi.me/4Hfp8,225265428,accidental fart-plus-shit event; to involuntarily defecate while farting,humor,casual_conversation,false,
shart,19435890640166912,2010-12-27,"Yea,am resuming 4th shaRT @MuzieyBarbie: Same oh! So we r go bk to skul nxtwk :-S @spicytric: Gud,we thank ... http://tmi.me/4HqjW",123436300,accidental fart-plus-shit event; to involuntarily defecate while farting,humor,casual_conversation,false,
shart,19534745046097920,2010-12-27,"""Oh, shart farts!!""",22731170,accidental fart-plus-shit event; to involuntarily defecate while farting,humor,humor,false,
shart,19534817972453376,2010-12-27,"RT @ShelboToGo: ""Oh, shart farts!!""",203618602,accidental fart-plus-shit event; to involuntarily defecate while farting,humor,casual_conversation,false,
shart,19534976299044864,2010-12-27,It aint dere again shaRT @fissyfierce: I no delete anytin o RT @Hardehyi: On fb jor RT @fissyfierce: Which comment I delete o?RT @Hardehyi:,113008824,accidental fart-plus-shit event; to involuntarily defecate while farting,humor,casual_conversation,false,
shart,19535897661804544,2010-12-27,"Bahahahaha just saw a license plate that says ""shart"" ewww.",18786966,accidental fart-plus-shit event; to involuntarily defecate while farting,humor,humor,false,
shart,19536107578331136,2010-12-27,"RT @SieraNaomi: Bahahahaha just saw a license plate that says ""shart"" ewww.",203618602,accidental fart-plus-shit event; to involuntarily defecate while farting,humor,casual_conversation,false,
shart,19536568192602112,2010-12-27,Lwkmd!!! We go buy ur cd bad as e bad shaRT @XxPinkettexX: i wanna go into music tho,170864404,accidental fart-plus-shit event; to involuntarily defecate while farting,humor,casual_conversation,false,
shart,19539061156876288,2010-12-27,Shower Shart: The only time I've ever hated alliteration.,51584538,accidental fart-plus-shit event; to involuntarily defecate while farting,humor,humor,false,Manual override -> humor
shart,19539222461419520,2010-12-27,RT @_Crystalosaurus: Shower Shart: The only time I've ever hated alliteration.,203618602,accidental fart-plus-shit event; to involuntarily defecate while farting,humor,casual_conversation,false,
shart,19543731476627456,2010-12-28,Wt is stalkn called? Lol I hear u shaRT @riwi_1: @KaphoneTohBehd how would some random person just know ur name dude #commonsense,50460956,accidental fart-plus-shit event; to involuntarily defecate while farting,humor,casual_conversation,false,
shart,20740559555530752,2010-12-31,Who?RT @Swagga_Chukwu: Ma pat in crymRT @Chimzy4real: Thank God u know u r a twizard bt I no follow shaRT ... http://tmi.me/4Rh7r,108272468,accidental fart-plus-shit event; to involuntarily defecate while farting,humor,casual_conversation,false,
shart,20740598608691200,2010-12-31,"RT @puregold01: Missed u more @grand_berry: It was so cold but grt.missed u shaRT puregold01: Hi love, hw was ur nyt? @grand_berry: Morn ...",203618602,accidental fart-plus-shit event; to involuntarily defecate while farting,humor,casual_conversation,false,
shart,20740644674732032,2010-12-31,I still no want shaRT @Rovilay: Y!!!! She b money oo RT @Chimzy4real: I say I no want naRT @elex990: mk jayz catch ... http://tmi.me/4Rhaj,108272468,accidental fart-plus-shit event; to involuntarily defecate while farting,humor,casual_conversation,false,
shart,20740862774353920,2010-12-31,Happy new year shaRT @aishasha: Happy new year @mamed29 @rynskiirin @yograph @aryputra @DulKhaliq @dslowflow (cont) http://tl.gd/7qv9c9,88560051,accidental fart-plus-shit event; to involuntarily defecate while farting,humor,casual_conversation,false,
shart,20741345891057664,2010-12-31,Ok she is hoit and sexy RT @Chimzy4real: I still no want shaRT @Rovilay: Y!!!! She b money oo RT @Chimzy4real: I ... http://tmi.me/4Rhyw,144219598,accidental fart-plus-shit event; to involuntarily defecate while farting,humor,casual_conversation,false,
shart,20742114769895424,2010-12-31,Na by force??? I say I no want ohhRT @Rovilay: Ok she is hoit and sexy RT @Chimzy4real: I still no want shaRT ... http://tmi.me/4RhZi,108272468,accidental fart-plus-shit event; to involuntarily defecate while farting,humor,casual_conversation,false,
shart,20742208130916352,2010-12-31,"Cool..twaz so cold...shaRT @fabolousmyke: @wanitababy morning wannie, how was ya sleep?",157317151,accidental fart-plus-shit event; to involuntarily defecate while farting,humor,casual_conversation,false,
shart,20743421668884480,2010-12-31,Low budget to me shaRT @koyn: @deevabella really?? I haven't seen it yet though. How bad is it?,142262930,accidental fart-plus-shit event; to involuntarily defecate while farting,humor,casual_conversation,false,
shart,20744725237604352,2010-12-31,Mufaasaa??ryyyt....so wot u d lion king now??lol..gm shaRT @detollah: Mornin mufaasaa!! RT @CloakN_Dagger: Good morning,134228319,accidental fart-plus-shit event; to involuntarily defecate while farting,humor,casual_conversation,false,
shart,20746226907484160,2010-12-31,Not yet shaRT @colevictor: Oya naw.RT @omo_phineboi: I gast do ma last #gbagaun 4 d year!,176664369,accidental fart-plus-shit event; to involuntarily defecate while farting,humor,casual_conversation,false,
shtick,7484001820,2010-01-07,@aseroyer yup yup!! just starting my little bio shtick. not sure what is appealing to baybes..but i'll do my best.,19672636,"gimmick, routine, trademark style, or recurring bit",humor,casual_conversation,false,Manual override -> casual_conversation
shtick,7485238588,2010-01-07,"Robin Raskin and Warren Buckleitner hosting for Alan Kay and panel here at #CES, keynote on Kids @ Play. Cute shtick w Barbie genie bottle",9973392,"gimmick, routine, trademark style, or recurring bit",humor,technology_discussion,false,Manual override -> technology_discussion
shtick,7485449165,2010-01-07,Suicide Bombers and Islamic Shtick http://bit.ly/4KneA6 http://bit.ly/7sdMlT,28262754,"gimmick, routine, trademark style, or recurring bit",humor,article_sharing,false,Manual override -> article_sharing
shtick,7485449505,2010-01-07,Suicide Bombers and Islamic Shtick http://bit.ly/4KneA6,28262754,"gimmick, routine, trademark style, or recurring bit",humor,article_sharing,false,Manual override -> article_sharing
shtick,7487324084,2010-01-07,"My vote for the next villain in a Marvel movie: Turner D. Century. His whole shtick is basically ""Get off my lawn."" http://bit.ly/8dokwN",15828686,"gimmick, routine, trademark style, or recurring bit",humor,television_reference,false,Manual override -> television_reference
shtick,7488386342,2010-01-07,Some quality shtick for my office. http://mypict.me/2HpNf,24868276,"gimmick, routine, trademark style, or recurring bit",humor,humor,false,Manual override -> humor
shtick,7489021602,2010-01-07,I want some twist on the typical Highly Magical Society That Blows Itself Up shtick.  /ponders,18362547,"gimmick, routine, trademark style, or recurring bit",humor,commenting,false,Manual override -> commenting
shtick,7490802817,2010-01-07,"A Not-So-Big Shtick: He can’t out-muscle Putin, but a New Year’s lark suggests Medvedev knows how to score poin.. http://bit.ly/7Uw3Fx",96376397,"gimmick, routine, trademark style, or recurring bit",humor,article_sharing,false,Manual override -> article_sharing
shtick,7494139303,2010-01-07,She entiiiiiiiced me! RT @matt_valdez: Some quality shtick for my office. http://mypict.me/2HpNf,24065431,"gimmick, routine, trademark style, or recurring bit",humor,casual_conversation,false,Manual override -> casual_conversation
shtick,7583165222,2010-01-10,"""Pippen gets short end of shtick (via postie)"" - http://igooglewiki.com/general/pippen-gets-short-end-of-shtick/",35806153,"gimmick, routine, trademark style, or recurring bit",humor,article_sharing,false,Manual override -> article_sharing
shtick,7583180064,2010-01-10,"You know, this touring shtick is alright. last gig was yesterday, so we're just goofing off looking at crabs in the hotel swimming pool",24687446,"gimmick, routine, trademark style, or recurring bit",humor,self_description,false,Manual override -> self_description
shtick,7583599129,2010-01-10,Incidentally I really enjoyed Youth In Revolt. It's slightly dark and twisted and really depends on how much you like Michael Cera's shtick.,19070288,"gimmick, routine, trademark style, or recurring bit",humor,commenting,false,Manual override -> commenting
shtick,7584530176,2010-01-10,@cameronstrang Samberg's Nic Cage impression was spot on. Great laughs on that and the Gov. Patterson shtick.,14520199,"gimmick, routine, trademark style, or recurring bit",humor,television_reference,false,Manual override -> television_reference
shtick,7596210459,2010-01-10,@VinoLuci All my cakes are decorated with cookies.  That's my 'shtick'.  Glad you like it!,17941928,"gimmick, routine, trademark style, or recurring bit",humor,casual_conversation,false,Manual override -> casual_conversation
shtick,7596249181,2010-01-10,"@THEToughCookie Well, like much better than basket of cookies on 'shtick!'",18790337,"gimmick, routine, trademark style, or recurring bit",humor,casual_conversation,false,Manual override -> casual_conversation
shtick,7601840928,2010-01-10,@whitneydgray I did. It amazes me how awkward he can truly be. Even if it is his shtick. How do you feel about Conan being screwed?,38670414,"gimmick, routine, trademark style, or recurring bit",humor,celebrity_gossip,false,Manual override -> celebrity_gossip
shtick,7602418662,2010-01-10,"Didn't realize that part of the ""liger's"" shtick is that they're frigging huge: http://en.wikipedia.org/wiki/Liger Hybrid vigor FTW.",778332,"gimmick, routine, trademark style, or recurring bit",humor,article_sharing,false,
shtick,7602915869,2010-01-10,Carl Reiner and Mel Brooks - Shtick With a Thousand Lives - MEL BROOKS and Carl Reiner have been cracking... http://tumblr.com/xd85ewrpo,15884486,"gimmick, routine, trademark style, or recurring bit",humor,article_sharing,false,Manual override -> article_sharing
shtick,7602953985,2010-01-10,"@MyraMcEntire I do think Edward on a stick should be in the vlog. In fact, he should co-host every one. That could be your shtick, er, stick",54928133,"gimmick, routine, trademark style, or recurring bit",humor,casual_conversation,false,
shtick,8058200832,2010-01-22,RT @andylevy: Good Lord - even with the sound off Robin Williams' shtick is unbearable.,26701947,"gimmick, routine, trademark style, or recurring bit",humor,celebrity_gossip,false,Manual override -> celebrity_gossip
shtick,8058448230,2010-01-22,"It's the same way even with the picture off, too. RT @andylevy: Good Lord - even with the sound off Robin Williams' shtick is unbearable.",26199079,"gimmick, routine, trademark style, or recurring bit",humor,television_reference,false,Manual override -> television_reference
shtick,8058456812,2010-01-22,"Watch it backwards, it gets better as you go....RT @andylevy Good Lord - even with the sound off Robin Williams' shtick is unbearable.",25986512,"gimmick, routine, trademark style, or recurring bit",humor,casual_conversation,false,
shtick,8058591685,2010-01-22,@Mattsuzaka i think conan does too. he seemed annoyed by his shtick,75877406,"gimmick, routine, trademark style, or recurring bit",humor,celebrity_gossip,false,Manual override -> celebrity_gossip
shtick,8058657257,2010-01-22,"@paraXtine Ugh, I wish I was watching. Dude has done the same shtick for 30 years. Lame.",21676525,"gimmick, routine, trademark style, or recurring bit",humor,casual_conversation,false,
shtick,8059050641,2010-01-22,"I've decided, as my twitter shtick, to be a self hating tweeter. Did I just use the word tweet? I'm a follower...... http://myloc.me/35M1M",102473556,"gimmick, routine, trademark style, or recurring bit",humor,self_description,false,Manual override -> self_description
shtick,8059504075,2010-01-22,"@audrey i want your love, your vertigo shtick!",28724944,"gimmick, routine, trademark style, or recurring bit",humor,casual_conversation,false,
shtick,8060897551,2010-01-22,"""We're living in repetition. Content in the same old shtick again.."" #nowplaying ► Green Day - Redundant *Jd inget wkt SMP bareng @Xenogobic",33887859,"gimmick, routine, trademark style, or recurring bit",humor,music_discussion,false,Manual override -> music_discussion
shtick,8061383689,2010-01-22,jiaah inget jalan kaki bareng ya nji. :)) RT @fahmifauzia: We're living in repetition. Content in the same old shtick again,37406990,"gimmick, routine, trademark style, or recurring bit",humor,commenting,false,
shtick,8061916606,2010-01-22,Conan has more heart in one monologue than Leno did in 17 years of the campy shtick he called The Tonight Show. Boycott!,10351232,"gimmick, routine, trademark style, or recurring bit",humor,celebrity_gossip,false,Manual override -> celebrity_gossip
shtick,8090663500,2010-01-23,Anyone else think Kesha stole The Millionaires shtick?,16709517,"gimmick, routine, trademark style, or recurring bit",humor,music_discussion,false,Manual override -> music_discussion
shtick,8091423509,2010-01-23,The born-agains are trying to copy my shtick http://ff.im/-eGrgz,15739988,"gimmick, routine, trademark style, or recurring bit",humor,article_sharing,false,
shtick,8091888305,2010-01-23,Shtick Meows http://tweetphoto.com/9322215,19957075,"gimmick, routine, trademark style, or recurring bit",humor,article_sharing,false,
shtick,8092933257,2010-01-23,This whole 40 Foot club shtick is bullshit.,9800632,"gimmick, routine, trademark style, or recurring bit",humor,commenting,false,
shtick,8094289613,2010-01-23,RT @jpkaczur: Anyone else think Kesha stole The Millionaires shtick?,17687430,"gimmick, routine, trademark style, or recurring bit",humor,casual_conversation,false,
shtick,8096221408,2010-01-23,@stil_smiln I wish she would do better this bad girl sexy kitten shtick is getting old,16529458,"gimmick, routine, trademark style, or recurring bit",humor,criticism,false,Manual override -> criticism
shtick,8099728909,2010-01-23,I loved the Conan elephant shtick. Adorable. And impregnating a woman by looking at her - awesome.,17207064,"gimmick, routine, trademark style, or recurring bit",humor,television_reference,false,
shtick,8101130454,2010-01-23,What's with Ferrell's shtick? And is that Billy Gibbons back there? And Beck! #conan #teamconan #imwithcoco,17487721,"gimmick, routine, trademark style, or recurring bit",humor,television_reference,false,
shtick,8101192452,2010-01-23,"The cowbell shtick again, huh?",15441079,"gimmick, routine, trademark style, or recurring bit",humor,commenting,false,
shtick,8102586019,2010-01-23,@MommaSalty Omg he's tots stealing Adam Lambert's sock stuffing shtick!!1,70509641,"gimmick, routine, trademark style, or recurring bit",humor,casual_conversation,false,
shtick,9302196908,2010-02-18,"@FoodNetworkCA saw the video, maybe a little less shtick. Food looked good though. :)",23635044,"gimmick, routine, trademark style, or recurring bit",humor,casual_conversation,false,
shtick,9311676788,2010-02-19,Q2: Don't be a d-bag...unless that's your shtick... #u30pro,15394784,"gimmick, routine, trademark style, or recurring bit",humor,commenting,false,
shtick,9311718481,2010-02-19,hahahahaha RT @emilyjasper: Q2: Don't be a d-bag...unless that's your shtick... #u30pro #u30pro,27015204,"gimmick, routine, trademark style, or recurring bit",humor,casual_conversation,false,
shtick,9317736258,2010-02-19,There is NOTHING I like more than when figure skaters do the broken doll shtick. It's so rugged.,24917028,"gimmick, routine, trademark style, or recurring bit",humor,commenting,false,
shtick,9317990755,2010-02-19,Dammit I despise Mr.Kennedy/Anderson. He can't wrestle worth a lick and his shtick is awful.,24065431,"gimmick, routine, trademark style, or recurring bit",humor,commenting,false,
shtick,9318014482,2010-02-19,RT @microtony There is NOTHING I like more than when figure skaters do the broken doll shtick. It's so rugged.,14709509,"gimmick, routine, trademark style, or recurring bit",humor,casual_conversation,false,
shtick,9318074963,2010-02-19,RT @Vruno: RT @microtony There is NOTHING I like more than when figure skaters do the broken doll shtick. It's so rugged.,6685382,"gimmick, routine, trademark style, or recurring bit",humor,casual_conversation,false,
shtick,9323492430,2010-02-19,"Awww...come on...worst humor in the universe shtick...coupled with ""consistency"" running gag",91950604,"gimmick, routine, trademark style, or recurring bit",humor,commenting,false,
shtick,9324545800,2010-02-19,"@solidadrocks Well, I expect that from her. That's her whole shtick. Olbermann should know better & is still accountable for his words.",15732319,"gimmick, routine, trademark style, or recurring bit",humor,casual_conversation,false,
shtick,9326198934,2010-02-19,"Beware of Meghans in sheep's clothing, like totally! | Red Pills: McCain's whole shtick revolves around two relate... http://bit.ly/9ghZbc",60179400,"gimmick, routine, trademark style, or recurring bit",humor,article_sharing,false,
shtick,9734058112,2010-02-27,TCC is currently behind the shtick and pulling some shifts at Rosebud Prime in Chicago. Come see what we're shakin' up! 1 South Dearborn.,30236347,"gimmick, routine, trademark style, or recurring bit",humor,commenting,false,
shtick,9745002560,2010-02-27,@fredhicks people are never satisfied. Your Quick shtick pick are the answer! Did I ever send you the PDF I did for 8x11 print & cut of them,14287121,"gimmick, routine, trademark style, or recurring bit",humor,casual_conversation,false,
shtick,9745265478,2010-02-27,the guy on @CNN's 'ridiculously uninformed' shtick is incredibly annoying.,5936252,"gimmick, routine, trademark style, or recurring bit",humor,casual_conversation,false,
shtick,9746150093,2010-02-27,"@shiningred Savages have plans! I need to talk to u . . . I did the whole ""no pink, no fluffy"" shtick, went down well! We just need to sort.",12455292,"gimmick, routine, trademark style, or recurring bit",humor,casual_conversation,false,
shtick,9746798700,2010-02-27,Angie Jackson & her abortion shtick - the woman looks like an abortion. Who's the guy the gut that tapped that? Get him outta the gene pool.,26495176,"gimmick, routine, trademark style, or recurring bit",humor,commenting,false,
shtick,9748656584,2010-02-27,Saw Mary Karr last week at Joe's Pub w/Gourevitch. Impressive as always; maybe a fraction too much shtick to her public persona these days?,117627895,"gimmick, routine, trademark style, or recurring bit",humor,commenting,false,
shtick,9752959160,2010-02-28,I like this video by @shtick http://twitvid.com/50E9E,23695202,"gimmick, routine, trademark style, or recurring bit",humor,article_sharing,false,
shtick,9759288408,2010-02-28,Vertigo stick or vertigo shtick? I'm to lazy to go check my cd case. #lilmonster,112555880,"gimmick, routine, trademark style, or recurring bit",humor,commenting,false,
shtick,9760256119,2010-02-28,dont confuse drunk n shtick. i have artie lange's constitution and benjy bronk's shtick. if UR RLY drunk u dont take out ur expensive iphone,5691492,"gimmick, routine, trademark style, or recurring bit",humor,commenting,false,
shtick,9760320039,2010-02-28,RT @SHABOOTY: dont confuse drunk n shtick.  if UR RLY drunk u dont take out ur expensive iphone.// hahah that made me LOL,24340717,"gimmick, routine, trademark style, or recurring bit",humor,casual_conversation,false,
shtick,10265569557,2010-03-10,"“We’ve got the name,” Sylvain Sylvain muses.  “Now we just need the shtick.” http://tinyurl.com/y8btsh5",62064477,"gimmick, routine, trademark style, or recurring bit",humor,article_sharing,false,
shtick,10266422238,2010-03-10,"@EmA7X Yeah he makes fun of Scotland the most, and people find it funny. It's his shtick to make fun of where he came from but he loves it",104648940,"gimmick, routine, trademark style, or recurring bit",humor,commenting,false,Manual override -> commenting
shtick,10277011045,2010-03-10,@imnotanartard25 Pre-stance shtick HOF for sure. The actual stance was no goofier than Disco Dan Ford or Brad Hawpe. #nomar,20397906,"gimmick, routine, trademark style, or recurring bit",humor,casual_conversation,false,
shtick,10277232205,2010-03-10,Gots lots of shtick for the Wii! To Joann's! Good day! :D &lt;bitchassness&gt;,81676417,"gimmick, routine, trademark style, or recurring bit",humor,commenting,false,
shtick,10278913174,2010-03-10,Joe Biden with same old shtick.Construction interrupts peace process.Obama administration is lucky 2 have us-2 blame 4 failed peace mumbles.,43780147,"gimmick, routine, trademark style, or recurring bit",humor,commenting,false,
shtick,10284183035,2010-03-10,2nd attempt at eating tofu. Way better this time. This healthy eating shtick is actually pretty sweet.,16017080,"gimmick, routine, trademark style, or recurring bit",humor,commenting,false,
shtick,10287356575,2010-03-10,"ya know, I'm not afraid to admit that I actually like Shia LaBeouf. He's got shtick. I like actors who have shtick.",15358891,"gimmick, routine, trademark style, or recurring bit",humor,commenting,false,
shtick,10287667809,2010-03-10,"@defiantlydutch Mission was accomplished. Unlike your shtick, I can tell when something has run its course. You obviously can not.  #CAA",112191447,"gimmick, routine, trademark style, or recurring bit",humor,casual_conversation,false,
shtick,10290129608,2010-03-10,"@UNOlker ""Comedian"" (using the term loosely) whose shtick is to give advice about how to take adavange of girls.",19801094,"gimmick, routine, trademark style, or recurring bit",humor,casual_conversation,false,
shtick,10291403691,2010-03-10,RT @CocoaBella: Howard Stern was a douche about it-- but there was some truth to what he was saying. (That's pretty much his shtick.),34636451,"gimmick, routine, trademark style, or recurring bit",humor,commenting,false,
shtick,11484606083,2010-04-02,News: The drunken-slatter shtick of Chelsea Handler. http://bit.ly/dBNDvH,50978429,"gimmick, routine, trademark style, or recurring bit",humor,article_sharing,false,
shtick,11484630686,2010-04-02,The drunken-slatter shtick of Chelsea Handler. http://bit.ly/dBNDvH,22620030,"gimmick, routine, trademark style, or recurring bit",humor,article_sharing,false,
shtick,11485773587,2010-04-02,"The drunken-slatter shtick of Chelsea Handler.: A total lush, a filthy lay, a homegirl unrestrained when feeling ca...  www.iLunchBreak.com",114022864,"gimmick, routine, trademark style, or recurring bit",humor,commenting,false,
shtick,11485913912,2010-04-02,"The drunken-slatter shtick of Chelsea Handler.: A total lush, a filthy lay, a homegirl unrestrained when feeling catty… www.iLunchBreak.com",114022864,"gimmick, routine, trademark style, or recurring bit",humor,commenting,false,
shtick,11487758450,2010-04-02,"@xolondon Agreed. I think being disconnected is her ""shtick"".",35780882,"gimmick, routine, trademark style, or recurring bit",humor,casual_conversation,false,
shtick,11492731698,2010-04-02,@grizolda everyone who works at Pitchfork sounds like a dick -- it's their Indie Cred shtick,24928505,"gimmick, routine, trademark style, or recurring bit",humor,casual_conversation,false,
shtick,11495044483,2010-04-02,@ex_girlfriends's account is temporarily unavailable because it violates the Twitter Media Policy. Learn more.,99093667,"gimmick, routine, trademark style, or recurring bit",humor,casual_conversation,false,
shtick,11496796536,2010-04-02,"My redblog review of TRAIN YR DRAGON: http://bit.ly/bjaGYT ""DreamWorks sets aside SHREK shtick & makes a lovely, dazzling film""",46696103,"gimmick, routine, trademark style, or recurring bit",humor,article_sharing,false,
shtick,11497605000,2010-04-02,The drunken-slatter shtick of Chelsea Handler. http://bit.ly/9mpFgF,78953961,"gimmick, routine, trademark style, or recurring bit",humor,article_sharing,false,
shtick,11500181636,2010-04-02,"Sigh. And since all that is left on Spin Cycle is JHard, I'm done. His self deprication shtick? Cheap and doesn't work on him. At. All. -_-",42534498,"gimmick, routine, trademark style, or recurring bit",humor,commenting,false,
shtick,11651930405,2010-04-05,"it's: 

I want your psycho
Your vertigo shtick
Want you in my rear window
Baby you’re sick

Referencing Hitchcock.",14383639,"gimmick, routine, trademark style, or recurring bit",humor,commenting,false,
shtick,11655101822,2010-04-05,"More Palin “real America” shtick – and by the way, the East Coast can drop dead: That whacky wench from Wasilla is... http://bit.ly/a9sX4a",39561473,"gimmick, routine, trademark style, or recurring bit",humor,article_sharing,false,
shtick,11655438369,2010-04-05,Feelin like poop on a shtick,34007816,"gimmick, routine, trademark style, or recurring bit",humor,commenting,false,
shtick,11655716671,2010-04-05,@rosenbergradio i can spell kolb... klevin klob is just inside shtick,19039766,"gimmick, routine, trademark style, or recurring bit",humor,casual_conversation,false,
shtick,11656827640,2010-04-05,".@Kellbo0 u don't need to do that. Really. It's OK. The thanku for RT shtick on Twitter is weird. Just keep doin your thing,girl. #p2",15883275,"gimmick, routine, trademark style, or recurring bit",humor,casual_conversation,false,
shtick,11658985159,2010-04-05,"@StephenGaGa well, vertigo stick is really vertigo shtick which refrences alfred hitchcocks movie, but the double meaning implies penis",34027488,"gimmick, routine, trademark style, or recurring bit",humor,casual_conversation,false,
shtick,11659501513,2010-04-05,"@Diedre_Vance Think the freezing shtick's been done already, yaknow. Still, no dead wife! @Mistress_Fright's still standing...",66933785,"gimmick, routine, trademark style, or recurring bit",humor,casual_conversation,false,
shtick,11660958687,2010-04-05,"@rommelmets It's his shtick. He mentioned his predictions almost every day of last season too.And quite honestly, they deserve to be mocked.",17159296,"gimmick, routine, trademark style, or recurring bit",humor,commenting,false,
shtick,11663378217,2010-04-05,Lee Evans is doing @timminchin's shtick. ATTACK HIM! ATTACK HIM NOW AND ATTACK HIM GOOD! #comedygala,49103981,"gimmick, routine, trademark style, or recurring bit",humor,casual_conversation,false,
shtick,11666481120,2010-04-05,"@ManMadeMoon @simonpegg the serial killer shtick pulls me right out. Everything else is great, that stuff just isn't funny. At all.",16174437,"gimmick, routine, trademark style, or recurring bit",humor,casual_conversation,false,
shtick,12190848614,2010-04-14,Voice doing shtick at sportstation,44416895,"gimmick, routine, trademark style, or recurring bit",humor,commenting,false,
shtick,12190919183,2010-04-14,Whats his shtick,117213351,"gimmick, routine, trademark style, or recurring bit",humor,commenting,false,
shtick,12193283969,2010-04-15,The Phanatic is doing his sneeze-and-toss-popcorn-all -over-the-fans bit. I honestly never get tired of his shtick,114872969,"gimmick, routine, trademark style, or recurring bit",humor,commenting,false,
shtick,12193381850,2010-04-15,Agreed! RT @gonzophilly The Phanatic is doing his sneeze-and-toss-popcorn-all -over-the-fans bit. I honestly never get tired of his shtick,15741110,"gimmick, routine, trademark style, or recurring bit",humor,commenting,false,
shtick,12194514798,2010-04-15,"Wait, @keitholbermann stole Rachel's shtick of blue jeans and converses under the desk!  What next, blue glasses?",24313973,"gimmick, routine, trademark style, or recurring bit",humor,casual_conversation,false,
shtick,12196956897,2010-04-15,"@Sarahphim 'siatic' could be sciatic, Asiatic, sciatica, shtick, chaotic, static, biotic, Attic, Stoic, attic, stick or stoic.",38113411,"gimmick, routine, trademark style, or recurring bit",humor,casual_conversation,false,
shtick,12197647983,2010-04-15,@sabinaredbranch I think that may be my 2 year old on the plane.  Is it a girl?  That's exactly her shtick.,103088467,"gimmick, routine, trademark style, or recurring bit",humor,casual_conversation,false,
shtick,12199894734,2010-04-15,@culinarypirate I could pitch-hit and make offensive comments about Asians and white people. I could make it my shtick.,13960582,"gimmick, routine, trademark style, or recurring bit",humor,casual_conversation,false,
shtick,12201051228,2010-04-15,"@werd_nerd but there are pics n she got married, u know I'm a sucker for wedding shtick. When u leaving cold canada for sunny sg?",5548852,"gimmick, routine, trademark style, or recurring bit",humor,casual_conversation,false,
shtick,12205161111,2010-04-15,I have loved Tina Fey's work. I agree with the recent critique of some of her shtick. That happens often.,19755615,"gimmick, routine, trademark style, or recurring bit",humor,commenting,false,
shtick,12208115231,2010-04-15,@Expernz hell yeah... Man this shtick is getting old.  Let's go catch some waves!,18270273,"gimmick, routine, trademark style, or recurring bit",humor,commenting,false,
shtick,12425697249,2010-04-19,"@dmcfgirl yeah, I thought I could stomach this a bit, but Reba's shtick is sooo beyond baad, and I can't deal with any more Taylor Swift.",30886588,"gimmick, routine, trademark style, or recurring bit",humor,casual_conversation,false,
shtick,12426255759,2010-04-19,"New BrideSeeker: Re: New to this: Hey--I was tempted, seeing other guys pulling that shtick, but I... http://bit.ly/ciX1rR , in Asian Board",76662092,"gimmick, routine, trademark style, or recurring bit",humor,article_sharing,false,
shtick,12426576012,2010-04-19,Reba doing some shtick...Faith Hill takes the stage..to do present,24599704,"gimmick, routine, trademark style, or recurring bit",humor,commenting,false,
shtick,12428821165,2010-04-19,"@literarychica I just don't support the ""kill your TV"" shtick. Turning off the TV because you have work to do or a book to read, I support.",17285736,"gimmick, routine, trademark style, or recurring bit",humor,casual_conversation,false,
shtick,12441847719,2010-04-19,"@arubberstamp Hence ""sounded great"". But her shtick is trashy-hipster-tacky-weird. So I tend to overlook the astronaut suits and shit.",26429404,"gimmick, routine, trademark style, or recurring bit",humor,casual_conversation,false,
shtick,12443603065,2010-04-19,"@vigilantism I know being pirssy and snotty is kind of his shtick, but really, mocking Amy Lee when he's wearing that much eye makeup. No.",21142425,"gimmick, routine, trademark style, or recurring bit",humor,commenting,false,
shtick,12445297486,2010-04-19,"@MvelaseP Seems effective to ensure votes. You know, besides the usual ""Remind people about that revolution from over a decade ago"" shtick.",16437241,"gimmick, routine, trademark style, or recurring bit",humor,casual_conversation,false,
shtick,12447696493,2010-04-19,@FrakFace i know right.  That's Georges shtick!,16362467,"gimmick, routine, trademark style, or recurring bit",humor,casual_conversation,false,
shtick,12454167592,2010-04-19,"Avant-garde and Shtick (sorry Clement Greenberg) http://bit.ly/48neuN, http://bit.ly/c4ltjs",67691067,"gimmick, routine, trademark style, or recurring bit",humor,article_sharing,false,
shtick,12455349337,2010-04-19,@Stephen_Long Love it :D Lemme know when it's done and we'll shtick it up on the site.,96418153,"gimmick, routine, trademark style, or recurring bit",humor,casual_conversation,false,
shtick,12616000630,2010-04-22,"My lips are chapped. My chap-shtick is on the other side of this room. Houston, we have a problem.",36246729,"gimmick, routine, trademark style, or recurring bit",humor,commenting,false,
shtick,12617991599,2010-04-22,"George, Loved ya on AI, just finished your shtick here.Get Christian Kane (Country Singer just finished 1st Album) on your show. U'll &lt;3 him",133507480,"gimmick, routine, trademark style, or recurring bit",humor,commenting,false,
shtick,12618152164,2010-04-22,"@jprobitaille Self-deprecation is kind of my shtick.  Now I'm fucked.  Again, #moxiefail",27860003,"gimmick, routine, trademark style, or recurring bit",humor,casual_conversation,false,
shtick,12620281599,2010-04-22,"is listening to Jagged Little Pill and thinking Alanis' whole angsty shtick has not aged as well as, say, Vanilla Ice or MC Hammer.",15942559,"gimmick, routine, trademark style, or recurring bit",humor,commenting,false,
shtick,12622160998,2010-04-22,@TraytablesTrvls oh it's funny when foreigners do hip-hop shtick.,20937759,"gimmick, routine, trademark style, or recurring bit",humor,casual_conversation,false,
shtick,12623296398,2010-04-22,@ANDIECFLORES gosh... I can't even read it anymore.. Its... Your victim card is over played chika. Get a new shtick.,116682234,"gimmick, routine, trademark style, or recurring bit",humor,casual_conversation,false,
shtick,12623434602,2010-04-22,"Another brilliant article by @afairweather ""Steve, the big brother shtick is getting tired"" http://bit.ly/bPaLJD",15942900,"gimmick, routine, trademark style, or recurring bit",humor,article_sharing,false,
shtick,12626166360,2010-04-22,"Plumber did his usual opening act: ""Ooh this is complicated. This is gonna cause a lotta damage. Are u sure you really want this?"" #shtick",11748252,"gimmick, routine, trademark style, or recurring bit",humor,commenting,false,
shtick,12627024911,2010-04-22,@happysorceress No I totally get it. Horror and sadistic cruelty isn't everyone shtick. But I like other things too! There's a soft side --,25376592,"gimmick, routine, trademark style, or recurring bit",humor,casual_conversation,false,
shtick,12627915940,2010-04-22,"The Man is up extra-late so that he can be extra-grouchy tomorrow when we both need to get up early. Its his shtick, methinks.",19789889,"gimmick, routine, trademark style, or recurring bit",humor,commenting,false,
shtick,13041440857,2010-04-29,"@__Ghoul__ Pssssh! Get yah own shtick! Get some Feah Toxin, Crane Juniah! *Laughs*",14654515,"gimmick, routine, trademark style, or recurring bit",humor,humor,false,Manual override -> humor
shtick,13042816687,2010-04-29,"Bye, Siobhan! #AmericanIdol tried so hard with that year of the woman shtick.",112313007,"gimmick, routine, trademark style, or recurring bit",humor,commenting,false,
shtick,13046945823,2010-04-29,@ratsamy ... Dr Phil's doing outright pseudoscience now? I thought his shtick was just patriarchal shaming and hectoring?,14199942,"gimmick, routine, trademark style, or recurring bit",humor,commenting,false,
shtick,13047960601,2010-04-29,@KenDavidoff - some people just don't appreciate shtick.,21760994,"gimmick, routine, trademark style, or recurring bit",humor,casual_conversation,false,
shtick,13049559470,2010-04-29,Chgo tweeps! Drowsy Chaperone at Marriott Lincolnshire is delightfully entrtning-lots of broadly stroked shtick & mocking mscl theatre.,60434515,"gimmick, routine, trademark style, or recurring bit",humor,commenting,false,
shtick,13049811548,2010-04-29,@kirstiealley She's so sweet; She reads every tweet.  Kirstie Alley's one classy chick. She's got me hooked on her Twitter Shtick.,17504399,"gimmick, routine, trademark style, or recurring bit",humor,casual_conversation,false,
shtick,13056723136,2010-04-29,"New Product Has More Than Shtick Appeal It's Not Just a Shoe Horn, It's a Shoe ... - PR Web (press release): New P... http://bit.ly/dbYezs",130734299,"gimmick, routine, trademark style, or recurring bit",humor,article_sharing,false,
shtick,13057534386,2010-04-29,"@hannahyeoh @TerencetheSUN Big Mike getting on my nerves. Too much swagger & always pulling that ""I'm a good man/daddy"" shtick w/ his songs",37682047,"gimmick, routine, trademark style, or recurring bit",humor,casual_conversation,false,
shtick,13059174791,2010-04-29,@psychodwarf yeah baby! today's gonna ROCK!  What you gonna do? I gotta get my holiday shtick sorted oot.,17808795,"gimmick, routine, trademark style, or recurring bit",humor,casual_conversation,false,
shtick,13062569850,2010-04-29,"New Product Has More Than Shtick Appeal It's Not Just a Shoe Horn, It's a Shoe ...: The newest product to make its... http://bit.ly/cdRP9h",132755181,"gimmick, routine, trademark style, or recurring bit",humor,article_sharing,false,
shtick,13089398718,2010-04-29,Can't bear David Cameron's my-kids-are-at-state-school-too shtick. As if they would be if he wasn't going for PM #LeadersDebate,19728954,"gimmick, routine, trademark style, or recurring bit",humor,commenting,false,
shtick,13089753181,2010-04-29,Can't bear David Cameron's my-kids-r-at-state-school-too shtick.As if they would b if he wasn't goin for PM #LeadersDebate (via @vickybaker),20693263,"gimmick, routine, trademark style, or recurring bit",humor,casual_conversation,false,
shtick,13091262040,2010-04-29,@Zeke_Pinheiro She's already done that movie 100 X's. Random adoption is her new shtick.,130584276,"gimmick, routine, trademark style, or recurring bit",humor,casual_conversation,false,
shtick,13095810950,2010-04-29,"@carolynmichelle I dunno, I kinda like Cody's whole ""I'm bored so I'm just going to cause mass destruction"" shtick.",19175951,"gimmick, routine, trademark style, or recurring bit",humor,casual_conversation,false,
shtick,13102027858,2010-04-30,@leeniefrancis Yes he is.  Hopefully the eight people who actually follow me on twitter know it's just shtick.,20013414,"gimmick, routine, trademark style, or recurring bit",humor,casual_conversation,false,
shtick,13105040959,2010-04-30,@CarrieEmmy Because it's the same shtick every video and I am tired of people talking about her (same reaction to Lady GaGa),14739421,"gimmick, routine, trademark style, or recurring bit",humor,casual_conversation,false,
shtick,13106119461,2010-04-30,"@mason_j @PRJonesy @mattblinky @phillipashton Re: Unzipped story. Sheerioushly, guysh, do you really want me to shtick it in her pushy?",125480126,"gimmick, routine, trademark style, or recurring bit",humor,casual_conversation,false,
shtick,13107112376,2010-04-30,"@themayaholliday 'siadic' could be sciatic, Asiatic, Judaic, sciatica, ADC, bardic, shad, shtick, FDIC, Shadow, shadier or shadow.",38113411,"gimmick, routine, trademark style, or recurring bit",humor,casual_conversation,false,
shtick,13109894793,2010-04-30,Xtina needs to find a shtick and stick with it.,130916395,"gimmick, routine, trademark style, or recurring bit",humor,commenting,false,
shtick,13110015424,2010-04-30,"@Candee702 @MJRising she is random, but i think ""re-inventing"" is her shtick. she wouldnt have lasted if she'd have stayed bubble gum.",21367136,"gimmick, routine, trademark style, or recurring bit",humor,casual_conversation,false,
shtick,13678651129,2010-05-09,@OSCARDELASATAN: Classical teabaggery or is that some kind of Tea Party shtick?,20951000,"gimmick, routine, trademark style, or recurring bit",humor,casual_conversation,false,
shtick,13680678248,2010-05-09,Quasars have a lot of poetic potential if poets had the patience to make astronomical metaphors beyond that old stardust shtick.,19472512,"gimmick, routine, trademark style, or recurring bit",humor,commenting,false,
shtick,13681706072,2010-05-09,@Sp0on @stacysnook he is the DESTROYER of all things stuffed. its part of his shtick.,93261930,"gimmick, routine, trademark style, or recurring bit",humor,commenting,false,
shtick,13685031204,2010-05-09,"Never really bought into Barbara Ellen's professional contrarian shtick, but saying Loaded culture represented ""male liberation"" = a new low",15220073,"gimmick, routine, trademark style, or recurring bit",humor,commenting,false,
shtick,13686325772,2010-05-09,Is there any fighter on Twitter that offers anything insightful and doesn't do horrendously stupid shtick? I've yet to find one. Help me.,43334982,"gimmick, routine, trademark style, or recurring bit",humor,commenting,false,
shtick,13688053633,2010-05-09,@lordloz @charltonbrooker All showmanship! It's his shtick to be portayed as a meany. He doesn't really want us to go away! He's sharp tho,18123669,"gimmick, routine, trademark style, or recurring bit",humor,commenting,false,
shtick,13698763234,2010-05-10,"Good time at Iron Man 2 IMAX with @rajatsuri. If you like seeing Downey and especially Favreau and Sam Jackson do their shtick, see it.",16954668,"gimmick, routine, trademark style, or recurring bit",humor,casual_conversation,false,
shtick,13719073931,2010-05-10,The Lolly shtick is too easy http://bit.ly/bPrY6E &lt;&lt;&lt; Great read by @verashni,21192965,"gimmick, routine, trademark style, or recurring bit",humor,article_sharing,false,
shtick,13720835295,2010-05-10,@xxmarsarmygirl i have UHU glue. =D come i shtick ur fasche. =D,57927269,"gimmick, routine, trademark style, or recurring bit",humor,casual_conversation,false,
shtick,13883450981,2010-05-13,Raina is super annoying. The whole Jan from the Brady Bunch shtick is annoying.,59506356,"gimmick, routine, trademark style, or recurring bit",humor,commenting,false,
shtick,13887831172,2010-05-13,The brain tries to make order out of chaos - maybe that's this opener's shtick.  I hope they're trying to be performance artists and not mus,30595059,"gimmick, routine, trademark style, or recurring bit",humor,commenting,false,
shtick,13891283628,2010-05-13,"@acsava real creative as swipe. Had steamed pork (belly) buns (phenomenal) and momofuku ram en (pork belly, shoulder,poached egg, shtick)",26625116,"gimmick, routine, trademark style, or recurring bit",humor,casual_conversation,false,
shtick,13893911158,2010-05-13,"@leahlibrarian OK, I'll give you Red Mist. I just think Millar's shtick gets a little old at times.",11274832,"gimmick, routine, trademark style, or recurring bit",humor,casual_conversation,false,
shtick,13894585038,2010-05-13,Brown's Log 13/05/10. Senate. Emerson yapping on about god know's what. Anyone else think the eccentric shtick is getting a little old?,142900236,"gimmick, routine, trademark style, or recurring bit",humor,commenting,false,
shtick,13898962649,2010-05-13,@honeyPRmelb its my shtick,15068983,"gimmick, routine, trademark style, or recurring bit",humor,casual_conversation,false,
shtick,13904505647,2010-05-13,"Iron Man 2 was good enough but had too much of Downey Jr doing his usual shtick, not nearly enough Rourke, Rockwell and Johansson...meh",141227067,"gimmick, routine, trademark style, or recurring bit",humor,commenting,false,
shtick,13905707095,2010-05-13,@morningmika the current shtick about news reading does not become you.,16927908,"gimmick, routine, trademark style, or recurring bit",humor,casual_conversation,false,
shtick,13906436551,2010-05-13,"Have you picked up on the Masterchef Australia shtick, yet? It's so subtle.",16051404,"gimmick, routine, trademark style, or recurring bit",humor,commenting,false,
shtick,13906663515,2010-05-13,"Baroness Warsi's ""daughter of an immigrant mill worker"" shtick is the political equivalent of Alan Shearer's ""son of a sheet-metal worker"".",20797320,"gimmick, routine, trademark style, or recurring bit",humor,commenting,false,
shtick,14824807644,2010-05-27,"@Vertigo_Shtick dates coming up, keep w",19902330,"gimmick, routine, trademark style, or recurring bit",humor,casual_conversation,false,
shtick,14824821493,2010-05-27,@Vertigo_Shtick orking on those costumes babe!,19902330,"gimmick, routine, trademark style, or recurring bit",humor,casual_conversation,false,
shtick,14825303340,2010-05-27,@WeeLilBrentley Umm... he pretty well keeps that shtick up with pretty much every post. I love when he randomly bashes Hulk Hogan.,14858363,"gimmick, routine, trademark style, or recurring bit",humor,casual_conversation,false,
shtick,14827705902,2010-05-27,"Hey Ryan, remember when your shtick was that you were new and normal? Yeah, that was funny. Now you have Woof. #theoffice",22462488,"gimmick, routine, trademark style, or recurring bit",humor,commenting,false,
shtick,14830335302,2010-05-27,News: The ArchAndroid backs up goofy shtick with rad music http://bit.ly/cSaGqh,113720809,"gimmick, routine, trademark style, or recurring bit",humor,article_sharing,false,
shtick,14831471582,2010-05-27,we barely even talked about the movie - we just did shtick the entire time...EPIC!  He plays Steve (Miranda's husband) in Sex And The City,19666861,"gimmick, routine, trademark style, or recurring bit",humor,commenting,false,
shtick,14834247618,2010-05-27,"@niklet Nil doing his well rehearsed shtick telling security to let the people party, and then getting audience to hug him?",19860303,"gimmick, routine, trademark style, or recurring bit",humor,casual_conversation,false,
shtick,14836049416,2010-05-27,"@alaa You always fell back on the ""capitalist swine"" shtick. There might be some giddyap left in that old horse. :)",1150211,"gimmick, routine, trademark style, or recurring bit",humor,casual_conversation,false,
shtick,14838215737,2010-05-27,"""girls. i don't appreciate people doing shtick. while i'm at the board"" OH? mr. kempf, really? shtick. nice",33120182,"gimmick, routine, trademark style, or recurring bit",humor,commenting,false,
shtick,14852489420,2010-05-27,"@vittorioe It's saved in my RSS feed, I can email it to you. I get that her shtick isn't about being polite, but that was so unprofessional.",15617851,"gimmick, routine, trademark style, or recurring bit",humor,casual_conversation,false,
shtick,14947019677,2010-05-29,"hahah, this gary coleman video is terrible shtick but hilarious at the same time. RIP.     http://tinyurl.com/32cz9cw",21804902,"gimmick, routine, trademark style, or recurring bit",humor,article_sharing,false,
shtick,14947566502,2010-05-29,"Dane Cook's Catholic shtick cracks me up. And for the record, I'm catholic & went to catholic school from K - college. :D",16339936,"gimmick, routine, trademark style, or recurring bit",humor,commenting,false,
shtick,14953107903,2010-05-29,"Kevin Eubanks & band last night on 'Tonight.' I'll miss him and them a lot. 
Restrospective of his 18 years of music and shtick great fun.",15989519,"gimmick, routine, trademark style, or recurring bit",humor,commenting,false,
shtick,14954844985,2010-05-29,"Point and Shtick, http://www.myfeedme.com/article/11362216.html",95693766,"gimmick, routine, trademark style, or recurring bit",humor,article_sharing,false,
shtick,14959574538,2010-05-29,@scotchka will tommy be there?  he came to the one in LA and did the same pre-show shtick... pretending to jump off the balcony.,21232903,"gimmick, routine, trademark style, or recurring bit",humor,casual_conversation,false,
shtick,14961554261,2010-05-29,@kunfused525 lol I figured it was shtick I believe in you,36826501,"gimmick, routine, trademark style, or recurring bit",humor,casual_conversation,false,
shtick,14968536512,2010-05-29,This tag team's shtick is that all their moves look like gay sex acts. Not even kidding.,22328352,"gimmick, routine, trademark style, or recurring bit",humor,commenting,false,
shtick,14969552263,2010-05-29,USF!!@mervyntan @josh_preston RT @danokayalright This tag team's shtick is that all their moves look like gay sex acts. Not even kidding.,14919540,"gimmick, routine, trademark style, or recurring bit",humor,casual_conversation,false,
shtick,14979593051,2010-05-29,"if I had an actual, gin-u-ine southern accent, I would be much better at pulling off my Merle Haggard shtick...but, i grew up on the UWS...",142056864,"gimmick, routine, trademark style, or recurring bit",humor,commenting,false,
shtick,14981519108,2010-05-29,"@andrew_alba Remember his weird vampire shtick? What was THAT about? Although I guess he was ahead of Twilight, so good on him.",22419345,"gimmick, routine, trademark style, or recurring bit",humor,casual_conversation,false,
shtick,15562386432,2010-06-06,Secret 'Shack' shtick http://bit.ly/c30YFQ,109521622,"gimmick, routine, trademark style, or recurring bit",humor,article_sharing,false,
shtick,15563402828,2010-06-06,"Watching the film ""Wimbledon""  Bettany doing his best Hugh Grant shtick.  Not very good but will stay with it.  P.S.  #duncansdream",15610138,"gimmick, routine, trademark style, or recurring bit",humor,television_reference,false,Manual override -> television_reference
shtick,15564796488,2010-06-06,@TronKnotts Well a lot of people are stupid. Just don't' get into a shtick vortex.,16612010,"gimmick, routine, trademark style, or recurring bit",humor,casual_conversation,false,
shtick,15572098814,2010-06-06,"@Coffinss Tell ""Evan"" not to steal my shtick xD",49535351,"gimmick, routine, trademark style, or recurring bit",humor,casual_conversation,false,
shtick,15573810413,2010-06-06,Secret ‘Shack’ shtick (Entertainment) http://bit.ly/bHQdcH,95237503,"gimmick, routine, trademark style, or recurring bit",humor,article_sharing,false,
shtick,15573940216,2010-06-06,"hey @SourPowered, you get my father's day card yet? Its quite obvious I birthed your whole shtick, you are my son. #DadOfTheYear",34501270,"gimmick, routine, trademark style, or recurring bit",humor,casual_conversation,false,
shtick,15575270937,2010-06-06,"I don't hate everything that's popular cuz it's some kind of shtick, I just genuinely feel that way.",7617502,"gimmick, routine, trademark style, or recurring bit",humor,commenting,false,
shtick,15578110163,2010-06-06,"Secret 'Shack' shtick: New York Post
By LARRY GETLEN When former cast member Chevy Chase returned to “Saturday Nig... http://bit.ly/9keMLg",43490244,"gimmick, routine, trademark style, or recurring bit",humor,article_sharing,false,
shtick,15578978953,2010-06-06,"Belushi is much better in a serious role, altho he does revert 2 his shtick in #TheDefenders. Given it's in LV w/lots of T&A, it'll make it.",15075422,"gimmick, routine, trademark style, or recurring bit",humor,commenting,false,
shtick,15604458037,2010-06-07,"Bless, Christina Aguilera, she's trying. Hope her movie BURLESQUE works out, since Gaga stole her shtick and did it better. #mtvmovieawards",26920457,"gimmick, routine, trademark style, or recurring bit",humor,celebrity_gossip,false,Darwin audit -> celebrity_gossip
shtick,15606264078,2010-06-07,"That Cruise Les Grossman shtick is HORRIBLE. Like a puking, shitting blood death horrible.",25882936,"gimmick, routine, trademark style, or recurring bit",humor,commenting,false,
shtick,15607296724,2010-06-07,@ChristianRocker That's kind of Cera's shtick. It's more about the nuances of how he plays himself every time.,78172717,"gimmick, routine, trademark style, or recurring bit",humor,casual_conversation,false,
shtick,15615253843,2010-06-07,Major thumbs down on the 'happy because you are happy' shtick. That one makes me angry.,63018774,"gimmick, routine, trademark style, or recurring bit",humor,commenting,false,
shtick,15620853987,2010-06-07,"Brad Mehldau at Wigmore Hall, review: Most jazz pianists have their ""shtick"", the instantly recognisable fingerprin... http://cli.gs/bq2Ry",29348487,"gimmick, routine, trademark style, or recurring bit",humor,article_sharing,false,
shtick,15621683598,2010-06-07,"@ChristinaCraze Correction: 24 hours+. Her shtick was transparent and classless. I loved her songs back in the day, and she's gorg, but NO.",64674027,"gimmick, routine, trademark style, or recurring bit",humor,casual_conversation,false,
shtick,15623309147,2010-06-07,Obama’s shtick is wearing thin http://bit.ly/c47IpM,64659884,"gimmick, routine, trademark style, or recurring bit",humor,article_sharing,false,
shtick,15623685892,2010-06-07,"@katybairstow Yes! And I didn't understand Depp's accent-switching shtick. Plus: ""Jabberwocky""? ""Borogroves""? Could the writer not read?",22988800,"gimmick, routine, trademark style, or recurring bit",humor,casual_conversation,false,
shtick,15624290653,2010-06-07,"Brad Mehldau at Wigmore Hall, review: Rating: * * * * * By Neil McCormick Most jazz pianists have their “shtick”, ... http://bit.ly/8YvYii",36763063,"gimmick, routine, trademark style, or recurring bit",humor,article_sharing,false,
shtick,15627064676,2010-06-07,Isn't this headline style @theonion's shtick? http://article.nationalreview.com/435682/how-were-fighting-the-gulf-oil-spill/daniel-foster,14174144,"gimmick, routine, trademark style, or recurring bit",humor,article_sharing,false,
shtick,15751241325,2010-06-09,Omg! *TEARS* from laughing so hard @kathygriffin caz her Hoarders shtick. I am dyin!! :D,22648183,"gimmick, routine, trademark style, or recurring bit",humor,casual_conversation,false,
shtick,15752342105,2010-06-09,@podperson13 chill your shtick !,27291533,"gimmick, routine, trademark style, or recurring bit",humor,casual_conversation,false,
shtick,15754653472,2010-06-09,"VIDEO: Empire Shtick of Mind ""Jew York"": http://wp.me/pqNkF-yD",15905972,"gimmick, routine, trademark style, or recurring bit",humor,article_sharing,false,
shtick,15754856514,2010-06-09,"But the over the top ""grim/dark"" shtick worked for Twisted Metal, so why not Mortal Kombat? I ask you!!!",19319863,"gimmick, routine, trademark style, or recurring bit",humor,commenting,false,
shtick,15756073636,2010-06-09,"Denny's cans its CEO. Ironically fitting the 24/7 restaurant shtick, the announcement rolled at 10:52 tonight. $DENN http://bit.ly/a36YPI",15945181,"gimmick, routine, trademark style, or recurring bit",humor,article_sharing,false,
shtick,15756407153,2010-06-09,All the other comedians ripping off his shtick #ThingsBillHicksDidNotGetToCommentOn,16415537,"gimmick, routine, trademark style, or recurring bit",humor,commenting,false,
shtick,15758379797,2010-06-09,I actually hate Mickey Kaus less for his doomed senate run. Suggests his shtick isn't entirely tongue-in-cheek.,9351762,"gimmick, routine, trademark style, or recurring bit",humor,commenting,false,
shtick,15761249774,2010-06-09,"[Video] Empire Shtick of Mind - ""Jew York"" | iBlog126.com - #1 Opinionated Miami Hip Hop, Fashion,.. http://bit.ly/a12kaI",21633773,"gimmick, routine, trademark style, or recurring bit",humor,article_sharing,false,
shtick,15761952254,2010-06-09,Straight up: I would work with @peoplesrev for FREE on any project. I respect the shit out of Kelly Cutrone's entire shtick. I want in.,15657528,"gimmick, routine, trademark style, or recurring bit",humor,casual_conversation,false,
shtick,17511717527,2010-07-01,"Okay, I'm done with the shtick. I promise.",25759759,"gimmick, routine, trademark style, or recurring bit",humor,commenting,false,
shtick,17512689264,2010-07-01,Who is tiring of all this Mike Vick shtick?,22046753,"gimmick, routine, trademark style, or recurring bit",humor,commenting,false,
shtick,17515069236,2010-07-01,"Yep. Like a lot of hype bands, the kids have more emotional investment in the shtick @pgwp @theallseeingi don't feel that strongly about it",9843222,"gimmick, routine, trademark style, or recurring bit",humor,casual_conversation,false,
shtick,17516541632,2010-07-01,The Man Without a Shtick (at Forbes) http://bit.ly/cOamfu via @YoTwits #cocacola,17580183,"gimmick, routine, trademark style, or recurring bit",humor,article_sharing,false,
shtick,17517172494,2010-07-01,The Man Without a Shtick http://bit.ly/bGs5tU,60327218,"gimmick, routine, trademark style, or recurring bit",humor,article_sharing,false,
shtick,17518524570,2010-07-01,@iamboney Shtick.,20370618,"gimmick, routine, trademark style, or recurring bit",humor,casual_conversation,false,
shtick,17519646123,2010-07-01,The Man Without a Shtick (at Forbes) http://bit.ly/9M8OPh via @YoTwits #proctor&gamble,68980437,"gimmick, routine, trademark style, or recurring bit",humor,article_sharing,false,
shtick,17523470200,2010-07-01,@G1ennBeck i like your shtick.. I'll be looking for your honest/ talented satire @glennbecck,62861530,"gimmick, routine, trademark style, or recurring bit",humor,casual_conversation,false,
shtick,17530169424,2010-07-02,"@lenno212 I personally enjoy your shtick, but you do come across as abrasive to fans from time to time. Which, again, I enjoy.",15001045,"gimmick, routine, trademark style, or recurring bit",humor,casual_conversation,false,
shtick,17533423848,2010-07-02,I can't watch an episode of Ghost Whisperer without busting out laughing at Love's Sigourney-Weaver-in-Galaxy-Quest repetition shtick.,15878120,"gimmick, routine, trademark style, or recurring bit",humor,television_reference,false,Darwin audit -> television_reference
shtick,18461471384,2010-07-13,Is Taylor Lautner Going to Steal Tom Cruise's 'Always Riding a Motorcycle' Shtick? http://bit.ly/anQWCL,119812071,"gimmick, routine, trademark style, or recurring bit",humor,article_sharing,false,
shtick,18461521341,2010-07-13,RT @Movieline: Is Taylor Lautner Going to Steal Tom Cruise's 'Always Riding a Motorcycle' Shtick? http://bit.ly/cujVDr,98400682,"gimmick, routine, trademark style, or recurring bit",humor,article_sharing,false,
shtick,18466363467,2010-07-13,Is Taylor Lautner Going to Steal Tom Cruise's 'Always Riding a Motorcycle' Shtick?  http://bit.ly/9LMyX9,149417989,"gimmick, routine, trademark style, or recurring bit",humor,article_sharing,false,
shtick,18466368100,2010-07-13,www.yepanet.com Is Taylor Lautner Going to Steal Tom Cruise's 'Always Riding a Motorcycle' Shtick?: Busy shooting ... http://bit.ly/cujVDr,84926728,"gimmick, routine, trademark style, or recurring bit",humor,article_sharing,false,
shtick,18468203859,2010-07-13,"@alexmolotkow You're completely fine, and any occasional limpdickity-do part of the curmudgeon shtick. Revel in it. Colander!",4094571,"gimmick, routine, trademark style, or recurring bit",humor,casual_conversation,false,
shtick,18468666436,2010-07-13,"I turn on Sean Hannity in the car for 2 mins and its anti President Obama, Rev Wright, Bill Ayers,etc.. this guy really needs a new shtick!",72502169,"gimmick, routine, trademark style, or recurring bit",humor,commenting,false,
shtick,18471038378,2010-07-13,If wiglaf's shtick is to be perfect at everything... i… — Yup. Wiglaf is more than capable of being a complete a… http://4ms.me/9JMcGD,18432723,"gimmick, routine, trademark style, or recurring bit",humor,article_sharing,false,
shtick,18471247086,2010-07-13,Is Taylor Lautner Going to Steal Tom Cruise's 'Always Riding a Motorcycle' Shtick? http://bit.ly/cYcRwJ,49182188,"gimmick, routine, trademark style, or recurring bit",humor,article_sharing,false,
shtick,19107327719,2010-07-21,@maisonaise i was just explaining to our friend @timgarlitz here the #1 reason Arcade Fire are meh to me. IT'S ALL SHTICK.,14118962,"gimmick, routine, trademark style, or recurring bit",humor,casual_conversation,false,
shtick,19110840925,2010-07-21,@terryannonline Plus he'd be taking O'Keefe shtick,113346201,"gimmick, routine, trademark style, or recurring bit",humor,casual_conversation,false,
shtick,19117209322,2010-07-22,Beyond spice: 5 witty library videos: The hottest thing on YouTube is a parody of the Old Spice Guy's shtick for l...  http://bit.ly/cSKCQD,136150599,"gimmick, routine, trademark style, or recurring bit",humor,article_sharing,false,
shtick,19117222065,2010-07-22,Beyond spice: 5 witty library videos: The hottest thing on YouTube is a parody of the Old Spice Guy's shtick for l... http://bit.ly/awsQpm,87544775,"gimmick, routine, trademark style, or recurring bit",humor,article_sharing,false,
shtick,19218289696,2010-07-22,"Only in America! RT @ABAJournal: Naked Cowboy Sues Female Competitor, Says She Stole His Shtick http://bit.ly/cYdF74",140805063,"gimmick, routine, trademark style, or recurring bit",humor,article_sharing,false,
shtick,19219485311,2010-07-22,@KatieKraw @susanlynncope @dangigante @jkblackmer george forman needs a new shtick #thingsthatrhymewithkrawcyk,38978701,"gimmick, routine, trademark style, or recurring bit",humor,casual_conversation,false,
shtick,19220467150,2010-07-22,@argonaut The whole Irish shtick.,145307906,"gimmick, routine, trademark style, or recurring bit",humor,casual_conversation,false,
shtick,19221966923,2010-07-22,"Graham may be hoping that a GOP Prez may name him say,Defense Sec.B Kagan supt demonstrates that elections have consequences line not shtick",93905795,"gimmick, routine, trademark style, or recurring bit",humor,commenting,false,
shtick,19223362729,2010-07-22,@wbdiva504 his shtick is dying down,45900262,"gimmick, routine, trademark style, or recurring bit",humor,commenting,false,
shtick,19224340191,2010-07-22,Stealing @colonydrop's shtick http://is.gd/dBzX4,15268142,"gimmick, routine, trademark style, or recurring bit",humor,article_sharing,false,
shtick,19377815271,2010-07-23,Rapp Shtick http://bit.ly/aonNj9,20071589,"gimmick, routine, trademark style, or recurring bit",humor,article_sharing,false,
shtick,19381179990,2010-07-24,"Phanatic's shtick is getting stale, someone needs to slip him some blotter acid and about 16 tubs of Cool Whip",17827295,"gimmick, routine, trademark style, or recurring bit",humor,commenting,false,
shtick,19381768321,2010-07-24,@viller I riffed against observational as not interpretive enough but that was my own shtick I guess,3922921,"gimmick, routine, trademark style, or recurring bit",humor,casual_conversation,false,
shtick,19382066097,2010-07-24,"@rippytweets it's just usual shtick, I just deactivated it for a few days.",36809538,"gimmick, routine, trademark style, or recurring bit",humor,casual_conversation,false,
shtick,19383894338,2010-07-24,"@HotComesToDie And I don't believe for a minute you're stupid, but nice shtick.",86815638,"gimmick, routine, trademark style, or recurring bit",humor,casual_conversation,false,
shtick,19388685053,2010-07-24,"@ChooChooCharlie @AllNudeRevue I have a pretty low tolerance for Samuel L. Jackson's ""shouting is acting"" shtick.",158262643,"gimmick, routine, trademark style, or recurring bit",humor,commenting,false,Manual override -> commenting
shtick,19401081608,2010-07-24,"@danharmon 'siatic' could be sciatic, Asiatic, sciatica, shtick, chaotic, static, biotic, Attic, Stoic, attic, stick or stoic.",38113411,"gimmick, routine, trademark style, or recurring bit",humor,casual_conversation,false,
shtick,19401811330,2010-07-24,"@Timaay Ah. Thanks for the tip. I'll keep my statements more general. Besides, that's not my shtick. I have my hands full with progressives.",20617487,"gimmick, routine, trademark style, or recurring bit",humor,casual_conversation,false,
shtick,19405002466,2010-07-24,it is a pleasure doing business vith you.  i shall bring Herr Shtick to our next business meeting.,101612642,"gimmick, routine, trademark style, or recurring bit",humor,commenting,false,
shtick,19409859617,2010-07-24,"@Miss_a_ree her basic Joan Jett shtick is look tired, talk quietly and dont look anyone in the eye.",28302647,"gimmick, routine, trademark style, or recurring bit",humor,casual_conversation,false,
shtick,19420517916,2010-07-24,More Shtick Than You Can Shake A Stick At!,22253549,"gimmick, routine, trademark style, or recurring bit",humor,commenting,false,
shtick,19429549870,2010-07-24,No. 36/Tom Cruise - When’s the “pic-posing/calling-people's-mobiles” shtick you roll out for movie premieres gonna stop Mr One-Trick-Pony?,138204803,"gimmick, routine, trademark style, or recurring bit",humor,celebrity_gossip,false,Darwin audit -> celebrity_gossip
shtick,19429750366,2010-07-24,RT @EndAnInterview: No. 36/Tom Cruise - When’s the “pic-posing/calling-people's-mobiles” shtick you roll out for movie premieres gonna s ...,19597201,"gimmick, routine, trademark style, or recurring bit",humor,casual_conversation,false,
shtick,19444021831,2010-07-24,@shtick The superfruit blend is a prime example. The ingredients include fruits like acai and goji berries.,153718190,"gimmick, routine, trademark style, or recurring bit",humor,casual_conversation,false,
shtick,19444419192,2010-07-24,I think it is fair to say that Red Bull's advertising shtick is played out. they look like those medicine ads during Price is Right,104052053,"gimmick, routine, trademark style, or recurring bit",humor,commenting,false,
shtick,20273601354,2010-08-04,@DallasMMMonster @ladygaga @tudamonster pshhhhhh lol i knew i'd get that! but hey how many girls you know could drive a shtick? :PPP,25914249,"gimmick, routine, trademark style, or recurring bit",humor,casual_conversation,false,
shtick,20273836210,2010-08-04,@tudamonster @DallasMMMonster @ladygaga lmao! well since i drive a shtick imma create a fucking pimped out disco stick for my car! HA!,25914249,"gimmick, routine, trademark style, or recurring bit",humor,casual_conversation,false,
shtick,20274254649,2010-08-04,@Jamma_Pants i could argue about this shtick for hourss that its not the same sounding; but i wontt:p,36821785,"gimmick, routine, trademark style, or recurring bit",humor,commenting,false,
shtick,20280222514,2010-08-04,"So I saw The Other Guys tonight. I don't know... it's pretty funny, but kinda pointless. I love Will Ferrell but he needs a new shtick.",16336963,"gimmick, routine, trademark style, or recurring bit",humor,commenting,false,
shtick,20280789466,2010-08-04,@UncleLouie I respect any1 that does what they love for work no matter what the profession but I really don't get Lady Gaga's shtick,114559102,"gimmick, routine, trademark style, or recurring bit",humor,casual_conversation,false,
shtick,20281752415,2010-08-04,"Welp, Im gonna go watch this shtick... hopefully not fall asleep this time.. Pce niggas",37372637,"gimmick, routine, trademark style, or recurring bit",humor,commenting,false,
shtick,20285009847,2010-08-04,@ChrisTerryDraws nice! Was totally digging the 90's wardrobe and then even more till the bitch's wrestling shtick,139188510,"gimmick, routine, trademark style, or recurring bit",humor,casual_conversation,false,
shtick,20291219994,2010-08-04,"@appleshoelace @musicalcat @AspieTeacher Amen! I get so annoyed when I see the ""suffering"" shtick in articles about autism.",17417837,"gimmick, routine, trademark style, or recurring bit",humor,casual_conversation,false,
shtick,20300964491,2010-08-04,"@jgarcia62 hey now that's my shtick! I'm joking, good morning sir",15707171,"gimmick, routine, trademark style, or recurring bit",humor,casual_conversation,false,
shtick,20310243752,2010-08-04,"@56forfreedom LOL - funny... don't think your spew is selling, babe. Get a new shtick. #tcot #p2",15883275,"gimmick, routine, trademark style, or recurring bit",humor,casual_conversation,false,
shtick,20339674088,2010-08-04,@SI_JoshGross Sonnen's shtick is a good part of what'd make him a fun champion...just think...Brock or Timmehy? Thought so :),30407829,"gimmick, routine, trademark style, or recurring bit",humor,casual_conversation,false,
shtick,20343131853,2010-08-04,"http://bit.ly/2LUzz Aug 17, 2010: Damnably at The Social: The all New Nu Damnably Acoustic Shtick Show
A new gener... http://bit.ly/91QNXi",38608532,"gimmick, routine, trademark style, or recurring bit",humor,article_sharing,false,
shtick,20346963777,2010-08-05,"upcoming.org &gt; Aug 17, 2010: Damnably at The Social: The all New Nu Damnably Acoustic Shtick Show
A new generation... http://bit.ly/91QNXi",14191759,"gimmick, routine, trademark style, or recurring bit",humor,article_sharing,false,
shtick,20348115188,2010-08-05,@AndrewFstewart Even then how long will the old lady sex and drugs shtick keep going?,21682534,"gimmick, routine, trademark style, or recurring bit",humor,casual_conversation,false,
shtick,20348284512,2010-08-05,"@TheMortalPoet *laughs, nods* I'm glad that Delilah's first inclinations aren't to write. She's loud, but that's just not her shtick.",19560361,"gimmick, routine, trademark style, or recurring bit",humor,casual_conversation,false,
shtick,20350274272,2010-08-05,Pretty sure Jose Andres and I would be friends too.  I could balance out his crazy cheerfulness with my Eeyore shtick @topchefdc,168819089,"gimmick, routine, trademark style, or recurring bit",humor,casual_conversation,false,
shtick,20351268861,2010-08-05,@dootsiez @astraldrops K he's not too graceful but cmon! http://bit.ly/aK1ddR And mock gay shtick is immature but cute! http://bit.ly/cfT6UX,7603402,"gimmick, routine, trademark style, or recurring bit",humor,article_sharing,false,
shtick,20351835847,2010-08-05,"@thejurisdoctor Jesus. That dummy's still trotting out the ""writing on her hand"" shtick? She needs new shtick.",31288141,"gimmick, routine, trademark style, or recurring bit",humor,casual_conversation,false,
shtick,20353261717,2010-08-05,"@ElaineM925  I would like to hear her without the costumes, being serious and singing. She has a voice, but her shtick has run its course",22688529,"gimmick, routine, trademark style, or recurring bit",humor,casual_conversation,false,
shtick,20356513684,2010-08-05,https://twitter.com/naughtynicerob/status/20349876929 bcuz KG isnt funny anymore. The whole bitter comedian activist shtick is OLD!,158399891,"gimmick, routine, trademark style, or recurring bit",humor,article_sharing,false,
shtick,20363835041,2010-08-05,"'Housewives of D.C.' features same shtick: ""Glee"" co-creator Ryan Murphy also told TV critics this week that an ep... http://bit.ly/ai5vwY",160677401,"gimmick, routine, trademark style, or recurring bit",humor,article_sharing,false,
shtick,20363876122,2010-08-05,Music popstar 'Housewives of D.C.' features same shtick - Tbo.com: 'Housewives of D.C.' features same shtickTbo.co... http://bit.ly/dlOFa2,65023756,"gimmick, routine, trademark style, or recurring bit",humor,article_sharing,false,
shtick,20363876191,2010-08-05,"singer rock 'Housewives of D.C.' features same shtick - Tbo.com: 'Housewives of D.C.' features same shtickTbo.com""... http://bit.ly/dlOFa2",65309618,"gimmick, routine, trademark style, or recurring bit",humor,article_sharing,false,
shtick,20363878025,2010-08-05,"singer news 'Housewives of D.C.' features same shtick - Tbo.com: 'Housewives of D.C.' features same shtickTbo.com""... http://bit.ly/dlOFa2",137665677,"gimmick, routine, trademark style, or recurring bit",humor,article_sharing,false,
shtick,20364798405,2010-08-05,'Housewives of D.C.' features same shtick - http://fwix.com/a/52_f551470afb,105260367,"gimmick, routine, trademark style, or recurring bit",humor,article_sharing,false,
shtick,20372768230,2010-08-05,here's a more thorough MS symptom tracker http://ow.ly/2ljU0 makes me think a) twitter will be better b) this could make for boring shtick,41556034,"gimmick, routine, trademark style, or recurring bit",humor,article_sharing,false,
shtick,21350077421,2010-08-16,Just bcuz u challenge some1 doesn't mean it's valid challenge. He's arrogant & acts as if he has all the answers. Not buying his shtick,16062773,"gimmick, routine, trademark style, or recurring bit",humor,commenting,false,
shtick,21351908489,2010-08-16,@BlueShorts1067 LOL...I love shtick.,24868276,"gimmick, routine, trademark style, or recurring bit",humor,casual_conversation,false,
shtick,21353031987,2010-08-16,"@matt_valdez b/w morning and afternoon drive, I get the best of both shtick circles. Twitter is like the conduit that links the 2 together.",48555875,"gimmick, routine, trademark style, or recurring bit",humor,casual_conversation,false,
shtick,21355697009,2010-08-16,This can't be stressed enough. RT @tomtomorrow: Glenn Beck takes much of his shtick from old school televangelists,5774442,"gimmick, routine, trademark style, or recurring bit",humor,commenting,false,
shtick,21359418270,2010-08-17,@PoorBritney you should TwitPic what you ACTUALLY look like! Or is the hidden identity apart of the whole PB shtick?,26858735,"gimmick, routine, trademark style, or recurring bit",humor,casual_conversation,false,
shtick,21361330369,2010-08-17,"This is gonna be the last time Denzel does this shtick, gotta try something new (wrong observations after seeing Training Day)",26582656,"gimmick, routine, trademark style, or recurring bit",humor,commenting,false,
shtick,21363702163,2010-08-17,"Hey weird guy having a conversation with NO ONE, this is my territory. So take the invisible blue tooth down to find-your-own-shtick town.",14247004,"gimmick, routine, trademark style, or recurring bit",humor,commenting,false,
shtick,21368132852,2010-08-17,"""Glenn Beck takes much of his shtick from old school televangelists, telling abt viewers sending what..."" http://tumblr.com/x4ufyx8xy",7457612,"gimmick, routine, trademark style, or recurring bit",humor,article_sharing,false,
shtick,21369335503,2010-08-17,Adrians Shtick,39671334,"gimmick, routine, trademark style, or recurring bit",humor,commenting,false,
shtick,21372867754,2010-08-17,"@TJKelly10 when you're interesting enough you don't need a '""shtick"" - which you are!!! xx",23902358,"gimmick, routine, trademark style, or recurring bit",humor,casual_conversation,false,
shtick,21842393387,2010-08-22,ryanellstrom asked: And your vertigo shtick http://tumblr.com/xy9gfe9i1,45175930,"gimmick, routine, trademark style, or recurring bit",humor,article_sharing,false,
shtick,21845857837,2010-08-22,@TheFakeVince i wish they'd turn him heel and have him rapping again.  i've been so sick of his current shtick for years,125541841,"gimmick, routine, trademark style, or recurring bit",humor,casual_conversation,false,
shtick,21846408737,2010-08-22,@VirgoEternal Hey Rick!!!...so whats your shtick now? Do u tell horoscopes? Whats up for Gemini's?,3722601,"gimmick, routine, trademark style, or recurring bit",humor,casual_conversation,false,
shtick,21847023694,2010-08-22,@Boomstone Shtick indeed.   I'm working on the new avi of me in a turban gazing into a crystal ball.  It's brill,181440442,"gimmick, routine, trademark style, or recurring bit",humor,casual_conversation,false,
shtick,21849966941,2010-08-22,So the same idiot who is disappointed in Doc said Rollins is a terrible fielder. His shtick sucks.,66511586,"gimmick, routine, trademark style, or recurring bit",humor,commenting,false,
shtick,21852093441,2010-08-22,@carney @moorehn Does anyone actually wear white collars and suspenders these days? I really hate that shtick! http://tinyurl.com/2bbbnln,21901213,"gimmick, routine, trademark style, or recurring bit",humor,article_sharing,false,
shtick,21855998601,2010-08-22,"Has anyone been to Vulcan, AB? Is the Star Trek shtick worth checking out?",2631011,"gimmick, routine, trademark style, or recurring bit",humor,commenting,false,
shtick,21856435026,2010-08-22,"@mdgee RT @brad_s: Has anyone been to Vulcan, AB? Is the Star Trek shtick worth checking out?",8372582,"gimmick, routine, trademark style, or recurring bit",humor,casual_conversation,false,
shtick,21871981818,2010-08-23,A Gnome once bit my sister....oh wait...wrong..shtick..... http://j-tv.me/9BxzjY  #extralife,47685153,"gimmick, routine, trademark style, or recurring bit",humor,article_sharing,false,
shtick,21873895152,2010-08-23,@hasjerr I hate Benji and his shtick coma,91187484,"gimmick, routine, trademark style, or recurring bit",humor,commenting,false,
shtick,24684194888,2010-09-16,@RealSkipBayless get on the umpires not jeter. jeter hasnt done a thing controversial in his life. give me a break. ur shtick is ridiculous,78892041,"gimmick, routine, trademark style, or recurring bit",humor,casual_conversation,false,
shtick,24686198263,2010-09-16,I miss the shtick of @imjustlikemusiq and jstack34. dont ask me why.,64332780,"gimmick, routine, trademark style, or recurring bit",humor,casual_conversation,false,
shtick,24687359126,2010-09-16,@ggreenwald Reaction to the contempt of the elites for ordinary Americans is a big part of the GOP rise to power - the just folks shtick.,53313796,"gimmick, routine, trademark style, or recurring bit",humor,casual_conversation,false,
shtick,24688095163,2010-09-16,"Damn, someone beat me to my favorite lit criticism shtick! http://bit.ly/9exEPx",19722565,"gimmick, routine, trademark style, or recurring bit",humor,article_sharing,false,
shtick,24689203548,2010-09-16,Yaron Brook and Onkar Ghate redefine morality in light of progress: http://bit.ly/bPJYFK -this is the same old shtick heard in the garden!,115580069,"gimmick, routine, trademark style, or recurring bit",humor,commenting,false,Manual override -> commenting
shtick,24693397207,2010-09-16,@bohnlein The shtick is your fault. I've had that song stuck in my head ever since I read your key-tar post on FB.,34148664,"gimmick, routine, trademark style, or recurring bit",humor,casual_conversation,false,
shtick,24696395890,2010-09-16,@metsgrrl @jameskann's classless mets shtick is fairly entertaining.,53560233,"gimmick, routine, trademark style, or recurring bit",humor,casual_conversation,false,
shtick,24697041699,2010-09-16,I'm not digging the new track from The Tings Tings AT ALL: http://bit.ly/aCaUz0  They've taken their 80s pop shtick just a bit too far.,58587755,"gimmick, routine, trademark style, or recurring bit",humor,article_sharing,false,
shtick,24702638588,2010-09-16,@rochtrev She probably would've had better results without the maso & fabrication shtick. She needs help.,10376902,"gimmick, routine, trademark style, or recurring bit",humor,casual_conversation,false,
shtick,24703011972,2010-09-16,@ElderlyAlexG YOU HAVE A WALKING SHTICK? WAT,191613315,"gimmick, routine, trademark style, or recurring bit",humor,casual_conversation,false,
shtick,25823969486,2010-09-28,"@antderosa Well, is it though? Don't you think TC plays that same game re: the SEO bait shtick? One hashtag: #angelgate",15657528,"gimmick, routine, trademark style, or recurring bit",humor,casual_conversation,false,
shtick,25825814805,2010-09-28,@BlackCanseco Do you really try to blame Potus short comings all on progressives.You should pay more attention and maybe try a new shtick.,114666404,"gimmick, routine, trademark style, or recurring bit",humor,casual_conversation,false,
shtick,25826915079,2010-09-28,"@DeeNice2 thats awesome. if there is 1 thing  i do like....its a good shtick shirt, and that fits the bill. that means a boy knows his daddy",88286309,"gimmick, routine, trademark style, or recurring bit",humor,casual_conversation,false,
shtick,25828796133,2010-09-28,"#CarlyFiorina &lt;--what a pile of shit the shtick about being a sec'y.Actually,she=like Palin:drop out (dropped out of UCLA law school)",15883275,"gimmick, routine, trademark style, or recurring bit",humor,commenting,false,
shtick,25829825203,2010-09-28,"Photo: this will be my every wednesday shtick, i’ll post a wonderfully pretentious b&w pic of myself and ask... http://tumblr.com/xvvjye9qi",111326384,"gimmick, routine, trademark style, or recurring bit",humor,article_sharing,false,
shtick,25831893975,2010-09-28,"@GenoMrosko Sorry, two separate things: 1. HBK running down Hogan for weeks leading to their match in '05. 2. Rock's heel shtick in '03.",92604618,"gimmick, routine, trademark style, or recurring bit",humor,casual_conversation,false,
shtick,25832400992,2010-09-28,"I've strayed you both from the point of the shtick RT @OthelloB @blueshorts1067 @bretradio wait, are we still doing #BabaGhanoushThursday ?",48555875,"gimmick, routine, trademark style, or recurring bit",humor,casual_conversation,false,
shtick,25834406316,2010-09-29,@FeelTheTeal That's Buresh's shtick- the ZOMG SEVEER WETHARZ!!!,63727905,"gimmick, routine, trademark style, or recurring bit",humor,casual_conversation,false,
shtick,25835394733,2010-09-29,@collink You should know by now that I am annoying regardless. It's my shtick.,14181849,"gimmick, routine, trademark style, or recurring bit",humor,casual_conversation,false,
shtick,25838718891,2010-09-29,"@DonWood Yeah, but you used my entire self pity shtick! Thief!",29470597,"gimmick, routine, trademark style, or recurring bit",humor,casual_conversation,false,
shtick,26045485772,2010-10-01,"Lebron's latest shtick: ""waah waah it's because i'm black that people can't stand my ego and my upstaging of Cleveland waah waah...""",13455322,"gimmick, routine, trademark style, or recurring bit",humor,commenting,false,
shtick,26046108507,2010-10-01,RT @R1Guy: hey #cowboys get your own shtick. #RaiderPower and #WreckEm is cooler than #OrangePower and #RideEm. we also had the #GunsUp  ...,166213565,"gimmick, routine, trademark style, or recurring bit",humor,casual_conversation,false,
shtick,26046585965,2010-10-01,"On this day, I understand @bohnlein's shtick outrage. #NOWMORETHANBEFORE",20370618,"gimmick, routine, trademark style, or recurring bit",humor,casual_conversation,false,
shtick,26047875682,2010-10-01,"No Ordinary Family was better than I expected, but it rushed into the secret lair shtick.  I'll give another episode a shot.",32163578,"gimmick, routine, trademark style, or recurring bit",humor,television_reference,false,Darwin audit -> television_reference
shtick,26049017898,2010-10-01,Welcome to Twitter RT @JessicaGottlieb: I know people work really hard to develop online personas but I'm totally not into shtick these days,15378805,"gimmick, routine, trademark style, or recurring bit",humor,casual_conversation,false,
shtick,26056031605,2010-10-01,After silly dramas today I feel like doing shtick :) Love you too! RT @BB12Kathy: MaMoosie I love you Moosie! You crack me up!,22637759,"gimmick, routine, trademark style, or recurring bit",humor,casual_conversation,false,
shtick,26060022051,2010-10-01,"Not entirely impressed by the 'naked women' shtick, @madedotcom. I mean, really.",16362382,"gimmick, routine, trademark style, or recurring bit",humor,casual_conversation,false,
shtick,26064921683,2010-10-01,Stephen Colbert doesn't let @AndrewShirvell from following him on Twitter. Its time someone told Mr. Shirvell about Mr. Colbert's shtick.,32322164,"gimmick, routine, trademark style, or recurring bit",humor,casual_conversation,false,
shtick,26065306318,2010-10-01,@jakeyoh Can't stand Abramovic's Goddess of the Temple shtick and I can't see how Wilson's virtuosity will do anything but deify her.,14583913,"gimmick, routine, trademark style, or recurring bit",humor,casual_conversation,false,
shtick,26590577979,2010-10-06,RT @Pogo_Games: Check out our Spook-tacular Mini outfits in the latest Shtick! http://bit.ly/dfn0XA,199055590,"gimmick, routine, trademark style, or recurring bit",humor,article_sharing,false,
shtick,26592502387,2010-10-06,The trippy Tubes bring their psycho shtick to New Hope http://bit.ly/97zM2R via http://outside.in/08530,17284913,"gimmick, routine, trademark style, or recurring bit",humor,article_sharing,false,
shtick,26597307831,2010-10-06,@JoeyLightbulb confession: I don't *love* the whole Peter Griffin/chicken shtick. Bonus points for using the word 'shtick' in a sentence?,87922852,"gimmick, routine, trademark style, or recurring bit",humor,casual_conversation,false,
shtick,26603247188,2010-10-07,The trippy Tubes bring their psycho shtick to New Hope http://bit.ly/d381Oo via http://outside.in/18938,17114530,"gimmick, routine, trademark style, or recurring bit",humor,article_sharing,false,
shtick,26603954161,2010-10-07,"RT @Vertigo_Shtick: First Listen: Pink - ""Raise Your Glass"" http://t.co/zLO2cZh",82792390,"gimmick, routine, trademark style, or recurring bit",humor,article_sharing,false,
shtick,26604998055,2010-10-07,"@robertsalley RT @Vertigo_Shtick First Listen: Pink - ""Raise Your Glass"" http://t.co/zLO2cZh",117208354,"gimmick, routine, trademark style, or recurring bit",humor,article_sharing,false,
shtick,26609355832,2010-10-07,"@DxPepper The never-ending, crazy shtick on the Miley Cyrus hoedown throwdown.",40620561,"gimmick, routine, trademark style, or recurring bit",humor,casual_conversation,false,
shtick,26612148382,2010-10-07,@JimmyTrainaNYY He had to actually describe a play & not rely on tired shtick? Poor guy,39433698,"gimmick, routine, trademark style, or recurring bit",humor,casual_conversation,false,
shtick,26625356153,2010-10-07,@ShawnElliott Someone's taking your shtick http://www.youtube.com/watch?v=YFHNi9a6fwY,6689622,"gimmick, routine, trademark style, or recurring bit",humor,article_sharing,false,
shtick,26640429759,2010-10-07,"@siibo The shtick for my social media web 2.0 niche site: I'm originally from St. Lucia, but here I am chillin' on holiday in Bognor Regis.",12321182,"gimmick, routine, trademark style, or recurring bit",humor,casual_conversation,false,
shtick,26645249227,2010-10-07,@dcsportsbog just pulled off pretty funny shtick on 1067 with The Junks. Was definitely joning. Hilar!,48555875,"gimmick, routine, trademark style, or recurring bit",humor,casual_conversation,false,
shtick,26647067097,2010-10-07,"ya, agreed RT @BlueShorts1067 @dcsportsbog just pulled off pretty funny shtick on 1067 with The Junks. Was definitely joning. Hilar!",23535587,"gimmick, routine, trademark style, or recurring bit",humor,casual_conversation,false,
shtick,27674269283,2010-10-17,@TheJackB I'm just teasing and dong the native NYer shtick. Don't take me seriously.,8233272,"gimmick, routine, trademark style, or recurring bit",humor,casual_conversation,false,
shtick,27676751675,2010-10-17,"@dneighbors I had a feeling that's what you'd say about ""Dirt"". Cliche rock n' roll rebel shtick. The Agassi book sounds much better.",38388028,"gimmick, routine, trademark style, or recurring bit",humor,casual_conversation,false,
shtick,27679070936,2010-10-17,Raiders get you shtick together!!! #FB,11176782,"gimmick, routine, trademark style, or recurring bit",humor,commenting,false,
shtick,27681651277,2010-10-17,@trentor_drive The 1st time we heard them was @ the fair in '04. They were good in a novelty kind of way. 6 years later & the shtick is old.,25796386,"gimmick, routine, trademark style, or recurring bit",humor,casual_conversation,false,
shtick,27682048143,2010-10-17,"RT @Vertigo_Shtick: First Listen: Ke$ha ""We R Who We R"" http://t.co/Z2pd3Rw @keshasuxx #nowplaying #cannibal",82792390,"gimmick, routine, trademark style, or recurring bit",humor,article_sharing,false,
shtick,27682558016,2010-10-17,@KNTim Hey!  DZ is the worst podcast ever.  Stop stealing our shtick.,25165418,"gimmick, routine, trademark style, or recurring bit",humor,casual_conversation,false,
shtick,27686921248,2010-10-18,"@j_cynic You'd think as seriously as the NFL takes itself, they'd not go in for cheesy, 20-odd y/o shtick.",63727905,"gimmick, routine, trademark style, or recurring bit",humor,casual_conversation,false,
shtick,27695049462,2010-10-18,oh Draper pitching the idea -got them eating out of his hand. That's his shtick #MadMen,92817110,"gimmick, routine, trademark style, or recurring bit",humor,commenting,false,
shtick,27696129729,2010-10-18,Shouldn't the Phillies have just stolen the Kate Smith/Lauren Hart God Bless America shtick from the Flyers?,111384571,"gimmick, routine, trademark style, or recurring bit",humor,commenting,false,
shtick,27696157539,2010-10-18,Follow @ChadDukes if your any type of #Redskins fan. He's a true professional with some good shtick tonight.,22040914,"gimmick, routine, trademark style, or recurring bit",humor,casual_conversation,false,
shtick,29495254692,2010-11-02,"@TheEllenShow Gotta say that I HATE the fake ""we adopted a baby"" shtick!Ur right,it's ""cruel!""&it's getting really,REALLY old! STOP IT, plz!",23217897,"gimmick, routine, trademark style, or recurring bit",humor,casual_conversation,false,
shtick,29496842689,2010-11-02,"I laughed when they pulled the ""blind referee"" shtick with Cena - twice!",42156356,"gimmick, routine, trademark style, or recurring bit",humor,commenting,false,
shtick,29502613933,2010-11-02,@joelmchale good shtick. Get your ass back on Carolla's podcast,22026190,"gimmick, routine, trademark style, or recurring bit",humor,casual_conversation,false,
shtick,29505661924,2010-11-02,Obviously giving some shtick to Inter. #ComeonyouSpurs,93219845,"gimmick, routine, trademark style, or recurring bit",humor,commenting,false,
shtick,29506297458,2010-11-02,"""The NY Times Is Charmed by Stewart's Shtick on the Mall, Skips Inconvenient Facts"" ( http://bit.ly/anWrE9 )",28162811,"gimmick, routine, trademark style, or recurring bit",humor,article_sharing,false,
shtick,29506846812,2010-11-02,JVLaB In Wash Examiner: Schwartzman Alert! Nutty professor/Statehood Green candidate works his shtick at the polls http://bit.ly/boDuOj,15459475,"gimmick, routine, trademark style, or recurring bit",humor,article_sharing,false,
shtick,29507658050,2010-11-02,Schwartzman Alert! My favorite nutty professor/Statehood Green candidate works his shtick at the polls: It’s... http://tinyurl.com/242xrfj,44994942,"gimmick, routine, trademark style, or recurring bit",humor,article_sharing,false,
shtick,29507708192,2010-11-02,Schwartzman Alert! My favorite nutty professor/Statehood Green candidate works his shtick at the polls: It’s... http://tinyurl.com/26rzf2v,31507972,"gimmick, routine, trademark style, or recurring bit",humor,article_sharing,false,
shtick,29511670928,2010-11-02,Why would he change his shtick now? RT @IMAO_: Do you think Alan Grayson's concession speech will just be a primal scream?,18378801,"gimmick, routine, trademark style, or recurring bit",humor,commenting,false,
shtick,29515097183,2010-11-02,"(Non-election) Is anyone actually dumb enough to care about this new Kid Cudi album? He is good-looking but untalented, that's the shtick.",82457051,"gimmick, routine, trademark style, or recurring bit",humor,commenting,false,
shtick,1194883230474240,2010-11-07,"RT @Vertigo_Shtick: First Listen: @Pink - ""Fuckin' Perfect"" http://t.co/EN1iFf5",82792390,"gimmick, routine, trademark style, or recurring bit",humor,article_sharing,false,
shtick,1218942718713856,2010-11-07,"Umm, this whole Talking Heads shtick doesn't work for Birds of Tokyo. #arias",18753403,"gimmick, routine, trademark style, or recurring bit",humor,commenting,false,
shtick,1236867122987008,2010-11-07,"guy sebastian: too much motown shtick, but a damn fine voice #arias",21732975,"gimmick, routine, trademark style, or recurring bit",humor,commenting,false,
shtick,1247363872071680,2010-11-07,This whole getting stuff done shtick works better if you are a) upright and b) dressed,20585865,"gimmick, routine, trademark style, or recurring bit",humor,self_description,false,Manual override -> self_description
shtick,1282368245600256,2010-11-07,@JWhatX I cant bear her 'urban' shtick. She's from the back of beyond. I'm more urban than she is.,15826338,"gimmick, routine, trademark style, or recurring bit",humor,casual_conversation,false,
shtick,1283119462223872,2010-11-07,"I feel like I'm going to be shoved under the ""anime style"" umbrella even though that's like... not my shtick.",26306821,"gimmick, routine, trademark style, or recurring bit",humor,commenting,false,
shtick,1298747443118080,2010-11-07,lets have some fun this beat is sick i wanna tke a ride on #ladygaga\'s disco shtick LOL,183356219,"gimmick, routine, trademark style, or recurring bit",humor,commenting,false,
shtick,1299630138597377,2010-11-07,@supercujo Yes I got that. I'm wondering why its supposed to be funny. Apart from the usual 'mock the Americans' shtick of course.,72025338,"gimmick, routine, trademark style, or recurring bit",humor,casual_conversation,false,
shtick,1325392887554048,2010-11-07,"speaker had the church going for a bit, but once he got back to his ""stewardship"" shtick, 4 people opened up the weekly bulletins...hmmm",25241181,"gimmick, routine, trademark style, or recurring bit",humor,commenting,false,
shtick,1329697195565056,2010-11-07,Today is a perfect day to come on by and try some Peppermint Shtick Ice cream! We also have the Irresistible Pumpkin Cheesecake in pints!,96828373,"gimmick, routine, trademark style, or recurring bit",humor,commenting,false,
shtick,4695562871902208,2010-11-17,10 ridiculous superheroes who are their jobs [Video] - Coming up with a superhuman shtick is hard. Some folks take i... http://ow.ly/1a0JZ7,120469713,"gimmick, routine, trademark style, or recurring bit",humor,article_sharing,false,
shtick,4707191793647616,2010-11-17,@bdkreviews pay attention to that sillllllllly with you donk and quit the shtick,31303283,"gimmick, routine, trademark style, or recurring bit",humor,casual_conversation,false,
shtick,4719689418670080,2010-11-17,@PaulaEdgar Gwyneth is about as authentically country as I am. She's better off working the WASPy ice princess shtick.,21906792,"gimmick, routine, trademark style, or recurring bit",humor,casual_conversation,false,
shtick,4746750841585664,2010-11-17,@TVKel but he's a good actor that can do more than that shtick. So maybe that's the theory - Ryan brings instant personality,14326047,"gimmick, routine, trademark style, or recurring bit",humor,casual_conversation,false,
shtick,4749718055817216,2010-11-17,"@drmabuse Yo, Flatbush Avenue Eddie. What's up with the phony Twitter tough guy shtick?",138416662,"gimmick, routine, trademark style, or recurring bit",humor,casual_conversation,false,
shtick,4754036242784256,2010-11-17,@SooperpowerTV his Ryan Reynold shtick would work better as Kyle Rayner and not serious Hal Jordon,98228217,"gimmick, routine, trademark style, or recurring bit",humor,casual_conversation,false,
shtick,4764443107926018,2010-11-17,"HEY NEW FOLLOWERS/FRIENDOS IF YOU LIKE GUNS,VIDEO GAMES,GIRLS,SHTICK @bigoanddukes GO DOWNLOAD IT NOW AND GO FOLLOW THEM NOW #rallythehorde",59040581,"gimmick, routine, trademark style, or recurring bit",humor,casual_conversation,false,
shtick,4776990863269889,2010-11-17,@nolechica Terrance is willing. He's said so.  :) But it's become the shtick Adam said he wanted to avoid.,22651995,"gimmick, routine, trademark style, or recurring bit",humor,casual_conversation,false,
shtick,4777512773095425,2010-11-17,"@mamadeb1963 of course he has, as for shtick, that's Adam's call, he didn't have to go there, i think he likes that girls like it.",81283959,"gimmick, routine, trademark style, or recurring bit",humor,casual_conversation,false,
shtick,4780586472308736,2010-11-17,"@bspence88 Hey now. Using the ""Oh wait, ....."" is MY shtick. First, get yourself a new phrase, then, #slapyourself",61107663,"gimmick, routine, trademark style, or recurring bit",humor,casual_conversation,false,
shtick,8649967111512065,2010-11-27,RT @SmoothWood: • gaytor on a shtick,34598305,"gimmick, routine, trademark style, or recurring bit",humor,casual_conversation,false,
shtick,8650193415180288,2010-11-27,I'd buy it RT @SmoothWood: • gaytor on a shtick,24733028,"gimmick, routine, trademark style, or recurring bit",humor,casual_conversation,false,
shtick,8655653732093953,2010-11-27,"@T0mRowlands It's about the whole shtick around funerary rights, taking the Book of the Dead - the texts often incorporated - as the vehicle",143878632,"gimmick, routine, trademark style, or recurring bit",humor,casual_conversation,false,
shtick,8656285822091264,2010-11-27,"@Alice_Boiish google what to shtick in a cv, or do what chan does and flip a coin about whether to do it or not :P",112245155,"gimmick, routine, trademark style, or recurring bit",humor,casual_conversation,false,
shtick,8680892268548096,2010-11-28,"tired of the whole ""rootless cosmopolitans should inherit the earth"" shtick.",13096242,"gimmick, routine, trademark style, or recurring bit",humor,commenting,false,
shtick,8694774882111489,2010-11-28,@rhiannanb2 awww. Maybe he's having an identity issue. Yesterday everyone said he wasn't into the whole Fever shtick.,55077807,"gimmick, routine, trademark style, or recurring bit",humor,casual_conversation,false,
shtick,8702573624164353,2010-11-28,"bands with the FUCK HARDCORE shtick. if you hate it, why play hardcore at hardcore shows with other hardcore bands then.",156885484,"gimmick, routine, trademark style, or recurring bit",humor,commenting,false,
shtick,8705487948218370,2010-11-28,"@kellidaisy @Ziyada Kelli!  My mini-me taking me on?  Just kidding. Its a Leaf fans ""shtick"" to make fun. #frigginsens",20610552,"gimmick, routine, trademark style, or recurring bit",humor,casual_conversation,true,"Irony audit: Contains 'Just kidding', making the shtick line overtly playful."
shtick,8716221109243904,2010-11-28,"@4Delissa I don't have a problem with the former.  As for him, he admittedly smokes weed and drinks alcohol.  It's part of his shtick.",165300676,"gimmick, routine, trademark style, or recurring bit",humor,commenting,false,
shtick,8719517341454337,2010-11-28,rt @hudsonette Ouch! RT @GawkerTV: What Lewis Black Thinks About Twitter http://bit.ly/epPM4o (via @JohnD1967) &lt;&lt; v tired shtick :o(,18605783,"gimmick, routine, trademark style, or recurring bit",humor,article_sharing,false,
shtick,9775684377387008,2010-12-01,Keith!!!!!@KeithOlbermann I'm starting to think POTUS thinks appearing as Mr.Grown up nice Guy is a shtick!!Brass knuckles are cloaked,28135772,"gimmick, routine, trademark style, or recurring bit",humor,casual_conversation,false,
shtick,9776586156933120,2010-12-01,RT @zoomarang: Keith!!!!!@KeithOlbermann I'm starting to think POTUS thinks appearing as Mr.Grown up nice Guy is a shtick!!Brass knuckle ...,16209935,"gimmick, routine, trademark style, or recurring bit",humor,casual_conversation,false,
shtick,9795542292893696,2010-12-01,@MsBlackhawks I know right? i think thats Boynton's shtick now...this thing. fight for the sake of fighting,19848322,"gimmick, routine, trademark style, or recurring bit",humor,casual_conversation,false,
shtick,9799337647280128,2010-12-01,Nobody does shtick as well as Mel Brooks. #youngfrankenstein #OrlBway,15447777,"gimmick, routine, trademark style, or recurring bit",humor,commenting,false,
shtick,9823216642031616,2010-12-01,Love this iTunes shtick: http://tinyurl.com/34j4r6k,5474972,"gimmick, routine, trademark style, or recurring bit",humor,article_sharing,false,
shtick,9830064975773696,2010-12-01,Jay Leno literally just told the oldest joke in the book: 3 Wisemen and a Virgin shtick #comeonman,21277996,"gimmick, routine, trademark style, or recurring bit",humor,commenting,false,
shtick,9928714808721408,2010-12-01,"Tina Fey obvs loves her some Real Housewives. After her SNL win, she's taking her shtick to 30 Rock. #RHoA http://bit.ly/hTJ4m0",172363812,"gimmick, routine, trademark style, or recurring bit",humor,article_sharing,false,
shtick,9963479028989952,2010-12-01,"When I get tired of someone's shtick, I yell, ""Pyongyang!"" at them, really loud.  It makes me feel better.",23008665,"gimmick, routine, trademark style, or recurring bit",humor,commenting,false,
shtick,9979093193859072,2010-12-01,@lavietidhar I already dealt with peat-magic in books 2 &3.  Find your own shtick.,43629631,"gimmick, routine, trademark style, or recurring bit",humor,casual_conversation,false,
shtick,11968886719123456,2010-12-07,"@CapnTee I didn't like Tennent at first, but he grew on me after about 3 episodes. Tho' his ""The Doctor is running"" shtick got REAL old.",17238457,"gimmick, routine, trademark style, or recurring bit",humor,casual_conversation,false,
shtick,11975806116962304,2010-12-07,My favorite shtick! Haha RT @chaddukes What is Luke Thomas doing on Raw???,19666861,"gimmick, routine, trademark style, or recurring bit",humor,casual_conversation,false,
shtick,11978303510413312,2010-12-07,I may be annoying for saying this but the Vince Vaughn shtick is still funny to me.,84638839,"gimmick, routine, trademark style, or recurring bit",humor,commenting,false,
shtick,11987977936830464,2010-12-07,@flipcritic Absolutely. I'm sick and tired of the constant lame pop-culture references. It's tried shtick.,23196051,"gimmick, routine, trademark style, or recurring bit",humor,casual_conversation,false,
shtick,11988058119348224,2010-12-07,@chaddukes main point of my failure of question was whether you would watch part of a eastwood movie instead of shtick from espn pregame,31448040,"gimmick, routine, trademark style, or recurring bit",humor,casual_conversation,false,
shtick,11989761627521024,2010-12-07,@ChrisWittyngham @whitlockjason in general is ridiculous it's his shtick (sp),20484341,"gimmick, routine, trademark style, or recurring bit",humor,commenting,false,
shtick,12001552080310272,2010-12-07,"#Driver, When the traffic lights are disagreeing with each other, it is just about the wrongest time to pull out your #roadrage shtick.",190277587,"gimmick, routine, trademark style, or recurring bit",humor,commenting,false,
shtick,12002731778646016,2010-12-07,"""demolish and embarassed the Jets"" well put Tirico. Alright I'm done with the rampant fanboy shtick. Time for a drink and bed. #GoPats",65973925,"gimmick, routine, trademark style, or recurring bit",humor,commenting,false,
shtick,12014845788426242,2010-12-07,"@Picaress oh, and there's Nathan Lane operating way beyond the limits of his shtick",73883796,"gimmick, routine, trademark style, or recurring bit",humor,commenting,false,
shtick,12027265328095232,2010-12-07,"@voteforgrant not just you. Acura's ""reasonable season"" shtick is laughable. Last time I check Acura was still a 40-60 dollar car.",19907351,"gimmick, routine, trademark style, or recurring bit",humor,casual_conversation,false,
shtick,13415547496570880,2010-12-11,"Agency's Shtick Is Jewish Humor for a Good Cause: Until recently, nobody would have thought it advisable for a J... http://bit.ly/hX23bu",21549211,"gimmick, routine, trademark style, or recurring bit",humor,article_sharing,false,Manual override -> article_sharing
shtick,13415547693699072,2010-12-11,"Agency's Shtick Is Jewish Humor for a Good Cause: Until recently, nobody would have thought it advisable for a J... http://bit.ly/eUx0sE",87603258,"gimmick, routine, trademark style, or recurring bit",humor,article_sharing,false,
shtick,13416832505483264,2010-12-11,Beliefs: Agency’s Shtick Is Jewish Humor for a Good Cause http://f.ast.ly/apdNm,100555556,"gimmick, routine, trademark style, or recurring bit",humor,article_sharing,false,
shtick,13425210015350784,2010-12-11,Agency's Shtick Is Jewish Humor for a Good Cause http://bit.ly/gOGc8r,54813660,"gimmick, routine, trademark style, or recurring bit",humor,article_sharing,false,
shtick,13425210237657088,2010-12-11,"Agency's Shtick Is Jewish Humor for a Good Cause: Until recently, nobody would have thought it advisable for a J... http://bit.ly/eZc3NE",55346496,"gimmick, routine, trademark style, or recurring bit",humor,article_sharing,false,
shtick,13425628606894080,2010-12-11,I really only enjoy Cesare when he and Lucrezia are doing their Wonder Twins! Power of: Creepy Incest! Activate! shtick. *sigh*,190868483,"gimmick, routine, trademark style, or recurring bit",humor,commenting,false,
shtick,13426822855262208,2010-12-11,Beliefs: Agency’s Shtick Is Jewish Humor for a Good Cause http://f.ast.ly/a3MM7,100555556,"gimmick, routine, trademark style, or recurring bit",humor,article_sharing,false,
shtick,13434338557300736,2010-12-11,Capto News: Beliefs: Agency’s Shtick Is Jewish Humor for a Good Cause http://ow.ly/1aoVci,18847048,"gimmick, routine, trademark style, or recurring bit",humor,article_sharing,false,
shtick,13438561416118272,2010-12-11,"@timothykurek If you are Evangelical a Christian nation is impossible. That's all the ""Are you saved?"" shtick.",53313796,"gimmick, routine, trademark style, or recurring bit",humor,casual_conversation,false,
shtick,15577153466798080,2010-12-17,@BigIslandLaw ok the eating shtick is a bit weird cuz I just was...,72195248,"gimmick, routine, trademark style, or recurring bit",humor,casual_conversation,false,
shtick,15590871248412672,2010-12-17,sitting...in a church listening to a borin alchalog shtick...i wana go home!!!,225658045,"gimmick, routine, trademark style, or recurring bit",humor,commenting,false,
shtick,15610168158986240,2010-12-17,"and i did alright for myself....but stop with that whole ""dumb people shouldn't procreate"" shtick.",17058718,"gimmick, routine, trademark style, or recurring bit",humor,commenting,false,
shtick,15624922726404096,2010-12-17,Wtf was hollywood thinking = Jack Black/Gulliver? Way to suck the satire out of a great book and substitute sick shtick instead.,9117482,"gimmick, routine, trademark style, or recurring bit",humor,commenting,false,
shtick,15629559995039744,2010-12-17,"We're living in repetition, content in the same old shtick again.",36997589,"gimmick, routine, trademark style, or recurring bit",humor,commenting,false,
shtick,15656329217572864,2010-12-17,Charles can't keep the Ginobiliiiiiii shtick and at the same time be so insistent that a Ginobili led team can't win the West.,75458665,"gimmick, routine, trademark style, or recurring bit",humor,sports_discussion,false,Manual override -> sports_discussion
shtick,15662900823719936,2010-12-17,"It's coming!!!!
RT @Vertigo_Shtick Awaiting with bated breath for supposedly imminent, very possibly exciting annou... http://tl.gd/7hose3",19829645,"gimmick, routine, trademark style, or recurring bit",humor,article_sharing,false,
shtick,15664481048723456,2010-12-17,"""I genuinely like you as a person"" ~Camille to Kyle on @bravoandy show - she needs a new shtick cuz NOBODY's buying that one #rhobh",19223413,"gimmick, routine, trademark style, or recurring bit",humor,casual_conversation,false,
shtick,15664885102809088,2010-12-17,"RT @KimberlyCole1: It's coming!!!!
RT @Vertigo_Shtick Awaiting with bated breath for supposedly imminent, very possibly exciting annou.. ...",131926558,"gimmick, routine, trademark style, or recurring bit",humor,casual_conversation,false,
shtick,15684191396044800,2010-12-17,"9th + Erykah Badu &gt; David on ""Silly"". 9th should've done more rapping. David's loud and hostile shtick gets old.",22304289,"gimmick, routine, trademark style, or recurring bit",humor,commenting,false,
shtick,18809030499639296,2010-12-25,@cpizz RUSerious!!! Mike Wize shtick..Ugh!!!,177397186,"gimmick, routine, trademark style, or recurring bit",humor,casual_conversation,false,
shtick,18818565943599104,2010-12-26,"@got_edge such bullshit. And her whole ""if you don't marry me I'm gonna dieeeeeee"" shtick might just be the worst thing about the series",24753772,"gimmick, routine, trademark style, or recurring bit",humor,casual_conversation,false,
shtick,18839139176685568,2010-12-26,@deathmtn he needs a new shtick.,14114579,"gimmick, routine, trademark style, or recurring bit",humor,casual_conversation,false,
shtick,18887587003375616,2010-12-26,@AshleySimko shiksa shtick ..... great phrase !!!  I gotta practice saying it.,42244435,"gimmick, routine, trademark style, or recurring bit",humor,casual_conversation,false,
shtick,18894417972695040,2010-12-26,im super hot emmett everyone wants me shtick *laughs hard*,171806396,"gimmick, routine, trademark style, or recurring bit",humor,commenting,false,
shtick,18909697423704064,2010-12-26,"@hudsonette How long before Palin resuscitates her ""death panels"" shtick? (re: Obama end-of-life Medicare planning)",95497075,"gimmick, routine, trademark style, or recurring bit",humor,casual_conversation,false,
shtick,18971147374698496,2010-12-26,“@izabellaBro: can u shtick me? lmfao RT @iFEENcuteGIRLS: At @izabellaBro is tryna phone sex with me right now ah damn ;) ahaha”&lt;&lt;hotay!,51692078,"gimmick, routine, trademark style, or recurring bit",humor,casual_conversation,false,
shtick,19074092875390976,2010-12-26,"@dlc2202 have to say, seen worse. Kids loved it and it was quite harmless fun. But the Jack Black shtick is wearing thin.",14109615,"gimmick, routine, trademark style, or recurring bit",humor,casual_conversation,false,
shtick,19077344689922048,2010-12-26,"@TaxNerdAtPlay typically that's my shtick too, but I'm curious who the number is. Curiosity kills the Christmas cat, his name was Milo.",155936658,"gimmick, routine, trademark style, or recurring bit",humor,casual_conversation,false,
shtick,20005246466007040,2010-12-29,"RT @KimberlyCole1: Of course!!!! We should all go out!! Lol!

RT @Vertigo_Shtick @KimberlyCole1 I meant to ask...could I get Johnny an.. ...",47049114,"gimmick, routine, trademark style, or recurring bit",humor,casual_conversation,false,
shtick,20005249901142016,2010-12-29,"Dog Likes to Eat Vegetables: 

		Apparently, this Shiba Inu's shtick is eating vegetables in front of a c... http://bzfd.it/gyOTUG",178242182,"gimmick, routine, trademark style, or recurring bit",humor,article_sharing,false,
shtick,20010344046923776,2010-12-29,"RT @OTOOLEFAN: RT @daveweigel: Seems like Christie's ""suck it up, lazy government workers"" shtick will be tougher post-snowstorm. http:/ ...",101810576,"gimmick, routine, trademark style, or recurring bit",humor,article_sharing,false,
shtick,20010624218042368,2010-12-29,"RT @daveweigel: Seems like Christie's ""suck it up, lazy government workers"" shtick will be tougher post-snowstorm. http://slate.me/eapyVp",41988733,"gimmick, routine, trademark style, or recurring bit",humor,article_sharing,false,
shtick,20016618323054592,2010-12-29,"BuzzFeed: Dog Likes to Eat Vegetables - Apparently, this Shiba Inu's shtick is eating vegetables in front of a camer... http://ow.ly/1aE16H",78534052,"gimmick, routine, trademark style, or recurring bit",humor,article_sharing,false,
shtick,20017235447779328,2010-12-29,"Dog Likes to Eat Vegetables - Apparently, this Shiba Inu's shtick is eating vegetables in front of a camera. He's ge... http://ow.ly/1aDZTe",33452988,"gimmick, routine, trademark style, or recurring bit",humor,article_sharing,false,
shtick,20095490079064064,2010-12-29,@RichIshi you need a new shtick. Is there an app for that? #oldnow,14317585,"gimmick, routine, trademark style, or recurring bit",humor,casual_conversation,false,
shtick,20105849380806656,2010-12-29,"@Pinkapplejam It's Miyazaki's shtick! ""Even womens can do stuff too! Kids are actually awesome! ZOMG!"" Thanks Japan! XD",19238557,"gimmick, routine, trademark style, or recurring bit",humor,casual_conversation,false,
shtick,20117317505515520,2010-12-29,Robin does his Scottish-gibberish shtick http://tinyurl.com/23xufr2,72067710,"gimmick, routine, trademark style, or recurring bit",humor,article_sharing,false,Manual override -> article_sharing
