word,id,date,text,author_id,term_meaning,term_category,usage_context,is_ironic,annotation_notes
Baltimoron,7381176035,2010-01-04,@tikun_olam_ @noahroth true. though the well-dressed part wouldn't hurt. baltimoron dresses like he's stuck in the early 90s,15970124,a disparaging term for someone from Baltimore,insult,criticism,false,Darwin audit: criticism
Baltimoron,7381272839,2010-01-04,"Lol, ouch #hittingatthebeltbuckle RT @jessicakorman: @tikun_olam_ @noahroth  baltimoron dresses like he's stuck in the early 90s",10050812,a disparaging term for someone from Baltimore,insult,criticism,false,Darwin audit: criticism
Baltimoron,7382676616,2010-01-04,"@noahroth @tikun_olam_ true. had that with baltimoron, but the whole thing just crashed and burned. in the end maybe he wasn't right for me",15970124,a disparaging term for someone from Baltimore,insult,casual_conversation,false,
Baltimoron,7600587311,2010-01-10,"I'm loving this game as a former ""Baltimoron"" LOL #nfl Go Ravens!",16305401,a disparaging term for someone from Baltimore,insult,sports_discussion,false,Insult review override: sports_discussion
Baltimoron,7761510031,2010-01-14,"As a Baltimoron non-Ravens fan (but not hater), the town's style of love for the team sometimes annoys me, sometimes makes me smile fondly",18684971,a disparaging term for someone from Baltimore,insult,sports_discussion,false,Insult review override: sports_discussion
Baltimoron,7846097735,2010-01-17,"Sitting w @maddenwidow who is wearing a Peyton Manning jersey, yet rooting for the Ravens.  Peyton is her hero but she's a true Baltimoron.",5442012,a disparaging term for someone from Baltimore,insult,sports_discussion,false,Insult review override: sports_discussion
Baltimoron,7846163965,2010-01-17,@raczilla you better fix that BaltiMORON before she catches it and ur on the couch tonight lmao,25956846,a disparaging term for someone from Baltimore,insult,casual_conversation,false,
Baltimoron,7846429591,2010-01-17,"RT @raczilla: Sitting w @maddenwidow who is wearing a Peyton Manning jersey, yet rooting for the Ravens.  Peyton is her hero but she's a ...",5445442,a disparaging term for someone from Baltimore,insult,sports_discussion,false,
Baltimoron,7852418659,2010-01-17,"As a Baltimoron, I accept that comment RT @jimgaffigan It was great watching the Colts beat the penalties, I mean Ravens.",46194470,a disparaging term for someone from Baltimore,insult,sports_discussion,false,Insult review override: sports_discussion
Baltimoron,8025919656,2010-01-21,"RT @MMMcDermott: IMG00060-20100121-0728.jpg http://post.ly/JmtX&lt;-WOW, so proud to be a Baltimoron",19319286,a disparaging term for someone from Baltimore,insult,article_sharing,false,
Baltimoron,8047729949,2010-01-22,@ryansickler I've forgot that I've been to G&M.  Wasn't all that impressed.  I prefer homemade.  I guess I'm a bad Baltimoron,73496189,a disparaging term for someone from Baltimore,insult,casual_conversation,false,
Baltimoron,8054610113,2010-01-22,@glamluxelife C because of u this lil ugly baltimoron just came to my steps cryin. Y u let me slap a kid?,31560868,a disparaging term for someone from Baltimore,insult,casual_conversation,false,
Baltimoron,8544335699,2010-02-02,"Being a Baltimoron, I can't root for the Colts. Thanks, Irsays. Peyton Manning is a juggernaut. Drew Brees ain't him. Maybe I won't watch.",26265142,a disparaging term for someone from Baltimore,insult,sports_discussion,false,
Baltimoron,8557053622,2010-02-02,@imagemedic you didn't say you were a Baltimoron! :) http://myloc.me/3rkTB,63784870,a disparaging term for someone from Baltimore,insult,article_sharing,false,
Baltimoron,8655508752,2010-02-05,"@CookingAsshole @SpamSpam can't be trusted, He is a Baltimoron.",18640352,a disparaging term for someone from Baltimore,insult,casual_conversation,false,
Baltimoron,8858781047,2010-02-09,lady walking past in heels nearly busted her tail. Another #Baltimoron,21242484,a disparaging term for someone from Baltimore,insult,commenting,false,
Baltimoron,8873649068,2010-02-09,"@ryancduff What? The #sneauxmygod tag? Or the Baltimoron hyperbole? I mean, seriously, get your own natural disaster, right?",24644495,a disparaging term for someone from Baltimore,insult,casual_conversation,false,
Baltimoron,8877856930,2010-02-10,@nutzareus That's how I got stuck in this area.I'm a native Baltimoron.,19126314,a disparaging term for someone from Baltimore,insult,casual_conversation,false,
Baltimoron,9106453641,2010-02-14,"I know I'm a true Baltimoron now...the Star Spangled Banner just sounds incomplete without the ""O!""",14627592,a disparaging term for someone from Baltimore,insult,commenting,false,
Baltimoron,9125963950,2010-02-15,"I love hearing the national anthem during medal ceremonies. I also love yelling ""O!!"" because I'm a baltimoron.",13313372,a disparaging term for someone from Baltimore,insult,commenting,false,
Baltimoron,9589156590,2010-02-24,@BmorelikeShan deactivate = one word. Corrine Sears helping one Baltimoron at a time. :),23853411,a disparaging term for someone from Baltimore,insult,casual_conversation,false,
Baltimoron,9612184502,2010-02-25,East village drinks with old baltimoron friends then @thelisps at sidewalk cafe,30935733,a disparaging term for someone from Baltimore,insult,casual_conversation,false,
Baltimoron,9821587709,2010-03-01,"It's the off season. Is it really necessary to wear a matching ravens sweatshirt AND hat, you fat baltimoron?",94218443,a disparaging term for someone from Baltimore,insult,sports_discussion,false,
Baltimoron,9849771214,2010-03-02,"Oh, btw I'll take DC's clean Eastern Market any day over Baltimoron's dirty ass Lexington Market. #jussayin",15991909,a disparaging term for someone from Baltimore,insult,commenting,false,
Baltimoron,9877162566,2010-03-02,@robertaro and if true baltimoron a gun under the 8 track player.,83918099,a disparaging term for someone from Baltimore,insult,casual_conversation,false,
Baltimoron,9972920083,2010-03-04,@margeeka I only know that because of Randy's Baltimoron heritage ,20854551,a disparaging term for someone from Baltimore,insult,casual_conversation,false,
Baltimoron,10142748439,2010-03-08,@todayscliche No - I will be at the one in SF. Would have loved to go to #bloggybootcamp in charm city as I am a former baltimoron ;-),14128602,a disparaging term for someone from Baltimore,insult,casual_conversation,false,
Baltimoron,10159983947,2010-03-08,I have Art it's Baltimore style yes I'm a Baltimoron.,18353646,a disparaging term for someone from Baltimore,insult,commenting,false,
Baltimoron,10392878977,2010-03-12,@THE_ADAM_JONES your high school. My gamertag is baltimoron. Hit it up when u get set up.,101307175,a disparaging term for someone from Baltimore,insult,gaming,false,Insult review override: gaming
Baltimoron,10424648539,2010-03-13,"@misspeter LOL! Ah, I remember, you were the one who played all the Baltimoron songs on blip.fm ...",15993174,a disparaging term for someone from Baltimore,insult,music_discussion,false,Insult review override: music_discussion
Baltimoron,10426691413,2010-03-13,Signed the lease today. Owner told us we can start moving stuff in asap! Woo hoo I'm a true baltimoron now hon :),83186859,a disparaging term for someone from Baltimore,insult,commenting,false,
Baltimoron,10445328883,2010-03-14,@bunnyxxablaze i'm not all too good out here myself lol! Just another baltimoron lol,75638431,a disparaging term for someone from Baltimore,insult,casual_conversation,false,
Baltimoron,10457528882,2010-03-14,Itz a Baltimoron,15007887,a disparaging term for someone from Baltimore,insult,commenting,false,
Baltimoron,10727040544,2010-03-19,@yeasrsly is officially a Baltimoron (her words) :-D,75601831,a disparaging term for someone from Baltimore,insult,casual_conversation,false,
Baltimoron,11075421193,2010-03-26,@Agent_GEO dnt me a baltimoron mfer lol,28256960,a disparaging term for someone from Baltimore,insult,casual_conversation,false,
Baltimoron,11075701311,2010-03-26,@Agent_GEO ughhh fuk u african! called me a baltiMORON??? DIEE lol,28256960,a disparaging term for someone from Baltimore,insult,casual_conversation,false,
Baltimoron,11319132893,2010-03-30,@MissOcherie oh I hear you loud and clear on that one! When are you goin to me there and become a Baltimoron,86421596,a disparaging term for someone from Baltimore,insult,casual_conversation,false,
Baltimoron,11368463206,2010-03-31,Yes! RT @GusSent: Really slick slideshow pitching Baltimore as a Google Fiber candidate -- proud to be a Baltimoron? http://bit.ly/coHnFk,23133319,a disparaging term for someone from Baltimore,insult,article_sharing,false,Insult review override: article_sharing
Baltimoron,11438949274,2010-04-01,@ericownsyou i know sweetie!! #baltimoron hon,27787754,a disparaging term for someone from Baltimore,insult,casual_conversation,false,
Baltimoron,11595300919,2010-04-04,@ScaryMommy How exciting! New houses are so full of opportunity. You'll officially be a Baltimoron on Weds!,17032934,a disparaging term for someone from Baltimore,insult,casual_conversation,false,
Baltimoron,11723005689,2010-04-06,Rare indulgence -- staying in DC after work to see Lisbon Traviata at Kennedy Center starring fellow Baltimoron John Glover.,14467529,a disparaging term for someone from Baltimore,insult,commenting,false,Insult review override: celebrity_gossip | Darwin audit: commenting
Baltimoron,12120988792,2010-04-13,"""Do you wanna ride me home?"" [In Baltimoron that means ""drive me home"". No one gets why I think it's funny",130333965,a disparaging term for someone from Baltimore,insult,commenting,false,
Baltimoron,12128801803,2010-04-13,"@CaliYears1 haha, well i was going to put baltimoron but i didn't want to offend too much :)",104562072,a disparaging term for someone from Baltimore,insult,casual_conversation,false,
Baltimoron,12137399699,2010-04-14,@adriennesmiles apparently the baltimoron cops feel the same way.,26417866,a disparaging term for someone from Baltimore,insult,casual_conversation,false,
Baltimoron,12248748174,2010-04-15,"@JackAllTimeLow aha, you're a Baltimoron (:",102408319,a disparaging term for someone from Baltimore,insult,casual_conversation,false,
Baltimoron,12406570228,2010-04-18,"baltimoron country oh yeah, GO STEELERS",24343854,a disparaging term for someone from Baltimore,insult,commenting,false,
Baltimoron,12435008877,2010-04-19,"RT @JQ247: @BIG_GAT you a sell out...LOL...U know I love Bmore, but as a Baltimoron I know we have an inferiority complex abt our city",18834634,a disparaging term for someone from Baltimore,insult,casual_conversation,false,
Baltimoron,12512531206,2010-04-20,6.     cobra starship-good girls go bad (baltimoron edit) 7.     black eyed peas-boom boom pow (Baltimore edit) 8.... http://bit.ly/c0EW52,24679227,a disparaging term for someone from Baltimore,insult,music_discussion,false,Insult review override: music_discussion
Baltimoron,12523349342,2010-04-20,@CeeAngi Is this person a...BALTIMORON?!?!? #iamadork,25609876,a disparaging term for someone from Baltimore,insult,casual_conversation,false,
Baltimoron,12583840036,2010-04-21,@mkiv2l don't even bust out that baltimoron lingo!!! Hahahah :) we get the best of both worlds: Dundalk and Ebonics. Yess!,54741023,a disparaging term for someone from Baltimore,insult,casual_conversation,false,
Baltimoron,12859120329,2010-04-26,@JonODonoghue Baltimore - B-more. Baltimorean/B-morean/Baltimoron... (they get progressively worse),16545051,a disparaging term for someone from Baltimore,insult,casual_conversation,false,
Baltimoron,12904666663,2010-04-26,Recap of #ExtremeRules from a Baltimoron who was there here: http://bit.ly/91g82P #wwe #viper #ppv #cena #Jericho #Baltimore,104969204,a disparaging term for someone from Baltimore,insult,sports_discussion,false,Insult review override: sports_discussion
Baltimoron,13156585867,2010-04-30,"Geebus, the Baltimoron is showing itself tonight.",112719949,a disparaging term for someone from Baltimore,insult,commenting,false,
Baltimoron,13543951850,2010-05-07,@phandroid just a fellow Baltimoron finally getting around to following you on twitter. Been reading your blog for months now.,14707145,a disparaging term for someone from Baltimore,insult,casual_conversation,false,
Baltimoron,13700505337,2010-05-10,@iHateJJRedick just tryin to write it a way only a Baltimoron would understand. Good boy!!!,65533421,a disparaging term for someone from Baltimore,insult,casual_conversation,false,
Baltimoron,13980099113,2010-05-14,@KingSokoya @DatDamnSigma #shoutout to your spell check which Is failing like Lebron in the playoffs or a Baltimoron at life,51872294,a disparaging term for someone from Baltimore,insult,casual_conversation,false,
Baltimoron,14204123029,2010-05-18,You're a Baltimoron (had to get one shot in there) #Thatswhyyouresingle,51872294,a disparaging term for someone from Baltimore,insult,commenting,false,
Baltimoron,14204203706,2010-05-18,RT @JustIn_Credble: You're a Baltimoron (had to get one shot in there) #Thatswhyyouresingle --&gt; I see you hatin with your hater arse!,22107589,a disparaging term for someone from Baltimore,insult,casual_conversation,false,
Baltimoron,14373134892,2010-05-20,I swear some of these Baltimoron ass females irk the fuck outta me. Just had to put a bitch in her damn place.,93028740,a disparaging term for someone from Baltimore,insult,criticism,false,Darwin audit: criticism
Baltimoron,14391704311,2010-05-20,"OHN!! When we set a time, i say im almost der. U DONT tell me i just woke ur ass up!! #baltimoron",27787754,a disparaging term for someone from Baltimore,insult,commenting,false,
Baltimoron,14463823444,2010-05-22,@LMurphyDC @alexredmond puts the Baltimore in Baltimoron.,15498429,a disparaging term for someone from Baltimore,insult,casual_conversation,false,
Baltimoron,14646362976,2010-05-24,"Let me tell you how dumb these Baltimoron criminals are. Steal my Ipod shuffle out my car, look through my purse, but not take it?",93028740,a disparaging term for someone from Baltimore,insult,commenting,false,
Baltimoron,15417955715,2010-06-04,@LauraGreenback Oh yeah! You're a Baltimoron again right? ;) Well I'm sure we'll see each other round the 'hood then,18214893,a disparaging term for someone from Baltimore,insult,casual_conversation,false,
Baltimoron,15450212970,2010-06-04,Being a true Baltimoron and seeing Hairspray (@ Toby's Dinner Theatre) http://4sq.com/8z9wL4,801029,a disparaging term for someone from Baltimore,insult,article_sharing,false,
Baltimoron,15486930978,2010-06-05,RT @IamCrissStylinn: RT @KarmaOnDeck Damn I jus realized I've been living in bmore for 8yrs lol time flies &lt;&lt; u a Baltimoron young&lt;nahhh,26803526,a disparaging term for someone from Baltimore,insult,casual_conversation,false,
Baltimoron,15678114522,2010-06-08,Vivid Corvid Photography | Baltimoron http://bit.ly/c8B7CY,97018698,a disparaging term for someone from Baltimore,insult,article_sharing,false,
Baltimoron,15714898315,2010-06-08,@demmad don't become a Baltimoron!,18061635,a disparaging term for someone from Baltimore,insult,casual_conversation,false,
Baltimoron,15934072991,2010-06-11,Yall baltimoron bitches are some of thee most non driving hoodrats I've ever seen!!.. How u gonna run a stop sign and get mad when I honk??,125463714,a disparaging term for someone from Baltimore,insult,commenting,false,
Baltimoron,15934131581,2010-06-11,RT @Bianca_Moss617: Yall baltimoron bitches are some of thee most non driving hoodrats I've ever seen!!.. How u gonna run a stop sign an ...,42005315,a disparaging term for someone from Baltimore,insult,criticism,false,Darwin audit: criticism
Baltimoron,16197790571,2010-06-15,New #Mets blog on what happened with Chris Carter's first HR ball. Studious Metsimus: The Animal And The Baltimoron http://bit.ly/aKYSzW,47108315,a disparaging term for someone from Baltimore,insult,sports_discussion,false,Insult review override: sports_discussion
Baltimoron,16982221950,2010-06-25,This baltimoron is getting on my nerves...,23853411,a disparaging term for someone from Baltimore,insult,commenting,false,
Baltimoron,16983906088,2010-06-25,OMG. President St + Lombard Construction + Baltimoron drivers = FML. Could've easily walked home quicker.  Pathetic city living.,18345723,a disparaging term for someone from Baltimore,insult,commenting,false,
Baltimoron,17031592910,2010-06-25,.@buckylasek A: The Flying Baltimoron,18197944,a disparaging term for someone from Baltimore,insult,casual_conversation,false,
Baltimoron,17032606741,2010-06-25,Did you just call yourself a moron? RT @AlliSports: .@buckylasek A: The Flying Baltimoron,16473521,a disparaging term for someone from Baltimore,insult,casual_conversation,false,
Baltimoron,17033789364,2010-06-25,RT @zarrinalam: Did you just call yourself a moron? RT @AlliSports: .@buckylasek A: The Flying Baltimoron - did you just call Bucky a moron?,126686940,a disparaging term for someone from Baltimore,insult,casual_conversation,false,
Baltimoron,17133355967,2010-06-27,"@medstudjt thanks Jeff. I'm a born and raised Baltimoron. If I wasn't in LA or at the beach for the Copa, woulda been in Canton at Claudagh",48492831,a disparaging term for someone from Baltimore,insult,casual_conversation,false,
Baltimoron,17585676324,2010-07-02,Guess I'm just a proud Baltimoron. Wearing my Orioles hat & Trapped Under Ice shirt. These Georgia people just don't understand... #proud,40963086,a disparaging term for someone from Baltimore,insult,commenting,false,
Baltimoron,17886108899,2010-07-06,"Help, tweeps! Is it Baltimorean, Baltimorian, or Baltimoron?! (I'm just kidding about that last one, FYI..)",15429312,a disparaging term for someone from Baltimore,insult,commenting,false,
Baltimoron,17891259325,2010-07-06,"I almost Chris Brown'd this bird ass baltimoron that walked out this office. Smh, not sure when these parents will learn.",93028740,a disparaging term for someone from Baltimore,insult,commenting,false,
Baltimoron,18081951671,2010-07-09,"All kidding aside, @KingJames = scumbag. As a Baltimoron I have little/no love for Cleveland, but this was unnecessary and embarassing.",9230572,a disparaging term for someone from Baltimore,insult,casual_conversation,false,
Baltimoron,18382250668,2010-07-12,@Lil_Bit_EXTRA I'm a Baltimoron.....LOL!,103832023,a disparaging term for someone from Baltimore,insult,casual_conversation,false,
Baltimoron,18485763481,2010-07-14,next time you hear from me... it'll probably be from my cell phone. baltimoron for life!,23563039,a disparaging term for someone from Baltimore,insult,commenting,false,
Baltimoron,18488784443,2010-07-14,IYou pulled Wigginton for Swisher? You took the one #Oriole in the game out before he got an at bat? This is one pissed Baltimoron.,110270483,a disparaging term for someone from Baltimore,insult,commenting,false,
Baltimoron,18784235069,2010-07-17,Guy is riding my ass in construction traffic flailing about and driving in the middle of the lanes irritated. Maryland plate. Baltimoron.,157474372,a disparaging term for someone from Baltimore,insult,commenting,false,
Baltimoron,18786365228,2010-07-17,@BloggerFather I grew up in Pikesville/Owings Mills. I'm a Baltimoron at heart but love it out here. Glad to make the connection.,164024875,a disparaging term for someone from Baltimore,insult,casual_conversation,false,
Baltimoron,18956018319,2010-07-20,Neckroll: The Baltimoron: WHO WANTS TO MONEY DIKEMBE!...  http://deadspin.com/c/26226323,90896826,a disparaging term for someone from Baltimore,insult,article_sharing,false,
Baltimoron,19017471845,2010-07-20,@technosailor Wait a minute--just read your profile. You're a Baltimoron?? I was born there!!,21249462,a disparaging term for someone from Baltimore,insult,casual_conversation,false,
Baltimoron,19275162218,2010-07-22,@SamFlies :  I prefer to be called a Baltimoron.  Thank You.  Hahaha,14505862,a disparaging term for someone from Baltimore,insult,casual_conversation,false,
Baltimoron,19309244541,2010-07-23,"@SingleCarrot As a native-but-displaced Baltimorean (I don't use Baltimoron, sorry), I heartily agree.",807242,a disparaging term for someone from Baltimore,insult,casual_conversation,false,
Baltimoron,19350610901,2010-07-23,http://www.ehow.com/how_2273068_speak-baltimore-accent.html Learn to talk like  Baltimoron!,142324246,a disparaging term for someone from Baltimore,insult,article_sharing,false,
Baltimoron,20112480797,2010-08-02,"Finally got @GenXRadio player to work. New format is supposedly like golden age WHFS - this former Baltimoron says, so far, thumbs up!",30725342,a disparaging term for someone from Baltimore,insult,casual_conversation,false,
Baltimoron,20161904508,2010-08-02,"I swear if I here a tourist call me a ""Baltimoron"" again, their getting their ass kicked.",150424874,a disparaging term for someone from Baltimore,insult,commenting,false,
Baltimoron,20252468447,2010-08-03,i really hope i see someone do something stupid today so i can call them a baltimoron. #dadpun,15648656,a disparaging term for someone from Baltimore,insult,commenting,false,
Baltimoron,20303915437,2010-08-04,@alymeek @iamtone why did I read that as Baltimoron LMAO,24704526,a disparaging term for someone from Baltimore,insult,casual_conversation,false,
Baltimoron,20305215988,2010-08-04,Hahah RT @theNFLchick: @alymeek @iamtone why did I read that as Baltimoron LMAO,27116394,a disparaging term for someone from Baltimore,insult,casual_conversation,false,
Baltimoron,20813913145,2010-08-10,"@MythTickle and how's the play going, Wish I were a SFcan, not a Baltimoron, I'd be in the audience.",131016303,a disparaging term for someone from Baltimore,insult,casual_conversation,false,
Baltimoron,20818083315,2010-08-10,@BrittanyNo estimated time of arrival you baltimoron lol,43046520,a disparaging term for someone from Baltimore,insult,casual_conversation,false,
Baltimoron,20924220761,2010-08-11,"On my way to Blakes for Crabs!!! #FTW (is 30 too much? Nah, I'm a BaltiMORON fool)",86332290,a disparaging term for someone from Baltimore,insult,commenting,false,
Baltimoron,20924236028,2010-08-11,@jerryc_ferrara wrong. Baltimoron. #gamertag,101307175,a disparaging term for someone from Baltimore,insult,gaming,false,Insult review override: gaming
Baltimoron,21231132876,2010-08-15,"@BZ2010_VI4   From a Baltimoron, I agree with the Philly dude!",154606657,a disparaging term for someone from Baltimore,insult,casual_conversation,false,
Baltimoron,21231433203,2010-08-15,TommyAce: The Baltimoron: I just assumed it was carved from the wood of a black tree felled by lightning....  http://deadspin.com/c/27547904,90896826,a disparaging term for someone from Baltimore,insult,article_sharing,false,
Baltimoron,21625518790,2010-08-20,The kid is twisted chillin with a #Baltimoron talkin bout chicken boxes & crabcakes s/o to @hanalulu12 & @theashleyshow,79835808,a disparaging term for someone from Baltimore,insult,casual_conversation,false,
Baltimoron,21769533283,2010-08-21,The Baltimoron Ravens are going to get destroyed tonight.,685763,a disparaging term for someone from Baltimore,insult,sports_discussion,false,Insult review override: sports_discussion
Baltimoron,21939076931,2010-08-23,@chaddukes hates everything about me. I'm a woman. Ravens fan. Baltimoron. And yet I still listen to BigO & Dukes podcast & you should too,125383774,a disparaging term for someone from Baltimore,insult,sports_discussion,false,
Baltimoron,22056717233,2010-08-25,"4 diff Indian accents, Irish, English, Chinese, Canadian, and Baltimoron all at the same table.#earsbleed",15365439,a disparaging term for someone from Baltimore,insult,commenting,false,
Baltimoron,23914567420,2010-09-08,http://twitpic.com/2mevlx - Is it bad that I'm already used to this? I'm becoming a baltimoron! ):,58189483,a disparaging term for someone from Baltimore,insult,article_sharing,false,
Baltimoron,24032901281,2010-09-09,"@markos As a Baltimoron, I can assure you that the Colts are the second most hated NFL team in America.",16743,a disparaging term for someone from Baltimore,insult,sports_discussion,false,Insult review override: sports_discussion
Baltimoron,24103276735,2010-09-10,@JasonLaCanfora If you live that fabulous life... You're in! And welcome to the Baltimoron sports club.,126901915,a disparaging term for someone from Baltimore,insult,casual_conversation,false,
Baltimoron,24115129424,2010-09-10,"@JenRoyleMASN fabulous life? Eh, not too sure about that. I am a hardcore Baltimoron though, no doubt",48492831,a disparaging term for someone from Baltimore,insult,casual_conversation,false,
Baltimoron,24115621604,2010-09-10,@JasonLaCanfora So I hear. Had no idea. Sounds like you should be welcoming ME to the Baltimoron sports club.,126901915,a disparaging term for someone from Baltimore,insult,casual_conversation,false,
Baltimoron,24116936319,2010-09-10,@JasonLaCanfora Always rep the Baltimoron's!,15674699,a disparaging term for someone from Baltimore,insult,casual_conversation,false,
Baltimoron,24203820397,2010-09-11,"a baltimoron day: picking my bso concerts, now onto looking at the Terps basketball schedule....no more greivas, it will be a long season.",33989630,a disparaging term for someone from Baltimore,insult,commenting,false,
Baltimoron,24318720114,2010-09-12,just received photo of 2-year-old in redskins garb on my phone....i might live here but i'll always be a baltimoron in my hatred of Skins.,33989630,a disparaging term for someone from Baltimore,insult,commenting,false,
Baltimoron,24336690949,2010-09-13,"@fuzie You'd think I would be a Ravens fan given that I am a native Baltimoron, but I stuck with the Bears since the days of the fridge",170904493,a disparaging term for someone from Baltimore,insult,sports_discussion,false,
Baltimoron,24441381668,2010-09-14,@bohnlein I don't remember tweeting you...when I want a baltimoron's opinion ill ask for it #httr,36540908,a disparaging term for someone from Baltimore,insult,casual_conversation,false,
Baltimoron,24624776052,2010-09-16,@TheBillyMartin  I'm a Baltimoron..um.. I mean Baltimore native! But Billy..I'm trying to get Baltimore to play LIHB!,24562451,a disparaging term for someone from Baltimore,insult,casual_conversation,false,
Baltimoron,24753810259,2010-09-17,@JasonLaCanfora You're a Baltimoron? Had no idea!,23196388,a disparaging term for someone from Baltimore,insult,casual_conversation,false,
Baltimoron,24776424366,2010-09-17,@JenRoyleMASN I'm not the most important by any stretch but always happy to be a Baltimoron. DYK Jim McKay is also a fellow Loyola Don?,48492831,a disparaging term for someone from Baltimore,insult,casual_conversation,false,
Baltimoron,24900881607,2010-09-19,@JenRoyleMASN agree with you there honorary Baltimoron. Loved them over Jets. Bengals will be hungry/desperate. Still like Ravens though,48492831,a disparaging term for someone from Baltimore,insult,sports_discussion,false,
Baltimoron,24901081966,2010-09-19,@JasonLaCanfora My thoughts exactly my fellow Baltimoron. More injuries this week...,126901915,a disparaging term for someone from Baltimore,insult,casual_conversation,false,
Baltimoron,24989035282,2010-09-20,Crab dip makes me proud to be a Baltimoron.,27180688,a disparaging term for someone from Baltimore,insult,commenting,false,
Baltimoron,25156220233,2010-09-21,"Thanks, Baltimore City official, for teaching me the true meaning of Baltimoron.",7607882,a disparaging term for someone from Baltimore,insult,commenting,false,
Baltimoron,25931448700,2010-09-30,"@justin_fenton @BaltimorePolice Out near Hagerstown by Interstate 81; new one on me, too--native Baltimoron that I am!",55934736,a disparaging term for someone from Baltimore,insult,casual_conversation,false,
Baltimoron,25965685955,2010-09-30,"@justinbieber this is to answer your question , ima baltimoron in maryland baby &lt;333*",139478075,a disparaging term for someone from Baltimore,insult,casual_conversation,false,
Baltimoron,26086435393,2010-10-01,"honored to have met such inspiring & wonderful people @ignitebaltimore  speakers, volunteers, & audience members! Proud to be a Baltimoron",31117897,a disparaging term for someone from Baltimore,insult,casual_conversation,false,
Baltimoron,26189326452,2010-10-02,@DiaSoleil hey girl. You officially no longer a Baltimoron?,18507650,a disparaging term for someone from Baltimore,insult,casual_conversation,false,
Baltimoron,26290448624,2010-10-03,lets go steelers! beat them baltimoron ravens! #black&yellow,65684839,a disparaging term for someone from Baltimore,insult,sports_discussion,false,
Baltimoron,26290527379,2010-10-03,lets go steelers! beat them baltimoron ravens! #blackandyellow”,65684839,a disparaging term for someone from Baltimore,insult,sports_discussion,false,
Baltimoron,26677673400,2010-10-07,@KishKish09 what a baltimoron!,89022404,a disparaging term for someone from Baltimore,insult,casual_conversation,false,
Baltimoron,26711469784,2010-10-08,@Caskproof I'm being a Baltimoron.,19908410,a disparaging term for someone from Baltimore,insult,casual_conversation,false,
Baltimoron,26740788567,2010-10-08,@benjaminstrong LOL. Yup I'm a Baltimoron. You ever come back?,36664331,a disparaging term for someone from Baltimore,insult,casual_conversation,false,
Baltimoron,26762917575,2010-10-08,"Whichever one of these Baltimoron ass chicks that invented the ""invisible part"" style, needs to go back to Empire Beauty School.",93028740,a disparaging term for someone from Baltimore,insult,commenting,false,
Baltimoron,26763078417,2010-10-08,"RT @PrpleSmke: Whichever 1 of these Baltimoron ass chicks that invented the ""invisible part"" style,needs to go back to Empire Beauty School.",26663123,a disparaging term for someone from Baltimore,insult,casual_conversation,false,
Baltimoron,26763115870,2010-10-08,"RT @PrpleSmke: Whichever one of these Baltimoron ass chicks that invented the ""invisible part"" style, needs to go back to Empire Beauty  ...",105339701,a disparaging term for someone from Baltimore,insult,casual_conversation,false,
Baltimoron,26767870269,2010-10-08,"Blame that trash on the A!RT @PrpleSmke: Whichever one of these Baltimoron ass chicks that invented the ""invisible ... http://tmi.me/24vxg",83410955,a disparaging term for someone from Baltimore,insult,article_sharing,false,
Baltimoron,27314095128,2010-10-14,@TinaGaston87 ha! Just had to laugh at the one!! Remember I'm a baltimoron aka baltimorean :D,95819587,a disparaging term for someone from Baltimore,insult,casual_conversation,false,
Baltimoron,27314178592,2010-10-14,"@klancy96 HAHAHA!!  ""Baltimoron""?!?!  NIIIIIIIIICE.  Now go gleep!!",77624100,a disparaging term for someone from Baltimore,insult,casual_conversation,false,
Baltimoron,27457893127,2010-10-15,Today is World Food Day! Each employee has brought food of their culture. Italiano. Jewish. Austrian. Middle Eastern. French. Baltimoron.,21141616,a disparaging term for someone from Baltimore,insult,commenting,false,
Baltimoron,27542348446,2010-10-16,"@gatecitycanes Don't follow me, or better yet I'll block you. And congrats on making my biggest Baltimoron on Twitter list. Sorry no prize.",126901915,a disparaging term for someone from Baltimore,insult,casual_conversation,false,
Baltimoron,27570649940,2010-10-16,@kleena haha whatever Baltimoron.,15991909,a disparaging term for someone from Baltimore,insult,casual_conversation,false,
Baltimoron,27599291786,2010-10-17,"@mark_olson you don't count, you're a baltimoron now. I freely cheer for you as I please.",20696430,a disparaging term for someone from Baltimore,insult,casual_conversation,false,
Baltimoron,27787206634,2010-10-19,@Wiener_Juice Owners follow the money. But I'm a horrible Baltimoron. My #2 team is the #Colts cuz I'm a Peyton fan. Watched him play 4 TN.,52858954,a disparaging term for someone from Baltimore,insult,sports_discussion,false,
Baltimoron,27895161792,2010-10-20,@PeepRoc wait are you a Baltimoron? Can't blame you for wanting to leave :/,17277111,a disparaging term for someone from Baltimore,insult,casual_conversation,false,
Baltimoron,28376444220,2010-10-22,luke.may: The Baltimoron: Yeah. Sums up how stupid the LSU fanbase is. Proud to be a part....  http://deadspin.com/c/31167608,90896826,a disparaging term for someone from Baltimore,insult,article_sharing,false,
Baltimoron,28626421511,2010-10-24,the NFL just gave the Baltimoron's a W,97499912,a disparaging term for someone from Baltimore,insult,commenting,false,
Baltimoron,28629802765,2010-10-24,"@justinskinsTat2 Baltimoron fans are just horrible fans, they make excuses, do u c there game today?",97499912,a disparaging term for someone from Baltimore,insult,casual_conversation,false,
Baltimoron,28752064708,2010-10-26,"Gobias-I: The Baltimoron: You may think I'm irrational for not liking Favre, but I'm definitely not hoppi...  http://deadspin.com/c/31340518",90896826,a disparaging term for someone from Baltimore,insult,article_sharing,false,
Baltimoron,28819180092,2010-10-26,R U dumber than a Baltimoron? Baltimore named 20th-smartest city in U.S. http://t.co/ggEwpNN via @bizjournals #fb,17628336,a disparaging term for someone from Baltimore,insult,article_sharing,false,
Baltimoron,29097070587,2010-10-29,"The 17th #FF goes to fellow Baltimoron, #Ravens fan, and all around awesome chica - @salt_says",119037566,a disparaging term for someone from Baltimore,insult,sports_discussion,false,
Baltimoron,29397153026,2010-11-01,@maubrowncow it this week. Gamertag is Baltimoron.,101307175,a disparaging term for someone from Baltimore,insult,gaming,false,
Baltimoron,29689278708,2010-11-04,"@ThBaltimoreChop That could be a good line in a song (""I thought you were a restaurant"").  Band is DC-based, but I'm a Baltimoron.",20114053,a disparaging term for someone from Baltimore,insult,casual_conversation,false,
Baltimoron,550289077702656,2010-11-05,"@smcbalt How about @Jacksonblue for a #ff ? He's one cool MassHole I'm proud to call a BaltiMoron, right @Charm_CityCakes?",19049911,a disparaging term for someone from Baltimore,insult,casual_conversation,false,
Baltimoron,726893347213312,2010-11-06,@nikki_griffin what games are you bringing A-game too? My gamertag is BALTIMORON. Hit me up. I'll be #CoDBlackOps come Tuesday.,101307175,a disparaging term for someone from Baltimore,insult,gaming,false,Insult review override: gaming
Baltimoron,1268916324147200,2010-11-07,@reddusfoximus I'm a lifelong Baltimoron and we live 10 miles from the stadium. Definitely a great atmosphere here,48492831,a disparaging term for someone from Baltimore,insult,casual_conversation,false,
Baltimoron,1444119259906048,2010-11-08,Best weekend in Baltimore in a minute.. too bad I had to be a Baltimoron and get my car towed from my apt this morning #mstaggetsemeverytime,47398904,a disparaging term for someone from Baltimore,insult,commenting,false,
Baltimoron,2135570864152576,2010-11-09,"as a baltimoron I take offecnse 
RT @GuyKawasaki 6 most and least attractive cities in America (sorry, Memphis) http://tinyurl.com/32mh4qb",15096895,a disparaging term for someone from Baltimore,insult,article_sharing,false,
Baltimoron,2820104857325568,2010-11-11,I fly my crab meat in from the finest fisherman. Like the Baltimoron I am. Lol. http://plixi.com/p/56325514,21643095,a disparaging term for someone from Baltimore,insult,article_sharing,false,
Baltimoron,2941944456019969,2010-11-12,HUGE FLAG. You can HEAR the Baltimoron cries...,32250642,a disparaging term for someone from Baltimore,insult,commenting,false,
Baltimoron,3989089598578688,2010-11-15,El-Diabl: The Baltimoron: What part of intern don't you grasp? I'm willing to sit here all night and exp...  http://deadspin.com/c/32462064,90896826,a disparaging term for someone from Baltimore,insult,article_sharing,false,
Baltimoron,4973254611566592,2010-11-17,"@iBE_carly So I served you, you served me.  Looks like its on.  You name the time and place, baltimoron.  Same goes for you @apandahug.",113212418,a disparaging term for someone from Baltimore,insult,casual_conversation,false,
Baltimoron,5272628432470016,2010-11-18,ATTENTION ALL BALTIMORON - DUMB & CLUELESS (D.C.) COMMUTERS: Stop driving like it's the holiday season! You're all a week early! #ThatIsAll,71453739,a disparaging term for someone from Baltimore,insult,commenting,false,
Baltimoron,5360812101214209,2010-11-18,"@lisastromgolf RT Helloooooooo Flori-duh! -- Yep, I put the DUH in Flori-duh!  At least I'm no longer a Baltimoron. Well, 'cept summer  ;-)",45595498,a disparaging term for someone from Baltimore,insult,casual_conversation,false,
Baltimoron,6123883795054592,2010-11-20,"@TheMrinella a Baltimoron spreshun.  ""babe"" is also applicable.  (beats nigga)",173710635,a disparaging term for someone from Baltimore,insult,casual_conversation,false,
Baltimoron,6564717644480512,2010-11-22,"@Jpolk531 it's called a ""Baltimoron"".....everyone knows that ;)",23096853,a disparaging term for someone from Baltimore,insult,casual_conversation,false,
Baltimoron,7512360717647873,2010-11-24,@Paul_Anater travel safe Paul! -- and around here we say Baltimoron! (no not really) *chuckle*,52711053,a disparaging term for someone from Baltimore,insult,casual_conversation,false,
Baltimoron,7930771272634368,2010-11-25,Woman definitely called herself a Baltimoron hahahaa,143978200,a disparaging term for someone from Baltimore,insult,commenting,false,
Baltimoron,8378578995515392,2010-11-27,Last night in the dirty jerz then its back to being a Baltimoron.,89101234,a disparaging term for someone from Baltimore,insult,commenting,false,
Baltimoron,8736169437167616,2010-11-28,@abbiesumthin you should hear the white trash from highlandtown or dundalk...they have that heavy baltimoron accent.,52858954,a disparaging term for someone from Baltimore,insult,casual_conversation,false,
Baltimoron,8816398721622016,2010-11-28,mikebkir: The Baltimoron: I stand corrected:  [deadspin.com]...  http://deadspin.com/c/33154356,90896826,a disparaging term for someone from Baltimore,insult,article_sharing,false,
Baltimoron,9357021312720896,2010-11-29,"@kochisoutbursts But it was probably pronounced more ""Baltimoron"" like ""Come eauwin.""",8838832,a disparaging term for someone from Baltimore,insult,casual_conversation,false,
Baltimoron,9791701757460480,2010-12-01,"@RyanClark25 I pity those without original ideas. I'm calling it a Baltimoron tribute to the late, great Myron Cope day! Go Stillers!",178123891,a disparaging term for someone from Baltimore,insult,casual_conversation,false,
Baltimoron,10432316904054784,2010-12-02,Baltimoron be ware!  Steeler Nation will be invading your city soon!,60642764,a disparaging term for someone from Baltimore,insult,commenting,false,
Baltimoron,10866886094884864,2010-12-04,"-_- to @KoolstJessKnwn for calling me a "" baltiMORON "" lol",69791701,a disparaging term for someone from Baltimore,insult,casual_conversation,false,
Baltimoron,11293635924459520,2010-12-05,"@Simply_Bee she better listen or then u say ""baltimoron said take yo ratchet ass to bed ma"" lol",135620510,a disparaging term for someone from Baltimore,insult,casual_conversation,false,
Baltimoron,11606848704610304,2010-12-06,HAHA!  #11 is a Baltimoron!,117891107,a disparaging term for someone from Baltimore,insult,commenting,false,
Baltimoron,11912306862587904,2010-12-06,"RT @KasinoBux: Baltimoron words..rey, ard, lor, shat&lt;~Dont forget about ""Wayment""!",62135697,a disparaging term for someone from Baltimore,insult,casual_conversation,false,
Baltimoron,13002765856940032,2010-12-09,@dvgjr How's my favorite Baltimoron today?  Are you in San Diego NOW? Or *next* Thursday??  Drinks on me!,27216496,a disparaging term for someone from Baltimore,insult,casual_conversation,false,
Baltimoron,13795509986656256,2010-12-12,@jasonriedy He's on The Graham Norton Show right now on BBC America. I love John Waters. Must be the Baltimoron in me. :),14371054,a disparaging term for someone from Baltimore,insult,casual_conversation,false,
Baltimoron,14368023469101056,2010-12-13,@Joestains @SophieBrador in Baltimore we call the local accent Baltimoron. Because it sounds dumb :),211340587,a disparaging term for someone from Baltimore,insult,casual_conversation,false,
Baltimoron,14371895218544640,2010-12-13,"So nice to have a Baltimore story that doesn't include a body count. Still, Whiting is only a moron, not a true Baltimoron. #CafeHon",66267233,a disparaging term for someone from Baltimore,insult,commenting,false,
Baltimoron,14539166918377472,2010-12-14,"Dear Texans, Steeler Nation would love nothin more then a Baltimoron loss Plz and Thank You #steelers #steelernation",19640050,a disparaging term for someone from Baltimore,insult,commenting,false,
Baltimoron,14539370220486656,2010-12-14,"RT @Higgie22 Dear Texans, Steeler Nation would love nothin more then a Baltimoron loss Plz and Thank You #steelers #steelernation",181818581,a disparaging term for someone from Baltimore,insult,casual_conversation,false,
Baltimoron,14539959625064448,2010-12-14,"Amen! Go #TEXANS RT @Higgie22 Dear Texans, #STEELERNATION Nation would love nothin more then a Baltimoron loss Plz and Thank You #steelers",76230299,a disparaging term for someone from Baltimore,insult,casual_conversation,false,
Baltimoron,14551625058222080,2010-12-14,"RT @terribletowels: RT @Higgie22 Dear Texans, Steeler Nation would love nothin more then a Baltimoron loss Plz and Thank You #steelers # ...",94389565,a disparaging term for someone from Baltimore,insult,casual_conversation,false,
Baltimoron,14864278737657856,2010-12-15,"I guess I'm going to Baltimoron tomorrow. :( 
xx",20168372,a disparaging term for someone from Baltimore,insult,commenting,false,
Baltimoron,16113790806401024,2010-12-18,"@nikki_griffin haha, ok. Didn't know if you were keeping it dl. You get a fr from Baltimoron, that's me. Btw, moving to DTLA on 30th. Gonna",101307175,a disparaging term for someone from Baltimore,insult,casual_conversation,false,
Baltimoron,16609502207942656,2010-12-19,@PaternityPains You know it! Born and raised!! Live in Cali now but I'm a Baltimoron through and through. So is @bloggerfather,164024875,a disparaging term for someone from Baltimore,insult,casual_conversation,false,
Baltimoron,16611367050027008,2010-12-19,@DadStreet Baltimoron? Really?,19838731,a disparaging term for someone from Baltimore,insult,casual_conversation,false,
Baltimoron,16667368902098944,2010-12-20,So the Ravens beat the Saints and this cajum baltimoron conflicted enuf to be shouting who dat in da house!,21781793,a disparaging term for someone from Baltimore,insult,sports_discussion,false,
Baltimoron,17000419142139904,2010-12-20,"@teamjack any old school Baltimoron makes a pilgrimage here in December. Trust me, David Simon is a genius and knows all about it",48492831,a disparaging term for someone from Baltimore,insult,casual_conversation,false,
Baltimoron,18081610331066368,2010-12-23,Heading to #Baltimore for the holidays...  Yeah I'm a baltimoron so what of it beeotch!  Lol!,69923007,a disparaging term for someone from Baltimore,insult,commenting,false,
Baltimoron,18090580202491904,2010-12-23,@DailyNatalia good deal!! But not from PA. Nor am I these days. I am currently a Baltimorian. Or is it Baltimoron?,42606240,a disparaging term for someone from Baltimore,insult,casual_conversation,false,
Baltimoron,18142195378823168,2010-12-24,@kittenwithawhip Scrapple is from Philly.  And crab cakes taste better. Maryland Fried Chicken? (My first wife was a Baltimoron.),15935404,a disparaging term for someone from Baltimore,insult,casual_conversation,false,
Baltimoron,18916860418330624,2010-12-26,"a good Sunday to have the sports package.  Sunderland v. Man U.  Cleveland v. Baltimoron and Toledo v. FIU.  Go Cats, Browns , and ROCKETS.",47973914,a disparaging term for someone from Baltimore,insult,commenting,false,
Baltimoron,20907167410290688,2010-12-31,"@heathr Actually, the preferred term is ""Baltimoron"" Welcome to B-more @wonderwillow What will you be up to here?",18697352,a disparaging term for someone from Baltimore,insult,casual_conversation,false,
Baltimoron,21107935010627584,2011-01-01,Bitches be stunting like da fuck I was tryna rock with them! Fuck Yall Whores TECHNICALLY Im NO Longer a Baltimoron so FUCK YOU PAY ME!!!,38119258,a disparaging term for someone from Baltimore,insult,commenting,false,
Baltimoron,21264057461899264,2011-01-01,@soignefromage Thanks for the RT Hon from a former fellow Baltimoron (Riverside Park & Ten Hills)!,16001254,a disparaging term for someone from Baltimore,insult,casual_conversation,false,
Baltimoron,22082360044425216,2011-01-04,"My coworker jus said ""My BF will go to the club, ask for a Colt 45 to be poured in a wine glass, and add cherries"" #baltimoron",210883581,a disparaging term for someone from Baltimore,insult,commenting,false,
Baltimoron,22143178823966720,2011-01-04,Tomorrow I am going to talk like a Baltimoron or at least try to walk like one.,16487286,a disparaging term for someone from Baltimore,insult,commenting,false,
Baltimoron,22501839933014016,2011-01-05,@D_WATZit Baltimoron lmfaooooo.. Bmore followers gonna unfollow me cmon doug lol,86421596,a disparaging term for someone from Baltimore,insult,casual_conversation,false,
Baltimoron,22759784801374208,2011-01-05,"I officially live in Baltimore!  I've been told I can now be called a ""Baltimoron""",102156858,a disparaging term for someone from Baltimore,insult,commenting,false,
bonehead,7446563236,2010-01-06,Awesome sea of burnt orange at ABIA. one poor Bama bonehead behind us at Schlotskys,18630046,stupid person; fool,insult,commenting,false,
bonehead,7447199561,2010-01-06,Bonehead Of The Day: CNN - http://tinyurl.com/ykdxdjo,19191549,stupid person; fool,insult,article_sharing,false,Insult review override: article_sharing
bonehead,7447646885,2010-01-06,2010 Bonehead SEO Personal Updates #seo update http://bit.ly/8bLumB,50978893,stupid person; fool,insult,advertising_spam,false,Insult review override: advertising_spam
bonehead,7448211760,2010-01-06,@EmDubious too bad we pulled some bonehead shit at the buzzer. The refs fucked us but Maggette shouldn't have been that close!,15522858,stupid person; fool,insult,casual_conversation,false,
bonehead,7449482313,2010-01-06,sailing  H2uh0 - Bonehead moves on the water and much more: Speed Dream (http://cli.gs/g9jHg) sail boat,47949001,stupid person; fool,insult,criticism,false,
bonehead,7449826734,2010-01-06,"U forgot the best part - Bonehead on Bass, No Guigsy!! @Live4ever: Oasis Video Vault : Morning Glory On Letterman, 1995 http://bit.ly/4EYO8c",16246633,stupid person; fool,insult,music_discussion,false,Insult review override: music_discussion
bonehead,7450892048,2010-01-06,"Clearwire updated their service, reduced coverage area and screwed many customers. Bonehead business 101.",53321831,stupid person; fool,insult,commenting,false,
bonehead,7451048915,2010-01-06,AIRHEAD BONEHEAD GRIP Binding - 168.98 USD: NEW! NO OVERSEAS SHIPPING! CANADA ORDERS CONTACT US FOR SHIPPING CO.. http://bit.ly/88FuJR,90209233,stupid person; fool,insult,advertising_spam,false,Insult review override: advertising_spam
bonehead,7451050433,2010-01-06,AIRHEAD BONEHEAD WRAP Binding - 152.98 USD: NEW! NO OVERSEAS SHIPPING! CANADA ORDERS CONTACT US FOR SHIPPING CO.. http://bit.ly/5y4nGB,90209233,stupid person; fool,insult,advertising_spam,false,Insult review override: advertising_spam
bonehead,7451661497,2010-01-06,"Bono, bonehead RT @EFF Gigi Sohn on Bono's filesharing hypocricy: http://j.mp/4U9vul Tough IP enforcement won't help the developing world!",11050942,stupid person; fool,insult,casual_conversation,false,
bonehead,7524616347,2010-01-08,Im more upset about the bonehead call that mac made at the end of the 1st half. Why take a chance?!? I'll never forget those 7 pts ever!,47844757,stupid person; fool,insult,commenting,false,
bonehead,7527275312,2010-01-08,"@davemcclure had the same problem yesterday, they are losing tons of syndication because of that bonehead move...",15327072,stupid person; fool,insult,casual_conversation,false,
bonehead,7529041488,2010-01-08,Media bonehead of the day: http://tinyurl.com/yb6o25l,50376557,stupid person; fool,insult,article_sharing,false,Insult review override: article_sharing
bonehead,7529464712,2010-01-08,Who's the bonehead in the PR Department at Loblaws who thinks getting $40000 in damages is greater than the bad press? http://bit.ly/5qUMVU,13248362,stupid person; fool,insult,commenting,false,
bonehead,7529748644,2010-01-08,"Surely you just, Mr. Henry, Mr. Arenas is supended for a bonehead ""I am a man"" move. Damm shame.",18283820,stupid person; fool,insult,commenting,false,
bonehead,7530136262,2010-01-08,(Cont) the company approves.  Knowing the company I work for some bonehead will deny permission.,16711524,stupid person; fool,insult,commenting,false,
bonehead,7531590073,2010-01-08,@jemelehill Why would Pete leave his kingdom (USC) for Seattle? Sounds like a bonehead move to me.,83422650,stupid person; fool,insult,casual_conversation,false,
bonehead,7532632111,2010-01-08,"Was just called a ""bonehead"" by one of Canada's leading theologians :)",16748348,stupid person; fool,insult,commenting,false,
bonehead,7533043303,2010-01-08,@EpitomyOfGrind if u take the 2 touchdowns we shoulda got in the 1st qtr and that bonehead td yall got right before halftime TX woulda won,67842871,stupid person; fool,insult,casual_conversation,false,
bonehead,7533496533,2010-01-08,http://twitpic.com/x949y - @bennigeorge is being a bonehead over Skype.,19257980,stupid person; fool,insult,casual_conversation,false,
bonehead,7817538932,2010-01-16,Bonehead's crew - are we going to hit it up tomorrow aft? Grab some lunchies? Let me know. @Mark_Black @klc4life @JamesDReid ?,6792532,stupid person; fool,insult,casual_conversation,false,
bonehead,7817951984,2010-01-16,"Such a bonehead! Missed the first 10th min b/c I lead us to the wrong theater. FYI, the 1st 5 min of Eli is pretty bleak.",48887119,stupid person; fool,insult,commenting,false,
bonehead,7818488369,2010-01-16,@CoolCal u must b on some stuff 2 call me a liar...boy u crazy!!! Haven't been able to check my email bonehead,80385379,stupid person; fool,insult,casual_conversation,false,
bonehead,7818734014,2010-01-16,@luchalibrarian And you will be a cool one... you just have to get past the bonehead narrowminded ones...,15267218,stupid person; fool,insult,casual_conversation,false,
bonehead,7820949906,2010-01-16,@S3xyAssMarin3 lol u rite I am high off life let me know if u nice bonehead,20791477,stupid person; fool,insult,casual_conversation,false,
bonehead,7821238972,2010-01-16,Look what the padbury pad has become. But at least I get to #bonehead summer vacation,22322022,stupid person; fool,insult,commenting,false,
bonehead,7821863904,2010-01-16,LoL... Bonehead and Stego are so dumb... LoL. A sing-a-long in the face ... (YouTube http://youtu.be/S8bMqlX61vs?a),34185076,stupid person; fool,insult,commenting,false,
bonehead,7822177452,2010-01-16,Now those Tyrannos should've went ahead and shot Stego and Bonehead IMME... (YouTube http://youtu.be/N8D_-jPjrD0?a),34185076,stupid person; fool,insult,commenting,false,
bonehead,7823021161,2010-01-16,I made a rare drunk mistake & 4got 2 close my tab @ the bar. Damn I hate making bonehead mistakes.,81935392,stupid person; fool,insult,casual_conversation,false,
bonehead,7826469571,2010-01-16,@msscorpio81 I did go to sleep bonehead come get me,20411177,stupid person; fool,insult,casual_conversation,false,
bonehead,8142663034,2010-01-24,@Bonehead74 Oh Bonehead....;-),31202489,stupid person; fool,insult,casual_conversation,false,Insult review override: casual_conversation
bonehead,8142709123,2010-01-24,Latest on Glow news. Retro Toy Review: Bonehead (Playmates Toxic Crusaders): And there's a splattering of glow-in-... http://bit.ly/4tLQR3,33072645,stupid person; fool,insult,article_sharing,false,Insult review override: article_sharing
bonehead,8147360523,2010-01-24,Retro Toy Review: Bonehead (Playmates Toxic Crusaders) http://bit.ly/4tLQR3,37642020,stupid person; fool,insult,article_sharing,false,Insult review override: article_sharing
bonehead,8147729584,2010-01-24,@GreatRock shame bonehead was on it though ;-(,24930357,stupid person; fool,insult,casual_conversation,false,
bonehead,8149429528,2010-01-24,"Also, mum locked the keys to the cash register inside the cash register. She wins the Most Bonehead Move Ever award.",27575225,stupid person; fool,insult,criticism,false,
bonehead,8151473536,2010-01-24,"Ultimate bonehead move?  Leaving your credit card at the bar with the tab open, D'oh",22918836,stupid person; fool,insult,criticism,false,
bonehead,8152887725,2010-01-24,Me too... What a bonehead. RT @agrabia: Stunned by this. RT @babiak Dear Media: stop paying attention to what Osama Bin Laden says. Ignore h,10313632,stupid person; fool,insult,casual_conversation,false,
bonehead,8154934255,2010-01-24,Amazon Associates Store - Columbia Sportswear Men's Bonehead Short Sleeve Shirt: http://bit.ly/7IZYF2 via @addthis,97629327,stupid person; fool,insult,advertising_spam,false,Insult review override: advertising_spam
bonehead,8156781850,2010-01-24,@kerryrhodes protect the ball n tell don't make bonehead plays.,47972176,stupid person; fool,insult,casual_conversation,false,
bonehead,8266023485,2010-01-27,Who's the bonehead at Bioware who decided not to allow helmet toggle on the terminus armor or any DLC for that matter. That's just stupid.,30610679,stupid person; fool,insult,gaming,false,Insult review override: gaming
bonehead,8266923647,2010-01-27,@babeelibrarian I think it's since been rescinded.  Talk about bonehead moves!,6325772,stupid person; fool,insult,casual_conversation,false,
bonehead,8267821354,2010-01-27,as i admitted earlier i have my bonehead moments but i am ALWAYS well-meaning. why can't people get that? i never antagonize.,14718942,stupid person; fool,insult,commenting,false,
bonehead,8268574154,2010-01-27,@xpeaches8x weh! im such a bonehead!! i sooo thought it was today...damn im such a bad hoebag...sorry ceej. i still love ya!,40739531,stupid person; fool,insult,casual_conversation,false,
bonehead,8268578833,2010-01-27,Greg oden is a pure bonehead....and that should be my final tweet tonight,23349041,stupid person; fool,insult,commenting,false,
bonehead,8268803014,2010-01-27,@fleckman Re O'Keefe: What a bonehead move. It doesn't appear from my reading that he copped to wiretapping attempt.Maybe trespass/fraud?,27375540,stupid person; fool,insult,casual_conversation,false,
bonehead,8274940358,2010-01-27,"Wow. I mean, did someone die and leave this bonehead to be god? -Esther Filderman #quote",101306191,stupid person; fool,insult,commenting,false,
bonehead,8275052088,2010-01-27,took a trip to our new practice space last night.the driven lyric 'hey bonehead wats d 2nd house for?' came to mind.surrounded by boneheads!,105014372,stupid person; fool,insult,commenting,false,
bonehead,8276607880,2010-01-27,@WTM_Bonehead need bow suggestion,76220963,stupid person; fool,insult,casual_conversation,false,
bonehead,8279275374,2010-01-27,@JonathanAJones I wonder which bonehead company is going to announce some product today - happens every time Apple does this.,5259121,stupid person; fool,insult,casual_conversation,false,
bonehead,8434195952,2010-01-31,"Columbia Men's Super Bonehead Classic Long Sleeve Shirt, $32.09, Saved $42.86, http://ping.fm/SVixP",79277564,stupid person; fool,insult,commenting,false,
bonehead,8434920057,2010-01-31,@joedrape Similar bonehead vote occured in 1997 NBA MVP vote-Karl Malone outpolled Michael Jordan. Then the two met in the Finals. All MJ.,48007687,stupid person; fool,insult,casual_conversation,false,
bonehead,8439074803,2010-01-31,"Thrashers came close to beating Predators but lost 4-3. ""Two bonehead plays early"" were the difference said John Anderson.",16278678,stupid person; fool,insult,commenting,false,
bonehead,8439775826,2010-01-31,Did the most bonehead thing today. Cut my finger on a can.,101041037,stupid person; fool,insult,commenting,false,
bonehead,8440359133,2010-01-31,@Bonehead74 Why is your screen name bonehead? I get dirty thoughts when I see your name.,31202489,stupid person; fool,insult,casual_conversation,false,
bonehead,8440711062,2010-01-31,@mZIDyy i kno i cant neither! @Sneakerfacegeek what does it say bonehead?,25167162,stupid person; fool,insult,casual_conversation,false,
bonehead,8441111801,2010-01-31,@iheartnkotb1 Not working! I'm the one that's sorry! What a bonehead thing to do!!!,28062315,stupid person; fool,insult,casual_conversation,false,
bonehead,8441584859,2010-01-31,"Peter Schiff, Investor, did NOT make bonehead investments like Epic Failures. If this implies High Office, all Soldiers should make Officer.",30833130,stupid person; fool,insult,commenting,false,
bonehead,8441999255,2010-01-31,"I used to call him BoneHead RT @b_noelss: #90stweet being scared of the crypt keeper on ""Tales from the Crypt""",29904390,stupid person; fool,insult,casual_conversation,false,
bonehead,8442865027,2010-01-31,"And one bonehead ref's whistle wiping out a goal @BenThrashers ... ""Two bonehead plays early"" were the difference said John Anderson.",18418917,stupid person; fool,insult,casual_conversation,false,
bonehead,10193576937,2010-03-08,Bonehead move of the year...putting Randy Jones on recall waivers forcing us to eat half his cap hit.,118901229,stupid person; fool,insult,criticism,false,
bonehead,10195337066,2010-03-09,"BTW, that was 'Amen' to Brad's post, not to our state's bonehead new bill.  RT @bfeld: http://bit.ly/awBexY",16513445,stupid person; fool,insult,casual_conversation,false,
bonehead,10199813075,2010-03-09,nice to hear Bonehead is colluding with the insurgents #ratdrop A true patriot,34761747,stupid person; fool,insult,commenting,false,
bonehead,10199881858,2010-03-09,RT @stevekimura: nice to hear Bonehead is colluding with the insurgents #ratdrop A true patriot,20144167,stupid person; fool,insult,casual_conversation,false,
bonehead,10200035696,2010-03-09,"Altrec has the Columbia Boy's Bonehead Short Sleeve Shirt for $19.95, which is 33% off - #hiking - http://tinyurl.com/y9268va",108800768,stupid person; fool,insult,advertising_spam,false,Insult review override: advertising_spam
bonehead,10200328489,2010-03-09,"@XboxSupport just got it today so i am on 8 i think, the one where u have to kill bonehead, i get the car after",77907926,stupid person; fool,insult,gaming,false,Insult review override: gaming
bonehead,10200910588,2010-03-09,"wow bebe is sucha bonehead had me all depressed calling the mall stores asking have they seen my phone , & it was right there on her floor.",81306247,stupid person; fool,insult,commenting,false,
bonehead,10203441394,2010-03-09,Google Buzz - What Happened to Google Wave? | Bonehead SEO http://tinyurl.com/y9lpdkx,64041270,stupid person; fool,insult,article_sharing,false,Insult review override: article_sharing
bonehead,10208236898,2010-03-09,@IAMKILLFACE imma hurt you..good luck tomorrow bonehead,40496933,stupid person; fool,insult,casual_conversation,false,
bonehead,10303917095,2010-03-11,you're such a manipulative bitch. don't try to play it off by acting like a bonehead.,47499048,stupid person; fool,insult,commenting,false,
bonehead,10305050042,2010-03-11,"Watching Pitino yell at Sosa after a bonehead play makes me smile. I mean, the kid can't even wink right....",23449392,stupid person; fool,insult,commenting,false,
bonehead,10305159035,2010-03-11,Playstation Move & Sub-Controller???? Did the same bonehead that named the iPad name this too? #WTF,15275380,stupid person; fool,insult,commenting,false,
bonehead,10305369427,2010-03-11,@cbarghini2 the kid is a bonehead tho he can ball and would have filled a big need for us,23346936,stupid person; fool,insult,casual_conversation,false,
bonehead,10305842418,2010-03-11,RT @nicoatienza: Playstation Move &amp; Sub-Controller???? Did the same bonehead that named the iPad name this too? #WTF,109027399,stupid person; fool,insult,casual_conversation,false,
bonehead,10306544904,2010-03-11,"@MacDivaONA Maybe a better headline, 'Was Lohan Duped Into Bringing a Bonehead Lawsuit Against E-Trade by Crowdsourcing?'",9444512,stupid person; fool,insult,casual_conversation,false,
bonehead,10307281611,2010-03-11,@unxperiencedmom Conan made some serious bank with NBC's bonehead move. It was wrong!,17682305,stupid person; fool,insult,casual_conversation,false,
bonehead,10308686817,2010-03-11,SMH @ my moves in chess..  Im losing my mojo..  I always make ONE crucial bonehead move.,61877813,stupid person; fool,insult,casual_conversation,false,
bonehead,10311475147,2010-03-11,"@tailbones foiled again, bonehead! see you next tuesday (thursday)",14733528,stupid person; fool,insult,casual_conversation,false,
bonehead,10311960437,2010-03-11,I really did some bonehead shit .. Wow,74358056,stupid person; fool,insult,criticism,false,
bonehead,10610743768,2010-03-17,@BONES_BONES Ayyee my fav bonehead,36259331,stupid person; fool,insult,casual_conversation,false,
bonehead,10618338834,2010-03-17,"Don't be an ass, jerk, bastard or bonehead. --Note to Self",41167472,stupid person; fool,insult,commenting,false,
bonehead,10618350293,2010-03-17,"(@MarketerMikeE) Don't be an ass, jerk, bastard or bonehead. --Note to Self",37014535,stupid person; fool,insult,casual_conversation,false,
bonehead,10618524542,2010-03-17,"More grumbling. Had lousy Bonehead's experience last night. Cold Ribs, forgot second meats. BBQ = an overrated trend, done well by v. few.",8956932,stupid person; fool,insult,food_related,false,Insult review override: food_related
bonehead,10619706551,2010-03-17,Bonehead British Trucker Speeds along highway with a car stuck to his bumper [Video]:     [link] [0 comments]  http://fk.cm/5117542,18128070,stupid person; fool,insult,article_sharing,false,Insult review override: article_sharing
bonehead,10619995935,2010-03-17,#nowplaying Naked City-Bonehead,20983111,stupid person; fool,insult,music_discussion,false,Insult review override: music_discussion
bonehead,10621975305,2010-03-17,"Due to this bonehead forgetting to charge his phone, it will be off all day.",88975713,stupid person; fool,insult,commenting,false,
bonehead,10625550695,2010-03-17,"I promised to tell you my latest bonehead move, well, here it is!  http://ping.fm/Yfskm",21273522,stupid person; fool,insult,criticism,false,
bonehead,10626119930,2010-03-17,Nice going Anton. You're lucky you and your son are still alive. Bonehead!!!!,14104823,stupid person; fool,insult,commenting,false,
bonehead,10626616431,2010-03-17,RT @foundrymusic Bonehead British Trucker Speeds along highway with acar stuck to his bumper (vid) http://digg.com/d31Lpfs,8395992,stupid person; fool,insult,casual_conversation,false,
bonehead,10635212840,2010-03-17,A Bunch of Bonehead BBart Bots blocked!,50748606,stupid person; fool,insult,commenting,false,
bonehead,10636429104,2010-03-17,@GeeekGirl I dont know... we must be some kind of Bonehead magnet. November cant come soon enough!,62928539,stupid person; fool,insult,casual_conversation,false,
bonehead,10638385206,2010-03-17,"I have to give myself a, ""C'Mon Man!"" for that bonehead decision.",33124958,stupid person; fool,insult,commenting,false,
bonehead,10640590957,2010-03-17,I want to know who the bonehead that decided to put a metal playground in the desert,44083887,stupid person; fool,insult,commenting,false,
bonehead,10645239551,2010-03-17,@T1theinfamous └(^‿^)┘good clip! Cantor is a schmuck like Boehner T (stands for tan) Bonehead. (i wish i had a thumbs up symbol).,32138043,stupid person; fool,insult,casual_conversation,false,
bonehead,10648524328,2010-03-18,"Hey Idaho have fun with rate increases, dropped coverage and pre-existing conditions when your state opts out of #hcr. Bonehead's happy",19512819,stupid person; fool,insult,commenting,false,
bonehead,10650192198,2010-03-18,@SoccerByIves bonehead play by Lenhart - maybe he just wanted to get a headstart on the strike (coincidentally also boneheaded),36161982,stupid person; fool,insult,casual_conversation,false,
bonehead,10651195078,2010-03-18,"""THE PRES. DOESN'T HAVE TO SHOW ME HOW TO ARGUE WITH IDIOT REPUBS. BY GOING ON FOX NEWS CORPS AND ARGUE WITH A ""BONEHEAD""!! IT BELITTLES HIM",17576077,stupid person; fool,insult,commenting,false,
bonehead,10654207274,2010-03-18,Bonehead Boehner whips the finger at Tea Partiers and the rest of us taxpaying Americans....says to American Bankers Association “Don’t -Con,35606154,stupid person; fool,insult,commenting,false,
bonehead,10706235145,2010-03-19,Unreal. Prince misses 2 free throws and they get a 3 out of it. Of course Vols make bonehead play and foul the guy shooting a 3 while up 4.,78404274,stupid person; fool,insult,commenting,false,
bonehead,10706245127,2010-03-19,"what a bonehead play, ouch.",24238344,stupid person; fool,insult,commenting,false,
bonehead,10706257337,2010-03-19,Wow Wake Forest with a bonehead sideline travel...come on Texas.,80749456,stupid person; fool,insult,commenting,false,
bonehead,10706300928,2010-03-19,"Jeez, monumental bonehead mistake by Wake's Williams. Chris Weber-esque. Btw, best opening tourney day in last 5 years?",36755226,stupid person; fool,insult,commenting,false,
bonehead,10706325921,2010-03-19,What bonehead plays by Wake and Tennessee... do they overcome them?,16536361,stupid person; fool,insult,commenting,false,
bonehead,10706399301,2010-03-19,Vols hanging on by thread...but bonehead play made these last secs interesting...,15294501,stupid person; fool,insult,commenting,false,
bonehead,10707044443,2010-03-19,Texas bonehead play deserve to lose at the end! #Longhorns #NCAA,100358185,stupid person; fool,insult,commenting,false,
bonehead,10708562442,2010-03-19,"@AGoldBuzz LD makes a lot of bonehead, freshman type plays for a senior. Coach em up. Nice block though- thanks Ish.",115065728,stupid person; fool,insult,casual_conversation,false,
bonehead,10719006492,2010-03-19,@cspanwj Is Bonehead really alive?  Think that's a spray tan?,43102840,stupid person; fool,insult,casual_conversation,false,
bonehead,10721891803,2010-03-19,@fiv3fo u posed 2 been up bonehead,23616176,stupid person; fool,insult,casual_conversation,false,
bonehead,11961159984,2010-04-10,Bonehead play by Lee,22581822,stupid person; fool,insult,commenting,false,
bonehead,11961431397,2010-04-10,Bonehead pleks!,32750619,stupid person; fool,insult,commenting,false,
bonehead,11961592885,2010-04-10,And Bouna is somehow outdone for bonehead play of the week by a goalkeeper. #mls,18382803,stupid person; fool,insult,commenting,false,
bonehead,11967666077,2010-04-11,I wonder what my bonehead is doin,83958640,stupid person; fool,insult,commenting,false,
bonehead,11968611466,2010-04-11,Bonehead Pirates Shoot at US Navy warship & Probably Regret It Now http://huff.to/91gB0O rt @Huffpost,64931862,stupid person; fool,insult,casual_conversation,false,
bonehead,11968678167,2010-04-11,@soulonice6 we were also disciplined & didn't make many mistakes. there were a few bonehead plays though.,25290145,stupid person; fool,insult,casual_conversation,false,
bonehead,11972156222,2010-04-11,@Dogfatherfrank I did that with a turkey on thanksgiving once.  Realized after an hour or so the oven wasn't on.  Felt like a total bonehead,20268057,stupid person; fool,insult,casual_conversation,false,
bonehead,11980939287,2010-04-11,"Ha, ha, I have just been called a ""blistering bonehead"" by @MeanYob ,that has made my day! I better be careful not to wake Jo up laughing :D",55188354,stupid person; fool,insult,casual_conversation,false,
bonehead,11981968766,2010-04-11,NEW SONG I LOVE IT FT JAY JUNGLE & BONEHEAD,77931057,stupid person; fool,insult,music_discussion,false,Insult review override: music_discussion
bonehead,11987092217,2010-04-11,"Naim just called Ejaz a ""bonehead"" #kidssaythedarnestthings",32799494,stupid person; fool,insult,commenting,false,
bonehead,14423757485,2010-05-21,"Love potion: Graffiti, MySpace: By Jared Fields What should be a regular teenage breakup led to bonehead measures ... http://bit.ly/98d91C",91088720,stupid person; fool,insult,commenting,false,
bonehead,14423757752,2010-05-21,"Love potion: Graffiti, MySpace: By Jared Fields What should be a regular teenage breakup led to bonehead measures ... http://bit.ly/bfUUWp",75726833,stupid person; fool,insult,commenting,false,
bonehead,14423757975,2010-05-21,"Love potion: Graffiti, MySpace: By Jared Fields What should be a regular teenage breakup led to bonehead measures ... http://bit.ly/dpoPar",121020885,stupid person; fool,insult,commenting,false,
bonehead,14423758160,2010-05-21,"Love potion: Graffiti, MySpace: By Jared Fields What should be a regular teenage breakup led to bonehead measures ... http://bit.ly/bKXfYQ",89968047,stupid person; fool,insult,commenting,false,
bonehead,14423758187,2010-05-21,"Love potion: Graffiti, MySpace: By Jared Fields What should be a regular teenage breakup led to bonehead measures ... http://bit.ly/b2jURT",99790204,stupid person; fool,insult,commenting,false,
bonehead,14423758258,2010-05-21,"Love potion: Graffiti, MySpace: By Jared Fields What should be a regular teenage breakup led to bonehead measures ... http://bit.ly/95ISy0",100045342,stupid person; fool,insult,commenting,false,
bonehead,14424854811,2010-05-21,@brandon_thomas Leon Lett on Thanksgiving. Number one bonehead play of all tome!,86526332,stupid person; fool,insult,casual_conversation,false,
bonehead,14429853414,2010-05-21,Marcus Thames Bonehead Injury http://bit.ly/aSC08Z,113390039,stupid person; fool,insult,commenting,false,
bonehead,18473835926,2010-07-13,"Whoopi Says Gibson’s a Bonehead, Not a Racist http://sns.ly/ZAD42",160625022,stupid person; fool,insult,celebrity_gossip,false,
bonehead,18474319148,2010-07-13,RT @very_handsome: @MsWhytness that's because we have a new email address you bonehead...lol...u gotta go to (cont) http://tl.gd/2g9vb4,58498125,stupid person; fool,insult,casual_conversation,false,
bonehead,18474922930,2010-07-13,"I don't know about you but I always thought ""bonehead"" meant something else.  http://youtu.be/8ccAPIEfAIU",15856174,stupid person; fool,insult,commenting,false,
bonehead,18476260641,2010-07-13,"Maria Elena Fernandez: I don't know about you but I always thought ""bonehead"" meant something else.... http://bit.ly/dkqyiK -twittorati.com",70589510,stupid person; fool,insult,commenting,false,
bonehead,18476620834,2010-07-14,"CNNshowbiz: Whoopi: Gibson's a bonehead, not a racist http://on.cnn.com/d9u0tj",90815976,stupid person; fool,insult,celebrity_gossip,false,Insult review override: celebrity_gossip
bonehead,18476644548,2010-07-14,"Whoopi Says Gibson’s a Bonehead, Not a Racist http://bit.ly/9bVFhK Celebrities.alltop",68336561,stupid person; fool,insult,celebrity_gossip,false,
bonehead,18476821820,2010-07-14,"You fool, Mel Gibson wasn't being racist. Just a .... bonehead? Really, Whoopi? http://miamiherald.typepad.com/changing_channels/",16207516,stupid person; fool,insult,celebrity_gossip,false,
bonehead,18482475631,2010-07-14,whoopi referred to mel as a bonehead on the view. she's such a racist. [sarcasm],27333703,stupid person; fool,insult,commenting,false,
bonehead,18483675226,2010-07-14,"@Aye_mikey ""I don't like what he did here. But I know Mel, and I know he's not a racist. He may be a bonehead,""",21808374,stupid person; fool,insult,casual_conversation,false,
bonehead,18483836571,2010-07-14,"Whoopi Goldberg: My friend Mel Gibson is a 'bonehead,' not a racist: submitted by  ZachRB87  [link] [1 comment]  http://if10.net/0fd",35023075,stupid person; fool,insult,celebrity_gossip,false,
bonehead,18981775214,2010-07-20,Columbia Sportswear Gingham Bonehead Shirt http://bit.ly/9GMfTm,81254176,stupid person; fool,insult,advertising_spam,false,Insult review override: advertising_spam
bonehead,18982384783,2010-07-20,"Jimmy, you are a bonehead. No cheese? No sauce? #nomeal",22703536,stupid person; fool,insult,commenting,false,
bonehead,18983647395,2010-07-20,Like wtf I feel a cold nose a lil runny I get sick like every blue monn dis some bonehead shit,133146673,stupid person; fool,insult,criticism,false,
bonehead,18984707142,2010-07-20,Bonehead Word of the Week: Band Camp (n): An overall pretty awesome time. 49 days and counting!,77915769,stupid person; fool,insult,commenting,false,
bonehead,18991690456,2010-07-20,Michele Bachmann: Bonehead of the Day http://ow.ly/2dTsB,19191549,stupid person; fool,insult,article_sharing,false,
bonehead,18993377504,2010-07-20,Bonehead Of The Day http://ow.ly/18dbOs,19191549,stupid person; fool,insult,article_sharing,false,
bonehead,18996683883,2010-07-20,"Id like to thank my neighbor who informed me that I had no brake fluid & they would definitely malfunction. My brake fluid is fine, bonehead",154379899,stupid person; fool,insult,commenting,false,
bonehead,18997236280,2010-07-20,To the bonehead in the car in front of me this morning.... there's no cross-traffic on the expressway.... GO,137926176,stupid person; fool,insult,commenting,false,
bonehead,19001517408,2010-07-20,Cable dudes here now & are cussy cussingtons cuz bonehead who lived here b4 never had it wired when doing renovations.,26405398,stupid person; fool,insult,commenting,false,
bonehead,19001676634,2010-07-20,"@beautynubian Yes, unfortunately bonehead people STILL try to use Culture of Poverty stealthily and not so stealthily in reasearch & policy",18003520,stupid person; fool,insult,casual_conversation,false,
bonehead,21067358815,2010-08-13,#FF @ccarmichael who has been kind enough to answer some of my bonehead questions this week,33781299,stupid person; fool,insult,casual_conversation,false,
bonehead,21069265758,2010-08-13,"Pulled a bonehead move this morning and locked my keys in my trunk at the golf course... after shooting +22. Great start, haha.",69610627,stupid person; fool,insult,criticism,false,
bonehead,21077233661,2010-08-13,"John Bonehead, I mean Boehiner is  a true Fascist. He does Hitler proud.",14813348,stupid person; fool,insult,commenting,false,
bonehead,21077678526,2010-08-13,"@susynandfolsom Yup. Check in the mail, but what a bonehead:)",24491770,stupid person; fool,insult,casual_conversation,false,
bonehead,21079277908,2010-08-13,SUPPORT OASIS GUITARIST 'BONEHEAD' NEXT SATURDAY (21st AUGUST) http://fb.me/zT0x9zlh,37893837,stupid person; fool,insult,music_discussion,false,Insult review override: music_discussion
bonehead,21080078158,2010-08-13,"a new term on Twitter: BIGOT SAVANT... you heard it here first! The DR. OF PATRONOMICS is in, and if you're a bonehead, YOU'RE NOT SAFE!)",36298084,stupid person; fool,insult,commenting,false,
bonehead,21080495579,2010-08-13,"Punch KO's Bonehead, Big-Screen TV [VIDEO] http://bit.ly/bnB9P9",167691123,stupid person; fool,insult,commenting,false,
bonehead,21081680774,2010-08-13,"@RealSkipBayless Did you even see the INT, Bonehead!?!  Reciever slipped or pass would have been caught. Bad decision!?Trying watching first",37004499,stupid person; fool,insult,casual_conversation,false,
bonehead,21081854739,2010-08-13,You know you're gonna get one of these... the new BoneHead Outfitters Camo Blazed cap. Please remember to click... http://fb.me/voidLQv3,80095513,stupid person; fool,insult,advertising_spam,false,Insult review override: advertising_spam
bonehead,21083903777,2010-08-13,Bonehead Of The Day http://t.co/KGsxKmP // The left likes to manufacture their got’chas and whine like pussies,21756579,stupid person; fool,insult,article_sharing,false,
bonehead,21945282988,2010-08-23,"If insanity and stupid have the same definition, I must be a complete bonehead for having a job and not owning a business! I'm fixin' it!",137271120,stupid person; fool,insult,commenting,false,
bonehead,21948986916,2010-08-23,100 mph crash caught on tape. Somehow the bonehead lived: http://bit.ly/d0e7qJ,22984551,stupid person; fool,insult,commenting,false,
bonehead,21950754769,2010-08-23,UPDATE: Bonehead Of The Day http://nblo.gs/78ki6,19191549,stupid person; fool,insult,article_sharing,false,
bonehead,21951265905,2010-08-23,I favorited a YouTube video -- Bonehead's Bank Holiday http://youtu.be/DXdZ_jGUgJo?a,115940221,stupid person; fool,insult,music_discussion,false,Insult review override: music_discussion
bonehead,21952072356,2010-08-23,Aaahhhhh just locked my Alicias in the car #namegame #bonehead #AAA,110611196,stupid person; fool,insult,commenting,false,
bonehead,21954076188,2010-08-23,"total bonehead move, missed my sons hs registration today, oops! of course the time typo on the form they sent out didn't help. :p",166884248,stupid person; fool,insult,criticism,false,
bonehead,21956845698,2010-08-24,"Has @bondles9 changed his user ID? What a bonehead. No phone, and I can't remember his UserId. If anyone knows where he is, let me know.",22703536,stupid person; fool,insult,casual_conversation,false,
bonehead,21957644210,2010-08-24,"@TagAlongTess Nope, cos he sits next to me. What's his new userID? #BoneHead",22703536,stupid person; fool,insult,casual_conversation,false,
bonehead,21957767609,2010-08-24,@BBGossip was a bonehead move. Sympathy gets you nowhere when $500k is involved on a reality tv show where America doesn't vote for winner,77206661,stupid person; fool,insult,casual_conversation,false,
bonehead,21958468349,2010-08-24,#Local_News Fenty’s an arrogant ‘bonehead’ in this wise woman’s book http://bit.ly/9gHJ10 #Washington_DC,137130143,stupid person; fool,insult,commenting,false,
bonehead,23130426881,2010-09-06,@Muggy_Bonehead North terminal. Outside NEXT. Come along,38676903,stupid person; fool,insult,casual_conversation,false,Insult review override: casual_conversation
bonehead,23135971211,2010-09-06,@Lins_P @ManivoneP on holiday one year I made a thick comment. Jack called me Bonehead and it stuck!,12632452,stupid person; fool,insult,casual_conversation,false,
bonehead,23144539227,2010-09-06,Bonehead comment of the week comes from Dan Hampton of Chicago Sports Radio when talking about Thursday's match-up... http://fb.me/FyBIy7WU,109700519,stupid person; fool,insult,commenting,false,
bonehead,23145651781,2010-09-06,@thediva Ick... it's scary when you think the bonehead has nothing better to do... yuck.,62647841,stupid person; fool,insult,casual_conversation,false,
bonehead,23146731748,2010-09-06,So Leinart gets cut from the Cardinals and will be on Houston as the no.3.Should of behaved himself.Bonehead,36897335,stupid person; fool,insult,commenting,false,
bonehead,23147248278,2010-09-06,"@TheComeOut you feel me dithson ncaa been getting cats that""s officially not a funny joke bonehead move on @NixonJoseph",35616454,stupid person; fool,insult,casual_conversation,false,
bonehead,23149696281,2010-09-06,"@theamberness Meh, you and me both. I'm the bonehead who saw ""3 episodes"" and assumed 3 more weeks.",26639434,stupid person; fool,insult,casual_conversation,false,
bonehead,23152955147,2010-09-06,And this is today's bonehead of the day ... http://tinyurl.com/28rtazg,22548791,stupid person; fool,insult,article_sharing,false,
bonehead,23158680435,2010-09-06,my mom just said she dont like me & ima bonehead. im weak as hellll lol,109376418,stupid person; fool,insult,commenting,false,
bonehead,23159520044,2010-09-06,Note to self: playing #okdoggy-in-the-middle with Alex and Jazz = severe head pain. Bonehead dog + Tefi nose don't mix! Ouch....,50346256,stupid person; fool,insult,commenting,false,
bonehead,26145823824,2010-10-02,RT @dsthomas11: Mel Gibsons a bonehead....really  #swgather http://www.gather.com/viewArticle.action?articleId=281474978565305,178119931,stupid person; fool,insult,celebrity_gossip,false,
bonehead,26149745638,2010-10-02,"Uh oh, the giants just began playing hells bells as heath bell started warming up. What a bonehead decision by the giants stadium people",35064184,stupid person; fool,insult,commenting,false,
bonehead,26149883777,2010-10-02,@politicsoffear Something like that. He makes great plays but also makes bonehead decisions. Turnover machine vs. FIU & at OSU.,45947728,stupid person; fool,insult,casual_conversation,false,
bonehead,26150043796,2010-10-02,"Guess Freddy Sanchez of the Giants didn't realize his team was losing by 2 runs. Bonehead base running, doubled up in 9th. Padres might win.",64227374,stupid person; fool,insult,commenting,false,
bonehead,26150080033,2010-10-02,"@keithlaw Can't get ""#posey'd"" when your leadoff walk turns into a bonehead DP.",42321370,stupid person; fool,insult,casual_conversation,false,
bonehead,26151407450,2010-10-02,#eyeball pain is gone. Looks meaner in RL. I still feel like a bonehead.  http://yfrog.com/0adq8j,35937434,stupid person; fool,insult,commenting,false,
bonehead,26152112269,2010-10-02,"What a bonehead! @dbmoore:  Ellison on #HP CEO Choice: I’m Speechless http://dlvr.it/6K9wN""",17719090,stupid person; fool,insult,casual_conversation,false,
bonehead,26158063370,2010-10-02,WHOOPI GOLDBERG: 'MEL GIBSON HAS BEEN A BONEHEAD' http://bit.ly/9Jlo7U,42436139,stupid person; fool,insult,celebrity_gossip,false,
bonehead,26165197959,2010-10-02,"Congratulations. ""Morning Glory"" is great Rock'n Roll album!! This is HISTORY!! Noel, Liam, Bonehead, Guigsy and Alan 4 ever. #WTSMG15",89514345,stupid person; fool,insult,commenting,false,
bonehead,26813801698,2010-10-09,Oasis - Bonehead's Bank Holiday*,140945065,stupid person; fool,insult,music_discussion,false,
bonehead,26814482550,2010-10-09,Dick Stockton either phonetically saying the acronym for Earned Run Average... OR just a dialect bonehead who can't pronounce ERROR.,18546131,stupid person; fool,insult,commenting,false,
bonehead,26817539415,2010-10-09,"2 top scoring bonehead freshman went pro!?! Pro = AHL Idiots RT @rpiathletics Men's Hockey Falls in Season Opener, 2-1 http://bit.ly/aBCCUg",12095402,stupid person; fool,insult,casual_conversation,false,
bonehead,26820622292,2010-10-09,Fun night @CuppiesandJoe with @KoriAdcock & @ADReid4 #bonehead! http://yfrog.com/419c2nj,20872157,stupid person; fool,insult,casual_conversation,false,
bonehead,26820693507,2010-10-09,RT @GabeLenners: Fun night @CuppiesandJoe with @KoriAdcock & @ADReid4 #bonehead! http://yfrog.com/419c2nj,73321562,stupid person; fool,insult,casual_conversation,false,
bonehead,26827336836,2010-10-09,@S3xy_Ari3s_03 lol always my bonehead,20791477,stupid person; fool,insult,casual_conversation,false,
bonehead,26836187315,2010-10-09,@BMR789 Haha of course. A bonehead error from me there.,45061391,stupid person; fool,insult,casual_conversation,false,
bonehead,26838990369,2010-10-09,Skinhead not bonehead :),175827906,stupid person; fool,insult,commenting,false,
bonehead,26842790920,2010-10-09,$29.99 for 10 Admission Tickets (+Bonus) at Bonehead Paintball http://bit.ly/9plbqn,108533008,stupid person; fool,insult,advertising_spam,false,Insult review override: advertising_spam
bonehead,26845246928,2010-10-09,"@MisterRedlegs #Reds left runs on the bases, made some bonehead plays & experienced some bad luck. Gotta fight thru that in playoffs.",29476405,stupid person; fool,insult,casual_conversation,false,
bonehead,5030910562930688,2010-11-17,"@CBSNewsHotSheet Yes, And I Can Bring Fire From The Sky,LOL! He May Be A One Term Prez, But He Won't Lose To Bonehead Palin!",66304843,stupid person; fool,insult,casual_conversation,false,
bonehead,5031703198306304,2010-11-17,RT @Retro_Reggie23: #TonyParker #slapyourself---My name is #TonyParker and i am a #bonehead,33831450,stupid person; fool,insult,casual_conversation,false,
bonehead,5032354821177344,2010-11-17,Dick in ya mouth- don't be a bonehead,66481818,stupid person; fool,insult,commenting,false,
bonehead,5040407377354752,2010-11-17,Bonehead!,6816372,stupid person; fool,insult,commenting,false,
bonehead,5040914435145728,2010-11-17,@Drifter0658 What a Bonehead!! You Forgot ME!!!! I am too sexy for my Pink Booties!!! You want them!!,37776847,stupid person; fool,insult,casual_conversation,false,
bonehead,5041118177660928,2010-11-17,RT @NanaMary05: @Drifter0658 What a Bonehead!! You Forgot ME!!!! I am too sexy for my Pink Booties!!! &lt;&lt;I'd never forget you!!,16939729,stupid person; fool,insult,casual_conversation,false,
bonehead,5042101788090368,2010-11-17,@yaboibeez lol boi stop it is yu like it tewh cuz yu b all over me hehe but wateva bonehead,192438371,stupid person; fool,insult,casual_conversation,false,
bonehead,5048240512704512,2010-11-18,A Bonehead Play Keeps Indiana From Getting A Clean Look To Tie The Game http://ffd.me/aA8Kpv #rockets,72884506,stupid person; fool,insult,commenting,false,
bonehead,5048242450468864,2010-11-18,A Bonehead Play Keeps Indiana From Getting A Clean Look To Tie The Game http://ffd.me/aA8Kpv #pacers,72922494,stupid person; fool,insult,commenting,false,
bonehead,5070372495949824,2010-11-18,@MattAnderson my bonehead move today was shutting down a remote server instead of restarting-luckily  remote=the other side of the office,2562661,stupid person; fool,insult,casual_conversation,false,
crock,7435701432,2010-01-06,"Here we go again - after promising to help, China again rejects UN sanctions against Iran http://bit.ly/8Y1BAe  What a crock!",14627581,nonsense; rubbish; bullshit,insult,article_sharing,false,
crock,7435873148,2010-01-06,crock pot recipes applesauce: http://cookinginseason.com/healthy-recipes/crock-pot-recipes-applesauce/,83454134,nonsense; rubbish; bullshit,insult,food_related,false,
crock,7436183186,2010-01-06,Going to go read Tricks.  Then get SOME sleep.  I have to be up around 8ishAM to set dinner up in the crock pot and then head to my moms.,35920368,nonsense; rubbish; bullshit,insult,food_related,false,
crock,7437570754,2010-01-06,JARDEN 5025-WG IS $17.26 AT WWW.HOUSEWAREPLAZA.COM #FB HTTP://WWW.HOUSEWAREPLAZA.COM/CROCK-POT5025-WG25-QUARTSLOWCOOKER.ASPX,54839021,nonsense; rubbish; bullshit,insult,advertising_spam,false,
crock,7437671067,2010-01-06,"The movie ""Paranormal Activity"" was such a crock of poo poo, can I please have those 90 mins back of my life - why the good reviews? why why",26446631,nonsense; rubbish; bullshit,insult,criticism,false,
crock,7437850301,2010-01-06,@dianedenmark check the #flylady forums there was a lady in #flylady chat from denmark asking about slow cookers/crock pots.,17038144,nonsense; rubbish; bullshit,insult,food_related,false,
crock,7438186278,2010-01-06,CROCK POT WEDNESDAY and Paula’s Potato Soup with Shrimp: http://bit.ly/7g05zo via @addthis  Come join me for Crock Pot Wednesday.,57135304,nonsense; rubbish; bullshit,insult,food_related,false,
crock,7438763303,2010-01-06,"One Pot Chicken Cordon Bleu in the Crock Pot: 
Happy One Pot Wednesday!
The Crock Pot Moms are raving about this e... http://bit.ly/56RLXx",47068395,nonsense; rubbish; bullshit,insult,food_related,false,
crock,7439475311,2010-01-06,@MrKinetik I am thinking about crock pot chili myself  sadly I have to work over night at st vincent tonight :o(,22467387,nonsense; rubbish; bullshit,insult,food_related,false,
crock,7439707501,2010-01-06,I am thinking about crock pot chili myself  sadly I have to work over night at st vincent tonight :o(,68336968,nonsense; rubbish; bullshit,insult,food_related,false,
crock,7819322598,2010-01-16,RT @denverfoodguy: Crock Pot Beef Roast Recipe http://is.gd/4B9AI,19019329,nonsense; rubbish; bullshit,insult,food_related,false,
crock,7819606050,2010-01-16,There's a drought at bar volo. No triple crock for the second time in a row and our waiter went to Tamarak.,20417056,nonsense; rubbish; bullshit,insult,commenting,false,
crock,7819651460,2010-01-16,RT @whatsamatta_u: RT @Tymlee: RT @42bkdodgr  doggy bag?//@whatsamatta_u: piranha sack//@Tymlee: locust lunchbox//shou chow//croc crock,24247270,nonsense; rubbish; bullshit,insult,casual_conversation,false,
crock,7819727183,2010-01-16,Crock Pot Turkey recipes..... Easier than baking in an oven. Juicier too! http://bit.ly/693ZQe,20889922,nonsense; rubbish; bullshit,insult,food_related,false,
crock,7820440597,2010-01-16,Free Hearty Crock Pot Recipes (WW).  Crock pot cooking is sooo good and easy..try out some new recipes.....http://bit.ly/4GxWIW,74897849,nonsense; rubbish; bullshit,insult,food_related,false,
crock,7820549102,2010-01-16,"Oh, and for the record, since when to I have to get a bus to Theale in order to get a train to Reading?! What a crock of shit!",12369812,nonsense; rubbish; bullshit,insult,criticism,false,
crock,7820766150,2010-01-16,Save $0.50 on any  Country Crock® Product: More... http://www.yourgoodbuygirl.com/showthread.php?t=37827,67893358,nonsense; rubbish; bullshit,insult,food_related,false,
crock,7821338418,2010-01-16,Beer Cheese Soup in a Crock Pot http://short.to/uygl,21658412,nonsense; rubbish; bullshit,insult,food_related,false,
crock,7822122403,2010-01-16,@retrojs10 lmao @ crock pot. lets go,24000375,nonsense; rubbish; bullshit,insult,food_related,false,
crock,7822205525,2010-01-16,@trojanargus Usual crock of politicians looking for a photo opp &amp; screw the rest.,69310274,nonsense; rubbish; bullshit,insult,casual_conversation,false,
crock,7918350393,2010-01-18,Also loading up the crock pot with this for tomorrow night. Just going to turn it on in the morning.http://www.italianbeef.com/recipes/1.php,36784912,nonsense; rubbish; bullshit,insult,food_related,false,
crock,7918557117,2010-01-18,Hormel To Buy Country Crock Side-Dish Business From Unilever http://cli.gs/pLQS5 #LinkTweet,28869968,nonsense; rubbish; bullshit,insult,food_related,false,
crock,7918670469,2010-01-18,"Wow, just spent 2 hours fighting with Dell for selling me a ""blue-tooth ready PC"" without the bluetooth hardware installed... What a crock.",40892845,nonsense; rubbish; bullshit,insult,criticism,false,
crock,7918683477,2010-01-18,NEW Slow Cooker/Crock Pot 1.5Q White (Maumelle) $11 http://ff.im/etWQ3,27191974,nonsense; rubbish; bullshit,insult,food_related,false,
crock,7918867364,2010-01-18,Hormel To Buy Country Crock Side-Dish Business From Unilever - Wall Street Journal http://bit.ly/7wXeQq,83552794,nonsense; rubbish; bullshit,insult,food_related,false,
crock,7918874833,2010-01-18,Hormel To Buy Country Crock Side-Dish Business From Unilever - Wall Street Journal http://bit.ly/4Foj0n,83556710,nonsense; rubbish; bullshit,insult,food_related,false,
crock,7919027661,2010-01-18,"Hormel To Buy Country Crock Side-Dish Business From Unilever - Wall Street Journal:  
*Hormel To ... http://bit.ly/8t8qLU Stock Market Cats",37623813,nonsense; rubbish; bullshit,insult,food_related,false,
crock,7919044410,2010-01-18,@isaacrs I'm having a lemon and herb stuffed chicken that's cooking in the crock pot with potatoes.,13902192,nonsense; rubbish; bullshit,insult,food_related,false,
crock,7919215961,2010-01-18,"4 lb turkey, packet of french onion soup, stick of butter and a bottle of Bell's beer in the crock pot. Being home while it cooks is torture",14939641,nonsense; rubbish; bullshit,insult,food_related,false,
crock,7919266285,2010-01-18,"Juicing romaine, beet, & ginger to undo the amount of fun I had last night. But also making beef & kielbasa stew in the crock pot.",14434881,nonsense; rubbish; bullshit,insult,food_related,false,
crock,8180600802,2010-01-25,Reika the japanese girl uchi Deshi at the dojo just served me some of her crock pot soup - Mmmmmmmmmmmm !!!,14199931,nonsense; rubbish; bullshit,insult,food_related,false,
crock,8180928161,2010-01-25,"Tough Love is a crock! Lmao all these chicks opening up, changing their ways & the dudes are frauds!",15726459,nonsense; rubbish; bullshit,insult,commenting,false,
crock,8181210779,2010-01-25,Baking Desserts in Your Crock Pot: Did you know that you can bake delicious desserts using your crock pot? These d... http://bit.ly/6UhuRs,82460664,nonsense; rubbish; bullshit,insult,food_related,false,
crock,8181213383,2010-01-25,Delicious beef brisket tacos with pickled red onions - hooray for my (second hand from Mommy) crock pot!,9544072,nonsense; rubbish; bullshit,insult,food_related,false,
crock,8181563553,2010-01-25,FoodGizmo.com - Trio Crock Pot Slow Cooker Giveaway http://www.xomba.com/foodgizmocom_trio_crock_pot_slow_cooker_giveaway,103151369,nonsense; rubbish; bullshit,insult,food_related,false,
crock,8182451497,2010-01-25,""" Distance is just a test to see how far love can travel. ..damn, what a crock.",34380777,nonsense; rubbish; bullshit,insult,criticism,false,
crock,8183439633,2010-01-25,"@raz_ambat thanks thanks!!! ""jsin""... such a crock of sh*t!!! x ;)",27777578,nonsense; rubbish; bullshit,insult,casual_conversation,false,
crock,8183737783,2010-01-25,"@JustBlameChay I have a sleeping problem, so I always forget I was sleep lmfao & wassup with ya momz crock pot top sheeesh lol!",95336411,nonsense; rubbish; bullshit,insult,food_related,false,
crock,8184243616,2010-01-25,LOW AND SLOW... like a crock pot!,16732382,nonsense; rubbish; bullshit,insult,food_related,false,
crock,8184645500,2010-01-25,Save $0.50 on any  Country Crock® Product: More... http://www.yourgoodbuygirl.com/showthread.php?t=39519,67893358,nonsense; rubbish; bullshit,insult,food_related,false,
crock,8797810269,2010-02-08,"@trinatan21crock.. Seriously.. What a crock.. The annoyance factor of it all trina.. ""Annoyance factor"" sounds like something nini would say",26612582,nonsense; rubbish; bullshit,insult,criticism,false,
crock,8797824850,2010-02-08,@nkemp04 I have a cheapo crock pot but if I had excess money that I wouldn't spend anywhere else I'd get the all clad one its awesome,19848993,nonsense; rubbish; bullshit,insult,food_related,false,
crock,8798194325,2010-02-08,Awww man I cnt wait til my new phone come. I cnt even txt while I'm on da phone. Ughhh...wat a CROCK!!  O_0,23861243,nonsense; rubbish; bullshit,insult,commenting,false,
crock,8798332542,2010-02-08,"@ADevilForMe666 -puts head in crock of your neck, inhaling and just laying there-",109175331,nonsense; rubbish; bullshit,insult,casual_conversation,false,
crock,8798618081,2010-02-08,http://bit.ly/cerYC3 ;O I Heart My Chaotic Life: My Best Crock Pot Recipes cup vegetable oil,107660520,nonsense; rubbish; bullshit,insult,food_related,false,
crock,8798618751,2010-02-08,Pushing Past the Pounds: Crock Pot Recipes chicken enchiladas  http://bit.ly/a3gYA1,107660737,nonsense; rubbish; bullshit,insult,food_related,false,
crock,8798622114,2010-02-08,http://bit.ly/bTOwHZ adults :) Crock Pot Cooking For  Kids,107660737,nonsense; rubbish; bullshit,insult,food_related,false,
crock,8799006529,2010-02-08,nevris: bbq pork roast crock pot http://nxy.in/52cbc bit.ly/4SSbf3,46268298,nonsense; rubbish; bullshit,insult,food_related,false,
crock,8799048315,2010-02-08,And now it aint shit on this is a crock of shit,23349041,nonsense; rubbish; bullshit,insult,criticism,false,
crock,8799536736,2010-02-08,Win a Rival 5 Qt. Programmable Crock Pot @CSNStores @eyzofblu63 :: http://bit.ly/aRRzJ7,17779045,nonsense; rubbish; bullshit,insult,food_related,false,
crock,8951415509,2010-02-11,Recipe Software | PC Rescue Computers: It has over 6000 Slow Cooking Recipes and Crock Pot Recipes. In addition to... http://bit.ly/c4F5Vn,55630913,nonsense; rubbish; bullshit,insult,food_related,false,
crock,8951426422,2010-02-11,New friend Nora at the boiler room in eureka. Old war injury - broken finger from droppping the boyfriend. Crock thinks otherwise!!,93256126,nonsense; rubbish; bullshit,insult,commenting,false,
crock,8951437529,2010-02-11,"RT @WWFUS: Climate Denial Crock of the Week: ""It's cold. So there's no #Climate_Change"" http://bit.ly/9K0yih Haha! I know those idiots! #FB",63090675,nonsense; rubbish; bullshit,insult,article_sharing,false,
crock,8951695433,2010-02-11,"What a crock of shite, not happy",76285955,nonsense; rubbish; bullshit,insult,criticism,false,
crock,8951907324,2010-02-11,Crock Pot Pear Buckle http://bit.ly/aGADdq,15157862,nonsense; rubbish; bullshit,insult,food_related,false,
crock,8952064573,2010-02-11,@AlexisShavon Crock of crap!!!! He's MINE!! Haha,29413609,nonsense; rubbish; bullshit,insult,casual_conversation,false,
crock,8952230632,2010-02-11,Hahahahaha RT @BrittBlogette: @brennanspillman I want u to come here. I need u to rub butter on my feet. Please. I have country crock.,21060768,nonsense; rubbish; bullshit,insult,food_related,false,
crock,8952311853,2010-02-11,#realtalk the whole bond between mother daughter is an effin crock -- im going to go to jail for murder i swear,95522183,nonsense; rubbish; bullshit,insult,commenting,false,
crock,8952550169,2010-02-11,I need an easy vegetarian chili crock pot recipe!? http://digg.com/u1L5MR,99662553,nonsense; rubbish; bullshit,insult,food_related,false,
crock,8952666371,2010-02-11,Taco soup is crock potting...and I am going to bed! Gotta wake up and get my chicks to school!!,15188785,nonsense; rubbish; bullshit,insult,food_related,false,
crock,8986346750,2010-02-12,"... though his invention worked superbly -- his theory was a crock of sewage
from beginning to end.
		-- Vernor Vinge, ""The Peace War""",47366442,nonsense; rubbish; bullshit,insult,commenting,false,
crock,8986347768,2010-02-12,I recently bought a 10 gal. crock with handles and a indian head on the side. I don't know its value.  I think I may keep it for myself.,41897248,nonsense; rubbish; bullshit,insult,commenting,false,
crock,8986577129,2010-02-12,i'm thinking this is perfect crock pot weather.,9893032,nonsense; rubbish; bullshit,insult,food_related,false,
crock,8986649336,2010-02-12,"Joanies crock pot chilli was yum, but would have been better if shared!",107874722,nonsense; rubbish; bullshit,insult,food_related,false,
crock,8986754297,2010-02-12,@kristigustafson you don't strike me as the crock pot type...,49119268,nonsense; rubbish; bullshit,insult,food_related,false,
crock,8986764502,2010-02-12,"What a crock: Atlanta changes ""yellow line"" to ""gold line"" after asian league complain: http://cli.gs/hBYed #majority #tcot",19479061,nonsense; rubbish; bullshit,insult,article_sharing,false,
crock,8986922767,2010-02-12,@Superstaryanni Makeing Beef pot roast in the CRock pot;))) mmmmmmm check me out!!!! http://twitpic.com/12okex &lt;---Looks good girl!,27374259,nonsense; rubbish; bullshit,insult,food_related,false,
crock,8986924792,2010-02-12,"RT @razshafer: What a crock: Atlanta changes ""yellow line"" to ""gold line"" after asian league complain: http://cli.gs/hBYed #majority #tcot",15726663,nonsense; rubbish; bullshit,insult,article_sharing,false,
crock,8986950674,2010-02-12,"@hodea24 i got into it recently. it's easy, healthy and cheap --all things that attract me to the crock :) (not to be confused with ""crack"")",19049066,nonsense; rubbish; bullshit,insult,casual_conversation,false,
crock,8987039329,2010-02-12,@areefuhstanklin do u think u will ever purchase a crock pot if so I have an easy recipe I believe u will love,21035429,nonsense; rubbish; bullshit,insult,food_related,false,
crock,9158062863,2010-02-15,RT @Girlfriendology: Love crock pot meals when it’s cold outside – makes the house smell so good! #fni,16000699,nonsense; rubbish; bullshit,insult,food_related,false,
crock,9158162341,2010-02-15,"nothing like putting chili in the crock pot, running errands for 4 hours, and opening your door to intoxicating smell of cumin and chiles.",55152334,nonsense; rubbish; bullshit,insult,food_related,false,
crock,9158453189,2010-02-15,Making the best dinner. Crock pots FTW!!,5944582,nonsense; rubbish; bullshit,insult,food_related,false,
crock,9158512757,2010-02-15,"just finished yelling at hotels.com to have the tell me they don't care and won't honor their lowest rate guarantee, what a bunch of crock",15408545,nonsense; rubbish; bullshit,insult,commenting,false,
crock,9158825798,2010-02-15,"@alohanico So easy! 2 or 3 chix breasts, cover w/ 8 oz hot wing sauce & 1/2 pkg of ranch mix. Set crock pot to low and indulge in 3 hrs :)",10372422,nonsense; rubbish; bullshit,insult,food_related,false,
crock,9158891666,2010-02-15,"Used my new Crock Pot yesterday for first time.....made beef stew.......ate it all for supper!  Yum, yum! Oink!",24041474,nonsense; rubbish; bullshit,insult,food_related,false,
crock,9158964728,2010-02-15,"@noexcusesbbq image of a crock pot, 'this is not a BBQ!'",112948175,nonsense; rubbish; bullshit,insult,food_related,false,
crock,9159015555,2010-02-15,@Gina_The_Diva i hate rent hikes! & they nevr do anythng 2 improve ur place!! its a crock ur gonna get it whrevr u go smh find a plc u luv!,69220064,nonsense; rubbish; bullshit,insult,casual_conversation,false,
crock,9159118865,2010-02-15,"Finally feeling better! Making Indian food in the crock pot, and doing tons of laundry. I'm really behind on the laundry ...",83975600,nonsense; rubbish; bullshit,insult,food_related,false,
crock,9159174146,2010-02-15,Hayes Star Band Bean soup mix taste like crap after cooking in crock for 8hrs I put it in for 2 more but seems these beans  are just crap,14543280,nonsense; rubbish; bullshit,insult,food_related,false,
crock,9406464224,2010-02-21,@DakotaCassidy I have some pork roast in crock pot want some?,23156054,nonsense; rubbish; bullshit,insult,food_related,false,
crock,9406543452,2010-02-21,Mmmmmm my house smells like barbecued beefy goodness!!!! Yayyyyy crock pot!,64863900,nonsense; rubbish; bullshit,insult,food_related,false,
crock,9406552462,2010-02-21,Its all a crock!!! http://myloc.me/40qQT,24782858,nonsense; rubbish; bullshit,insult,article_sharing,false,
crock,9406825249,2010-02-21,@briancrawford  It was very delicious!  I'm impressed with your crock skills!,110208531,nonsense; rubbish; bullshit,insult,casual_conversation,false,
crock,9406986108,2010-02-21,@TheEnglishGuru Woah... totally missed the R in crock.,986381,nonsense; rubbish; bullshit,insult,casual_conversation,false,
crock,9406997859,2010-02-21,"@chrismarch I need to research the whole thing more, but the law sounds like a crock, and I can't imagine more enforcement being popular.",9815302,nonsense; rubbish; bullshit,insult,casual_conversation,false,
crock,9407097224,2010-02-21,http://lnk.ms/5bkJF - crock that got the block shooked.,78476109,nonsense; rubbish; bullshit,insult,article_sharing,false,
crock,9407217381,2010-02-21,Turkey chili is cooking in el crock pot...shortly embarking on  cooking a mushroom okra variation on thai red curry.,48059276,nonsense; rubbish; bullshit,insult,food_related,false,
crock,9407514617,2010-02-21,"Want to make real food for dinner tomorrow.  Where do I start:  Gordon Ramsey, Julia Child, Crock Pot, Chinese or Japanese.  Help!",9266052,nonsense; rubbish; bullshit,insult,food_related,false,
crock,9407634431,2010-02-21,Setting the alarm for 2am because the Crock Pot yogurt will have set wrapped in a towel long enough to be ready! Did that today too!,16519234,nonsense; rubbish; bullshit,insult,food_related,false,
crock,9462212792,2010-02-22,@aprilmai BAHA greys is helping what a crock that statement is lmao,23066563,nonsense; rubbish; bullshit,insult,criticism,false,
crock,9462232074,2010-02-22,"my post about the simple things in life (dogs, chats on phone with mom, crock pots...) http://bit.ly/bcshRb",14331959,nonsense; rubbish; bullshit,insult,food_related,false,
crock,9462252623,2010-02-22,Discount Blue Crab UTENSIL CROCK holder KITCHEN home decor NEW ...: Buy Cheap Blue Crab UTENSIL CROCK holder KITCH... http://bit.ly/cIKSMj,76596743,nonsense; rubbish; bullshit,insult,article_sharing,false,
crock,9462425507,2010-02-22,"RT @kellyalysia: my post about the simple things in life (dogs, chats on phone with mom, crock pots...) http://bit.ly/bcshRb",14329445,nonsense; rubbish; bullshit,insult,food_related,false,
crock,9462613388,2010-02-22,Chili in the crock pot ready to be plugged in tomorrow AM! Going to be delicious!,27463824,nonsense; rubbish; bullshit,insult,food_related,false,
crock,9462715724,2010-02-22,"@faraichideya &they have2figure out if it's their fault-challenges underpinning of gens old psych commitment, POC knew it was a crock",17098190,nonsense; rubbish; bullshit,insult,casual_conversation,false,
crock,9462729347,2010-02-22,"Slow Cooker Recipes, Crock Pot Recipes Pot Roast, Crock Pot Salad http://bit.ly/cUa0y0 ! fish seafood",107660737,nonsense; rubbish; bullshit,insult,food_related,false,
crock,9462731699,2010-02-22,! apartment http://bit.ly/cq5Qxn Crock Pot Cooking Problems-Are Your Meals Too Dry Or Too Moist?,107660737,nonsense; rubbish; bullshit,insult,food_related,false,
crock,9462854367,2010-02-22,RT @thelongsilence: http://twitpic.com/14objn - Crock pot chicken &lt;--- dinner!! #Mmmmm,23865903,nonsense; rubbish; bullshit,insult,food_related,false,
crock,9464148504,2010-02-22,@J_A_Mayne thanks for the crock pot,33751146,nonsense; rubbish; bullshit,insult,food_related,false,
crock,10205659511,2010-03-09,"Le Creuset Stoneware Large Utensil Crock, White  Le Creuset 14,564% Sales Rank in Home & Garden: 14 (was 2,053)  (... http://bit.ly/bha6tv",99766673,nonsense; rubbish; bullshit,insult,article_sharing,false,
crock,10205734134,2010-03-09,@Busylady02 LOL that explains it @LindyLooWho_ IA it's a crock of chit! ... I just wish LE would release a lil more info,33530715,nonsense; rubbish; bullshit,insult,casual_conversation,false,
crock,10205762422,2010-03-09,RT @ArielAlexandria i love crock pots &gt; I just had some pork steak and mixed veggies cook in one. Delicious!,87645704,nonsense; rubbish; bullshit,insult,food_related,false,
crock,10205903067,2010-03-09,"@Dave_n_AK Mackey uses it medically & from what I've read/heard, some were insisting on the testing. What a crock. Sore losers!!",19573727,nonsense; rubbish; bullshit,insult,criticism,false,
crock,10206220325,2010-03-09,lol. on family guy they just showed a crock shot of peter getting out of @ParisHilton car.,117895773,nonsense; rubbish; bullshit,insult,casual_conversation,false,
crock,10206329714,2010-03-09,"@justine_brown Turned is National POY! The other crock is COY, Paynter, serious?? Wow, the writers I'm the Big 10 don't know shiz-nit!",44024157,nonsense; rubbish; bullshit,insult,casual_conversation,false,
crock,10206743135,2010-03-09,"Le Creuset Stoneware Large Utensil Crock, White  Le Creuset 15,250% Sales Rank in Kitchen & Dining: 12 (was 1,842)... http://bit.ly/bopmJV",99766673,nonsense; rubbish; bullshit,insult,article_sharing,false,
crock,10207105285,2010-03-09,"On sale at Amazon: Le Creuset Stoneware Large Utensil Crock, White http://snipurl.com/upw7t",116684921,nonsense; rubbish; bullshit,insult,article_sharing,false,
crock,10207365911,2010-03-09,Rival Crock Pot Slow Cooker Recip… isbn 1412721830 $5.24 http://booksbychance.com/item.php?exchangeid=Y11M4078019M9208590,74923889,nonsense; rubbish; bullshit,insult,food_related,false,
crock,10360260214,2010-03-12,Raising Arrows: Irish Supper Menu: You can do this recipe in addition to or instead of the cabbage in the crock. ... http://bit.ly/cvS4XN,71291856,nonsense; rubbish; bullshit,insult,article_sharing,false,
crock,10360340192,2010-03-12,Social Media IS a crock. Told you. http://tinyurl.com/yjmag3s /via @craigthomler @trevoryoung,800364,nonsense; rubbish; bullshit,insult,article_sharing,false,
crock,10360469044,2010-03-12,ZOMG! looking at http://bit.ly/bimmxq to architect an intimate web drama for a John Fluevog slow cooker/crock pot. #postdigital,121198449,nonsense; rubbish; bullshit,insult,food_related,false,
crock,10360550679,2010-03-12,Social Media IS a crock. Told you. http://tinyurl.com/yjmag3s /via @craigthomler @trevoryoung via @NickHodge http://bit.ly/aQoOlk,48394554,nonsense; rubbish; bullshit,insult,article_sharing,false,
crock,10360699604,2010-03-12,I'm eating this salad out of a family size Shed's Country Crock butter container. #DontJudgeMe #RecycleReduceReUse,18386697,nonsense; rubbish; bullshit,insult,food_related,false,
crock,10360726264,2010-03-12,RT @NickHodge: Social Media IS a crock. Told you. http://tinyurl.com/yjmag3s /via @craigthomler @trevoryoung,15462814,nonsense; rubbish; bullshit,insult,article_sharing,false,
crock,10360756238,2010-03-12,@ThickLikeGrits1 yo name playa doe! Thick Like Grits! Country Crock Butter please lol,25126496,nonsense; rubbish; bullshit,insult,food_related,false,
crock,10360991108,2010-03-12,I'm super sad that Toddrick got kicked off of American Idol tonight. What a crock! He was fun! I'm really going to miss watching him.,26951888,nonsense; rubbish; bullshit,insult,criticism,false,
crock,10361158998,2010-03-12,@kinosaur Is this a new chiro for you? Sounds like a crock. My guy is excellent; Lemme know and I'll send you his info.,14353240,nonsense; rubbish; bullshit,insult,casual_conversation,false,
crock,10818384805,2010-03-21,"Crock Pot Recipe - 23 Recipe Books.: A Unique Niche product - 23 Recipe eBooks Collection of 8000 Recipes, 66% http://url4.eu/1tPxp",120078576,nonsense; rubbish; bullshit,insult,food_related,false,
crock,10818386246,2010-03-21,"Crock Pot Recipe - 23 Recipe Books.: A Unique Niche product - 23 Recipe eBooks Collection of 8000 Recipes, 66% http://url4.eu/1tPxy",120078576,nonsense; rubbish; bullshit,insult,food_related,false,
crock,10818406389,2010-03-21,"Crock Pot Recipe - 23 Recipe Books.: A Unique Niche product - 23 Recipe eBooks Collection of 8000 Recipes, 66% http://url4.eu/1tQ5E",120078576,nonsense; rubbish; bullshit,insult,food_related,false,
crock,10818467605,2010-03-21,"RT @Cook_cb - Crock Pot Recipe - 23 Recipe Books.: A Unique Niche product - 23 Recipe eBooks Collection of 8000 Recipes, 66% http...  #food",100445559,nonsense; rubbish; bullshit,insult,food_related,false,
crock,10818508381,2010-03-21,"Crock Pot Recipe - 23 Recipe Books.: A Unique Niche product - 23 Recipe eBooks Collection of 8000 Recipes, 66% http://url4.eu/1tQFG",120078576,nonsense; rubbish; bullshit,insult,food_related,false,
crock,10818717725,2010-03-21,"Easy Crock Pot Cooking Recipes : Cook Chicken Cola in a Crock Pot: 					
					&#13;Get tips for making chicken .. http://bit.ly/avMgDd",121541503,nonsense; rubbish; bullshit,insult,food_related,false,
crock,10819064203,2010-03-21,"is enjoying the sunshine but still feeling crock  (no Karate this morning), may have to give work a miss tomorrow ;-)",18840017,nonsense; rubbish; bullshit,insult,commenting,false,
crock,10819263354,2010-03-21,"Up early making italian beef in the crock pot. 10-12 hours later, we'll have some tasty goodness!",16114257,nonsense; rubbish; bullshit,insult,food_related,false,
crock,10819500625,2010-03-21,Crock pot on. Pulled pork will be done in 8 hours,21190377,nonsense; rubbish; bullshit,insult,food_related,false,
crock,10819524420,2010-03-21,"In the meantime, I've got the makings of pulled pork started in the crock pot...",86150915,nonsense; rubbish; bullshit,insult,food_related,false,
crock,11237443506,2010-03-29,Crock Pot Recipe for Brunswick Stew: A Make-Ahead Soup for Busy Days: Permission to republish Crock Pot Recipe for... http://bit.ly/b23zDb,71291856,nonsense; rubbish; bullshit,insult,food_related,false,
crock,11237663769,2010-03-29,I've been a huge fan of the Flat Iron Steak for a while.  Today I discovered the Flat Iron Roast....slow cooked in the crock: Phenomenal!,19001715,nonsense; rubbish; bullshit,insult,commenting,false,
crock,11238197173,2010-03-29,"two things will be great about making stew in the crock pot tonight, the best 1 is waking up 2 the smell and it reminding me grandma's house",14194059,nonsense; rubbish; bullshit,insult,food_related,false,
crock,11238421536,2010-03-29,Crock Pot Recipe for Brunswick Stew: A Make-Ahead Soup for Busy Days http://bit.ly/b23zDb,81407033,nonsense; rubbish; bullshit,insult,food_related,false,
crock,11238517096,2010-03-29,@LYNLYN415 iok watch when I see y'all I'm finna bring a big crock pot of it and just put my face in it in front of y'all now what,111104738,nonsense; rubbish; bullshit,insult,food_related,false,
crock,11238545981,2010-03-29,@anditley90sbaby crock pot. Lmao. U fry lumpia dork,39181474,nonsense; rubbish; bullshit,insult,food_related,false,
crock,11238766274,2010-03-29,@mister360 bought a rice cooker and crock pot today baked chic and rices n beans on deck tommorow..,45213434,nonsense; rubbish; bullshit,insult,food_related,false,
crock,11238822338,2010-03-29,#childishwisdom Crock Pot Recipe: #ilikeduuntil A Unique Niche product - 23 Recipe eBooks Collection of 8000 Re.. http://bit.ly/8Dk7q0,68675334,nonsense; rubbish; bullshit,insult,food_related,false,
crock,11239258592,2010-03-29,#Orpington #eBay Le Creuset Ceramic Utensils Crock in Pearl -NEW  http://bit.ly/39lhEo,78898613,nonsense; rubbish; bullshit,insult,article_sharing,false,
crock,11239306521,2010-03-29,Anyone got a good chicken and rice crock pot recipe? :-),116018174,nonsense; rubbish; bullshit,insult,food_related,false,
crock,11432459284,2010-04-01,"@ManMadeMoon What a crock! Can't imagine that happening here in Aus. At least I hope not. Don't let it get you down, u made a wonderful film",41608058,nonsense; rubbish; bullshit,insult,criticism,false,
crock,11433000499,2010-04-01,Contemplating buying a crock pot for solely this recipe: http://tinyurl.com/yetfdn8,30288098,nonsense; rubbish; bullshit,insult,food_related,false,
crock,11433382923,2010-04-01,@katthy213 I want it to rain..but then again I don't.did you bring your crock pot?,94132247,nonsense; rubbish; bullshit,insult,food_related,false,
crock,11433479450,2010-04-01,RT: @jennperez89 My mom has beef stew cooking in the crock pot and it smells fabulous :)// what time do you want me over??,30810674,nonsense; rubbish; bullshit,insult,food_related,false,
crock,11433690819,2010-04-01,Lmfao she gunna crock in the nex 10minz RT @BICTXHPL3AS3 @UrN0Competiti0n niccaz goin 2 get high blood pressure early,37087675,nonsense; rubbish; bullshit,insult,casual_conversation,false,
crock,11433744687,2010-04-01,"Don't feel like cooking tonight, so I'll just throw it into the crock pot and let it work its magic--Yum beef soup!",65711056,nonsense; rubbish; bullshit,insult,food_related,false,
crock,11433835637,2010-04-01,Sending an email to John Matarese about Urban Active. I hope he responds!  And puts their crock of a business on his segment.,16582858,nonsense; rubbish; bullshit,insult,commenting,false,
crock,11434251956,2010-04-01,Soup & Egg Recipes : Easy Crock-Pot Potato Soup Recipe http://www.cooknotebook.com/soup-egg-recipes-easy-crock-pot-potato-soup-recipe/,97892636,nonsense; rubbish; bullshit,insult,food_related,false,
crock,11434431917,2010-04-01,I bought a crock pot! I don't know why that's even remotely exciting... smh.,19598723,nonsense; rubbish; bullshit,insult,food_related,false,
crock,11434643388,2010-04-01,Crock Pot Stock Up: http://wp.me/pGiD2-3n,19171474,nonsense; rubbish; bullshit,insult,food_related,false,
crock,11799235815,2010-04-08,"from strike 3 to a runner on first, what a crock of shit #blameburrell",16526840,nonsense; rubbish; bullshit,insult,criticism,false,
crock,11799258190,2010-04-08,what a crock.,24894249,nonsense; rubbish; bullshit,insult,criticism,false,
crock,11799473445,2010-04-08,@AshTR That's a huge crock of shit,5759002,nonsense; rubbish; bullshit,insult,criticism,false,
crock,11799885400,2010-04-08,"The internet can be one messed up crock, good for us you can get your photos from @iStock  #iStock10",96888802,nonsense; rubbish; bullshit,insult,casual_conversation,false,
crock,11800731963,2010-04-08,"@rickey Rickey, I knew A.I. shocking results was B.S. & it WAS - look at DialIdol.com.  Mike was 4th from the top!  What a CROCK!!!",20503782,nonsense; rubbish; bullshit,insult,criticism,false,
crock,11801165641,2010-04-08,"That new Tiger Nike commercial is such a crock of shit. Where do you think he learned from? Yea daddy used to run around on mommy, too. FAIL",35912102,nonsense; rubbish; bullshit,insult,criticism,false,
crock,11801727994,2010-04-08,Episode 10 Crock Pottery... it will make you hungry! http://bit.ly/97rSay,107731669,nonsense; rubbish; bullshit,insult,food_related,false,
crock,11801810264,2010-04-08,I think I need to christen the crock pot and cook up some kielbasa with brown sugar and honey this weekend. Excuse me while my mouth waters.,16810392,nonsense; rubbish; bullshit,insult,food_related,false,
crock,11802097034,2010-04-08,RT @undercvrunitard: Episode 10 Crock Pottery... it will make you hungry! http://bit.ly/97rSay,40974646,nonsense; rubbish; bullshit,insult,food_related,false,
crock,11802360015,2010-04-08,"@geoff9cow  #p2 #tcot Yeah, but there is alway one small loose end even with pants on!  What a crock.  Night Geoff.",17716742,nonsense; rubbish; bullshit,insult,criticism,false,
crock,12362517432,2010-04-17,Crock skin butter cream butter cream crock skin butter cream.,98521072,nonsense; rubbish; bullshit,insult,commenting,false,
crock,12363078896,2010-04-17,"Then there's our  Beef Guinness Pie: Beef, onions & potatoes served in a pie crusted crock. Garnished with mashed potatoes & haystack onions",134242531,nonsense; rubbish; bullshit,insult,commenting,false,
crock,12363332465,2010-04-17,@bpmarkowitz are they different sizes? Getting rid of crock pots is bad karma!,10949722,nonsense; rubbish; bullshit,insult,food_related,false,
crock,12363709354,2010-04-17,"Orange_G: Jennacide: And just to bring a point home, I do feel the Pet Store is a load of crock, and that A...  http://kotaku.com/c/21913924",90896826,nonsense; rubbish; bullshit,insult,article_sharing,false,
crock,12363761904,2010-04-17,"P.I. forum post: Beef Stew--- appreciation of a ""crock pot"" slow cooker http://bit.ly/cMGde5",53295404,nonsense; rubbish; bullshit,insult,food_related,false,
crock,12363769150,2010-04-17,Check out the new Slow Cookers & Crock Pots at the Shop! http://bit.ly/cBT0Jy,99662553,nonsense; rubbish; bullshit,insult,food_related,false,
crock,12363806411,2010-04-17,Just saw this nigga wearin baby blue crock black basketball shorts and a baby blue pooka shell necklace!! This (cont) http://tl.gd/tk5ji,36793742,nonsense; rubbish; bullshit,insult,article_sharing,false,
crock,12363992619,2010-04-17,"What happens if you combine in a crock pot: chicken wings, 14.5 oz roasted diced tomatoes, 1/3 cup soy sauce, diced onion, teaspoon . . .",68872740,nonsense; rubbish; bullshit,insult,food_related,false,
crock,12364158715,2010-04-17,"@erinsometimes Babysitter's scheduled, beer cooler's packed & baked pimento cheese is going in crock pot.",126848457,nonsense; rubbish; bullshit,insult,food_related,false,
crock,12364556838,2010-04-17,RED WING CROCK / STONEWARE REPLACEMENT BAIL HANDLES - eBay (item ... http://bit.ly/8YZk9E,86383332,nonsense; rubbish; bullshit,insult,article_sharing,false,
crock,12478802581,2010-04-19,@jennybeanses I have a super easy super yummy crock pot chili recipe if you ever want it..,14109716,nonsense; rubbish; bullshit,insult,food_related,false,
crock,12478951365,2010-04-19,"@jennybeanses it is so easy, it is almost cheating... 1 pound of hamburger, brown it with one medium to large onion. Dump it in crock pot.",14109716,nonsense; rubbish; bullshit,insult,food_related,false,
crock,12479005745,2010-04-19,what a crock!! RT @SensualSexToys: Earthquakes Caused by Loose Woman and Wild Sex - Iranian Ayatollah http://bit.ly/aj8GHQ,39705550,nonsense; rubbish; bullshit,insult,article_sharing,false,
crock,12479078591,2010-04-19,"@jennybeanses you can also simmer in a stock pot rather than crock if in a hurry. Works great for topping burgers, hotdogs too",14109716,nonsense; rubbish; bullshit,insult,casual_conversation,false,
crock,12479132617,2010-04-19,"New Blog Post: POLITICO - Barbour: Tea party violence a ‘crock’: Barbour: Tea party violence a 'crock'
Missi... http://tinyurl.com/y7aysc4",48463400,nonsense; rubbish; bullshit,insult,article_sharing,false,
crock,12479220130,2010-04-19,LOL THE Biggest crock of shit I've heard all day LMFAO Crying as she wrote this -&gt;RT @GeetahFairwood: @MistaCam all women aren't emotional,85464119,nonsense; rubbish; bullshit,insult,criticism,false,
crock,12479285059,2010-04-19,@jennybeanses Elk chili is the reason crock pots were invented.,15051601,nonsense; rubbish; bullshit,insult,food_related,false,
crock,12479568739,2010-04-19,"Pork tenderloin in the crock pot, cats fed (one cat hopped up on 'nip) and emails answered. Time to level the Death Knight.",20447039,nonsense; rubbish; bullshit,insult,food_related,false,
crock,12479779541,2010-04-19,Just a crock of shit with a pretty smile,72415584,nonsense; rubbish; bullshit,insult,criticism,false,
crock,12479928424,2010-04-19,http://twitpic.com/1gwqdz - alright...whos the wise guy? haha i def didnt write this on crock rock.,17693277,nonsense; rubbish; bullshit,insult,article_sharing,false,
crock,12481265586,2010-04-19,"@portorikan DUDE, mine too!  what a crock.",25353409,nonsense; rubbish; bullshit,insult,criticism,false,
crock,12481493184,2010-04-19,"StayPufed Marshmallow Man, I mean Haley Barbour ""Tea Party violence is the biggest crock & there's no basis to it."" bye Haley cred #p2 #tcot",21717987,nonsense; rubbish; bullshit,insult,commenting,false,
crock,12481981116,2010-04-19,"Stew is in the crock pot.  Baby is in the swing. Me, I'm heading to grab some lubricant and my trusty Hitatchi for some ""afternoon delight"".",16704501,nonsense; rubbish; bullshit,insult,food_related,false,
crock,12482193711,2010-04-19,"RT@geoff9cow:...Haley Barbour ""Tea Party violence...biggest crock...no basis to it."" bye Haley cred #p2 #tcot /Can't lose what u don't have",47839770,nonsense; rubbish; bullshit,insult,casual_conversation,false,
crock,12482304773,2010-04-19,@dannabowes sounds yum!  I am just thankful for getting the crock pot on this morning...otherwise it might have been pizza.,61610357,nonsense; rubbish; bullshit,insult,food_related,false,
crock,12482363382,2010-04-19,Tea party violence a 'crock' http://is.gd/bzHxo 'biggest you've ever seen'--Amen! #tcot #gop #teaparty #sgp #p2 #TPPatriots,57789191,nonsense; rubbish; bullshit,insult,article_sharing,false,
crock,12482586247,2010-04-19,@JoshCarter_ 4 o crock,33894689,nonsense; rubbish; bullshit,insult,casual_conversation,false,
crock,12482695809,2010-04-19,RT @Story_Jon: The Camp Country Crock site is now live!  Check it out - http://bit.ly/azkzxK.  Great work by @StoryWorldwide,133958384,nonsense; rubbish; bullshit,insult,food_related,false,
crock,12482923292,2010-04-19,Easy Crock Pot Cooking Recipes http://bit.ly/c0PbA8,133792351,nonsense; rubbish; bullshit,insult,food_related,false,
crock,12483078376,2010-04-19,"@TheLoowho LOL that's what I said, what a CROCK!!",33530715,nonsense; rubbish; bullshit,insult,criticism,false,
crock,12841274347,2010-04-25,"Whitney Houston what a crock of shit I'm watching her Bro sing, every1 has gone 4 drinks terrible!",29014846,nonsense; rubbish; bullshit,insult,criticism,false,
crock,12841288583,2010-04-25,Pulled Chicken slow roasting in the crock pot! The smell is divine! Can't wait for dinner tonight!,17983119,nonsense; rubbish; bullshit,insult,food_related,false,
crock,12841347273,2010-04-25,@justinbieber i hear that Chuck Norris once had a stare down with a Crock. Chuck came away with new boots and a matching belt. :p,127314705,nonsense; rubbish; bullshit,insult,casual_conversation,false,
crock,12841405352,2010-04-25,@Elliott_Sadler What a crock!!!!! you were running so dang well!!!!!,122283006,nonsense; rubbish; bullshit,insult,criticism,false,
crock,12841459221,2010-04-25,"Now i done messed around n burned my arm on the crock pot, maybe i need a nap",90806968,nonsense; rubbish; bullshit,insult,food_related,false,
crock,12841464786,2010-04-25,"pants tonight, bearing in mind that i upgraded to mid last month, with promises of glory,  what a crock of sh1tno ... http://bit.ly/b58pw8",84694313,nonsense; rubbish; bullshit,insult,article_sharing,false,
crock,12841517448,2010-04-25,RT @BoraZ: HuffPo sticks to promoting pseudoscientific crock: http://huff.to/awHPTc (ht @JohnAllenPaulos) so no real scientist wants to  ...,15484063,nonsense; rubbish; bullshit,insult,article_sharing,false,
crock,12841750846,2010-04-25,@rachaelstrong I agree! It's a crock of shit if you ask me,23931278,nonsense; rubbish; bullshit,insult,criticism,false,
crock,12842019438,2010-04-25,@NancyMyrland pot roast is an equally good choice. Beef stew in the crock pot has to be up there. #sundaydinner,17219219,nonsense; rubbish; bullshit,insult,food_related,false,
crock,12842264279,2010-04-25,"Easy bean recipe. 3-5 c dried beans  in crock pot fill to top w/ water, cook  high overnight. Turn low to keep warm 4 endless eating : )",128681051,nonsense; rubbish; bullshit,insult,food_related,false,
crock,13409888198,2010-05-05,AllWineClub.com: Pommery Aged Red Wine Vinegar in stone crock bottle 16 oz http://is.gd/bUGdQ #fb,102122563,nonsense; rubbish; bullshit,insult,article_sharing,false,
crock,13409962472,2010-05-05,"The saying ""sticks and stones may break my bones but words will never hurt me"" is a crock of shit! Words can pierce the soul!!!",29527259,nonsense; rubbish; bullshit,insult,criticism,false,
crock,13410469934,2010-05-05,@ABQ_News Stoopid kids. And Apd should be tryin 2 cut down on other things! what a crock of crap. Smh,105635409,nonsense; rubbish; bullshit,insult,criticism,false,
crock,13410870725,2010-05-05,84-year-old woman sustained a broken arm and head injuries after a relative struck her with a casserole dish. Crock... http://ow.ly/17gScR,14181807,nonsense; rubbish; bullshit,insult,article_sharing,false,
crock,13410930764,2010-05-05,i want to some chilli!!!  crock pot time!!!,84269565,nonsense; rubbish; bullshit,insult,food_related,false,
crock,13410931617,2010-05-05,http://twitpic.com/1l69r6 this is how we cook on our bus haha taping the crock pot to the wall so it doesnt slide off,12953092,nonsense; rubbish; bullshit,insult,food_related,false,
crock,13410990033,2010-05-05,Done with work for another day. Happy to be home with the kiddo. Have the crock pot going for a Cinco de Mayo potluck. It smells great!,26404392,nonsense; rubbish; bullshit,insult,food_related,false,
crock,13411060878,2010-05-05,Recipe Find Pork mustard combine to make easy tasty dishes: A new crock pot brings memories of pork chop recipe.ww... http://bit.ly/c44OZK,82923187,nonsense; rubbish; bullshit,insult,food_related,false,
crock,13411140449,2010-05-05,loving you is a mistake.......when you love someone you cant just be there friend........gahhhhhh whatta crock......,81068982,nonsense; rubbish; bullshit,insult,commenting,false,
crock,13411715103,2010-05-05,@TheBudgetnista of course! I am definitely taking my time- have that quality crock pot love ;-),33975243,nonsense; rubbish; bullshit,insult,food_related,false,
crock,13450924991,2010-05-05,Just found several ways to thicken soup. Plan to use 1 to thicken sauce for tonight's pot roast cooking in the crock pot.  Mmmm... dinner.,36898887,nonsense; rubbish; bullshit,insult,food_related,false,
crock,13451660104,2010-05-05,"@HeyAleah don't be emburrussed: gumbo, carnitas, chili all made possible by the crock pot, I love it",22744407,nonsense; rubbish; bullshit,insult,food_related,false,
crock,13451996885,2010-05-05,"a crock pot, Debra...that is an apt description! (#TheOwlBoxOnUstream live at http://ustre.am/cJoL )",117450444,nonsense; rubbish; bullshit,insult,food_related,false,
crock,13452146511,2010-05-05,Recipe for Monday's Crock Pot meal http://post.ly/exzy,110928090,nonsense; rubbish; bullshit,insult,food_related,false,
crock,13452555354,2010-05-05,Modest Mouse for president! Isaac Crock is one of my heroes! Trust!!,38708401,nonsense; rubbish; bullshit,insult,commenting,false,
crock,13452654975,2010-05-05,Crock pot sweet and sour chicken http://dlvr.it/p0V3 #USNews #Lifestyle,136807754,nonsense; rubbish; bullshit,insult,food_related,false,
crock,13452796354,2010-05-05,"RT @pattistanger: Remember, women are like crock-pots, they heat up slowly, and men are like microwaves, instantly ready to go.",27727552,nonsense; rubbish; bullshit,insult,casual_conversation,false,
crock,13453009990,2010-05-05,@s4ruh ew crock pot makes me cry,30296432,nonsense; rubbish; bullshit,insult,food_related,false,
crock,13453468010,2010-05-05,@s4ruh lol my parents are like crock pots #1 fan. Its of this really weird girl in my leadership class lol she always says tit every second,30296432,nonsense; rubbish; bullshit,insult,food_related,false,
crock,13454726498,2010-05-05,Off to a Committed Partners for Youth/Big Brothers Big Sisters mentor mtg. Happy cinco! My chili verde is waiting for me in the crock pot.,18443633,nonsense; rubbish; bullshit,insult,food_related,false,
crock,13647016842,2010-05-09,"Sorry, but I don't see what all this hype and anticipation was about over SNL! This show is a crock of ish...",129887287,nonsense; rubbish; bullshit,insult,commenting,false,
crock,13647126392,2010-05-09,"Call it rock candy
When you bake cakes, you keep Betty Crock' handy
They say it's best you scratch, fresh new batch",35422587,nonsense; rubbish; bullshit,insult,commenting,false,
crock,13647684521,2010-05-09,What a crock!!!! No call on that elbow to Franzen!?! wtf!!,35120257,nonsense; rubbish; bullshit,insult,criticism,false,
crock,13648901589,2010-05-09,"sporadiccook 
Already planning a crock pot meal for tomorrow so I can watch the @PhoenixSuns without interruption.",18041540,nonsense; rubbish; bullshit,insult,food_related,false,
crock,13649149031,2010-05-09,"@ufc And gets rewarded by bein TUF coach, what a crock of shit!!",100910385,nonsense; rubbish; bullshit,insult,criticism,false,
crock,13649189215,2010-05-09,-&gt;: What is your favorite crock/slow cooker recipe? http://bit.ly/9AKI4w,135942310,nonsense; rubbish; bullshit,insult,food_related,false,
crock,13649193872,2010-05-09,-&gt;: What crock pot appetizer should I make for a baby shower? http://bit.ly/9YcP7p,135942310,nonsense; rubbish; bullshit,insult,food_related,false,
crock,13651046023,2010-05-09,@supichill I'll make you mac and cheese every day! And crock pot brownies!,82017287,nonsense; rubbish; bullshit,insult,food_related,false,
crock,13651808527,2010-05-09,Crock Pot Vegetable Soup recipe   79 calories http://bit.ly/8YOiR8,138835325,nonsense; rubbish; bullshit,insult,food_related,false,
crock,13652347424,2010-05-09,She said she had some crock lmao im like huh ciroc lmao @her,111519875,nonsense; rubbish; bullshit,insult,casual_conversation,false,
crock,13654833841,2010-05-09,"New blog post: PAMPERED CHEF STONEWARE BREAD BAKING CROCK
 http://bit.ly/aPkMaR",128914951,nonsense; rubbish; bullshit,insult,article_sharing,false,
crock,13656292332,2010-05-09,"Lunch with the fam damily went well, even though I think this mother's day shite is a crock. The Boy made me a beautiful card w his thoughts",17094610,nonsense; rubbish; bullshit,insult,commenting,false,
crock,14717404045,2010-05-25,@LittleLiverbird Holy crap. What a crock. Real writers can't get work and the likes of her does. BAH!,20236966,nonsense; rubbish; bullshit,insult,criticism,false,
crock,14717750191,2010-05-25,@PipingHotPapers we're having some sort of enchilada crock pot casserole ish thing. dh helped make it so #hecantcomplain :),139749235,nonsense; rubbish; bullshit,insult,food_related,false,
crock,14718110902,2010-05-25,Spartacus - what a crock of shit!,41087488,nonsense; rubbish; bullshit,insult,criticism,false,
crock,14719387828,2010-05-25,I just watched the finale of lost. I can't believe I invested time in that total crock of ... Piffle!,33477093,nonsense; rubbish; bullshit,insult,commenting,false,
crock,14719434324,2010-05-25,"Sharleece's Pot Roast Recipe. Ingredients:1 Crock pot, 1 Roast...see more at www.sharleece.blogspot.com and www.sharleece.ning.com.",77842986,nonsense; rubbish; bullshit,insult,food_related,false,
crock,14719681665,2010-05-25,http://diningwithdebbie.blogspot.com/2010/05/crock-pot-wednesday-and-curried.html  Come join me for Crock Pot Wednesday,57135304,nonsense; rubbish; bullshit,insult,food_related,false,
crock,14719926741,2010-05-25,"Guy on train to a friend: ""Have u seen that Lynx ad? OMG what a crock of shit, I rekon guys look heaps hot when theyre wet!""",23405063,nonsense; rubbish; bullshit,insult,criticism,false,
crock,14720095618,2010-05-25,The ONLY time I like Beef Stew is when it is waiting  for me in the Crock Pot prepared by Honey!,29967470,nonsense; rubbish; bullshit,insult,food_related,false,
crock,14720423149,2010-05-25,@deusprovidebit @OhMyAmpersand @sacredsuds who me?  dinner's in the crock.  dh helped make it HOURS ago.  and it's only THREE here.,139749235,nonsense; rubbish; bullshit,insult,casual_conversation,false,
crock,14720430226,2010-05-25,4 Simple tips of how to make healthy recipes | Crock Pot Slow Cooker http://bit.ly/9quJzv,36177397,nonsense; rubbish; bullshit,insult,food_related,false,
crock,14930801580,2010-05-28,Why doesn't fucking Jim Calhoun resign? It's always lesser dudes who are the fall guys. Crock of shit & NCAA & everyone but Vitale knows it!,10047502,nonsense; rubbish; bullshit,insult,criticism,false,
crock,14931164387,2010-05-28,aww my little twinkie is in the shop for driving crock it,70260577,nonsense; rubbish; bullshit,insult,commenting,false,
crock,14931178640,2010-05-28,grilling weiners later.. crock- pot beans with bacon,37915412,nonsense; rubbish; bullshit,insult,commenting,false,
crock,14931619635,2010-05-28,"This crock o shit been on for 1/2 hour, just found out they're celebrities. Only know this cause they have to be assisted by Russell Grant!",61610705,nonsense; rubbish; bullshit,insult,commenting,false,
crock,14931705186,2010-05-28,"Since the Sestak story interviews today, now they say we have more important things to deal with like the oil spill. What a crock of sh!t!",27928942,nonsense; rubbish; bullshit,insult,criticism,false,
crock,14931969180,2010-05-28,Giving the new crock pot we bought last weekend its first use.  Hopefully it'll work as it should.,15250093,nonsense; rubbish; bullshit,insult,food_related,false,
crock,14932602888,2010-05-28,@Fafin3tte I like to crock pot stuff myself.  ^_^,138145364,nonsense; rubbish; bullshit,insult,food_related,false,
crock,14932767340,2010-05-28,Huh? Dnt break my heart! RT @Bren76: Sex & The City 2...what a crock #asyouwere,33473295,nonsense; rubbish; bullshit,insult,criticism,false,
crock,14932818673,2010-05-28,OMG! 27 and in on a friday night.... load of crock,21329199,nonsense; rubbish; bullshit,insult,commenting,false,
crock,14932842320,2010-05-28,RT @Bren76: Sex & The City 2...what a crock #asyouwere,43563720,nonsense; rubbish; bullshit,insult,criticism,false,
crock,15552833702,2010-06-06,"@proamhsd BP are just a crock of .Honestly, Im a major animal lover & I find it so distressing. Slow death of our beautiful natural habitat",127913406,nonsense; rubbish; bullshit,insult,casual_conversation,false,
crock,15552843086,2010-06-06,"The eng curse? More like the chelsea curse! Be aware malouda, cech, kalou, anelka, ivanovic, u guys are next to crock it b4 the world cup!!!",20805047,nonsense; rubbish; bullshit,insult,commenting,false,
crock,15553210856,2010-06-06,"#Eat I'm not successful cooking beans in my crock pot...can it be done, if so, how http://bit.ly/9JKxca",18347634,nonsense; rubbish; bullshit,insult,food_related,false,
crock,15553374159,2010-06-06,Man Utd captain Neville upset for crock Ferdinand http://bit.ly/9nMz8i,64246297,nonsense; rubbish; bullshit,insult,article_sharing,false,
crock,15553433791,2010-06-06,Daily #photoblog of Toronto based photographer Peter Crock - http://photozz.com/?kts,85794576,nonsense; rubbish; bullshit,insult,article_sharing,false,
crock,15553861380,2010-06-06,"First service - in service, second service - working in the church coffee shop... Then home to the roast that's in the crock pot! YUMMY!",14907692,nonsense; rubbish; bullshit,insult,food_related,false,
crock,15553970566,2010-06-06,"@eathere2 I like, ""Betty Crocker is a crock.""",19459208,nonsense; rubbish; bullshit,insult,casual_conversation,false,
crock,15554718037,2010-06-06,Sunday = Crock Pot Chili Day :),28124979,nonsense; rubbish; bullshit,insult,food_related,false,
crock,15555685817,2010-06-06,"pot roast is in the crock pot, babygirl is napping, i'm going to watch old eps of 90210",18798005,nonsense; rubbish; bullshit,insult,food_related,false,
crock,15556531440,2010-06-06,@shinkaide get a crock pot. It will help.,8394312,nonsense; rubbish; bullshit,insult,food_related,false,
crock,16062417950,2010-06-13,Coo Artichoke and Cheese Dip in a Crock Pot http://dld.bz/Zz,21658412,nonsense; rubbish; bullshit,insult,food_related,false,
crock,16062658354,2010-06-13,"Green's error disguises the facts: KIng is a crock, our wingers are shit and Heskey can't finish. Top the group then meet Serbia? Eliminated",152996912,nonsense; rubbish; bullshit,insult,commenting,false,
crock,16063471093,2010-06-13,@DillonBuck great! Apart from Twitter being a complete crock of shite this morning. Much like a certain England goalie..,33856410,nonsense; rubbish; bullshit,insult,criticism,false,
crock,16063531875,2010-06-13,Crock rock throwdown at mbar...18th street is nt happy,18823581,nonsense; rubbish; bullshit,insult,commenting,false,
crock,16063541011,2010-06-13,"Started watching 'The Boy In The Striped Pyjamas' last night. It appeared to be a badly acted crock of shit, so I fell asleep.",19352900,nonsense; rubbish; bullshit,insult,criticism,false,
crock,16064685782,2010-06-13,"Coldmaster Crock, 2 Qt, Black: Price : Spacial Price.

Coldmaster Crock, 2 Qt, Black  Great Deals on  Coldmaster C... http://bit.ly/9Ee6jX",129135983,nonsense; rubbish; bullshit,insult,article_sharing,false,
crock,16065135816,2010-06-13,Crock Pot » Crock Pot Cooking Tips http://bit.ly/9eF215,150456596,nonsense; rubbish; bullshit,insult,food_related,false,
crock,16066714500,2010-06-13,@Roe50 A crock means 'a load of' or 'lots of' so 'a load of poo' or 'a lot of poo'......in other words 'a load of shit' lol!,20315354,nonsense; rubbish; bullshit,insult,casual_conversation,false,
crock,17037706472,2010-06-25,@LordByronIL that sounds wonderful. I should put something in the crock pot so i can stay home & listen to pride48 all weekend.,13118692,nonsense; rubbish; bullshit,insult,food_related,false,
crock,17037743852,2010-06-25,Whoever made the soup recipe I'm using must have the world's biggest crock pot. Prepared it all but can only fit half! Haha. And mine is big,26864082,nonsense; rubbish; bullshit,insult,food_related,false,
crock,17037956663,2010-06-25,@tabarnhart What a crock. Fans?? The ones who've bought more tickets to SA than anyone except the SAans?,61897673,nonsense; rubbish; bullshit,insult,criticism,false,
crock,17038614660,2010-06-25,"itunes is a crock of shite. its totally unintuitive. as it may be many PC users' only experience of Apple, its a terrible terrible advert",158851768,nonsense; rubbish; bullshit,insult,criticism,false,
crock,17038614790,2010-06-25,Cranberry Chicken for the Freezer: It's been a while since I've made Crock Pot Cranberry Chicken.  I made it diffe... http://bit.ly/cvL4T4,24953567,nonsense; rubbish; bullshit,insult,food_related,false,
crock,17038631293,2010-06-25,"Rubio's Crock-Flop: Earlier in the Florida Senate campaign, Marco Rubio pledged his support for full repeal of Hea... http://bit.ly/atCde9",63812950,nonsense; rubbish; bullshit,insult,article_sharing,false,
crock,17038967473,2010-06-25,"#FactAboutLife ""only time will heal"" Is a crock of SHIT my grandma been gone since 03 feels Like she left yday sometimes.. Yu never forget",132927869,nonsense; rubbish; bullshit,insult,criticism,false,
crock,17039282946,2010-06-25,"@lesleygirl So when you do the oats in the crock, do you make enough for the week?",6967032,nonsense; rubbish; bullshit,insult,casual_conversation,false,
crock,17039512423,2010-06-25,"New post: My kalua pork recipe calls for 20 hours in the crock pot, but the setting only goes to 8 hours? http://cli.gs/hgXqY",159245671,nonsense; rubbish; bullshit,insult,food_related,false,
crock,17039856093,2010-06-25,Cooking Tips For Slow Cookers - › [] Miss Judys Southern Tips for Crock Pot Cooking My dear friend has a son... http://tumblr.com/xslc5y5qj,18372616,nonsense; rubbish; bullshit,insult,food_related,false,
crock,17685145182,2010-07-04,@edbankyscar Yeah I heard about it. What a crock... Pffft. And why the title change?! Fuck knows.,52321911,nonsense; rubbish; bullshit,insult,criticism,false,
crock,17685437707,2010-07-04,@RobinsGrlWonder Not Killer Crock.  And I'll plead the fifth for anything else. Your toes are prettier than mine anyway.,162476381,nonsense; rubbish; bullshit,insult,casual_conversation,false,
crock,17685915352,2010-07-04,"@Niki7a You might like the book ""Balance Is a Crock, Sleep Is for the Weak"", I just discovered it and wish I'd had it when I was a new mom.",62819722,nonsense; rubbish; bullshit,insult,casual_conversation,false,
crock,17686826755,2010-07-04,"RT @TLW3: ""v @LetFreedomRing7 Check this video out -- Glenn Beck:Global Warming greatest scam in history http://is.gd/derPC / Crock of shit""",19094006,nonsense; rubbish; bullshit,insult,article_sharing,false,
crock,17687400342,2010-07-04,my crack pipe dinner was deeeelicious!  oops i mean my crock pot!,34095612,nonsense; rubbish; bullshit,insult,food_related,false,
crock,17687405334,2010-07-04,REcipes update: Crock Pot Roast Recipe http://chickenrecipes.sve.cc/crock-pot-recipes/crock-pot-roast-recipe,153560668,nonsense; rubbish; bullshit,insult,food_related,false,
crock,17688291482,2010-07-04,update: Climate Denial Crock of the Week - Don't it make my Green World Brown http://bit.ly/aInkie,145913155,nonsense; rubbish; bullshit,insult,article_sharing,false,
crock,17688363584,2010-07-04,Crock rock!!!!!!!!!!!!!!!! @Do_Over http://tweetphoto.com/30650377,14482549,nonsense; rubbish; bullshit,insult,article_sharing,false,
crock,17688855518,2010-07-04,watch cooking videos : Easy Crock Pot Vegetable Soup http://bit.ly/d5a1vP,147825763,nonsense; rubbish; bullshit,insult,food_related,false,
crock,17689198406,2010-07-04,-&gt;: What is your tastiest beef crock pot recipe? http://bit.ly/cBn9Gl,135924544,nonsense; rubbish; bullshit,insult,food_related,false,
crock,21594138984,2010-08-19,making Sayur Lodeh (Malay vegetable curry) for staff pot luck. It's cooking in my office in a crock pot. Mmmmmm sedap lah! Baunya yang baik!,15112668,nonsense; rubbish; bullshit,insult,food_related,false,
crock,21594279245,2010-08-19,Aussie crock predicts election winner http://tinyurl.com/2fbcbor,15823826,nonsense; rubbish; bullshit,insult,article_sharing,false,
crock,21594432987,2010-08-19,@Konfytbekkie Sounds just divine!! DO enjoy. I'll be searching for my crock this side ;),34411087,nonsense; rubbish; bullshit,insult,casual_conversation,false,
crock,21594481081,2010-08-19,@Globug70 &lt;3 Crock pots!,19565266,nonsense; rubbish; bullshit,insult,food_related,false,
crock,21594501590,2010-08-19,"@Heyy_tommy thanks buddy. Working 14hrs a day for months on end is a crock! So over it. Time for swell, some comps n no pa tags.",106769381,nonsense; rubbish; bullshit,insult,casual_conversation,false,
crock,21595150394,2010-08-19,"@MsSparrows I will, thank you! Good luck with the crock...more crock, less cock, I hope! :)",27230702,nonsense; rubbish; bullshit,insult,casual_conversation,false,
crock,21595193166,2010-08-19,@jgriss7 lucky dog. Tell Crock I say hello,48006815,nonsense; rubbish; bullshit,insult,casual_conversation,false,
crock,21595604289,2010-08-19,“@gleegossip: Kings of Leon to Glee: Keep Away From Our Tunes! http://bit.ly/bjUvdK” what a crock of bird shit.,128429588,nonsense; rubbish; bullshit,insult,article_sharing,false,
crock,21595753992,2010-08-19,Next Day Delivery is really a crock.,44396301,nonsense; rubbish; bullshit,insult,commenting,false,
crock,21595813714,2010-08-19,@candlemama @shell1009 Right? I couldn't believe he was saying those things. And two years is a crock of shit,110548370,nonsense; rubbish; bullshit,insult,criticism,false,
crock,22416936260,2010-08-29,"What a night !! Really enjoyed my day w/ @Anmarieli :D :* jlg, tito, hasta doble t y el crock :p me quite !! G'night ;)",111616969,nonsense; rubbish; bullshit,insult,casual_conversation,false,
crock,22417928056,2010-08-29,RT @ShebaJo: #croc or not? #photo http://dld.bz/tEVS// Looks like a crock to me,35152275,nonsense; rubbish; bullshit,insult,article_sharing,false,
crock,22418426134,2010-08-29,@AgeofMastery That is what I thought too.. crock,22235918,nonsense; rubbish; bullshit,insult,casual_conversation,false,
crock,22419824848,2010-08-29,"More Carbon is Bad: YouTube- Climate Denial Crock of the Week: ""The Earth is Carbon Starved."" http://bit.ly/bjeB1L",63232985,nonsense; rubbish; bullshit,insult,article_sharing,false,
crock,22419985808,2010-08-29,"This night was a crock of shyt, I wish I was left tha fuck alone, I'm tired & irritated, so fuck sleep, & fuck U 2",128240989,nonsense; rubbish; bullshit,insult,commenting,false,
crock,22420162520,2010-08-29,"The ""CO2 is Plant Food"" Crock of the Week: Plants use CO2, therefore more CO2 is good. It's one of the hardy peren... http://bit.ly/bSsk7u",77067702,nonsense; rubbish; bullshit,insult,article_sharing,false,
crock,22420917028,2010-08-29,"Anyone seen story in the star today?? What a crock of shit!! Not that I'm jealous or anything lol, but seems but far fetched if u ask me!!",44929143,nonsense; rubbish; bullshit,insult,criticism,false,
crock,22421353636,2010-08-29,"Crock
O dile!",78372588,nonsense; rubbish; bullshit,insult,commenting,false,
crock,22421507655,2010-08-29,i hella feel like im in a chinese crock pot..,75720473,nonsense; rubbish; bullshit,insult,food_related,false,
crock,22512738083,2010-08-30,http://10-quart-crock.potdiscount.co.cc  #10 #Quart #Crock #Pot - Best Prices and reviews for 10 Quart Crock Pot 10 Quart Crock Pot,170335415,nonsense; rubbish; bullshit,insult,food_related,false,
crock,22512819783,2010-08-30,Blog Post: If I were to marinate a beef roast with a nice fat layer in red wine then place it in the crock pot? http://bit.ly/cQXeer,168268325,nonsense; rubbish; bullshit,insult,food_related,false,
crock,22513189074,2010-08-30,http://6-quart-crock.potdiscount.co.cc  #6 #Quart #Crock #Pot 6 Quart Crock Pot - Best Prices on 6 Quart Crock Pot Best Offers Wholesale,170335415,nonsense; rubbish; bullshit,insult,food_related,false,
crock,22513663339,2010-08-30,@roooney83 Personally I think the whole 2PP debate is a crock which ever side you look at it from,54793629,nonsense; rubbish; bullshit,insult,casual_conversation,false,
crock,22513681167,2010-08-30,Enter to WIN a Crock Pot with @aly3360 at Into The Cooking Pot http://tiny.cc/ri57l Open to US and CANADA #giveaway,15741543,nonsense; rubbish; bullshit,insult,food_related,false,
crock,22513883882,2010-08-30,Blog Post: Rival SCVC604HSS 6 Qt. Removable Crock Pot Slow Cooker http://bit.ly/aMyHQg,168268325,nonsense; rubbish; bullshit,insult,food_related,false,
crock,22513929249,2010-08-30,"I liked a YouTube video -- Climate Denial Crock of the Week: ""The Earth is Carbon Starv... http://youtu.be/uE6at2IEUOU?a",46577579,nonsense; rubbish; bullshit,insult,article_sharing,false,
crock,22514268609,2010-08-30,Premonition ~gazes into crystal ball~ In an hour's time i will feel like a total crock of shit. Watch this space beautiful people of Twitter,43740368,nonsense; rubbish; bullshit,insult,criticism,false,
crock,22514393490,2010-08-30,#Commercial #Crock #Pot http://commercial-crock.potdiscount.co.cc  Commercial Crock Pot - Best Prices and reviews for Commercial Crock Pot,170335415,nonsense; rubbish; bullshit,insult,food_related,false,
crock,22514996295,2010-08-30,RT @RecipeQueen1 recipe blog - (Crock Pot Cooking) EZ & Healthy Recipe: by Rico Connor | bst ... http://pmt.375.0sp.in *It's the best #food,107481734,nonsense; rubbish; bullshit,insult,food_related,false,
crock,23238898082,2010-09-07,"@CarolineManzo  I love your outlook on life in general.  And ""this is a crock of shit"" cracked me up.  The truth was spoken.",25128402,nonsense; rubbish; bullshit,insult,criticism,false,
crock,23240344261,2010-09-07,"@RockDocLV  That's a crock. Conservatives are disgusted by Pelosi, but we don't ""freak out"" over her. Libs are SCARED!",20330799,nonsense; rubbish; bullshit,insult,casual_conversation,false,
crock,23241476701,2010-09-07,http://www.bigoven.com/recipe168344 Crock Pot Italian Roast recipe Yummy & I know my wife would love to make it for our hungry family. ;-),181300256,nonsense; rubbish; bullshit,insult,food_related,false,
crock,23241675576,2010-09-07,@bigaggiemac He WOULD like The Deep.It was the biggest crock of shit on telly for years..lol,57457147,nonsense; rubbish; bullshit,insult,criticism,false,
crock,23242177696,2010-09-07,"Lectures for the week done, a ton of dissertation work done, Cincinnati chili cooking in crock pot, #SoA tonight. Why am I in a foul mood?",85744852,nonsense; rubbish; bullshit,insult,food_related,false,
crock,23243599361,2010-09-07,"David Mamet on screenwriting: ""ANY TIME TWO CHARACTERS ARE TALKING ABOUT A THIRD, THE SCENE IS A CROCK OF SHIT."" http://trunc.it/azy6m",18875989,nonsense; rubbish; bullshit,insult,article_sharing,false,
crock,23243780676,2010-09-07,Watching these kardashions for the fist time and I must say with no offence intended..what a crock of shit,29924366,nonsense; rubbish; bullshit,insult,criticism,false,
crock,23244195004,2010-09-07,"Let a man crock while I'm fuckin him. Ima get up and dance like Jody in Baby Boy. ""Yeah muhfugga, I put the SMACKDOWN""",23650817,nonsense; rubbish; bullshit,insult,commenting,false,
crock,23244474493,2010-09-07,roast in the crock pot for dinner with carrots and potatoes fresh from the garden,14633555,nonsense; rubbish; bullshit,insult,food_related,false,
crock,23244493203,2010-09-07,"Bye RT @JaySoSchweet Let a man crock while I'm fuckin him. Ima get up and dance like Jody in Baby Boy. ""Yeah muhfugga, I put the SMACKDOWN""",29877564,nonsense; rubbish; bullshit,insult,casual_conversation,false,
crock,24797457403,2010-09-17,RT @AceBillionaire: @jazz2flyy hazardous to mankind...&lt;~aww dats a crock of bull....,76266940,nonsense; rubbish; bullshit,insult,casual_conversation,false,
crock,24797733022,2010-09-17,New post: Crock-Pot Crock Spoon http://bit.ly/aLvHLK #Crock #crockpot #Spoon,161664841,nonsense; rubbish; bullshit,insult,article_sharing,false,
crock,24797868104,2010-09-17,@roni_seabury I saw that you won the crock pot at the party at the Nova Studio.  I wish I had won earlier so I could get what I wanted.,17610097,nonsense; rubbish; bullshit,insult,food_related,false,
crock,24798165177,2010-09-17,"RT @CarrieNyden check out @JCDFitness's post about why ""clean"" eating is a crock of poo. http://bit.ly/cT0fEI",14753312,nonsense; rubbish; bullshit,insult,article_sharing,false,
crock,24798318878,2010-09-17,seguindo cockado! — Crock juice http://4ms.me/9QsNgi,65761022,nonsense; rubbish; bullshit,insult,article_sharing,false,
crock,24798530252,2010-09-17,"Dear #ycyc storage of data isn't where the crock of gold is. Management of data is where the value add is, #dataquality and #dataprotection",18745483,nonsense; rubbish; bullshit,insult,commenting,false,
crock,24798655050,2010-09-17,@ChrisRieger The croc sightings could be a crock???,103845812,nonsense; rubbish; bullshit,insult,casual_conversation,false,
crock,24798656582,2010-09-17,"RT @allyou: Break out the crock pot, we've got an awesome Chipotle Shredded Beef recipe for you! http://ow.ly/2G32N",123096991,nonsense; rubbish; bullshit,insult,food_related,false,
crock,24798738572,2010-09-17,"Tying up a few loose ends at work and then gloriously welcoming the weekend with open arms, Crock Pot beef stew, + @lucid378.",19053903,nonsense; rubbish; bullshit,insult,food_related,false,
crock,24798741949,2010-09-17,What a crock.... FREE AJ!,14195339,nonsense; rubbish; bullshit,insult,criticism,false,
crock,26009386474,2010-09-30,"This fingerhut catalog is a crock. Or for crackheads, who in the shit is gonna pay 6.99 a month for something that costs 39.99??",26831293,nonsense; rubbish; bullshit,insult,commenting,false,
crock,26009408421,2010-09-30,Get a free Blarney Crock when u buy a full-price entree. Not valid with other promotions. Offer expires 3-Oct-2010. Show us this tweet!,50027443,nonsense; rubbish; bullshit,insult,commenting,false,
crock,26009440441,2010-09-30,@admgre that's a crock. I hold perron responsible for not calling me,5739392,nonsense; rubbish; bullshit,insult,casual_conversation,false,
crock,26010043762,2010-09-30,Making beef stew in my new crock pot...I feel so domestic!,152537914,nonsense; rubbish; bullshit,insult,food_related,false,
crock,26010062903,2010-09-30,#fshow has been cancelled. Crock of shite I say. FX stopped being fun when it stopped being just a toy show. Stick with what you know. Toys.,24794914,nonsense; rubbish; bullshit,insult,criticism,false,
crock,26010627733,2010-09-30,"ANTIQUE BEAN POT WITH COVER 
http://www.etsy.com/listing/57628115/crock-bean-pot",146506385,nonsense; rubbish; bullshit,insult,article_sharing,false,
crock,26010662778,2010-09-30,i loathe ricky gervais.   and this karl pilkington thing on tv is so dull.     crock.  of.  shit.   #anidiotabroad,25372334,nonsense; rubbish; bullshit,insult,commenting,false,
crock,26010863528,2010-09-30,@FoodNetwork I only cook chili and meatballs in mine.  I don't think any of my other dishes would work in a crock pot.,189286212,nonsense; rubbish; bullshit,insult,food_related,false,
crock,26010986713,2010-09-30,is so ready to go home and enjoy the fruits of my crock pot!,56703729,nonsense; rubbish; bullshit,insult,food_related,false,
crock,26011089941,2010-09-30,@Shoegalsedgwick What a crock! I wouldn't have been able to keep a straight face.,19260868,nonsense; rubbish; bullshit,insult,criticism,false,
crock,27576489138,2010-10-16,My daughter just baked gingerbread muffins. Beef stew in the crock pot. Football on TV. NOW it smells like fall!,37744484,nonsense; rubbish; bullshit,insult,food_related,false,
crock,27576570901,2010-10-16,@SuzieWong30 That's cos it's a crock of crap...;),19497301,nonsense; rubbish; bullshit,insult,casual_conversation,false,
crock,27576589800,2010-10-16,Double Crock Pot: 6 Facts You Need To Know Before You Buy - HTC ...: Double Crock Pot: 6 Facts You Need To Know Be... http://bit.ly/aBlxDV,144312360,nonsense; rubbish; bullshit,insult,food_related,false,
crock,27576630430,2010-10-16,RT @michellemalkin: David Brooks: Obama told me “shovel-ready” was a crock…a year ago http://is.gd/g4xZS,26682750,nonsense; rubbish; bullshit,insult,article_sharing,false,
crock,27577174467,2010-10-16,Yum! RT @10MinuteWriter: My daughter just baked gingerbread muffins. Beef stew in the crock pot. Football on TV. NOW it smells like fall!,25334258,nonsense; rubbish; bullshit,insult,food_related,false,
crock,27577220517,2010-10-16,I bought a blender...my life is almost complete!  Now I just need a dern crock pot.............hmmmm,18961310,nonsense; rubbish; bullshit,insult,food_related,false,
crock,27577325135,2010-10-16,"The black bean dip is in the crock pot, chips are ready, and the pool awaits...#CoorsHome",19790013,nonsense; rubbish; bullshit,insult,food_related,false,
crock,27577340747,2010-10-16,Waiting 4 the crock pot 2 work its magic on my chile verde & watching Tejas U handle the 'Huskers (must be nice 2 have a fast D),25569874,nonsense; rubbish; bullshit,insult,food_related,false,
crock,27577385396,2010-10-16,RP's Cooking Update Crock Pot Adventures... http://bit.ly/bwRMdE #cooking #recipes,172814745,nonsense; rubbish; bullshit,insult,food_related,false,
crock,27577607919,2010-10-16,Check out the latest at Slow Cookers Crock Pots Blog: http://bit.ly/aAQN8a,99662553,nonsense; rubbish; bullshit,insult,food_related,false,
crock,27675332548,2010-10-17,"Clean House, Roast in the crock pot...I love Sunday afternoons.",131302653,nonsense; rubbish; bullshit,insult,food_related,false,
crock,27675503283,2010-10-17,Coconut Chicken Curry is in the crock pot...house is smelling YUMMY!,18573072,nonsense; rubbish; bullshit,insult,food_related,false,
crock,27675544734,2010-10-17,"Just bought some posterboard, im gonna go set up a design for the crock pot. I bought more beer. Gonna drink till my liver hurts. Wulftan",56713136,nonsense; rubbish; bullshit,insult,food_related,false,
crock,27675878737,2010-10-17,"MonsterQuest with my lil man and a cold beer, stew in the crock pot and a hubby at home LIFE IS GOOD",28420423,nonsense; rubbish; bullshit,insult,food_related,false,
crock,27675887528,2010-10-17,A nice stoneware crock from Belleville Ontario | Flickr - Photo ... http://bit.ly/b3tu0e,86383332,nonsense; rubbish; bullshit,insult,article_sharing,false,
crock,27676062453,2010-10-17,The show last night was gay.  Wasted Illusions lived up to their name last night with that show. What a crock of SHIT! Thanks to the 10...,130551567,nonsense; rubbish; bullshit,insult,criticism,false,
crock,27676387763,2010-10-17,Home from my oldest boy's college soccer game & dinner of beef stew is waiting in the crock pot. Perfect fall day!,26903796,nonsense; rubbish; bullshit,insult,food_related,false,
crock,27676481438,2010-10-17,RT @Crock_Pots_Rock: The #slowcooker Daily is out! http://bit.ly/desAcP ▸ Top stories today by @Momhatescooking @apriljharris...,73396325,nonsense; rubbish; bullshit,insult,article_sharing,false,
crock,27677030452,2010-10-17,"Homemade scones and homemade apple butter! Unfortunately the country crock is not homemade, nor does it come from an actual country crock.",15689476,nonsense; rubbish; bullshit,insult,food_related,false,
crock,27819853810,2010-10-19,just added this: http://carrigansjoy.blogspot.com/2010/10/mexican-crock-pot-chicken.html to my crockpot!,15327423,nonsense; rubbish; bullshit,insult,article_sharing,false,
crock,27820309524,2010-10-19,red wing crock # 12 (Chicago) - $125  http://tinyurl.com/39of9sy,154376070,nonsense; rubbish; bullshit,insult,article_sharing,false,
crock,27820348280,2010-10-19,Sounds delish!! RT @3Carrigans just added this: http://carrigansjoy.blogspot.com/2010/10/mexican-crock-pot-chicken.html to my crockpot!,63146653,nonsense; rubbish; bullshit,insult,article_sharing,false,
crock,27820630439,2010-10-19,Note to self: Crock Pot does not work unless plugged in. Side note: Took me 15 minutes to figure this out this morning!,44625578,nonsense; rubbish; bullshit,insult,food_related,false,
crock,27820798309,2010-10-19,I must be insane. I gót up extra early this morning to put dinner in the crock pot!? 2:45...making din?!,38469780,nonsense; rubbish; bullshit,insult,food_related,false,
crock,27820921314,2010-10-19,Newcastle crock Ben Arfa assured of full recovery by surgeon: Newcastle United midfielder Hatem Ben Arfa has been ... http://bit.ly/bzkBOH,178646840,nonsense; rubbish; bullshit,insult,article_sharing,false,
crock,27821570972,2010-10-19,@Ntharbie_T duuuuuuuuude! With that scaly crock face!,159413493,nonsense; rubbish; bullshit,insult,casual_conversation,false,
crock,27821864227,2010-10-19,"YUM! RT @anna_r: Ingredients all set for crock pot baked potato soup (thanks, @blessedlife2, for the recipe!) Can't wait to try it tomorrow!",25451308,nonsense; rubbish; bullshit,insult,food_related,false,
crock,27822000143,2010-10-19,"Just made it too! RT @anna_r: Ingredients all set for crock pot baked potato soup (thanks, @blessedlife2, for recipe!) Can't wait to try it!",55708688,nonsense; rubbish; bullshit,insult,food_related,false,
crock,27823538093,2010-10-19,"dinner is in the crock pot. This means after my four hours of sleep last night, I can serve dinner and then CRASH! WIN!",172729068,nonsense; rubbish; bullshit,insult,food_related,false,
crock,27899192872,2010-10-20,This series is the biggest crock of shit I've seen in 6 years.,64048211,nonsense; rubbish; bullshit,insult,criticism,false,
crock,27899342507,2010-10-20,Soup fully cooked. Will frig it tonight. How much time does it need in the crock tomorrow aft to re-warm? Or should I stove and transfer?,14675489,nonsense; rubbish; bullshit,insult,food_related,false,
crock,27899621900,2010-10-20,Windows up and beef stew in the crock pot.  I love fall!,103946684,nonsense; rubbish; bullshit,insult,food_related,false,
crock,27899931888,2010-10-20,SPURS: Crock hell over for hopeful Jenas - http://fwix.com/a/49_0e6edb35e0,80518048,nonsense; rubbish; bullshit,insult,article_sharing,false,
crock,27900475774,2010-10-20,@CameronClark yup 2nd pick...I think we are gonna need one more guy...you have any friends up in CRock that would be interested?,73319985,nonsense; rubbish; bullshit,insult,casual_conversation,false,
crock,27900618346,2010-10-20,picking up a Tyson's pot roast stew with veggies at Walmart was awesome.  For only $9 I got everything for my crock pot.,23104229,nonsense; rubbish; bullshit,insult,food_related,false,
crock,27901024317,2010-10-20,"RT @legacyb4: Gordon Campbell says ""Two people acted on their own and acted criminally""; what a crock of shit. #scapegoats",37307237,nonsense; rubbish; bullshit,insult,criticism,false,
crock,27901153322,2010-10-20,@Markedw I had a kangaroo burger down there and fresh crock... tasted like really tough chicken.,54232479,nonsense; rubbish; bullshit,insult,casual_conversation,false,
crock,27901459942,2010-10-20,"BBQ tenderloin in the crock pot, cole slaw, baked beans & pumpkin bread w/Cool Whip. Now that's a lunch I'm lookin forward to. #GotMyCookOn",19850814,nonsense; rubbish; bullshit,insult,food_related,false,
crock,27901493191,2010-10-20,@MarcAnthonyR17 what kind? Im making some pulled prok in the crock pot!,33964306,nonsense; rubbish; bullshit,insult,food_related,false,
crock,28988206147,2010-10-28,A Crock Pot is a Working Mom's Best Friend. I made this Beef and Pumpkin Soup in mine.  Yum! http://bit.ly/bSSxAN,54933782,nonsense; rubbish; bullshit,insult,food_related,false,
crock,28988916591,2010-10-28,Fall Beef Crock Pot http://nblo.gs/9LJTX,187353581,nonsense; rubbish; bullshit,insult,food_related,false,
crock,28989386877,2010-10-28,@Crock_Pots_Rock Just went full time in Sept. Becoming reacquainted with my CrockPot! Loved this Beef & Pumpkin Soup http://bit.ly/bSSxAN,54933782,nonsense; rubbish; bullshit,insult,food_related,false,
crock,28989626870,2010-10-28,RT @MelisaNutrition: A Crock Pot is a Working Mom's Best Friend. I made this Beef and Pumpkin Soup in mine.  Yum! http://bit.ly/bSSxAN,47116709,nonsense; rubbish; bullshit,insult,food_related,false,
crock,28990306324,2010-10-28,@TaraLSF @ashuping wouldn't it be nice if we can turn on and off crock pots and rice makers? :),21910403,nonsense; rubbish; bullshit,insult,food_related,false,
crock,28990375465,2010-10-28,RT @MelisaNutrition: A Crock Pot is a Working Mom's BFF. I made this Beef&Pumpkin Soup in mine.Yum! http://bit.ly/bSSxANhttp://bit.ly/bSSxAN,23082992,nonsense; rubbish; bullshit,insult,food_related,false,
crock,28990562240,2010-10-28,A Crock Pot is a Working Mom's Best Friend. I made this Beef & Pumpkin Soup in mine. Yum! http://bit.ly/bSSxAN @_workingmother_ #wmworklife,54933782,nonsense; rubbish; bullshit,insult,food_related,false,
crock,28990660152,2010-10-28,RT @MelisaNutrition: A Crock Pot is a Working Mom's Best Friend. I made this Beef & Pumpkin Soup in mine. Yum! http://bit.ly/bSSxAN,16246788,nonsense; rubbish; bullshit,insult,food_related,false,
crock,28992979212,2010-10-28,"@Beau_Moi88 MAN....crock and bull, bull and crock...LMAO",18905165,nonsense; rubbish; bullshit,insult,casual_conversation,false,
crock,28993346595,2010-10-28,10k Facebook Fans for only $500! Buy Today! http://ow.ly/30Pxh (What a crock of #bullsocial),19217794,nonsense; rubbish; bullshit,insult,article_sharing,false,
crock,1249822514348033,2010-11-07,brisket in crock pot with lots of good stuff. here's hoping it is fab.  haven't made one in a long time. dinner will be brisket all week ;),10502972,nonsense; rubbish; bullshit,insult,food_related,false,
crock,1251648173248512,2010-11-07,#GIVEAWAY @staceymoore Win a Butter Bell Crock ~ http://tinyurl.com/3xhcfph ~ Please RT,17783069,nonsense; rubbish; bullshit,insult,article_sharing,false,
crock,1252054244786176,2010-11-07,"Rise and Shine .... Breakfast,dogs to the park,roast in the crock pot and off to a craft show ! Looks like a beautiful day !",21667025,nonsense; rubbish; bullshit,insult,food_related,false,
crock,1252457237708800,2010-11-07,Putting on the crock pot and then painting all day..yea!..Check this out on Art Neighbor - http://www.artneighbor.com/photo.php?id=8153,58662242,nonsense; rubbish; bullshit,insult,food_related,false,
crock,1252819927568384,2010-11-07,"@jonhickman I reckon I can give it three hours of my time, if it's a pile of crock I'm invoicing you.",14731797,nonsense; rubbish; bullshit,insult,casual_conversation,false,
crock,1253141387415552,2010-11-07,"@Jackie272727  @chthoniid of course, we never see it. So, we must just believe that these mutations turned a rock into a crock in M of yrs.",54242327,nonsense; rubbish; bullshit,insult,casual_conversation,false,
crock,1253775532630016,2010-11-07,Again the only way is Essex = crock of shit!!! Good weekend in York! Home after a roast yum yum!!,25373787,nonsense; rubbish; bullshit,insult,criticism,false,
crock,1254595930099712,2010-11-07,"@KCITP it was ""the place"" wasn't it? LOL crock of chicken pot pie... And that chocolate pecan pie. OMG!",16635280,nonsense; rubbish; bullshit,insult,casual_conversation,false,
crock,1256301929697280,2010-11-07,"Looking forward to a relaxing day!  Brunch at Brandy's with my main squeeze, then home for Bears football and another crock pot experiment.",14157780,nonsense; rubbish; bullshit,insult,food_related,false,
crock,1256319961014272,2010-11-07,Chicken chilli in crock pot can't wait for the game tdy enjoy you're day,25059477,nonsense; rubbish; bullshit,insult,food_related,false,
crock,1401252256677888,2010-11-07,RT @IanTaylor7: Ha ha!! This is why I DON'T watch  #xfactor! Wow! What a crock!,24144525,nonsense; rubbish; bullshit,insult,criticism,false,
crock,1403570180067328,2010-11-07,@KMKOC. I make it in the crock pot. It's a really good dinner. I don't eat red meat so it works out well.,21907445,nonsense; rubbish; bullshit,insult,food_related,false,
crock,1403792436236288,2010-11-07,#GIVEAWAY @staceymoore Win a Butter Bell Crock  ~    http://tinyurl.com/3xhcfph  ~  Please RT (ends 11-8),36035013,nonsense; rubbish; bullshit,insult,article_sharing,false,
crock,1403917300662272,2010-11-07,#GIVEAWAY @staceymoore Win a Butter Bell Crock ~   http://tinyurl.com/3xhcfph ~ Please RT,36035013,nonsense; rubbish; bullshit,insult,article_sharing,false,
crock,1404940039749632,2010-11-07,Awesome radio show today completed. Crock pot is a cookin' now heading to Wasilly to run some errands. #Alaska,34989236,nonsense; rubbish; bullshit,insult,food_related,false,
crock,1404958528245760,2010-11-07,"Time for a new slow cooker? Check this out!  Slow Cooker Reviews: ""Rival Smart Pot Crock Pot"" - http://bit.ly/cedrxV",38254564,nonsense; rubbish; bullshit,insult,food_related,false,
crock,1405005340872704,2010-11-07,@chinchok southern savers...barilla pasta and country crock butter. Pasta is not only free...u make 36 cents for each box.,16598221,nonsense; rubbish; bullshit,insult,food_related,false,
crock,1405144549826560,2010-11-07,@ehilpipre try putting it in a crock pot! Very easy and yummy!,161717092,nonsense; rubbish; bullshit,insult,food_related,false,
crock,1405400075206656,2010-11-07,Is Social Media Marketing A Crock? http://bit.ly/cb6P0O,194752777,nonsense; rubbish; bullshit,insult,article_sharing,false,
crock,1405795799404544,2010-11-07,Target.com -- Free Crock-Pot Travel Bag with Purchase of Select Crock-Pots http://bit.ly/9mXAzy,208743847,nonsense; rubbish; bullshit,insult,article_sharing,false,
crock,3985831094124544,2010-11-15,Easy Crock Chicken http://bit.ly/cRI8cH #foodie,138334186,nonsense; rubbish; bullshit,insult,article_sharing,false,
crock,3986237589295104,2010-11-15,Nice Crescent Moon Brown Stoneware Celestial Crock 10 X 3.5 Bowl Vintage http://tinyurl.com/28ltgyw at Bonanza.,17243533,nonsense; rubbish; bullshit,insult,article_sharing,false,
crock,3986805196062720,2010-11-15,RT @kindred_spirit The Butter Bell Crock: How Did I Ever Live Without It? (Giveaway!) http://bit.ly/bGD6M4,23870867,nonsense; rubbish; bullshit,insult,article_sharing,false,
crock,3987368994406400,2010-11-15,"Roast, red potatoes in the crock pot.",64141011,nonsense; rubbish; bullshit,insult,food_related,false,
crock,3988625515618304,2010-11-15,Win a Butter Bell crock. Keeps butter fresh and soft on your counter for holiday eating and cooking! http://goo.gl/fb/UPtkt @katydidandkid,23870867,nonsense; rubbish; bullshit,insult,article_sharing,false,
crock,3988710349606912,2010-11-15,"Making stuffed cabbage in crock pot
 for tomorrow's dinner yummy",215073268,nonsense; rubbish; bullshit,insult,food_related,false,
crock,3988788674043904,2010-11-15,RT @crock_pots_rock: Make this #crockpot #breakfast casserole http://t.co/XOqbM1z for your #Thanksgiving morning crowd Make it EZ on urself.,73396325,nonsense; rubbish; bullshit,insult,article_sharing,false,
crock,3988982559940608,2010-11-15,"@1KISS_JUB I made a chicken in the crock pot, crab dip, steamed broccoli, and parmesan pasta!",214365927,nonsense; rubbish; bullshit,insult,food_related,false,
crock,3989235409362944,2010-11-15,"@PORSH2BANGY4YUH bitch you look like you need to be on ""e"" crock in the face ass bitch",47013341,nonsense; rubbish; bullshit,insult,casual_conversation,false,
crock,3989397372411904,2010-11-15,I love when my crock pot boo @thatsbizz starts waxing philosophical! it makes my brian tingle. #mentalX,80752454,nonsense; rubbish; bullshit,insult,food_related,false,
crock,4896339192184832,2010-11-17,Put Your Crock Pot to Use for the Thanksgiving Holiday http://goo.gl/fb/D9kjf #crockpot #holidays,192296011,nonsense; rubbish; bullshit,insult,food_related,false,
crock,4896893972779008,2010-11-17,Beer Cheese Soup in a Crock Pot http://linkb.com/F2IS0,21658412,nonsense; rubbish; bullshit,insult,food_related,false,
crock,4897191374094338,2010-11-17,RT @crock_pots_rock: Put Your Crock Pot to Use for the Thanksgiving Holiday http://goo.gl/fb/D9kjf #crockpot #holidays,73396325,nonsense; rubbish; bullshit,insult,food_related,false,
crock,4897297527734272,2010-11-17,Meetings all morning. Posting later. Pot roast in the crock pot. SpongeBob SquarePants. Now I'm just naming random shit. #headlesschicken,8536722,nonsense; rubbish; bullshit,insult,food_related,false,
crock,4897575987576832,2010-11-17,I can't believe boutiques.com is women's only. What a crock.,15281800,nonsense; rubbish; bullshit,insult,criticism,false,
crock,4897812932198400,2010-11-17,Good day for beef stew in the crock pot.,163811122,nonsense; rubbish; bullshit,insult,food_related,false,
crock,4897841738682368,2010-11-17,"Roast in the crock pot. See you in 8 hours, delicousness!!!",74236621,nonsense; rubbish; bullshit,insult,food_related,false,
crock,4897867336523776,2010-11-17,Wants to put something in the crock pot for dinner but can't choose between chili or potato soup. Input?,55192702,nonsense; rubbish; bullshit,insult,food_related,false,
crock,4897896860229632,2010-11-17,BUTTER BELL CROCK GIVEAWAY http://takeitfrom-me.blogspot.com/2010/11/l-tremain-butter-bell-crock-review.html,189119382,nonsense; rubbish; bullshit,insult,article_sharing,false,
crock,8335294239604736,2010-11-27,@bongsmoker i think crock pot recipe would be better. May i get it from you when i'm back online please.?,63502212,nonsense; rubbish; bullshit,insult,food_related,false,
crock,8335702089535489,2010-11-27,Crock Pot Crazies  http://j.mp/gtFLrP  #Walmart #blackfriday #sad,24060607,nonsense; rubbish; bullshit,insult,food_related,false,
crock,8336016624582657,2010-11-27,@crock_P lol I'm gettin there,173837825,nonsense; rubbish; bullshit,insult,casual_conversation,false,
crock,8338681614045184,2010-11-27,"#Giveaway The Original Butter Bell Butter Crock French Butter Dish 4 Winners&lt;br /&gt;
#NetWorkingWitches 11/29 http://t.co/tDizLvs",29318599,nonsense; rubbish; bullshit,insult,article_sharing,false,
crock,8338965002194944,2010-11-27,"RT @crock_P: just read the Gentlemen's Guide link on www.hollyroger.com, good stuff",186504953,nonsense; rubbish; bullshit,insult,casual_conversation,false,
crock,8340466722410496,2010-11-27,@huskerextra you know as well as I do that there will be a big 12 rep at the OU vs OSU game tomorrow.  What a crock of smelly dog POOP,185621513,nonsense; rubbish; bullshit,insult,criticism,false,
crock,8341244090523648,2010-11-27,Ok found a 12hr Crock Pot recipe for my beef tongue. Gonna have to put it off for tomorrow.,14467331,nonsense; rubbish; bullshit,insult,food_related,false,
crock,8341383341412352,2010-11-27,@heaber926 http://www.crock-pot.com/  There also looks to be an iPhone app,16678550,nonsense; rubbish; bullshit,insult,article_sharing,false,
crock,8342694526980096,2010-11-27,@AriesSweetie Biggest crock of shit. But thanks.,16537596,nonsense; rubbish; bullshit,insult,criticism,false,
crock,8343478165569537,2010-11-27,“@JayAmazin: @AriesSweetie Biggest crock of shit. But thanks.”,64250596,nonsense; rubbish; bullshit,insult,criticism,false,
crock,14419758292140032,2010-12-13,Nine West Brown Crock Purse Handbag http://tinyurl.com/2a936rw at Bonanza.,30443536,nonsense; rubbish; bullshit,insult,article_sharing,false,
crock,14419993928138752,2010-12-13,Feeling domestic today! Ultimate tacos in the crock pot and homemade truffles made for dessert. Now if I could just stop procrastinating...,78980211,nonsense; rubbish; bullshit,insult,food_related,false,
crock,14421690918375424,2010-12-13,Theme for office's Christmas potluck: slow cooking. Wonder how a Crock Pot filled with hot water and hardboiled eggs would be received...,33742329,nonsense; rubbish; bullshit,insult,food_related,false,
crock,14422724101275648,2010-12-13,I LOVE having Kev home on a vaca day and me home with a work-free day! cuddle city and chx pot pie in the crock...This is the best : ),14195562,nonsense; rubbish; bullshit,insult,commenting,false,
crock,14424161086607360,2010-12-13,"It's so Cold, there can't be Global Warming - Ideas for Going Green: In support of the Climate of Denial Crock W... http://bit.ly/eC6qn2",58028403,nonsense; rubbish; bullshit,insult,article_sharing,false,
crock,14424553241448448,2010-12-13,What a Crock: Italian Beef http://coldmud.com/red.cfm?type=e&id=82052,68385388,nonsense; rubbish; bullshit,insult,article_sharing,false,
crock,14424793872867328,2010-12-13,"Crock Tees: ""Roudolf In The Woods"" (@crocktees) http://bit.ly/eTAkPo",70985877,nonsense; rubbish; bullshit,insult,article_sharing,false,
crock,14426009168248832,2010-12-13,Crock pot full of homemade veggie chili. All's good in the neighbourhood. Crisis averted thanks to my best friend and a pair of tights,98208705,nonsense; rubbish; bullshit,insult,food_related,false,
crock,14426747202174976,2010-12-13,What a Crock: Italian Beef: 13 2010 @ 2:00PM I'm guessing a certain Houston Press writer might enjoy making this... http://bit.ly/f1tibg,71291856,nonsense; rubbish; bullshit,insult,article_sharing,false,
crock,14428098401402880,2010-12-13,RT @jAdOrejAnAy: When they say baby I'll never leave you...that is the biggest crock of shit ever and you an (cont) http://tl.gd/7fp2f8,115711612,nonsense; rubbish; bullshit,insult,article_sharing,false,
crock,18950695319240704,2010-12-26,At Dar Al Shifa hospital...went to see a specialist at 11:30 and the Dr isn't going to be there till 5pm. What a crock of shit!,177402276,nonsense; rubbish; bullshit,insult,criticism,false,
crock,18952431345864704,2010-12-26,"@kholy That guy is a bonified crook, and mouth piece for a bunch of crooks, using the biggest herald tribune in Egypt to promote his crock!",208694676,nonsense; rubbish; bullshit,insult,casual_conversation,false,
crock,18953109699043328,2010-12-26,yum~ Baking Desserts In Your Crock Pot | hot dog stand tribute: Did you know that you can bake delicious dessert... http://bit.ly/egqEfp,68584752,nonsense; rubbish; bullshit,insult,food_related,false,
crock,18964477948993536,2010-12-26,Is pulled pork sandwhiches is easy to make in the crock pot? http://bit.ly/gsL2cR,164497035,nonsense; rubbish; bullshit,insult,food_related,false,
crock,18968503868465152,2010-12-26,What a crock of shite. No horse racing & now no Liverpool game.,43582531,nonsense; rubbish; bullshit,insult,criticism,false,
crock,18978572710453248,2010-12-26,"RT @vigilantlady -Crock Pot - Pigs In A Blanket Cabbage Rolls Recipe http://www.abcfoodandrecipe.com/blog/?p=121 #recipes, #food",28169354,nonsense; rubbish; bullshit,insult,food_related,false,
crock,18979018778877952,2010-12-26,Dr Who was a crock. #drwho,18197377,nonsense; rubbish; bullshit,insult,commenting,false,
crock,18980365267902464,2010-12-26,NIGGAS STILL CROCK TOO,47451201,nonsense; rubbish; bullshit,insult,commenting,false,
crock,18984602169245696,2010-12-26,IOTD 1950s Refrigerator Crock Green Large by by JustPlainVintage http://www.etsy.com/listing/52465534,65260702,nonsense; rubbish; bullshit,insult,article_sharing,false,
crock,18993057177272320,2010-12-26,"About to grab some groceries for the crock pot. If I'm going to be snowed-in today, I'm doin' it with food. #foreverafatkid",25063487,nonsense; rubbish; bullshit,insult,food_related,false,
crock,20251690590539776,2010-12-29,Almost off of work I can't wait to go home to the beef stew I left cooking in the crock pot!!!,198067274,nonsense; rubbish; bullshit,insult,food_related,false,
crock,20252734850605056,2010-12-29,Busy days go fast. I am going home now. There is soup in the crock pot. yes.,6703202,nonsense; rubbish; bullshit,insult,food_related,false,
crock,20253781526585344,2010-12-29,Ohhhhh he's a Deputy Sheriff's son. That explains it. What a crock of shit!!,14592232,nonsense; rubbish; bullshit,insult,criticism,false,
crock,20253859666460672,2010-12-29,"Watchin the cooking channel, learning how to put this crock pot to use.. Let's get it Pauly! #slowcookin",39180736,nonsense; rubbish; bullshit,insult,food_related,false,
crock,20254796816588800,2010-12-29,Paula Deen's making mac'n chz in the crock pot...Hmmmm?,87722820,nonsense; rubbish; bullshit,insult,food_related,false,
crock,20256581367107584,2010-12-29,@aramisette  We're making Yankee pot roast w/ veggies in the crock pot. @morphiaflow is bringing a cheeseball too lol. I'll DM u the addy.,27944705,nonsense; rubbish; bullshit,insult,food_related,false,
crock,20256650497630208,2010-12-29,Watching @Paula_Deen cook crock pot mac & cheese is making me really hungry! :),15870591,nonsense; rubbish; bullshit,insult,food_related,false,
crock,20256696202952704,2010-12-29,Does Paula Dean cook anything healthy? I just watched her make heart-attack-Mac-and-Cheese.....in a crock pot.,38197731,nonsense; rubbish; bullshit,insult,food_related,false,
crock,20256932707172352,2010-12-29,"I just seen the biggest crock of shit ever. 78,000 for a 2 bedroom, 1 bathroom house and its only 780 sq ft. Who the fuck is gonna buy this?",73291617,nonsense; rubbish; bullshit,insult,criticism,false,
crock,20257684087382016,2010-12-29,RT @dawnsing: Watching @Paula_Deen cook crock pot mac & cheese is making me really hungry! :) &lt;--@understandblue LOL Paula is doing ur dish!,16704645,nonsense; rubbish; bullshit,insult,food_related,false,
fidiot,7466175269,2010-01-07,Gilbert arenas is a fidiot.,39400826,a fucking idiot; emphatic insult blend,insult,criticism,false,
fidiot,7466234633,2010-01-07,RT @yung_dre007 Gilbert arenas is a fidiot.&lt;&lt;&lt; so u making up words now?? Fidiot??? Lol,79552643,a fucking idiot; emphatic insult blend,insult,humor,false,
fidiot,7466293423,2010-01-07,RT @B00dy RT @yung_dre007 Gilbert arenas is a fidiot.&lt;&lt;&lt; so u making up words now?? Fidiot??? Lol / yep fuckin idiot=fidiot,39400826,a fucking idiot; emphatic insult blend,insult,humor,false,
fidiot,8208048951,2010-01-25,Why has she given us biology questions that we haven't covered yet? Such a fidiot!,18681430,a fucking idiot; emphatic insult blend,insult,criticism,false,
fidiot,8210026016,2010-01-25,Marlene is a Fidiot.,48711474,a fucking idiot; emphatic insult blend,insult,criticism,false,
fidiot,8236862852,2010-01-26,Fidiot! Such a great word! :P,26127113,a fucking idiot; emphatic insult blend,insult,commenting,false,
fidiot,8295190085,2010-01-27,Why is my youtube being a fidiot?!,18681430,a fucking idiot; emphatic insult blend,insult,criticism,false,
fidiot,8342417646,2010-01-28,@bmnehls fidiot,55990504,a fucking idiot; emphatic insult blend,insult,casual_conversation,false,
fidiot,8353073188,2010-01-29,"RT @jane_bot If you're going to call someone 'fugly', you might as well follow it with 'fidiot'.",44111265,a fucking idiot; emphatic insult blend,insult,commenting,false,
fidiot,8353077276,2010-01-29,"RT @jane_bot  If you're going to call someone 'fugly', you might as well follow it with 'fidiot'.",44481763,a fucking idiot; emphatic insult blend,insult,commenting,false,
fidiot,8416146423,2010-01-30,FIDIOT,44663284,a fucking idiot; emphatic insult blend,insult,criticism,false,
fidiot,8454246334,2010-01-31,"@Moirabrowne oh, and the fidiot weather people called for 2-4 inches but kept revising every time we'd surpass it. Morons!!",42232833,a fucking idiot; emphatic insult blend,insult,casual_conversation,false,
fidiot,8455201495,2010-01-31,@pilateschik Ha!  Fidiot!  Great word. Can I borrow it?Shovelling is tiring. Switch sides if you have to.It can wreck havoc on the shoulders,30372284,a fucking idiot; emphatic insult blend,insult,commenting,false,
fidiot,9264290506,2010-02-18,@xTonyaLuvsMusic Myrons a FIDIOT!,56959522,a fucking idiot; emphatic insult blend,insult,casual_conversation,false,
fidiot,9264298765,2010-02-18,FIDIOT &lt;---- iLove that wordd .,56959522,a fucking idiot; emphatic insult blend,insult,criticism,false,
fidiot,9267827821,2010-02-18,"""i dont like calamari if its squid."" yeah fidiot moment. -_-",80533627,a fucking idiot; emphatic insult blend,insult,criticism,false,
fidiot,9269696926,2010-02-18,Girl 6 just called me a Fidiot..... Fool/Idoit!!!! Lmao because I told her she was trying to get some before the Ski Trip #WW10,92528025,a fucking idiot; emphatic insult blend,insult,humor,false,
fidiot,9277684489,2010-02-18,The one guy who really has to go just like that fucking makwere is joe nyaga he's a fidiot!!,27711756,a fucking idiot; emphatic insult blend,insult,criticism,false,
fidiot,9301354172,2010-02-18,My new word is 'fidiot',34905158,a fucking idiot; emphatic insult blend,insult,criticism,false,
fidiot,9756402958,2010-02-28,"@leneebear (she probs didn't even get how I pretended to write naking instead of making... Fidiot -.-"" )",18681430,a fucking idiot; emphatic insult blend,insult,casual_conversation,false,
fidiot,9756601540,2010-02-28,"@rafcam (Maybe she meant she pretended to write naking instead of making... Haha, yeah right, the fidiot.)",16351483,a fucking idiot; emphatic insult blend,insult,humor,false,
fidiot,9756854914,2010-02-28,"!@SuzeOrmanShow Oy~ Its SMACK-O-Clock! Joe got his, what a fidiot.",108167665,a fucking idiot; emphatic insult blend,insult,casual_conversation,false,
fidiot,9760726549,2010-02-28,Hahaha how do I keep ating myself? Such a fidiot!,18681430,a fucking idiot; emphatic insult blend,insult,humor,false,
fidiot,9787804601,2010-02-28,Trying to find lcvp audio visuals so I can practice for tomorrow but can't see them anywhere. Maybe I'm being a fidiot... :/,18681430,a fucking idiot; emphatic insult blend,insult,criticism,false,
fidiot,10282242749,2010-03-10,"@edsession thanks for the word ""fidiot"" I think it will get a lot of use from me.",107732444,a fucking idiot; emphatic insult blend,insult,commenting,false,
fidiot,10282626764,2010-03-10,"@edsession it goes with fugly, for example, ""She was a fidiot and even worse, was wearing fugly shoes""",107732444,a fucking idiot; emphatic insult blend,insult,casual_conversation,false,
fidiot,10282890715,2010-03-10,@edsession perhaps like this http://ow.ly/1gF6V what fidiot would buy those?,107732444,a fucking idiot; emphatic insult blend,insult,commenting,false,
fidiot,10292950208,2010-03-10,@99forever (fidiot),21432699,a fucking idiot; emphatic insult blend,insult,casual_conversation,false,
fidiot,10476813814,2010-03-14,Smokers coughh &lt;---- Fidiot !!!,56959522,a fucking idiot; emphatic insult blend,insult,criticism,false,
fidiot,10538917061,2010-03-15,"Go and die jor,Fidiot! Yes you!!! Kmt",40311413,a fucking idiot; emphatic insult blend,insult,criticism,false,
fidiot,10587720317,2010-03-16,Lol I'm such a fidiot. (Freaking+idiot).,25417571,a fucking idiot; emphatic insult blend,insult,humor,false,
fidiot,10711297350,2010-03-19,"#FF @edsession for the word fidiot if nothing else, oh and the red shoes.",107732444,a fucking idiot; emphatic insult blend,insult,casual_conversation,false,
fidiot,11294442892,2010-03-30,Fidiot!,56959522,a fucking idiot; emphatic insult blend,insult,criticism,false,
fidiot,11324191057,2010-03-30,"There's an InterMilan groupie in our house talking #BS about the annointed team, #MUFC! Bring our juwee #fidiot!!!",51376502,a fucking idiot; emphatic insult blend,insult,criticism,false,
fidiot,11333232215,2010-03-30,Hey Waxman you #douchebag kinda late to ask CEOs what is wrong with #hcr. Ducking fidiot! #tcot #teaparty #congress #WH #GOP,15969448,a fucking idiot; emphatic insult blend,insult,criticism,false,
fidiot,11385782691,2010-03-31,I absolutely hate Kei$ha...  I know I've said it before but I won't stop #fidiot,14931203,a fucking idiot; emphatic insult blend,insult,criticism,false,
fidiot,11487628519,2010-04-02,"@da03fromCTP did u tell me to ""shhhhh"" and YOU just posted it!!! FIDIOT!!",118867789,a fucking idiot; emphatic insult blend,insult,casual_conversation,false,
fidiot,11601349277,2010-04-04,#Shoutout to the fidiot who was sittin in front of me with his lady & 4 kids but kept lookin back at me. #keepurwaunderingeyesonthem,83043766,a fucking idiot; emphatic insult blend,insult,criticism,false,
fidiot,11661814131,2010-04-05,"This guy wears a tee written 'liquor in front, poker at back' and asks me ''whadya think''? Dude, #really??? LOL! #fidiot!",51376502,a fucking idiot; emphatic insult blend,insult,humor,false,
fidiot,12175984065,2010-04-14,RT @natekev: @jamesmurua hey bruh. Long time no tweet&lt;--- Been busy laughing at Flamini floundering at Milan. #fidiot. Habari uliko?,17146450,a fucking idiot; emphatic insult blend,insult,casual_conversation,false,
fidiot,12190060292,2010-04-14,@mentallyinked She's a fidiot...then realized what she did and called the restaurant and yelled at ME for being in the wrong place...um wtf?,78058429,a fucking idiot; emphatic insult blend,insult,casual_conversation,false,
fidiot,12239105218,2010-04-15,#welcometoKenya where a fidiot fiegns a epileptic feat in the middle of Haile Selassie Avenue to fleece motorists. #jingakabisa,17146450,a fucking idiot; emphatic insult blend,insult,criticism,false,
fidiot,12970882276,2010-04-27,iS THiNKiN ... UUUGH! ... aLL ii WNT iS yU!!! yU FiDioT!,79834142,a fucking idiot; emphatic insult blend,insult,criticism,false,
fidiot,13015007458,2010-04-28,"WHO SAID THIS: ""worry grandpa will B harassed if caught paper-less whn taking the kiddies out 4 ice cream (HINT: bumbling stumbling FIDIOT)",15501088,a fucking idiot; emphatic insult blend,insult,criticism,false,
fidiot,13324371916,2010-05-03,@allahpundit Because Rick Sanchez is a nucking fidiot that's why!,53221731,a fucking idiot; emphatic insult blend,insult,casual_conversation,false,
fidiot,13366076140,2010-05-04,@janina_86 I borrowed them so that fidiot here stops annoying me with JayZ ;) MUAH babes!!,128193665,a fucking idiot; emphatic insult blend,insult,casual_conversation,false,
fidiot,13469449187,2010-05-06,@Dey_Lovin_Britt Lmaoo ! Hes A Fidiot ! Nigga Dumm !,68906746,a fucking idiot; emphatic insult blend,insult,humor,false,
fidiot,13871262203,2010-05-12,Brad Goehring wants to have an opening day to shoot liberals. Ha! He's so funny with his let's murder people jokes. Fidiot.,14536559,a fucking idiot; emphatic insult blend,insult,criticism,false,
fidiot,13934033828,2010-05-13,RT @laurendane: Brad Goehring wants to have an opening day to shoot liberals. Ha! He's so funny with his let's murder people jokes. Fidiot.,61980752,a fucking idiot; emphatic insult blend,insult,casual_conversation,false,
fidiot,13940771152,2010-05-13,nominate the friday fidiot for melonpop,140740073,a fucking idiot; emphatic insult blend,insult,criticism,false,
fidiot,13951415220,2010-05-14,FOXNews.com - Holder Admits to Not Reading Arizona's Immigration Law Despite Criticizing It http://shar.es/m4fOm  He is a nucking fidiot!,53221731,a fucking idiot; emphatic insult blend,insult,criticism,false,
fidiot,13961789082,2010-05-14,"@KeithOlbermann #palinsnewbooktitle ""Faith, Freedom, + Flag From Foremost Fidiot"".",16881213,a fucking idiot; emphatic insult blend,insult,casual_conversation,false,
fidiot,13994207153,2010-05-14,I'm @ Granny's enjoying a lovely meal but I'm listening to this FIDIOT compare being with 1 woman to chewing the same piece of gum too long,83043766,a fucking idiot; emphatic insult blend,insult,casual_conversation,false,
fidiot,14251179885,2010-05-18,"I just downloaded the Who Wants To Be A Millionaire app on my iPhone, I get past the last 2 questions I'm a #fidiot",14931203,a fucking idiot; emphatic insult blend,insult,criticism,false,
fidiot,14415690885,2010-05-21,@incrediblemont so this man came up to me at work and asked me did i know you .  & he told me to call u a fidiot ! lol,123183885,a fucking idiot; emphatic insult blend,insult,humor,false,
fidiot,14419034326,2010-05-21,"YAWN too early to be up...Happy Friday it is. Except for the FF# messages. Waste of time/space, what Fidiot thought of it ; P",108167665,a fucking idiot; emphatic insult blend,insult,criticism,false,
fidiot,14685311428,2010-05-25,@itstenikabitch Bwahahahaha you fidiot xxxooo,45323811,a fucking idiot; emphatic insult blend,insult,humor,false,
fidiot,14816381020,2010-05-27,@kemiFRESH are you retarded delete that tweet!!  Fidiot,79815927,a fucking idiot; emphatic insult blend,insult,casual_conversation,false,
fidiot,14819859742,2010-05-27,@xIgnition YOU REALLY 1234. THAT'S MY FRIEND'S LAPTOP YOU FIDIOT. ♥,140191657,a fucking idiot; emphatic insult blend,insult,casual_conversation,false,
fidiot,14910665666,2010-05-28,@fireowl1975:  did Peachead make it home OK last night?  How's my fidiot?,34906457,a fucking idiot; emphatic insult blend,insult,casual_conversation,false,
fidiot,14920587749,2010-05-28,"@PeterSkerritt I agree, but some fidiot would tell him.",7150552,a fucking idiot; emphatic insult blend,insult,casual_conversation,false,
fidiot,15187670675,2010-06-01,Lol just learned a new word. #FIDIOT ROTFLMAO,43127179,a fucking idiot; emphatic insult blend,insult,humor,false,
fidiot,15288973351,2010-06-03,"Political Activism at the National Cancer Institute   http://is.gd/cA8gg  If you believe in God, you are a threat to liberty? Nucking Fidiot",53221731,a fucking idiot; emphatic insult blend,insult,criticism,false,
fidiot,15334794308,2010-06-03,@rlcthegreat aaarrrrggghhh me too!!! What FIDIOT pulled the trigger were missing out on great music #trigger puller=DUMB ASS,131357614,a fucking idiot; emphatic insult blend,insult,casual_conversation,false,
fidiot,15383737103,2010-06-04,FIDIOT!!!! is he at the concert??!!RT @idKayD How dare this woman in front of us ask who Lupe was! *judo chop*,34139928,a fucking idiot; emphatic insult blend,insult,casual_conversation,false,
fidiot,15780318697,2010-06-09,@mrzbutterfly22 lmao u a fidiot... And @ImDoInMe4sHo did bullshit us on da blunt dat sleep shit #dead for da day,131716259,a fucking idiot; emphatic insult blend,insult,humor,false,
fidiot,15839977785,2010-06-10,FIDIOT.,114408112,a fucking idiot; emphatic insult blend,insult,criticism,false,
fidiot,16773996797,2010-06-22,"I know the local weather-fidiot did NOT just say ""temperatures as low as the mid-90s""...",22341625,a fucking idiot; emphatic insult blend,insult,criticism,false,
fidiot,16787246820,2010-06-22,RT @EliteGirlJen: #FIFA excludes Koman Coulibaly from latest ref assignments. - http://tinyurl.com/34xwq9a    Surprise!!  #shitcall #fidiot,27081484,a fucking idiot; emphatic insult blend,insult,casual_conversation,false,
fidiot,16854992864,2010-06-23,USA gets jobbed again.  I'm thinking the rest of the world don't like us.  #world cup  #shitcall #fifa  #fidiot,27081484,a fucking idiot; emphatic insult blend,insult,criticism,false,
fidiot,17390696471,2010-06-30,@tokstoofuknreal its a joke u fidiot,28149936,a fucking idiot; emphatic insult blend,insult,casual_conversation,false,
fidiot,17516384911,2010-07-01,Y is this fidiot forcin on my timeline?,28149936,a fucking idiot; emphatic insult blend,insult,criticism,false,
fidiot,17527468146,2010-07-01,"PizzaHut: Any pizza, any size, any topping for just $10.... soooo why get a small cheese wit regular crust? #Fidiot &lt;-- (Fucking Idiot)",27567294,a fucking idiot; emphatic insult blend,insult,criticism,false,
fidiot,17822347184,2010-07-05,@YhuLoveAsh what you doin 2day fidiot,31247423,a fucking idiot; emphatic insult blend,insult,casual_conversation,false,
fidiot,18068045863,2010-07-08,Sarah Palin is a FIDIOT!,24073838,a fucking idiot; emphatic insult blend,insult,criticism,false,
fidiot,18076091727,2010-07-09,"#Beck what an idiot, looking for film of 1964 filibuster by Byrd - Fidiot for sure",26733276,a fucking idiot; emphatic insult blend,insult,criticism,false,
fidiot,18091294725,2010-07-09,World&#8217;s Greatest Press Secretary Stumped By Simple Question!   http://is.gd/dkw0D  This guy is a nucking fidiot!  By far and away!,53221731,a fucking idiot; emphatic insult blend,insult,criticism,false,
fidiot,18091548469,2010-07-09,RT @Magmannn: World&#8217;s Greatest Press Secretary Stumped By Simple Question!   http://is.gd/dkw0D  This guy is a nucking fidiot!  By ...,25922006,a fucking idiot; emphatic insult blend,insult,casual_conversation,false,
fidiot,18629484770,2010-07-15,Our secretary is a fidiot.,55554322,a fucking idiot; emphatic insult blend,insult,criticism,false,
fidiot,18694806918,2010-07-16,@AD1810 fidiot? x),94309667,a fucking idiot; emphatic insult blend,insult,casual_conversation,false,
fidiot,18851448340,2010-07-18,"waiting to download Chikakute Tooi, I wonder why my internet tonight is so fidiot, slow, blah blah blah....",133253158,a fucking idiot; emphatic insult blend,insult,criticism,false,
fidiot,18864257722,2010-07-18,MT @SarahPalinUSA: ...Shakespeare liked to coin new words too. Got to celebrate it! // What a fidiot #mynewword,86696824,a fucking idiot; emphatic insult blend,insult,casual_conversation,false,
fidiot,18868807727,2010-07-18,Hilarious that @sarahpalinusa can't just admit she meant refute or repudiate. #fidiot,86696824,a fucking idiot; emphatic insult blend,insult,casual_conversation,false,
fidiot,18945117617,2010-07-19,@Girl6_YaYa Some fidiot trying to be like Samantha from SITC. SMH,42646592,a fucking idiot; emphatic insult blend,insult,casual_conversation,false,
fidiot,18968962680,2010-07-20,fidiot.,27766564,a fucking idiot; emphatic insult blend,insult,criticism,false,
fidiot,19292255904,2010-07-22,My husband is a fidiot!!!!,48321132,a fucking idiot; emphatic insult blend,insult,criticism,false,
fidiot,19371313703,2010-07-23,Saint or fidiot: Helping ex move into new house w/gf & kids.,32765063,a fucking idiot; emphatic insult blend,insult,criticism,false,
fidiot,19468796159,2010-07-25,"My #gleewhores...our newest term to love....""Fidiot""  ALMOST outranks ""being Rachel'd"" and ""pulling a Finn""",27130272,a fucking idiot; emphatic insult blend,insult,criticism,false,
fidiot,19468934669,2010-07-25,"Let me guess Santana or Puck right? RT @AdamPascalFan ...Our newest term to love...""Fidiot""",67213532,a fucking idiot; emphatic insult blend,insult,casual_conversation,false,
fidiot,19691859289,2010-07-27,JournoList 2: the TownHouse Listserv?   http://is.gd/dMB0j  Another Nucking Fidiot speaks out.,53221731,a fucking idiot; emphatic insult blend,insult,criticism,false,
fidiot,19696342932,2010-07-27,Gibbs Misleads Public on Obama’s Broken Tax Pledge - http://www.atr.org/?content=GibbsMislead This Nucking Fidiot needs to go in Nov too!,53221731,a fucking idiot; emphatic insult blend,insult,criticism,false,
fidiot,19752718332,2010-07-28,@OmegaCell23 it's suppose to calm and sooth u fidiot.,28149936,a fucking idiot; emphatic insult blend,insult,casual_conversation,false,
fidiot,19835386678,2010-07-29,"So, Mister is back, but I can't talk to him because of some fidiot at Verzion. I'm going to blame the Navy for this, though. #SoundLogicPII",42646592,a fucking idiot; emphatic insult blend,insult,criticism,false,
fidiot,19918882983,2010-07-30,"@Sashamiami4 *deep chuckle* in the words of my fidiot BFF Rhage, 'I prefer to think of myself as an outcome engineer'",148417430,a fucking idiot; emphatic insult blend,insult,casual_conversation,false,
fidiot,19922037636,2010-07-30,My dad's a hero - he's spent all afternoon repairing the damage to my car done by the fidiot driving the bus - that's saved 75 quid!!!,115514226,a fucking idiot; emphatic insult blend,insult,criticism,false,
fidiot,20261602009,2010-08-04,@alexjokela Intermediate HTML. My goal was to stop feeling like a fidiot around my HTML savvy friends. Not happening... LOL,64850885,a fucking idiot; emphatic insult blend,insult,humor,false,
fidiot,20269780148,2010-08-04,@ashleyerinsell @mandaweav22 LOL! I had to serrrrriously bite my tounge! What a Fidiot!,21715867,a fucking idiot; emphatic insult blend,insult,humor,false,
fidiot,20286626878,2010-08-04,"@MrsPinkyIvory lmao, your'e such a fidiot.. :) obviously that's not the only #KING my dear..",143013267,a fucking idiot; emphatic insult blend,insult,humor,false,
fidiot,20304770746,2010-08-04,@ButchBDB @doc_janebdb @marissabdb that fidiot Rhage is NOT coming here to watch the game next time. You know what I found?,173238336,a fucking idiot; emphatic insult blend,insult,casual_conversation,false,
fidiot,20481252682,2010-08-06,"@HeatherHowland fuglies?? umm, only call me that if you want to throw down. surprisingly, i'm okay with fidiot, though. LOL #suckstobeagirl",35325948,a fucking idiot; emphatic insult blend,insult,humor,false,
fidiot,20644153861,2010-08-08,I'm still mad the fidiot QB didn't pass @Trumptight1 the ball yesterday! SMH,83043766,a fucking idiot; emphatic insult blend,insult,casual_conversation,false,
fidiot,20895974236,2010-08-11,"Cuz its an investment FIDIOT MOFO! that's y ppl walk around wit fukkd up tatts all the time cuz they wanted to be cheap n go for the ""deal""",34139928,a fucking idiot; emphatic insult blend,insult,criticism,false,
fidiot,20899569218,2010-08-11,“@lanik07: Cuz its an investment FIDIOT MOFO! that's y ppl walk around wit fukkd up tatts all the time cuz (cont) http://tl.gd/32gjjo,119591355,a fucking idiot; emphatic insult blend,insult,casual_conversation,false,
fidiot,20926549083,2010-08-11,#Fidot is a fucking idiot. Example: This douchebag just switched lanes like a #fidiot.,61148315,a fucking idiot; emphatic insult blend,insult,criticism,false,
fidiot,21100076169,2010-08-13,"Some guy just walked into the office, looked at my Breesus tee and asked, ""Who's Breesus?"" Really?? #fidiot",31141865,a fucking idiot; emphatic insult blend,insult,criticism,false,
fidiot,21707323355,2010-08-21,*getting ready to hunt*  Hello pets.  I see twitter is still being a fidiot tonight.,121336915,a fucking idiot; emphatic insult blend,insult,criticism,false,
fidiot,21707741281,2010-08-21,*stage whisper* @sparklybearsy...IT'S HIM! RT @Vishous_BDB: *getting ready to hunt* Hello pets. I see twitter is still being a fidiot 2nite,17186560,a fucking idiot; emphatic insult blend,insult,casual_conversation,false,
fidiot,21798085107,2010-08-22,@MrXForelesser  *ignores the pasty looking fidiot*,32828526,a fucking idiot; emphatic insult blend,insult,casual_conversation,false,
fidiot,21798467960,2010-08-22,LMFAO     RT @garddita17    @MrXForelesser *ignores the pasty looking fidiot*,30806952,a fucking idiot; emphatic insult blend,insult,casual_conversation,false,
fidiot,22543167494,2010-08-30,Jerry Brown Mocks Vet&#8217;s Concern about Code Pink Fundraiser   http://is.gd/eIAt5 A true Nucking Fidiot!,53221731,a fucking idiot; emphatic insult blend,insult,criticism,false,
fidiot,24345652167,2010-09-13,@LinBabyy it's called lipo fidiot lol,28149936,a fucking idiot; emphatic insult blend,insult,humor,false,
fidiot,24519016704,2010-09-14,I'm a fidiot. I asked to be dropped off here now I have to walk home (@ Starbucks w/ 2 others) http://4sq.com/4vsqbR,28377689,a fucking idiot; emphatic insult blend,insult,casual_conversation,false,
fidiot,24972144158,2010-09-19,#uainthiphopcuz u thought rap started in 2008 with the release of Super Man Dat Hoe... mommy YOU a FIDIOT.. Lol..,50422481,a fucking idiot; emphatic insult blend,insult,humor,false,
fidiot,24972176195,2010-09-19,Yes FIDIOT.... A fucking IDIOT....,50422481,a fucking idiot; emphatic insult blend,insult,criticism,false,
fidiot,24979803853,2010-09-20,If you have any brand logo for a tattoo... Ur a Fidiot = Fuckin Idiot #saynotofreeadvertisement LMAO,127768468,a fucking idiot; emphatic insult blend,insult,humor,false,
fidiot,24980011293,2010-09-20,RT @Cnote221: If you have any brand logo for a tattoo... Ur a Fidiot = Fuckin Idiot #saynotofreeadvertisement LMAO,16896657,a fucking idiot; emphatic insult blend,insult,humor,false,
fidiot,25017023892,2010-09-20,who the hell am I? what the hell should I do? what have I done to you guys? you think I'm such a dickhead? fidiot or else?!,133253158,a fucking idiot; emphatic insult blend,insult,criticism,false,
fidiot,25323999839,2010-09-23,"To the fidiot & his mate in the 2nd car who almost caused a multiple car pile up & nearly ended my life, thank you. No, really.",115514226,a fucking idiot; emphatic insult blend,insult,criticism,false,
fidiot,25349851152,2010-09-23,If you ever are in favor of tax increases your an fidiot! Fidiot = Fucking Idiot!!,127768468,a fucking idiot; emphatic insult blend,insult,criticism,false,
fidiot,25958343217,2010-09-30,@MrAndIthankYou that was lowkey an insult! Fidiot! Lol..,37000693,a fucking idiot; emphatic insult blend,insult,humor,false,
fidiot,26427710610,2010-10-05,Smdh false alarm!!!!!!!! Lol I'm a FIDIOT!,79815927,a fucking idiot; emphatic insult blend,insult,humor,false,
fidiot,26427786516,2010-10-05,RT @Oluwababy: Smdh false alarm!!!!!!!! Lol I'm a FIDIOT! &lt;~yes you are!! Now get bak to studying..,21898802,a fucking idiot; emphatic insult blend,insult,humor,false,
fidiot,26428297185,2010-10-05,RT @kemiFRESH: RT @Oluwababy: Smdh false alarm!!!!!!!! Lol I'm a FIDIOT! &lt;~yes you are!! Now get bak to studying..THANkS for yur help sis!,79815927,a fucking idiot; emphatic insult blend,insult,humor,false,
fidiot,26454948028,2010-10-05,"RT @kaylavaughn1: Matt Millen for the Michigan State-Michigan game?  Interesting choice, ABC..he's one thing MSU/UofM fans agree on. #fidiot",27081484,a fucking idiot; emphatic insult blend,insult,casual_conversation,false,
fidiot,26471571570,2010-10-05,@chelseamcg awwwwww! i wish that fidiot dj woulda had the song right sat!,33161658,a fucking idiot; emphatic insult blend,insult,casual_conversation,false,
fidiot,26608917873,2010-10-07,@paro4peace DAMNIT! Liz is a fidiot -_- must bring laptop back to internet! And Code Blue &lt;3 Clay and Justin! Now I want Forrests story!,62325093,a fucking idiot; emphatic insult blend,insult,casual_conversation,false,
fidiot,967670249820160,2010-11-06,*Beating feet after @ButchBDB wondering if the fidiot SOB has totally lost the plot with an acute case of wedding nerves*,173238336,a fucking idiot; emphatic insult blend,insult,casual_conversation,false,
fidiot,1483340188229632,2010-11-08,"Watching Real Housewives of Bev. Hills, I can't believe Kelsey Grammer's ex-wife just said she had a ""Jesus Complex"" #fidiot",14931203,a fucking idiot; emphatic insult blend,insult,criticism,false,
fidiot,5104338405957633,2010-11-18,#slapyourself if you changed your facebook picture to a harry potter character. you fidiot.,69689060,a fucking idiot; emphatic insult blend,insult,criticism,false,
fidiot,6415912567578624,2010-11-21,@vegangymmie and wasn't KuB the one who rearended Reut? He's the fidiot.,34171538,a fucking idiot; emphatic insult blend,insult,casual_conversation,false,
fidiot,9415033209487362,2010-11-30,Phaedra didn't want no damn child.. A so called successful lawyer would have been well prepared to have this kid.She strikes me as a #fidiot,30159231,a fucking idiot; emphatic insult blend,insult,criticism,false,
fidiot,9581047905787904,2010-11-30,Nothing la i'm not gonna reply you. FIDIOT.,155596073,a fucking idiot; emphatic insult blend,insult,criticism,false,
fidiot,10625290908733440,2010-12-03,"Ur nt serious at all o! Make-up solves ur prob..bt dsnt solve myn RT @Deewoorah: @Mz_Dumdum c u hve face nd not jst face fidiot, sme of us",165692779,a fucking idiot; emphatic insult blend,insult,casual_conversation,false,
fidiot,11577147550343168,2010-12-06,*slumps with relief. The girl left. Maybe he wouldn't be a fidiot* I should go. *gets ready to leave the office* @Qhuinn_Q @JohnMatthew_JM,218237058,a fucking idiot; emphatic insult blend,insult,casual_conversation,false,
fidiot,12183892924567552,2010-12-07,nope. Don't worry. I didn't really want to ride the bus. I was just waving to say hi. Fidiot.,28275973,a fucking idiot; emphatic insult blend,insult,criticism,false,
fidiot,12297141808537600,2010-12-08,"""@rilaws: @MissusE http://onion.com/gaQA0r"" thanks richard! I'm either grateful or the laugh or nervous I'm a fidiot. (Fake idiot).",20890129,a fucking idiot; emphatic insult blend,insult,casual_conversation,false,
fidiot,12693092415049728,2010-12-09,Remember how I was all 'body pump isn't that hard! Gosh I must be in good shape!' I'm a fidiot.,14850911,a fucking idiot; emphatic insult blend,insult,criticism,false,
fidiot,15135428495548416,2010-12-15,@1lifelivetwice I saw that this morning.... What a fidiot!,20954172,a fucking idiot; emphatic insult blend,insult,casual_conversation,false,
fidiot,15186590305353728,2010-12-15,RT @cartier_suave: #Frenemies freinds that become enemies -&gt; #FIDIOT David Nellum l0l,79815927,a fucking idiot; emphatic insult blend,insult,casual_conversation,false,
fidiot,15188261404155904,2010-12-15,RT @Oluwababy RT @cartier_suave: #Frenemies freinds that become enemies -&gt; #FIDIOT David Nellum l0l&lt;girl I had 2 delete my RT! FRIENDS!,131213904,a fucking idiot; emphatic insult blend,insult,casual_conversation,false,
fidiot,15189359598764032,2010-12-15,RT @Oluwababy: RT @cartier_suave: #Frenemies freinds that become enemies -&gt; #FIDIOT David Nellum l0l &lt;~ lmbo,21898802,a fucking idiot; emphatic insult blend,insult,casual_conversation,false,
fidiot,15884857548738560,2010-12-17,"As I talked to G, told him I would pick up girls, instead drove home, took off shoes, sat down. #fidiot",14850911,a fucking idiot; emphatic insult blend,insult,criticism,false,
fidiot,15957433037885440,2010-12-18,@TheyCallMeKate that's right you told me. #fidiot,14850911,a fucking idiot; emphatic insult blend,insult,casual_conversation,false,
fidiot,17262329976590336,2010-12-21,"Today's word: fidiot. Let's just say it's a contraction, and that one of the words is idiot.",14790945,a fucking idiot; emphatic insult blend,insult,criticism,false,
fidiot,18453858132959232,2010-12-24,"""@Trojan81: What??? Twitter friends help? RT @3_putt: @Trojan81 you are a dego leech wanna be! Bye bye..."" How rude! What a FIDIOT!! We &lt;3 U",32415239,a fucking idiot; emphatic insult blend,insult,casual_conversation,false,
jabroni,8772148035,2010-02-07,"@MF_Greatest like srsly this guy was sending me dirty txt messages from the jump. i remember thinking ""what the hell is this jabroni doin?'",14811839,"a foolish, obnoxious, or contemptible person",insult,casual_conversation,false,
jabroni,8772429536,2010-02-07,@MF_Greatest i mean there's no name that's more fitting than jabroni for that kind of ignorant foolishness/fuckery,14811839,"a foolish, obnoxious, or contemptible person",insult,casual_conversation,false,
jabroni,8773009868,2010-02-07,HOL' UP. This jabroni was reading notes off her hand?! LOL,16098365,"a foolish, obnoxious, or contemptible person",insult,humor,false,
jabroni,8773083193,2010-02-07,@ihsanamin jabroni. Lol!!!,16589075,"a foolish, obnoxious, or contemptible person",insult,humor,false,
jabroni,8773421183,2010-02-07,If your jeans are any color but blue or black... *peoples eyebrow*  jabroni,43550315,"a foolish, obnoxious, or contemptible person",insult,criticism,false,
jabroni,8773921963,2010-02-07,so who yall got winnin #superbowlsunday ????????? it doesnt matta who u got winnin u jabroni!!!!!!!!!!!!!!!!!!!!!!! LMAOOOO,104311265,"a foolish, obnoxious, or contemptible person",insult,sports_discussion,false,
jabroni,8774910826,2010-02-07,"I wish Adam ""Jabroni"" would reconsider his mayoral bid.  He's a a flat-out idiot.",22545270,"a foolish, obnoxious, or contemptible person",insult,criticism,false,
jabroni,8776419351,2010-02-07,"lol ""what are you getting me for my birthday"".....the same thing you got me for Christmas wack ass jabroni",44354539,"a foolish, obnoxious, or contemptible person",insult,casual_conversation,false,
jabroni,8776694558,2010-02-07,@Bigjersey THE SUPERBOWL PARTY U JABRONI,60738550,"a foolish, obnoxious, or contemptible person",insult,sports_discussion,false,
jabroni,8777266151,2010-02-07,"@chickwithiiii: look here u jabroni, i will rock bottom dat ass on site wen i see u.",28286160,"a foolish, obnoxious, or contemptible person",insult,humor,false,
jabroni,9708593864,2010-02-27,Did tiff just call him a jabroni?!?!? LMFAOOOOO! I'm dead.,54076112,"a foolish, obnoxious, or contemptible person",insult,criticism,false,
jabroni,9709541864,2010-02-27,"@mslex89 mhmm but that was Generation X who started that but I won't lie I used ""Jabroni"" a lot.",16498033,"a foolish, obnoxious, or contemptible person",insult,sports_discussion,false,
jabroni,9710626892,2010-02-27,@mrcrazywear who u talkin to jabroni???,40172525,"a foolish, obnoxious, or contemptible person",insult,casual_conversation,false,
jabroni,9712908990,2010-02-27,You jabroni!,24835918,"a foolish, obnoxious, or contemptible person",insult,criticism,false,
jabroni,9714496956,2010-02-27,"RT @PrettyPinkz: Shut your mouth & know your role, U Jabroniiiiii....&lt;---yessss!..I knew there was a reason I liked u!!! Roody poo jabroni!!",27530114,"a foolish, obnoxious, or contemptible person",insult,casual_conversation,false,
jabroni,9718674424,2010-02-27,"#thingswewantback the laughter we used to hear when u called someone a ""jabroni"" or answered ""what?"" to every question (way b4 lil jon)",95838793,"a foolish, obnoxious, or contemptible person",insult,criticism,false,
jabroni,9719601329,2010-02-27,@Jay_SoAmbitious imma start calling nigggas that. ya Jabroni,37142600,"a foolish, obnoxious, or contemptible person",insult,casual_conversation,false,
jabroni,9720933946,2010-02-27,@k0utur3Sha Send me a number jabroni,58643251,"a foolish, obnoxious, or contemptible person",insult,casual_conversation,false,
jabroni,9745997468,2010-02-27,KNOW YA ROLE JABRONI!!! LE ROC IS SPEAKING!!!!,19273656,"a foolish, obnoxious, or contemptible person",insult,criticism,false,
jabroni,9748140502,2010-02-27,Some moron is walking on near the ocean on CNN. What A Jabroni! That'd llike standing outside in a lightning storm,33435364,"a foolish, obnoxious, or contemptible person",insult,criticism,false,
jabroni,9754356176,2010-02-28,I'm a kAll & tell u RT @shelldiddy watchu talking bout jabroni ?lolRT @dAt_HERRON_flOw: Gurlz tAlk bro @shelldiddy,89813197,"a foolish, obnoxious, or contemptible person",insult,humor,false,
jabroni,9758566621,2010-02-28,I'm gonna lay the smackdown on your candy ass! U Jabroni RT @SoFxxkinSamii The Rock says: Know Your Roll.. And Shut Your Mouth,47435258,"a foolish, obnoxious, or contemptible person",insult,humor,false,
jabroni,9761943481,2010-02-28,Know what word I miss?  Jabroni.,14948551,"a foolish, obnoxious, or contemptible person",insult,criticism,false,
jabroni,9762065485,2010-02-28,The roads back from Taupo to Auckland were chock full of aggro jabroni drivers. there's a full moon tonight which may explain a lot.,25389737,"a foolish, obnoxious, or contemptible person",insult,criticism,false,
jabroni,9832624558,2010-03-01,@Mr_RiGhT_22 look at this jabroni showing off his flabs....yooo get tweetdeck..a sweeter app,17304879,"a foolish, obnoxious, or contemptible person",insult,casual_conversation,false,
jabroni,9832728453,2010-03-01,"Sum1 explain 2 @flyazzredbone watt a ""Cany ass Jabroni! (The rock voice) is! Lmao",48788210,"a foolish, obnoxious, or contemptible person",insult,sports_discussion,false,
jabroni,9835153409,2010-03-01,"He called da teacher a ""JABRONI"" ugggh this clown!",79645638,"a foolish, obnoxious, or contemptible person",insult,criticism,false,
jabroni,9846738057,2010-03-01,@nyjerahnicole watch ya mouth sambino I do whaat i want jabroni,87152380,"a foolish, obnoxious, or contemptible person",insult,casual_conversation,false,
jabroni,9850784387,2010-03-02,"Hope My Future Girlfriend Isnt Crazy, Cant Deal With No Abusive Chick Tryna Hit Me . . I'll Rock Bottom Her Jabroni Ass lol",22895951,"a foolish, obnoxious, or contemptible person",insult,humor,false,
jabroni,9850889202,2010-03-02,"RT @ReemTeam: Hope My Future Girlfriend Isnt Crazy, Cant Deal With No Abusive Chick Tryna Hit Me . . I'll Rock Bottom Her Jabroni Ass lol",46866285,"a foolish, obnoxious, or contemptible person",insult,humor,false,
jabroni,9856581465,2010-03-02,@iGeRRy3 yo! @Roscoe305 senses a disturbance in the universe. Is everything okay? Shall I inflict pain on that jabroni @JZoeCB lol?,32282919,"a foolish, obnoxious, or contemptible person",insult,humor,false,
jabroni,9856680283,2010-03-02,@DKevyKev oh plz u outta here next week jabroni,23409750,"a foolish, obnoxious, or contemptible person",insult,casual_conversation,false,
jabroni,9862367498,2010-03-02,@yonniebee and @niahmami smack dat jabroni...lol dats school,23385876,"a foolish, obnoxious, or contemptible person",insult,humor,false,
jabroni,9867198174,2010-03-02,RT @jjsmith24 I want sum lovin when I get off work tonight///good luck jabroni!,52887378,"a foolish, obnoxious, or contemptible person",insult,casual_conversation,false,
jabroni,10044518747,2010-03-05,#FF @FuturistiK_fLYY bc he's a fucking Jabroni #thatisall,43809953,"a foolish, obnoxious, or contemptible person",insult,casual_conversation,false,
jabroni,10044930362,2010-03-05,RT @iLLiNouT: #FF @FuturistiK_fLYY bc he's a fucking Jabroni #thatisall,93909064,"a foolish, obnoxious, or contemptible person",insult,casual_conversation,false,
jabroni,10046425768,2010-03-05,Fucking Jabroni,43809953,"a foolish, obnoxious, or contemptible person",insult,criticism,false,
jabroni,10046732873,2010-03-05,I will be sure to  support @Pat_iFly in his efforts to bring back #Jabroni,25129995,"a foolish, obnoxious, or contemptible person",insult,casual_conversation,false,
jabroni,10055974496,2010-03-06,"and the terms that will be used are: word, gettn jiggy wit it and jabroni!",44172517,"a foolish, obnoxious, or contemptible person",insult,criticism,false,
jabroni,10056475350,2010-03-06,"@dinner_roll I called some dude ""Obi-Wan Jabroni"" today here in Nashville.  Was awesome to see the look on his face.",37050315,"a foolish, obnoxious, or contemptible person",insult,casual_conversation,false,
jabroni,10056765970,2010-03-06,About to go fucking SHAKE it at Volume. Loud Jabroni. Jägerbombs.,28561361,"a foolish, obnoxious, or contemptible person",insult,criticism,false,
jabroni,10058872639,2010-03-06,I laid da smack down on some Jabroni's 2nite,106901769,"a foolish, obnoxious, or contemptible person",insult,criticism,false,
jabroni,10058984596,2010-03-06,@_vaughny lol jabroni that shit fimilar wheres it from and how long u staying for,60401238,"a foolish, obnoxious, or contemptible person",insult,humor,false,
jabroni,10065623299,2010-03-06,"Cmon SON! @Eric_Thee_Great Just Called Me A ""Jabroni"" lol...He Mad Kuz His Mom Likes To Fuck Black Guys During Business Hours",39913870,"a foolish, obnoxious, or contemptible person",insult,humor,false,
jabroni,10256998898,2010-03-10,You're a f*cking Jabroni. Straight up.,24456172,"a foolish, obnoxious, or contemptible person",insult,criticism,false,
jabroni,10257132560,2010-03-10,"wats ur name ?? It doesnt matter wat ur name is u JABRONI ! Do u smell ell ell ell ell ell , what da rock is cookin! loLa #random",112581581,"a foolish, obnoxious, or contemptible person",insult,humor,false,
jabroni,10257172365,2010-03-10,RT @souljaboytellem Ay whats your name? IT DOESNT MATTER WHAT YOUR NAME IS!! you f*cking JABRONI! DO U SMELL EL ELLL WHAT THE ROCK IS COOKIN,29102833,"a foolish, obnoxious, or contemptible person",insult,casual_conversation,false,
jabroni,10257260896,2010-03-10,RT @souljaboytellem Ay whats your name? IT DOESNT MATTER WHAT YOUR NAME IS!! you f*cking JABRONI! DO U SMELL EL ELLL ELL LEL ELLL WHAT THE R,28727519,"a foolish, obnoxious, or contemptible person",insult,casual_conversation,false,
jabroni,10257425706,2010-03-10,Ay whats your name? IT DOESNT MATTER WHAT YOUR NAME IS!! you f*cking JABRONI! DO U SMELL EL ELLL ELL LEL ELLL WHAT THE ROCK IS COOKIN,85372637,"a foolish, obnoxious, or contemptible person",insult,criticism,false,
jabroni,10257597510,2010-03-10,RT @Shot1ne You're a f*cking Jabroni. Straight up.,40382432,"a foolish, obnoxious, or contemptible person",insult,casual_conversation,false,
jabroni,10257805429,2010-03-10,RT Ay whats your name? IT DOESNT MATTER WHAT YOUR NAME IS!! you f*cking JABRONI! DO U SMELL EL ELLL ELL LEL ELLL WHAT THE ROCK IS COOKIN,81747836,"a foolish, obnoxious, or contemptible person",insult,criticism,false,
jabroni,10258914822,2010-03-10,RT @souljaboytellem: Ay whats your name? IT DOESNT MATTER WHAT YOUR NAME IS!! you f*cking JABRONI! DO U SMELL EL ELLL ELL LEL ELLL WHAT  ...,107785019,"a foolish, obnoxious, or contemptible person",insult,casual_conversation,false,
jabroni,11890672421,2010-04-09,"RT @SMOOTHBLAZE_JME: @Humorous_Gent wat hits #pony-&gt; watch ur mouth jabroni, Ginuwine has hit after hit after hit",25019707,"a foolish, obnoxious, or contemptible person",insult,casual_conversation,false,
jabroni,11896206918,2010-04-09,RT @LEFRAK_SMACK: I thought The Rock sed Know Ya Role!&lt;--and shut ur mouth jabroni (eyebrow raise) lol,39545122,"a foolish, obnoxious, or contemptible person",insult,humor,false,
jabroni,11909017250,2010-04-10,"@itsMzMoody Bring it jabroni! s;lkbasDk,cbd;kbcd;B!!! lol",99168357,"a foolish, obnoxious, or contemptible person",insult,humor,false,
jabroni,11911557501,2010-04-10,"RT @the_ironsheik: tiger woods, if you fuck up the golf, i beat the fuck out of you like i beat the fuck out of jabroni justin bieber.ha ...",28719107,"a foolish, obnoxious, or contemptible person",insult,casual_conversation,false,
jabroni,11914798462,2010-04-10,Fast Jabroni by Surfer Blood sounds like it could've been on the Pretty in Pink soundtrack (which is a good thing).,24957166,"a foolish, obnoxious, or contemptible person",insult,criticism,false,
jabroni,11916479205,2010-04-10,"@MattWRoberts :I Okay Jabroni, I am sorry I do not know how to type that well!",45640764,"a foolish, obnoxious, or contemptible person",insult,casual_conversation,false,
jabroni,11924763600,2010-04-10,@MattWRoberts :l goodnight Jabroni l:,45640764,"a foolish, obnoxious, or contemptible person",insult,casual_conversation,false,
jabroni,11926136327,2010-04-10,@BeatdownRadio Sherdog radio just called me a jabroni and compared me to bacon...I think.,20490220,"a foolish, obnoxious, or contemptible person",insult,casual_conversation,false,
jabroni,11928537704,2010-04-10,@PlanetRemulak. Comply or Die. Sounds like a WWE PPV event. Trailer Trash Vs Jabroni main event.,40740380,"a foolish, obnoxious, or contemptible person",insult,casual_conversation,false,
jabroni,11929635652,2010-04-10,"Motorola Jabroni phone 'works' now, it took 15 mins to get MMS to function.",15709761,"a foolish, obnoxious, or contemptible person",insult,criticism,false,
jabroni,12438214765,2010-04-19,#throwbackwords - jabroni I honestly dnt giva fuck if its spelld rii u knww at im sayn,93804301,"a foolish, obnoxious, or contemptible person",insult,criticism,false,
jabroni,12440350213,2010-04-19,#ladiespleaserealize ur the jumpoff know your role and shut your mouth jabroni (rock's voice) http://myloc.me/6amHR,115781072,"a foolish, obnoxious, or contemptible person",insult,criticism,false,
jabroni,12443168827,2010-04-19,"@edwinlee3 haha the attitude era is the best wrestling ever my nigga hahaa jabroni haa
Fuccin undertaker",30096632,"a foolish, obnoxious, or contemptible person",insult,casual_conversation,false,
jabroni,12454856326,2010-04-19,"@albonia, Jabroni! It was so great meeting you this weekend! I just can't believe we didn't take a picture, LOL",18601956,"a foolish, obnoxious, or contemptible person",insult,humor,false,
jabroni,12464377190,2010-04-19,"if you lose yourself in one song today, let it be ""Slow Jabroni"" by Surfer Blood http://cot.ag/aiBxE5",14367699,"a foolish, obnoxious, or contemptible person",insult,criticism,false,
jabroni,12466914015,2010-04-19,"SURFER BLOOD:""Fast jabroni""(live in Philadelphia): www.youtube.com/watch?v=tJZKJ5_F7kA",74220143,"a foolish, obnoxious, or contemptible person",insult,criticism,false,
jabroni,12469436670,2010-04-19,Shut your mouth jabroni!,27232178,"a foolish, obnoxious, or contemptible person",insult,criticism,false,
jabroni,12471314776,2010-04-19,@the_ironsheik thats cool that you met BJ penn. I'm fans of him and you. He is not a jabroni like Anderson Silva.,24028975,"a foolish, obnoxious, or contemptible person",insult,casual_conversation,false,
jabroni,12472308996,2010-04-19,@GizFoShiz hey... MIND YOUR BUSINESS JABRONI!,24557203,"a foolish, obnoxious, or contemptible person",insult,casual_conversation,false,
jabroni,12475119749,2010-04-19,What's Your Name.. My Name is.. IT DOESN't MATTER WHAT YOUR NAME IS U Stupid Ugly Jabroni - The Rock,31310141,"a foolish, obnoxious, or contemptible person",insult,criticism,false,
jabroni,12921587885,2010-04-27,"Ah, my inspiration for ""Tony Jabroni"" lol RT @bazingaboy @oldiesmike ...... hell I'd be happy with Tony Schiavone over Michael Cole",44470622,"a foolish, obnoxious, or contemptible person",insult,humor,false,
jabroni,12921838508,2010-04-27,I guess Cody Rhodes will be in the jabroni draft tomorrow #WWE,21600295,"a foolish, obnoxious, or contemptible person",insult,criticism,false,
jabroni,12921910961,2010-04-27,"@BacardiDarck lol ""Jabroni Draft""",103096371,"a foolish, obnoxious, or contemptible person",insult,humor,false,
jabroni,12925238127,2010-04-27,RT @Stephon_Urkel RT @TheeKalebT : @iRubOnYourTITS ill still beat yo ass hoe! #fuckyouthought ?? Lol&lt;----- Get his ass nigga &lt;=jabroni! Lol,100642443,"a foolish, obnoxious, or contemptible person",insult,humor,false,
jabroni,12927509686,2010-04-27,"""Jabroni"" - The Rock http://tumblr.com/x9y950b1v",27780093,"a foolish, obnoxious, or contemptible person",insult,criticism,false,
jabroni,12927554948,2010-04-27,@MissLala07 shut your mouth jabroni,96638817,"a foolish, obnoxious, or contemptible person",insult,casual_conversation,false,
jabroni,12928085100,2010-04-27,"#oneofmyfollowers jus said ""jabroni's"" lmfao! Ain't heard that in a century. #daretobedifferent ass nigga.",26843979,"a foolish, obnoxious, or contemptible person",insult,criticism,false,
jabroni,12930048195,2010-04-27,Surfer Blood - Fast Jabroni #nowplaying,106015243,"a foolish, obnoxious, or contemptible person",insult,criticism,false,
jabroni,12931569900,2010-04-27,Fuck you Hollywood Jabroni!,102872592,"a foolish, obnoxious, or contemptible person",insult,criticism,false,
jabroni,12934272004,2010-04-27,#lastfm #love Slow jabroni by Surfer blood http://bit.ly/1aLx1p,14156795,"a foolish, obnoxious, or contemptible person",insult,criticism,false,
jabroni,13178816907,2010-05-01,Just played: Fast Jabroni - Surfer Blood - Astro Coast(Kanine),88789332,"a foolish, obnoxious, or contemptible person",insult,criticism,false,
jabroni,13202800985,2010-05-01,@MJRoulstone shut up you jabroni before I kick your candy ass. The Beck will be on the show on Tuesday :-),106513376,"a foolish, obnoxious, or contemptible person",insult,humor,false,
jabroni,13208486397,2010-05-01,@BadbitchieBria no Jabroni im just lookin out :),58585934,"a foolish, obnoxious, or contemptible person",insult,casual_conversation,false,
jabroni,13215650002,2010-05-02,Mayweather finna lay hands on dat Mosley jabroni....,24096459,"a foolish, obnoxious, or contemptible person",insult,criticism,false,
jabroni,13215808295,2010-05-02,@OMJason Too late... I drop kicked it all the way to the end of Jabroni Drive,20577287,"a foolish, obnoxious, or contemptible person",insult,casual_conversation,false,
jabroni,13216369240,2010-05-02,Prom is for candy ass jabroni's.,26309377,"a foolish, obnoxious, or contemptible person",insult,humor,false,
jabroni,13216421171,2010-05-02,"#ultimatefail quentin you briCK chewin ken shamroCK lookin white peCK a wood piece of trash..!! jabroni...

Courtesy of ya boi,
BDdizzy",26675505,"a foolish, obnoxious, or contemptible person",insult,criticism,false,
jabroni,13220276085,2010-05-02,@surferblood what's a jabroni? @marialporcaro and i wanna know!,2533691,"a foolish, obnoxious, or contemptible person",insult,casual_conversation,false,
jabroni,13222248352,2010-05-02,RT @matmusto: CAN YOU SMELL.. WHAT THE ROCK.. IS COOKIN? #jabroni,30711552,"a foolish, obnoxious, or contemptible person",insult,casual_conversation,false,
jabroni,13259487685,2010-05-02,#nowplaying Slow Jabroni - Surfer Blood,97487153,"a foolish, obnoxious, or contemptible person",insult,criticism,false,
jabroni,13259824343,2010-05-02,@KAHTEEzWORLD I know it was Jabroni duh,50520392,"a foolish, obnoxious, or contemptible person",insult,casual_conversation,false,
jabroni,13260062816,2010-05-02,I'd like to thank the jabroni in the green Nissan coupe for putting me under five fucktons of pressure while I tried to parallel-park.,8329172,"a foolish, obnoxious, or contemptible person",insult,criticism,false,
jabroni,13262511487,2010-05-02,RT @cvsports: Derron Williams get hurt already thanks to that jabroni Derek Fisher.,36740239,"a foolish, obnoxious, or contemptible person",insult,casual_conversation,false,
jabroni,13266008224,2010-05-02,@Fly_Photography well i sure do a appreciate that www.jabroni.com,25208227,"a foolish, obnoxious, or contemptible person",insult,casual_conversation,false,
jabroni,13266026492,2010-05-02,@DAT_BOYJAYR hahaha shut up you jabroni cause ill kick your candy ass (the rocks voice),65659523,"a foolish, obnoxious, or contemptible person",insult,humor,false,
jabroni,13268401485,2010-05-02,@SURFRESHALOT fck up jabroni,65495769,"a foolish, obnoxious, or contemptible person",insult,casual_conversation,false,
jabroni,13270104371,2010-05-02,@Mr_RiGhT_22 LOL!!! Sonnnn I let you pick me up!!! I shulda reversed it n #ROCKBOTTOM yo jabroni mug lol,17304879,"a foolish, obnoxious, or contemptible person",insult,humor,false,
jabroni,13275593855,2010-05-03,@EveMarieTorres hoo hoo hoo you know it jabroni,23141258,"a foolish, obnoxious, or contemptible person",insult,casual_conversation,false,
jabroni,13280743718,2010-05-03,"So well trained, girl u Aint gotta come thru the back door no mo!! Ha haaa, know your role jabroni!!",110548539,"a foolish, obnoxious, or contemptible person",insult,criticism,false,
jabroni,13597418271,2010-05-08,"Outside ihop kickin it with my dawgs, nigga just brung back jabroni(the rock)",35619318,"a foolish, obnoxious, or contemptible person",insult,criticism,false,
jabroni,13610394206,2010-05-08,"Jabroni! Wait what? Jabroni! Can u spell that? Ya... Jab... R...xyznbc! It don't matter how u spell it, its jabroni!",20468285,"a foolish, obnoxious, or contemptible person",insult,criticism,false,
jabroni,13618012590,2010-05-08,@_Spaz_ fuck you jabroni lol,44506398,"a foolish, obnoxious, or contemptible person",insult,humor,false,
jabroni,13618384977,2010-05-08,#nowplaying Fast Jabroni - Surfer Blood,97487153,"a foolish, obnoxious, or contemptible person",insult,criticism,false,
jabroni,13623090089,2010-05-08,do u smell what the rock is cookin u candy ass jabroni,67900784,"a foolish, obnoxious, or contemptible person",insult,humor,false,
jabroni,13623935498,2010-05-08,U can take ur roody pooh candy ass down jabroni lane,22692727,"a foolish, obnoxious, or contemptible person",insult,humor,false,
jabroni,13626212872,2010-05-08,my gmail account was hacked by some jabroni in china =.=,19690160,"a foolish, obnoxious, or contemptible person",insult,criticism,false,
jabroni,13626729455,2010-05-08,Jabroni (Z) vs Kappo (T) on Scrap Station [Gold] @ www.sc2rc.com/index.php/replay/show/4199,133401757,"a foolish, obnoxious, or contemptible person",insult,casual_conversation,false,
jabroni,13626847820,2010-05-08,SwooshBear (T) vs Jabroni (Z) on Steppes of War [Gold] @ www.sc2rc.com/index.php/replay/show/4200,133401757,"a foolish, obnoxious, or contemptible person",insult,casual_conversation,false,
jabroni,13978336232,2010-05-14,just loved Surfer Blood - Fast Jabroni http://awe.sm/568lm on @hypem,40853709,"a foolish, obnoxious, or contemptible person",insult,casual_conversation,false,
jabroni,13981686242,2010-05-14,Afta he finish wit you he proceeds wit the #main jank .... #gottadobetta #weoffdat Now ya roll you Jabroni....,109064441,"a foolish, obnoxious, or contemptible person",insult,criticism,false,
jabroni,13982548321,2010-05-14,"RT @DavidHerro: Hey this jabroni is getting married today, best of luck to @wcwmeathead",45936426,"a foolish, obnoxious, or contemptible person",insult,casual_conversation,false,
jabroni,13983630681,2010-05-14,@UFOLO u wanna throw down jabroni,24557203,"a foolish, obnoxious, or contemptible person",insult,casual_conversation,false,
jabroni,13983695554,2010-05-14,U mean jabroni  RT @DjAlizay: #ff @OneRadioVixen. That's famaroni,20186369,"a foolish, obnoxious, or contemptible person",insult,casual_conversation,false,
jabroni,13983755319,2010-05-14,did bubba just really call Lo a jabroni ... lol i cant wit this guy,30137960,"a foolish, obnoxious, or contemptible person",insult,humor,false,
jabroni,13984113021,2010-05-14,RT @Pretty_Sliim: RT @king_BUBBA: @UFOLO u wanna throw down jabroni _ lmao jabroni tho-- that's how I roll,24557203,"a foolish, obnoxious, or contemptible person",insult,casual_conversation,false,
jabroni,13985626283,2010-05-14,"@Da_Fireman80 shouldn't that be the other way around jabroni!! Never Slackin', Straight Mackin', I Get It Krackin'!!!",20123655,"a foolish, obnoxious, or contemptible person",insult,casual_conversation,false,
jabroni,13990299406,2010-05-14,"""Know your role, jabroni."" - The Rock.  New blog post http://ht.ly/1Le9u",25235395,"a foolish, obnoxious, or contemptible person",insult,criticism,false,
jabroni,13995122616,2010-05-14,I got a headache/feels like a earthquake/I'm to sick ill eat you like a pepporoni/you nothin but a punks ass jabroni,77323313,"a foolish, obnoxious, or contemptible person",insult,criticism,false,
jabroni,14442137791,2010-05-21,@_TeresaDanielle wyd today? #jabroni,60191681,"a foolish, obnoxious, or contemptible person",insult,casual_conversation,false,
jabroni,14442188566,2010-05-21,@OGRudeFuck what is jabroni ?! and im at school -__- you!?,34841695,"a foolish, obnoxious, or contemptible person",insult,casual_conversation,false,
jabroni,14442319984,2010-05-21,@_TeresaDanielle remember wwf the rock used to call ppl jabroni lol me im going to claremont,60191681,"a foolish, obnoxious, or contemptible person",insult,humor,false,
jabroni,14443793264,2010-05-21,"Know Your Role And Shut Your Mouth, Jabroni !",29928030,"a foolish, obnoxious, or contemptible person",insult,criticism,false,
jabroni,14447557994,2010-05-21,"RT @MrIcon3: @TheCarter87 calm down young one---Know your role, and shut your mouth jabroni.",58054957,"a foolish, obnoxious, or contemptible person",insult,casual_conversation,false,
jabroni,14449525472,2010-05-21,Watching The Rundown... I havent seen this movie in forever. I think a lot of people slept on it. #CanYouSmellWhatTheRockIsCookin? Jabroni,62408967,"a foolish, obnoxious, or contemptible person",insult,criticism,false,
jabroni,14453538705,2010-05-21,Feel like beat'n yo Jabroni ass nd layin down tha smack down on your bitchass,74255112,"a foolish, obnoxious, or contemptible person",insult,criticism,false,
jabroni,14457679646,2010-05-21,"RT @the_ironsheik: in the friday, i have good day of execrcise. I show all jabroni that I am champion and you are the jabroni low life m ...",63227535,"a foolish, obnoxious, or contemptible person",insult,casual_conversation,false,
jabroni,14457698998,2010-05-21,"@Sperlicious...I bet you raised your eyebrow and said, ""Wash my car Jabroni!""",49477021,"a foolish, obnoxious, or contemptible person",insult,casual_conversation,false,
jabroni,14471820536,2010-05-22,Jabroni I'm bringing it back,44176942,"a foolish, obnoxious, or contemptible person",insult,criticism,false,
jabroni,14598702531,2010-05-24,Know ur role & shut ur mouth u big jabroni...! #cutbuddyrules,88077963,"a foolish, obnoxious, or contemptible person",insult,criticism,false,
jabroni,14607751350,2010-05-24,#oneofmyfollowers just called me a JABRONI. . . . lmao smh. #theROCK,39191501,"a foolish, obnoxious, or contemptible person",insult,criticism,false,
jabroni,14608718661,2010-05-24,Shut your mouth Jabroni. (via @FilthyMcDave) Jabroni?,18993189,"a foolish, obnoxious, or contemptible person",insult,casual_conversation,false,
jabroni,14610130979,2010-05-24,@CristalBubblin *raises the people's eyebrow* damn jabroni,51883187,"a foolish, obnoxious, or contemptible person",insult,casual_conversation,false,
jabroni,14610396261,2010-05-24,@alexadeee and then I was like jabroni,28655562,"a foolish, obnoxious, or contemptible person",insult,casual_conversation,false,
jabroni,14629717237,2010-05-24,Photo: The naming convention of wine. I love the jabroni sized wines. http://tumblr.com/xxcae4yyh,14559942,"a foolish, obnoxious, or contemptible person",insult,criticism,false,
jabroni,14629952693,2010-05-24,My professor is a jabroni...THERE I SAID IT!,76845143,"a foolish, obnoxious, or contemptible person",insult,criticism,false,
jabroni,14630023480,2010-05-24,Lol! Ooh ure bad ass. RT @1nAKey47: My professor is a jabroni...THERE I SAID IT!,25194027,"a foolish, obnoxious, or contemptible person",insult,humor,false,
jabroni,14639081312,2010-05-24,@BadbitchieBria Jabroni yes I am which is why Im tweeting. Were u at?,58585934,"a foolish, obnoxious, or contemptible person",insult,casual_conversation,false,
jabroni,14644731722,2010-05-24,"My daddy is being a real live jabroni today, I can't deal!",76845143,"a foolish, obnoxious, or contemptible person",insult,criticism,false,
jabroni,14774866767,2010-05-26,Just played: slow jabroni - surfer blood - astro coast(kamine),88789332,"a foolish, obnoxious, or contemptible person",insult,criticism,false,
jabroni,14781468664,2010-05-26,"Holy Jabroni! Thunderstruck! Haha, people had tweeted it by the time I heard it. Science and all that...",23691030,"a foolish, obnoxious, or contemptible person",insult,criticism,false,
jabroni,14782343454,2010-05-26,"#jabroni, #curtainjerker, #hater....it's all the same to me (-_-)",123614212,"a foolish, obnoxious, or contemptible person",insult,criticism,false,
jabroni,14782568757,2010-05-26,"@G_Ur_Immature Lmao, you call me a #Jabroni next time I'm in NYC I'm snitching on you to NYPD for something made up",42941784,"a foolish, obnoxious, or contemptible person",insult,casual_conversation,false,
jabroni,14783660306,2010-05-26,#YouKnowYoureAWrestlingFanWhen you take a walk down Jabroni Drive and book into the Smackdown Hotel on Know Your Role Boulevard,20725218,"a foolish, obnoxious, or contemptible person",insult,humor,false,
jabroni,14784708597,2010-05-26,@akber4747 Just use it the same way you use FB updates. Jabroni.t,26874106,"a foolish, obnoxious, or contemptible person",insult,casual_conversation,false,
jabroni,14785756694,2010-05-26,#TUNE @SurferBlood SURFER BLOOD - FAST JABRONI http://www.youtube.com/watch?v=ShcLqLvfWJY,148414607,"a foolish, obnoxious, or contemptible person",insult,casual_conversation,false,
jabroni,14786226117,2010-05-26,"Sat- #Kaskade, Sun-Party @ the W Hotel, Mon - VEGAS!!!!!!! HOLY JABRONI!!!!",124497969,"a foolish, obnoxious, or contemptible person",insult,casual_conversation,false,
jabroni,14793133245,2010-05-26,@jameskann kernan is champion. Klapish jabroni who got humbled by bobby bo,11851422,"a foolish, obnoxious, or contemptible person",insult,casual_conversation,false,
jabroni,14793312285,2010-05-26,Shut ur mouth jabroni...,74104606,"a foolish, obnoxious, or contemptible person",insult,criticism,false,
jabroni,17767768129,2010-07-05,@Jabroni_Slayer Thank you very much hun! &hearts; :),34521435,"a foolish, obnoxious, or contemptible person",insult,casual_conversation,false,
jabroni,17768125662,2010-07-05,@Jabroni_Slayer I'm not gonna judge u to your face at least lol cuz I still aint fugured owt how you did it yet though lol,96376588,"a foolish, obnoxious, or contemptible person",insult,humor,false,
jabroni,17768806615,2010-07-05,@Jabroni_Slayer lol I mean they didn't fire me but goodnight have a goof day on class lol,96376588,"a foolish, obnoxious, or contemptible person",insult,humor,false,
jabroni,17769066864,2010-07-05,@Jabroni_Slayer it also happens when ppl try to give me hints instead of tellin me how to be like u lol,96376588,"a foolish, obnoxious, or contemptible person",insult,humor,false,
jabroni,17769940794,2010-07-05,@Jabroni_Slayer hit me up,33349322,"a foolish, obnoxious, or contemptible person",insult,casual_conversation,false,
jabroni,17772116330,2010-07-05,just jabroning around with my jabroni @bertburbidge,96058749,"a foolish, obnoxious, or contemptible person",insult,casual_conversation,false,
jabroni,17773877472,2010-07-05,@bazooka77 lol shut the hell up jabroni!,23961329,"a foolish, obnoxious, or contemptible person",insult,humor,false,
jabroni,17784540586,2010-07-05,AWAKE! So today looks a lil busy but at least i get to end the day with my Jabroni at the movies.,19273656,"a foolish, obnoxious, or contemptible person",insult,criticism,false,
jabroni,17785219686,2010-07-05,"@johncena The new Raw GM would be the Jabroni beating, Pie eating, Trail blazing, eyebrow raising, people's champ THE ROCK!!",83820073,"a foolish, obnoxious, or contemptible person",insult,casual_conversation,false,
jabroni,17786598347,2010-07-05,Hurry up jabroni I'm freakin hungry!,97170216,"a foolish, obnoxious, or contemptible person",insult,criticism,false,
jabroni,20364854121,2010-08-05,@DreBuzzworthy damn that sucks! better start counting sheep jabroni!,50968733,"a foolish, obnoxious, or contemptible person",insult,casual_conversation,false,
jabroni,20364960447,2010-08-05,where did I get the word jabroni frm lol I been sayin it for forever n I def don't remember,50968733,"a foolish, obnoxious, or contemptible person",insult,humor,false,
jabroni,20364999709,2010-08-05,RT @MrBHen: @MrChile_Please It aint ova you Sweat from a Baboons Balls!!!~listen here jabroni,25771359,"a foolish, obnoxious, or contemptible person",insult,casual_conversation,false,
jabroni,20365257982,2010-08-05,"www.youtube.com/watch?v=Nhj2pXZiPd4 Rocky Rockx The Rock the 1n only peoples champ,the electrifyin elbow droppin jabroni beatin MR CHARISMA",165885548,"a foolish, obnoxious, or contemptible person",insult,criticism,false,
jabroni,20366924920,2010-08-05,jabroni sounds like sandwich meat jabroni and cheese on Ry w a coke,50968733,"a foolish, obnoxious, or contemptible person",insult,criticism,false,
jabroni,20372720585,2010-08-05,"Wrestling, or someone who was with wrestling when they were young. RT @brittontwit: where did I get the word jabroni frm lol",38509558,"a foolish, obnoxious, or contemptible person",insult,humor,false,
jabroni,20379931993,2010-08-05,Those old boring holidays jabroni!:-),172454201,"a foolish, obnoxious, or contemptible person",insult,criticism,false,
jabroni,20386468030,2010-08-05,I wanna go back to sleep so bad but I know i'll blink and before I know it the jabroni will be here terrorizing me from my sweet abyss.,19273656,"a foolish, obnoxious, or contemptible person",insult,criticism,false,
jabroni,20388594030,2010-08-05,the jabroni in the stall next to me is moaning like a porn star in the 10 minutes leading up to the big finish.,22144844,"a foolish, obnoxious, or contemptible person",insult,criticism,false,
jabroni,20399497906,2010-08-05,"Hello... is any jabroni going 2 sleep now???
B'coz i'm going to...zzzZ",172454201,"a foolish, obnoxious, or contemptible person",insult,criticism,false,
jabroni,21096233727,2010-08-13,@itz_whit smh u is jabroni lol,32746438,"a foolish, obnoxious, or contemptible person",insult,humor,false,
jabroni,21097542784,2010-08-13,RT @the_ironsheik: but biggest jabroni no good motherfucker i ever meet is the cocksucker motherfucker gay piece (cont) http://tl.gd/34442p,30929389,"a foolish, obnoxious, or contemptible person",insult,casual_conversation,false,
jabroni,21100324262,2010-08-13,RT @the_ironsheik: but biggest jabroni no good motherfucker i ever meet is the cocksucker motherfucker gay piece of garbage ultimate warrior,30929389,"a foolish, obnoxious, or contemptible person",insult,casual_conversation,false,
jabroni,21102226343,2010-08-13,Saints...some jabroni vs eagles...me. madden...let's go!!,81520934,"a foolish, obnoxious, or contemptible person",insult,criticism,false,
jabroni,21103267731,2010-08-13,"""the_ironsheik @carlitocolon you good like your father. He take care of me from the puerto Rico.He not like motherfucker jabroni hulk hogan""",22727257,"a foolish, obnoxious, or contemptible person",insult,casual_conversation,false,
jabroni,21104363720,2010-08-13,RT @the_ironsheik: hulk hogan u big time jabroni,123366212,"a foolish, obnoxious, or contemptible person",insult,casual_conversation,false,
jabroni,21104673421,2010-08-13,beers with phillies jabroni @joeveix and cubs jabroni @Reppasaurus. where is @jrsjrsjrs?,21726048,"a foolish, obnoxious, or contemptible person",insult,casual_conversation,false,
jabroni,21106119547,2010-08-13,RT @the_ironsheik: but biggest jabroni no good motherfucker i ever meet is the cocksucker motherfucker gay piece of garbage ultimate war ...,24913091,"a foolish, obnoxious, or contemptible person",insult,casual_conversation,false,
jabroni,26328830881,2010-10-04,RT @UPYOURSPAL @daYjaNaY @BuffMyWood thank-you jabroni was cool only a jabroni wouldnt know that & says wanksta --- LMAO SMH,108519578,"a foolish, obnoxious, or contemptible person",insult,casual_conversation,false,
jabroni,26332046319,2010-10-04,@Altruistic_Lamb n all i said was where is he....not da nigga sum shit so yeaaa....knw ya roll jabroni n SHUT YOUR MOUTH,40307138,"a foolish, obnoxious, or contemptible person",insult,casual_conversation,false,
jabroni,26332264843,2010-10-04,http://yfrog.com/m986ioj  RT @Justin_Bobbii: @Altruistic_Lamb n all i said was where is he.....knw ya roll jabroni n SHUT YOUR MOUTH,37620106,"a foolish, obnoxious, or contemptible person",insult,casual_conversation,false,
jabroni,26332835467,2010-10-04,"@ashenhurstphoto the great one = the jabroni beatin, pie eatin, trail blazin, eyebrow raisin, the people's champ THE ROCK",83820073,"a foolish, obnoxious, or contemptible person",insult,casual_conversation,false,
jabroni,26333087320,2010-10-04,why rnt u in ER Jabroni?@ShereenNicole,15843429,"a foolish, obnoxious, or contemptible person",insult,casual_conversation,false,
jabroni,26333331400,2010-10-04,@ShereenNicole aww *hugs* my po Jabroni,15843429,"a foolish, obnoxious, or contemptible person",insult,casual_conversation,false,
jabroni,26335151922,2010-10-04,@YaWifeOn_Rell boooo cus she a female nigga changed her gender you jabroni,95105032,"a foolish, obnoxious, or contemptible person",insult,casual_conversation,false,
jabroni,26335435330,2010-10-04,@YaWifeOn_Rell LMAOOOOOOO you a jabroni C.A.N,95105032,"a foolish, obnoxious, or contemptible person",insult,humor,false,
jabroni,26335452104,2010-10-04,@_aMAEzin_ I can't tell you how much I appreciate that you just used jabroni in a sentence lol,26591043,"a foolish, obnoxious, or contemptible person",insult,humor,false,
jabroni,26337957133,2010-10-04,@bmakaila know yo role you jabroni lol,42973808,"a foolish, obnoxious, or contemptible person",insult,humor,false,
jabroni,3399527579000832,2010-11-13,@FadRiek thanks. Hehe what is jabroni?,39227724,"a foolish, obnoxious, or contemptible person",insult,casual_conversation,false,
jabroni,3451848878985221,2010-11-13,@Its_What_Ev ESPN2 I believe and this jabroni Brown just tripped up Ashley Young in the penalty box.,132303921,"a foolish, obnoxious, or contemptible person",insult,casual_conversation,false,
jabroni,3464862520844288,2010-11-13,RT @ZeusDaGreat91 Ayo jayz! Can I get a release date for jcole while ur at it ? (Jay elec who?? Ooops!  Jay elec know ya role JABRONI ),110223949,"a foolish, obnoxious, or contemptible person",insult,casual_conversation,false,
jabroni,3477080654217216,2010-11-13,"@Da_Fireman80 Nothin Much, chilin with Hayleigh :) ive been good could be better, Hobbit..hahah good times, what happen to Sir Jabroni?",45640764,"a foolish, obnoxious, or contemptible person",insult,casual_conversation,false,
jabroni,3479195757846528,2010-11-13,@the_ironsheik you beat nexus jabroni .... Iran number One,119718858,"a foolish, obnoxious, or contemptible person",insult,casual_conversation,false,
jabroni,3502532420698112,2010-11-13,@wtf_timmy KNOW YOUR ROLE JABRONI!,30701855,"a foolish, obnoxious, or contemptible person",insult,casual_conversation,false,
jabroni,3507102425288705,2010-11-13,"Dear Greg,
Know your role jabroni.
Sincerely,
The Rock",116275648,"a foolish, obnoxious, or contemptible person",insult,criticism,false,
jabroni,3531533562417153,2010-11-13,Man j masoli should change his name to jabroni,211647502,"a foolish, obnoxious, or contemptible person",insult,criticism,false,
jabroni,3533336064557057,2010-11-13,"@iambdunn who knows brah, we should call up some jabroni's Lol",91284283,"a foolish, obnoxious, or contemptible person",insult,humor,false,
jabroni,3533459700056064,2010-11-13,"Yes, I'm bringing back the word jabroni.. Orginator: The Rock. lol",91284283,"a foolish, obnoxious, or contemptible person",insult,humor,false,
jabroni,6947750142808064,2010-11-23,You go to sleep jabroni.....,191705513,"a foolish, obnoxious, or contemptible person",insult,criticism,false,
jabroni,6951300252049408,2010-11-23,IT DOESNT MATTER WHAT YOURE DOING JABRONI!!,99051847,"a foolish, obnoxious, or contemptible person",insult,criticism,false,
jabroni,6952629536038913,2010-11-23,@Ms_NaniiBaybee oooh you littleee jabroni!!!!! Lmaooo,6399182,"a foolish, obnoxious, or contemptible person",insult,casual_conversation,false,
jabroni,6954239548985344,2010-11-23,@KateLarson yeah you werent no #Jabroni I See haha,20641802,"a foolish, obnoxious, or contemptible person",insult,casual_conversation,false,
jabroni,6961449305907201,2010-11-23,@NAMSAYIN jesus bro...get off the road you jabroni.,28059428,"a foolish, obnoxious, or contemptible person",insult,casual_conversation,false,
jabroni,7015618129694720,2010-11-23,@quitolopez go back to JABRONI drive!,21071042,"a foolish, obnoxious, or contemptible person",insult,casual_conversation,false,
jabroni,7114243639877632,2010-11-23,"@Mr_Ph4ntastic ---&gt; hey u jabroni, wat u dealin wit 2day?",210883581,"a foolish, obnoxious, or contemptible person",insult,casual_conversation,false,
jabroni,7122545312530432,2010-11-23,You should know your role and shut your mouth jabroni lls,108178808,"a foolish, obnoxious, or contemptible person",insult,criticism,false,
jabroni,7129110216183809,2010-11-23,@DarthCamacho his anger? He's tryin to sound like he scares people lmfao what a #Jabroni,44141198,"a foolish, obnoxious, or contemptible person",insult,casual_conversation,false,
jabroni,7160085767782400,2010-11-23,"@secretsinajewel kinda did use the word ""Jabroni"" too many times that night",16295516,"a foolish, obnoxious, or contemptible person",insult,casual_conversation,false,
jabroni,14799876579663872,2010-12-14,I need to start using the word Jabroni more often.,100342333,"a foolish, obnoxious, or contemptible person",insult,criticism,false,
jabroni,14800997847138304,2010-12-14,@dawsonstockdale wrong on soooo many levels...besides my guns are way bigger #jabroni,86393474,"a foolish, obnoxious, or contemptible person",insult,casual_conversation,false,
jabroni,14835160545497088,2010-12-15,"Another tough mid-major game tonight for the #7 Vols against Oakland... Go Vols! if ya don't know, now ya know #jabroni",15514185,"a foolish, obnoxious, or contemptible person",insult,criticism,false,
jabroni,14863129053765632,2010-12-15,Who's this Beantown jabroni calling the #Flyers game?,14170156,"a foolish, obnoxious, or contemptible person",insult,criticism,false,
jabroni,14864475240796160,2010-12-15,"danny b has been a jabroni 2nite, #flyers going to the pp",50828928,"a foolish, obnoxious, or contemptible person",insult,criticism,false,
jabroni,14869933032734720,2010-12-15,"my new motto....don't tell me about the labor pains, show me the baby #jabroni",86393474,"a foolish, obnoxious, or contemptible person",insult,criticism,false,
jabroni,14885126295003136,2010-12-15,I'm Bouta start calling niggas jabroni,134523440,"a foolish, obnoxious, or contemptible person",insult,criticism,false,
jabroni,14889279528370176,2010-12-15,@MrSz_Carter ill touch her as much as I want jabroni,127374807,"a foolish, obnoxious, or contemptible person",insult,casual_conversation,false,
jabroni,14891421827862528,2010-12-15,@DeSoye wharever hater. I command you to listen to College Dropout - Graduation. Most importantly College Dropout. Jabroni.,68757650,"a foolish, obnoxious, or contemptible person",insult,casual_conversation,false,
jabroni,14892866899804160,2010-12-15,Shoutout to all the #Jabroni's on my TL. . . WWF shit lmaoo,182840210,"a foolish, obnoxious, or contemptible person",insult,criticism,false,
jerkwad,7310124271,2010-01-02,@armyoftoys however did you guess? London brings out the jerkwad in him.,46741561,contemptible fool; jerk,insult,casual_conversation,false,
jerkwad,7313036418,2010-01-02,@helephant I was watching the ones after Utopia when the The Master returns as the PM. I thought the Pres was acting like a pushy jerkwad.,64749746,contemptible fool; jerk,insult,television_reference,false,
jerkwad,7339499650,2010-01-03,"@melissacheree thanks for the invite, jerkwad!",22305400,contemptible fool; jerk,insult,casual_conversation,false,
jerkwad,7494117234,2010-01-07,@DJsYourFlyGuy DJ.... Don't get involved! Lol! @thatdudedeon is a jerkwad who must be destroyed!!,24663029,contemptible fool; jerk,insult,casual_conversation,false,
jerkwad,7497311367,2010-01-07,RT @peachyphat: @DJsYourFlyGuy DJ.... Don't get involved! Lol! @thatdudedeon is a jerkwad who must be destroyed!! Lol lol,34991402,contemptible fool; jerk,insult,casual_conversation,false,
jerkwad,7499038618,2010-01-08,"@jerell Sorry, I didn't realize you support that McNealy jerkwad",71926170,contemptible fool; jerk,insult,criticism,false,
jerkwad,7683445573,2010-01-12,@geezjelly i just called you you freaking JERKWAD!!!!!! 0_o,31260042,contemptible fool; jerk,insult,casual_conversation,false,
jerkwad,7689142788,2010-01-13,@chrisb4 Leno is looking like such a jerkwad.,3351911,contemptible fool; jerk,insult,criticism,false,
jerkwad,7695243976,2010-01-13,"Wow... James Cameron is actually an asshole. He cussed out a fan looking for a signature. Try a little courtesy next time, jerkwad.",78641585,contemptible fool; jerk,insult,criticism,false,
jerkwad,7751112575,2010-01-14,Jerkwad robots make me sick to my ass,21323742,contemptible fool; jerk,insult,humor,false,
jerkwad,7751704156,2010-01-14,"scott brown: mealy-mouthed jerkwad, forgot his own party members disagreed with him & hid behind his daughters http://tinyurl.com/ygnch2f",8294032,contemptible fool; jerk,insult,criticism,false,
jerkwad,7758312466,2010-01-14,"@wojo4hitz No, it wasn't my sentiment. I love the jerkwad robots.",21323742,contemptible fool; jerk,insult,humor,false,
jerkwad,7765002452,2010-01-14,@insectwarfare hey jerkwad,26618661,contemptible fool; jerk,insult,casual_conversation,false,
jerkwad,7769660561,2010-01-15,"mimaay: Haha, great minds think alike. That jerkwad! I’m pissed and sad and…why do I do this to myself!? http://tumblr.com/xzc5jf9rj",56269142,contemptible fool; jerk,insult,article_sharing,false,
jerkwad,7776092893,2010-01-15,@monique_chante Just a jank ass jerkwad hoe,50502888,contemptible fool; jerk,insult,casual_conversation,false,
jerkwad,7776824894,2010-01-15,@mikededomenic i hope you have a horribe little tour. Jerkwad.,24818115,contemptible fool; jerk,insult,casual_conversation,false,
jerkwad,7800327451,2010-01-15,"@davidascher the behaviour, jerkwad",2319611,contemptible fool; jerk,insult,casual_conversation,false,
jerkwad,7803868893,2010-01-15,My asshole ex keeps bugging me! Get off my case jerkwad! Go be desperate and pathetic elsewhere!,18192787,contemptible fool; jerk,insult,commenting,false,
jerkwad,7868729602,2010-01-17,"Oh, btw, the court summons is courtesy of my jerkwad neighbors who complain about my black walnut tree branches damaging their property.",3326931,contemptible fool; jerk,insult,commenting,false,
jerkwad,7870361064,2010-01-17,@larsw that jerkwad doesn't even know what twitter is. Seriously he's one of the most uptight incompetent pricks I've ever met.,14222410,contemptible fool; jerk,insult,criticism,false,
jerkwad,7886515217,2010-01-18,thinks Andy Rooney is a jerkwad,16872021,contemptible fool; jerk,insult,commenting,false,
jerkwad,7887076812,2010-01-18,"@Zombiephile Seriously, jerkwad, some people can multitask and have given to relief efforts AND can also discuss #teamconan",15801752,contemptible fool; jerk,insult,casual_conversation,false,
jerkwad,7888920379,2010-01-18,"Ughh what a jerkwad :/ i thought that kid was fun... That's sad, i feel really bad.",30151278,contemptible fool; jerk,insult,commenting,false,
jerkwad,7895842411,2010-01-18,@wereradletshug jerkwad. *grumbles*,26697372,contemptible fool; jerk,insult,casual_conversation,false,
jerkwad,8045682660,2010-01-21,@lillie_80 Ouch.. Damn their taunting! Probably Yahoo being a jerkwad tonight,17457396,contemptible fool; jerk,insult,casual_conversation,false,
jerkwad,8050910376,2010-01-22,@GUBLERNATION where is the article    and what a reporter jerkwad  ......  we all know you arent that way hugs,80397490,contemptible fool; jerk,insult,casual_conversation,false,
jerkwad,8050921385,2010-01-22,@ouijabored stop being a jerkwad,14502687,contemptible fool; jerk,insult,casual_conversation,false,
jerkwad,8051643369,2010-01-22,@babiiiecakez awwwww im sorry :/ all your tweets are so deppressing!!! theres like always some guy thats a jerkwad of some sort,25830439,contemptible fool; jerk,insult,casual_conversation,false,
jerkwad,8052119600,2010-01-22,@MrJoeRau I'm not being a jerkwad :( :( :( Crankypants! :p,22002949,contemptible fool; jerk,insult,casual_conversation,false,
jerkwad,8071680561,2010-01-22,"Yeah, you should wait to turn on your blinker until you clear the intersection if you don't intend to turn there, jerkwad.",16805823,contemptible fool; jerk,insult,commenting,false,
jerkwad,8722253180,2010-02-06,"What kind of jerkwad thinks we need ""literacy tests"" before you can vote? Do Tea Partiers want to go back to Jim Crow voting laws? #Tancredo",26375526,contemptible fool; jerk,insult,commenting,false,
jerkwad,8730777822,2010-02-06,@kissgammslime mannn its been mad marijuana since i called u. I dont eeven remember when i called smh. Wasup tho jerkwad??,24891532,contemptible fool; jerk,insult,casual_conversation,false,
jerkwad,8730951900,2010-02-06,@batikwalla He wants to keep you on the hook cuz you're an angelface and he's a jerkwad. Does that sum it up for ya?,18112170,contemptible fool; jerk,insult,casual_conversation,false,
jerkwad,8730980496,2010-02-06,@TreeHiTy haha at jerkwad.. And please don't mention trees to me..I got ONE j left.. F M L,24461417,contemptible fool; jerk,insult,casual_conversation,false,
jerkwad,8740854649,2010-02-06,"Dear Jerkwad who just fishtailed his half-ton so it's now stuck perpendicular to the road, I hope you get t-boned by a plow.  Dumbass.",18078715,contemptible fool; jerk,insult,commenting,false,
jerkwad,8745597709,2010-02-07,@evajuzpecyk you're lucky I only go up to jerkwad!,30180052,contemptible fool; jerk,insult,casual_conversation,false,
jerkwad,8901846815,2010-02-10,Really?? Writing down stuff on your hand?  Robert Gibbs is a smarmy little jerkwad.  http://myloc.me/3GgLX,25023487,contemptible fool; jerk,insult,article_sharing,false,
jerkwad,8911497207,2010-02-10,"@IamWJC I'm snowed in by myself, jerkwad.",20158153,contemptible fool; jerk,insult,casual_conversation,false,
jerkwad,8929288332,2010-02-11,RT @Stepharific @tgtransPandF jerkwad. ~ oh ok now I get it. Lol,78800119,contemptible fool; jerk,insult,casual_conversation,false,
jerkwad,8929354574,2010-02-11,@Stepharific were u calling me a jerkwad?  me so sad now. My tummy hurts and my feet are hot. I don't know why I said that last part. Lol,78800119,contemptible fool; jerk,insult,casual_conversation,false,
jerkwad,8945820098,2010-02-11,@corvusriley oh did I mention I'm out of school for snow? (jerkwad),21371793,contemptible fool; jerk,insult,casual_conversation,false,
jerkwad,8947025733,2010-02-11,50 roses?way to make me feel like a jerkwad,19567656,contemptible fool; jerk,insult,commenting,false,
jerkwad,8948302381,2010-02-11,next time i see josh napping i`m punching him. his naps are really interrupting the bedtime routine bc he is never tired! jerkwad.,14746749,contemptible fool; jerk,insult,commenting,false,
jerkwad,8950545118,2010-02-11,Jerkwad  http://post.ly/NGrb,17849309,contemptible fool; jerk,insult,article_sharing,false,
jerkwad,8950600800,2010-02-11,RT @clickwindrepeat: Jerkwad  http://post.ly/NGrb,28640127,contemptible fool; jerk,insult,article_sharing,false,
jerkwad,9496347766,2010-02-22,@sztownsend81 The kicker? We writers all moan about how poor we are and this jerkwad spends $1.90 to send a query!! #makinguslookbad,19044114,contemptible fool; jerk,insult,casual_conversation,false,
jerkwad,10094423817,2010-03-06,"Trying to (finally(heh)) finish FFXII before 13 comes out next week, but this Cid is one murderous, unfair jerkwad.",15171600,contemptible fool; jerk,insult,commenting,false,
jerkwad,10253364912,2010-03-10,"Pardon my French, but FUCK YEAH! http://bit.ly/bWDwzr Take that you jerkwad neighbors! What a relief.",3326931,contemptible fool; jerk,insult,article_sharing,false,
jerkwad,10254418751,2010-03-10,"RT @croonanoona: @jingface idk, i can probably hunt him down.  i haven't seen him since the haircut. D: @pelerface is such a jerkwad, lol",64496540,contemptible fool; jerk,insult,casual_conversation,false,
jerkwad,10256898145,2010-03-10,jerkwad.,37871206,contemptible fool; jerk,insult,commenting,false,
jerkwad,10282489991,2010-03-10,@ShadowEuphoria Mr. Gottlieb is a jerkwad.,20436445,contemptible fool; jerk,insult,casual_conversation,false,
jerkwad,10291875314,2010-03-10,"Some times I can almost agree with Alex Samond, then he starts being a jerkwad.",16876354,contemptible fool; jerk,insult,commenting,false,
jerkwad,10292087542,2010-03-10,@billk77 nobody steals my taxes jerkwad. I am a productive part of civilization not some leech who wants everything for free like u,57866057,contemptible fool; jerk,insult,casual_conversation,false,
jerkwad,10810937929,2010-03-21,@bravokenny jerkwad. I have a bruise from that ish!!,22305400,contemptible fool; jerk,insult,casual_conversation,false,
jerkwad,10831287601,2010-03-21,@LiLiGottaLuvMe Im home too jerkwad,68999541,contemptible fool; jerk,insult,casual_conversation,false,
jerkwad,10837651102,2010-03-21,"If Facebook asked its users why they hid updates from a friend, I bet the no. 1 reason would be ""Because s/he's a conservative jerkwad""",12024482,contemptible fool; jerk,insult,commenting,false,
jerkwad,10850765067,2010-03-22,"@ronmarz he's supposedlly lost a lot of weight.Don't be overly mean.You can call him an addict, a blowhard, and a jerkwad,but not""fat boy"":)",30600336,contemptible fool; jerk,insult,casual_conversation,false,
jerkwad,10928650100,2010-03-23,@ryoDEEZnutz jerkwad. lol.,40037799,contemptible fool; jerk,insult,casual_conversation,false,
jerkwad,10928863306,2010-03-23,RT @Mariahx2010: @ryoDEEZnutz jerkwad. lol.•sorry,43220619,contemptible fool; jerk,insult,casual_conversation,false,
jerkwad,10956977462,2010-03-24,"For someone I spent a grand total of 4.5 hours with, it's taking an exceptional amount of time to chase him off. Jerkwad.",14065099,contemptible fool; jerk,insult,commenting,false,
jerkwad,10997539283,2010-03-24,I really hate this guy on Wife Swap. He's a controlling jerkwad freakazoid!,21336723,contemptible fool; jerk,insult,commenting,false,
jerkwad,11040075293,2010-03-25,"Nonsense! There wasn't a trace of LSD in those sugar cubes, Puff. Take your crazy dragon stories back to Honalee, jerkwad.",40565077,contemptible fool; jerk,insult,commenting,false,
jerkwad,11041350472,2010-03-25,@Cheesecake_King lmfao wtf stfu jerkwad,21372580,contemptible fool; jerk,insult,casual_conversation,false,
jerkwad,11047711310,2010-03-25,*eye roll* ...i'm not smiling! *deletes text* ..jerkwad!....*smirks n doesn't delete text*,11823812,contemptible fool; jerk,insult,commenting,false,
jerkwad,12316816432,2010-04-17,@the_tonberry The jerkwad who TyPeS lIkE tHiS. **headdesk**,7082872,contemptible fool; jerk,insult,casual_conversation,false,
jerkwad,12317316099,2010-04-17,"Soooo nice , jerkwad",106169311,contemptible fool; jerk,insult,commenting,false,
jerkwad,12322074359,2010-04-17,Mitch McConnell is a jerkwad. http://www.youtube.com/watch?v=bOs47bKTZZs,21665234,contemptible fool; jerk,insult,article_sharing,false,
jerkwad,12341402452,2010-04-17,Can anybody imagine 1 of these jerkwad NBC reporters asking this question of a white girl at an ACORN rally? http://bit.ly/9bMuf0 #tcot #p2,53512954,contemptible fool; jerk,insult,article_sharing,false,
jerkwad,13831456445,2010-05-12,@Jillus :) ur no jerkwad,1698721,contemptible fool; jerk,insult,casual_conversation,false,
jerkwad,13834972269,2010-05-12,@JohnHeffron Buttface &gt;&gt;  ??  Jerkwad,109215885,contemptible fool; jerk,insult,casual_conversation,false,
jerkwad,13869745907,2010-05-12,@FilmXTRATOM who are you planning on stealing a review from this time jerkwad?,68732718,contemptible fool; jerk,insult,casual_conversation,false,
jerkwad,13878549870,2010-05-12,@turnda_Paige YOu jerkwad!,68999541,contemptible fool; jerk,insult,casual_conversation,false,
jerkwad,13891983861,2010-05-13,Please help me come up with the proper response to this self-important jerkwad http://bit.ly/cZ1vbm,23247556,contemptible fool; jerk,insult,article_sharing,false,
jerkwad,14170827489,2010-05-17,@cmarc13 is a jerkwad. He's lucky I keep him arounddd. =P,23523952,contemptible fool; jerk,insult,casual_conversation,false,
jerkwad,14180241875,2010-05-17,"@RathaNou just had to one up me, didn't you? #jerkwad",14231240,contemptible fool; jerk,insult,casual_conversation,false,
jerkwad,14182675906,2010-05-17,"@myniftynappy i don't have a problem linking with the RDA, just that i wasn't planning on linking to the jerkwad PAMPERS site.",9054142,contemptible fool; jerk,insult,casual_conversation,false,
jerkwad,14209818729,2010-05-18,"People are just bitches, plain and simple. Sometimes a comment is just that a comment, so grow up, suck it up and learn to deal jerkwad!",80059883,contemptible fool; jerk,insult,commenting,false,
jerkwad,14237698508,2010-05-18,@therealnikscott it aint morning for you #jerkwad,25533230,contemptible fool; jerk,insult,casual_conversation,false,
jerkwad,14244731621,2010-05-18,I thought that was everyday? RT @thejokergrin: Apparently it's jerkwad driver day.,16502870,contemptible fool; jerk,insult,casual_conversation,false,
jerkwad,14246067991,2010-05-18,@djsaiyan someone is obviously deef. Jerkwad.,16834327,contemptible fool; jerk,insult,casual_conversation,false,
jerkwad,14276164075,2010-05-19,"@flyboypatrick you liked Melrose Place, you jerkwad. I don't want to hear any of this nonsense from you",15181355,contemptible fool; jerk,insult,casual_conversation,false,
jerkwad,14294205934,2010-05-19,I miss my fattalumps so much. but my jerkwad sister just had to move to puerto rico and take my baby with her.....douche.,92075692,contemptible fool; jerk,insult,commenting,false,
jerkwad,14300255864,2010-05-19,Twitter is being a jerkwad today.,15615152,contemptible fool; jerk,insult,commenting,false,
jerkwad,14335207531,2010-05-20,Fuck me for being in love with a jerkwad like you....,35609216,contemptible fool; jerk,insult,commenting,false,
jerkwad,14987640208,2010-05-29,@MintzPlasse HA! What a jerkwad. Could at least be decent enough to spell it correctly.,47153209,contemptible fool; jerk,insult,casual_conversation,false,
jerkwad,14989044809,2010-05-29,@SassyBethyy @apple_pips xD He's just acting like a jerkwad about it is why I asked. I'll turn it off if it gets really bad again.,91858425,contemptible fool; jerk,insult,casual_conversation,false,
jerkwad,14996474146,2010-05-29,"@Paigemallow ;A; Why so mean to me? I will not tweet awesome stuff for you at all! &gt;&gt;:'( Jerkwad.... OvO,",23380765,contemptible fool; jerk,insult,casual_conversation,false,
jerkwad,15582124464,2010-06-06,"People who argue forever in the customer service line fucking PISS ME OFF!!! Other people exist than you, jerkwad.",18126056,contemptible fool; jerk,insult,commenting,false,
jerkwad,15587488345,2010-06-06,"@soulofmiami jerkwad!!!! Hahaha, best word ever! Nice lol see you guys next weekend at art walk &lt;3",24548534,contemptible fool; jerk,insult,casual_conversation,false,
jerkwad,15606266480,2010-06-07,"@chingFP Oh good...well, I'm glad for that. But still embarrassed for moron who did it. Jerkwad!",6529002,contemptible fool; jerk,insult,casual_conversation,false,
jerkwad,15862426580,2010-06-10,"RT @I_am_TMJ: @MsPurdyLady you are a real jerkwad, foo. ~~ correction. I'm a bitch.",36682452,contemptible fool; jerk,insult,casual_conversation,false,
jerkwad,15867647454,2010-06-10,"While I'm spewing vitriol on Twitter, nice 2 see jerkwad Lane Kiffin won't be taking SC to bowl games for awhile.  Screw you, Kiffin!",111356395,contemptible fool; jerk,insult,commenting,false,
jerkwad,15870808775,2010-06-10,I thought this day couldn't get worse. Then that jerkwad @kentbabb texts me a picture from Oklahoma Joe's,35235695,contemptible fool; jerk,insult,casual_conversation,false,
jerkwad,15870920233,2010-06-10,RT @mellinger: I thought this day couldn't get worse. Then that jerkwad @kentbabb texts me a picture from Oklahoma Joe's,36525252,contemptible fool; jerk,insult,casual_conversation,false,
jerkwad,15871158401,2010-06-10,@mellinger I thought this day couldn't get worse. Then that jerkwad @kentbabb texts me a picture from Oklahoma http://tl.gd/1pudpm,88261339,contemptible fool; jerk,insult,article_sharing,false,
jerkwad,15900499961,2010-06-11,@brandyisabamf woooow jerkwad? lmaoo what are we in 2nd grade,52824366,contemptible fool; jerk,insult,casual_conversation,false,
jerkwad,15903127128,2010-06-11,"RT @GeeWhizBatman RT @SUPERheroWHIT: Thanks some jerk got ""The Reason"" by Hoobastank stuck in my head &gt;&gt; shhhh, it's ok.... &lt;&lt;jerkwad",34649339,contemptible fool; jerk,insult,casual_conversation,false,
jerkwad,15908274428,2010-06-11,RT @2Dayor2MARA: @CouTuremE_JuIcY Im not being sensitive jerkwad!!!! lol u dont even kno who it is!!! haha&lt; umhm...*sideeying u*,96811750,contemptible fool; jerk,insult,casual_conversation,false,
jerkwad,16503903122,2010-06-18,@KevTracy guess I ain't fun enough jerkwad ;),16906549,contemptible fool; jerk,insult,casual_conversation,false,
jerkwad,16506360551,2010-06-18,"Crazy Jenny may be crazy, but Bette is just an a-hole. What a jerkwad.  #thelword",17201145,contemptible fool; jerk,insult,commenting,false,
jerkwad,16514621853,2010-06-19,@Caliguy OMG Hahahahahahahaha send it to that jerkwad I was talking to..,16225045,contemptible fool; jerk,insult,casual_conversation,false,
jerkwad,16515203160,2010-06-19,@JonBadalamenti went to @sleepydogbrew and didn't even tell me? Jerkwad,22584755,contemptible fool; jerk,insult,casual_conversation,false,
jerkwad,16543300690,2010-06-19,@RyanThaaKing quit tellin me to hush jerkwad,11823812,contemptible fool; jerk,insult,casual_conversation,false,
jerkwad,16557102690,2010-06-19,:o what is the implacation?!?!? LMAO! ur a 'JERKWAD!',72936246,contemptible fool; jerk,insult,commenting,false,
jerkwad,16702908826,2010-06-21,Dats nt possible jerkwad,127351255,contemptible fool; jerk,insult,commenting,false,
jerkwad,16725922943,2010-06-21,@Kadykins21 jerkwad. lol,151212290,contemptible fool; jerk,insult,casual_conversation,false,
jerkwad,16736194173,2010-06-22,@jennohhhh fiiiiiinnnneeee you jerkwad,18682086,contemptible fool; jerk,insult,casual_conversation,false,
jerkwad,17301620967,2010-06-29,"RT @wtfcamille #icanttakeyouseriously if you say, ""NEW YEAR NEW ME!,"" every fucking year & you're still the same jerkwad from last year.",104038935,contemptible fool; jerk,insult,casual_conversation,false,
jerkwad,17302367027,2010-06-29,@swimmfast13 he was a jerkwad. we should get some british ones and maybe an asian,24203867,contemptible fool; jerk,insult,casual_conversation,false,
jerkwad,17304103890,2010-06-29,@whitneyhess That was the first Whit Hour I listened to.  Enjoyed everything except for the jerkwad harassing you. Thanks for doing it.,15290133,contemptible fool; jerk,insult,casual_conversation,false,
jerkwad,17309310450,2010-06-29,"@nelz9999 also: fuck you, jerkwad.",28819560,contemptible fool; jerk,insult,casual_conversation,false,
jerkwad,17348730025,2010-06-29,@MirandaSnow dat #jerkwad called me da f-word,89803491,contemptible fool; jerk,insult,casual_conversation,false,
jerkwad,17350329094,2010-06-29,"WorkHubbs totally called me Terminator Face!! I can't help that I have fake cheeks and plates and screws in my face, jerkwad! Lol!",21721067,contemptible fool; jerk,insult,commenting,false,
jerkwad,17353279846,2010-06-29,@muzikmoh actually I'm done u jerkwad lol,87469882,contemptible fool; jerk,insult,casual_conversation,false,
jerkwad,17357914377,2010-06-29,MyTeamRivals.com The Graphic Truth: $91.5 Million Jerkwad: You can hate me all ya want; but on this... http://bit.ly/99Xxo6 MLBComplete.com,79868306,contemptible fool; jerk,insult,article_sharing,false,
jerkwad,17357990810,2010-06-29,"MyTeamRivals.com The Graphic Truth: $91.5 Million Jerkwad: You can hate me all ya want; but on this one, you can't... http://bit.ly/99Xxo6",22861078,contemptible fool; jerk,insult,article_sharing,false,
jerkwad,17359027216,2010-06-29,MTRMedia.com The Graphic Truth: $91.5 Million Jerkwad: You can hate me all ya want; but on this... http://bit.ly/99Xxo6 http://mtrmedia.com,69282415,contemptible fool; jerk,insult,article_sharing,false,
jerkwad,17403415858,2010-06-30,"http://browse.deviantart.com/?qh=&section=&q=jerkwad#/d27kv4x
    natural phenomenon",17076825,contemptible fool; jerk,insult,article_sharing,false,
jerkwad,17410411554,2010-06-30,@CassandraFay your mom is a jerkwad theeeee end. *hugs*,18926412,contemptible fool; jerk,insult,casual_conversation,false,
jerkwad,17416191061,2010-06-30,This morning a very high senior exec from our company told me I obviously know my stuff - in front of my jerkwad boss.  That felt awesome!,72665444,contemptible fool; jerk,insult,commenting,false,
jerkwad,17438589585,2010-06-30,"@alinasdot #WOAH!!! He called me, lil shawty!!! Same thing you could have, #jerkwad!!!",116371465,contemptible fool; jerk,insult,casual_conversation,false,
jerkwad,17441784426,2010-06-30,@Danieltosh i'm always nice.. jerkwad...,127023320,contemptible fool; jerk,insult,casual_conversation,false,
jerkwad,17442385203,2010-06-30,"@TeliseGlamGleek I KR. Gee, must be HORRIBLE to be liked and noticed enough that people want your picture. #jerkwad",83065383,contemptible fool; jerk,insult,casual_conversation,false,
jerkwad,17468288032,2010-07-01,"@beryltheperil I know, it just seems otherwise. I don't claim to be a saint, all the time, but I try to NOT be a flaming jerkwad....",25230509,contemptible fool; jerk,insult,casual_conversation,false,
jerkwad,17474122336,2010-07-01,"idk y mikayla said she loves jb, she shouldnt atall,hes a jerkwad:) jk,-maggie",158019071,contemptible fool; jerk,insult,commenting,false,
jerkwad,17480966023,2010-07-01,I have the most eccentric cousin ever. He is a scheming genius jerkwad who programs future-predicting emails and devil summoning programs,94973723,contemptible fool; jerk,insult,commenting,false,
jerkwad,17877568315,2010-07-06,"@HockeyBroad The magic of jerkwad ticket brokers, that's why. They always game the system.",26519192,contemptible fool; jerk,insult,casual_conversation,false,
jerkwad,17886377832,2010-07-06,"So apparently technology wants to go to war with me today, okay Windows Media Player, bring it jerkwad!",17769814,contemptible fool; jerk,insult,commenting,false,
jerkwad,17897953728,2010-07-06,@ModernMatriarch RE: Anon comment: What a jerkwad. I hate anonymous comments. Anonymous people suck.,12500652,contemptible fool; jerk,insult,casual_conversation,false,
jerkwad,17905053645,2010-07-06,Dang it! A man just called. He has mine and @candacitabonita's dog. Some jerkwad yard worker left our gate open.,18752680,contemptible fool; jerk,insult,casual_conversation,false,
jerkwad,17908526628,2010-07-07,"Side Bar | Gentlemen, just because you're tweeting what you think the ladies want to hear, doesn't not make you a jerkwad. #thatisall Thanx",21977293,contemptible fool; jerk,insult,commenting,false,
jerkwad,17913719677,2010-07-07,Jerkwad.,19090044,contemptible fool; jerk,insult,commenting,false,
jerkwad,17917166751,2010-07-07,I was trapped in Milwaukee with Adam/then some jerkwad drugged our drinks/and now I'm pregnant/even though we totally used a condom LMAO,125860850,contemptible fool; jerk,insult,commenting,false,
jerkwad,17928726149,2010-07-07,@nicoleloftus jerkwad,70345048,contemptible fool; jerk,insult,casual_conversation,false,
jerkwad,17934365521,2010-07-07,"Why I have a love/hate relationship with Mad Men: http://tinyurl.com/2eesk95.  And yes, he's a jerkwad, but the Silver Fox is still hot.",5506692,contemptible fool; jerk,insult,article_sharing,false,
jerkwad,17946446285,2010-07-07,"Motherfucker...it's not even 8 o'clock yet, DON'T RIDE MY ASS jerkwad! You have a shitty car, and you're ugly, DIAF. #morningroadrage",17563518,contemptible fool; jerk,insult,commenting,false,
jerkwad,19308882939,2010-07-23,@ducksocks94: freaking twice!! Jerkwad! Ur my own freaking brother &gt;:(,166422712,contemptible fool; jerk,insult,casual_conversation,false,
jerkwad,19320621653,2010-07-23,@MrAdamas jerkwad. And no.,169722711,contemptible fool; jerk,insult,casual_conversation,false,
jerkwad,19352307193,2010-07-23,@Luis_E_Escobar BIIIIG TIME JERKWAD indeed! Lord of the Douche Nozzles!,67808125,contemptible fool; jerk,insult,casual_conversation,false,
jerkwad,19364332945,2010-07-23,@HumdingerTV Matheson's kidding himself if he thinks he doesn't have an ego. he does + he should! He's fantastic! Ego = Good. Jerkwad = Bad.,7917922,contemptible fool; jerk,insult,casual_conversation,false,
jerkwad,19367720738,2010-07-23,@ic_org Ricky is the most fantabulous bear-fearing womanizing cowardly jerkwad ever. =D,57446533,contemptible fool; jerk,insult,casual_conversation,false,
jerkwad,19367858284,2010-07-23,RT @quixoticaftrall @ic_org Ricky is the most fantabulous bear-fearing womanizing cowardly jerkwad ever. =D - I couldn't agree more! XD,32142710,contemptible fool; jerk,insult,casual_conversation,false,
jerkwad,19379064773,2010-07-24,@_AVERSION_ where have u been! jerkwad,102416765,contemptible fool; jerk,insult,casual_conversation,false,
jerkwad,19558822742,2010-07-26,"TAKE A CHILL PILL CAPSATLA SPECIALLISES IN INCONSIDERATE AND POSSIBLY TRIGGERY ""JOKES"", SURE DIETOTAKU'S A JERKWAD BUT SHE'S RIGHT",58423522,contemptible fool; jerk,insult,commenting,false,
jerkwad,19572650876,2010-07-26,:| -kicks you- I like how much power and control you had in that. jerkwad. D:,82066707,contemptible fool; jerk,insult,commenting,false,
jerkwad,19583796413,2010-07-26,"@supertailz The enemy of my enemy can still be an unscrupulous, unethical jerkwad business.",16131717,contemptible fool; jerk,insult,casual_conversation,false,
jerkwad,19606417196,2010-07-26,@ONoesUDidnt Basically I deal with it by being a narcissistic jerkwad.,15242391,contemptible fool; jerk,insult,casual_conversation,false,
jerkwad,19936693446,2010-07-30,"BlogHer. Blah. Grr. A guide to not being an ungrateful, insufferable jerkwad. http://bit.ly/a4USRy",80895925,contemptible fool; jerk,insult,article_sharing,false,
jerkwad,19941060556,2010-07-30,Hey Jerkwad. Nothing's badass about a Civic! #MemoToGenY,20171636,contemptible fool; jerk,insult,commenting,false,
jerkwad,19941172578,2010-07-30,You tell 'em brother. Even if it has a wing! RT @johnschick: Hey Jerkwad. Nothing's badass about a Civic! #MemoToGenY,20949830,contemptible fool; jerk,insult,casual_conversation,false,
jerkwad,19947086642,2010-07-30,You're an uber jerkwad! There's a difference! RT @AP_LITe: So I'm an uber jerk. #tellmesomethingidontknow.,44976459,contemptible fool; jerk,insult,casual_conversation,false,
jerkwad,19947329009,2010-07-30,And she cries. RT @LynnieBynnie19: You're an uber jerkwad! There's a difference! RT @AP_LITe: So I'm an uber jerk. #tellmesomethingidontknow,40496933,contemptible fool; jerk,insult,casual_conversation,false,
jerkwad,19948969742,2010-07-30,Hahahahahahahah Wisdouchski gets to languish with the Isles.  I'll still boo you jerkwad!,21820627,contemptible fool; jerk,insult,commenting,false,
jerkwad,19953192552,2010-07-31,@jan_hae oh shit u are? lmfaooo yooo evic is such a jerkwad!! aishshsh,131358052,contemptible fool; jerk,insult,casual_conversation,false,
jerkwad,19967759652,2010-07-31,update!: Is He a Jerkwad? Take This Test http://bit.ly/9wDsm9,130110175,contemptible fool; jerk,insult,article_sharing,false,
jerkwad,19984066838,2010-07-31,"@Rich_Fulcher I thought you typed ""Jerkwad"" then re-read.",19476729,contemptible fool; jerk,insult,casual_conversation,false,
jerkwad,21274883778,2010-08-16,Let's go @RandyOrton!!!!  My entire family is rooting for him to whoop DragonBallZ hair jerkwad!!! Randy!! Randy!! Randy!!,39886492,contemptible fool; jerk,insult,casual_conversation,false,
jerkwad,21277559415,2010-08-16,@McMahonia cant wait to see you on tuesday you jerkwad!!!!!!!! JT foreva,62412605,contemptible fool; jerk,insult,casual_conversation,false,
jerkwad,21280790968,2010-08-16,WHAT A JERKWAD. LOL.,110050806,contemptible fool; jerk,insult,commenting,false,
jerkwad,21321997417,2010-08-16,"Oh, good news text. Someone has decided to not visit me on their way to Montreal. Maybe on the way back. Why do I love that jerkwad so?",18590254,contemptible fool; jerk,insult,commenting,false,
jerkwad,21344612473,2010-08-16,a little jerkwad kid tried to get an attitude on the phone. i don't think he realized who he's messin with...,24112607,contemptible fool; jerk,insult,commenting,false,
jerkwad,21464733074,2010-08-18,@MiketheQ lol I could do print modeling jerkwad lol,47499979,contemptible fool; jerk,insult,casual_conversation,false,
jerkwad,21464874142,2010-08-18,"I've just been called a ""JERKWAD"" new shit lol",91827161,contemptible fool; jerk,insult,commenting,false,
jerkwad,21467904190,2010-08-18,I want to see Naoya as a magic law practitioner. He would be a jerkwad executor to rival Goryo.,94973723,contemptible fool; jerk,insult,commenting,false,
jerkwad,21493602123,2010-08-18,Jerkwad of a woman @jmainelee xD,48878819,contemptible fool; jerk,insult,casual_conversation,false,
jerkwad,21498685771,2010-08-18,"@NoelleAlexis first I'ma ""jerkwad"" now I'ma ""dork"" .... Ugh whatever you nerd!",22842407,contemptible fool; jerk,insult,casual_conversation,false,
jerkwad,21505292498,2010-08-18,@ReeBabe33 hey jerkwad...how r u?,26935590,contemptible fool; jerk,insult,casual_conversation,false,
jerkwad,21506835009,2010-08-18,You lil jerkwad RT @krisdameanor: @djstoutjunt i still love you like a child that ain't gonna amount to nothin,116371465,contemptible fool; jerk,insult,casual_conversation,false,
jerkwad,21509882753,2010-08-18,@billy_joe10 arent u a jerkwad!,143250096,contemptible fool; jerk,insult,casual_conversation,false,
jerkwad,21520442592,2010-08-18,#confessionhour and a new one...a JERKWAD...lmao...,91827161,contemptible fool; jerk,insult,commenting,false,
jerkwad,21524104867,2010-08-18,Dear @Justinbieber i think you putting that kids # on the internet was a jerkwad move!,30776088,contemptible fool; jerk,insult,casual_conversation,false,
jerkwad,22203689715,2010-08-26,"@cavomusic awh thanks guys! I know you do, but this guys was just being a jerkwad. :/",157079348,contemptible fool; jerk,insult,casual_conversation,false,
jerkwad,22209442054,2010-08-26,GregsyD33k is a jerkwad,20614495,contemptible fool; jerk,insult,commenting,false,
jerkwad,22230115706,2010-08-27,"@MzDeMure and basically, anything he writes and/or tweets.....guy's a jerkwad",119402468,contemptible fool; jerk,insult,casual_conversation,false,
jerkwad,22274497235,2010-08-27,"RT @letwits The six words NPR won't allow me to say. Stay tuned. // ""Glenn Beck is a scum-sucking jerkwad?""",17478083,contemptible fool; jerk,insult,casual_conversation,false,
jerkwad,22798851198,2010-09-02,Karliann is a big jerkwad,142894377,contemptible fool; jerk,insult,commenting,false,
jerkwad,22813273796,2010-09-02,@Pretty_Social28 lol ur a jerkwad!!! What's the :-/ face for?? Hmmm... Monkey breath!!!,96279991,contemptible fool; jerk,insult,casual_conversation,false,
jerkwad,22820969365,2010-09-02,@SusanAshlea  Poke the next jerkwad who comments on your sadism in the ass with said big needle...and laugh like a loon!,30806952,contemptible fool; jerk,insult,casual_conversation,false,
jerkwad,22828669510,2010-09-02,@StarMonkey09 she sounds like a...jerkwad.  I hate tough teachers.  they don't understand that we have lives outside of their classes..(ct.),160742585,contemptible fool; jerk,insult,casual_conversation,false,
jerkwad,22848332491,2010-09-03,@TamaraLynneL.... JERKWAD!,178979495,contemptible fool; jerk,insult,casual_conversation,false,
jerkwad,22857694874,2010-09-03,...but of course we ate and drank like the jerkwad Westerners we are.,13456432,contemptible fool; jerk,insult,commenting,false,
jerkwad,23047158995,2010-09-05,@mystic_banana ADD? No way- she just wants to spy on you-@ will be a jerkwad again,167587803,contemptible fool; jerk,insult,casual_conversation,false,
jerkwad,23089901630,2010-09-05,".@WorldTopicNow - I'll use my OWN hashtags, jerkwad ... how dare you tamper with my meaning!?! I write what I write - MY way!!!",9379192,contemptible fool; jerk,insult,casual_conversation,false,
jerkwad,23096065729,2010-09-05,"Oh, Happy Day: my jerkwad next-door, super conservative neighbors are moving stuff out! A full-on move? I can ONLY hope!  :)",56517870,contemptible fool; jerk,insult,commenting,false,
jerkwad,23112062803,2010-09-06,Hey Creepy Jerkwad Next-Door Neighbors: is it necessary to move your CRAP at 8:30 PM on a SUNDAY night?! Get the HELL out of here!  :(,56517870,contemptible fool; jerk,insult,commenting,false,
jerkwad,24389619503,2010-09-13,@ramseur Take a break from YOUR MOM'S csi. JERKWAD,158213986,contemptible fool; jerk,insult,casual_conversation,false,
jerkwad,24398088601,2010-09-13,"is going to strive to be a nicer, more gentle person.  so get off my f-ing back, jerkwad.",34008922,contemptible fool; jerk,insult,commenting,false,
jerkwad,24405894075,2010-09-13,@shadester126 ahhhh   a good use of twitter; too rant about the jerkwad drivers who we pray are sterile,151263673,contemptible fool; jerk,insult,casual_conversation,false,
jerkwad,24406952474,2010-09-13,"I am not a twitter junkie, you #jerkwad!!! @MissAshForReal",116371465,contemptible fool; jerk,insult,casual_conversation,false,
jerkwad,24421545238,2010-09-13,Omg the jerkwad award of the day goes to the person who threw a glass vodka bottle on the sidewalk of our walking route!,46131920,contemptible fool; jerk,insult,commenting,false,
jerkwad,24427940816,2010-09-14,If another jerkwad texts me anything bout my eagles..lol.. Grrrrrr.. Don't gete wrong I love the attention lol..,48791588,contemptible fool; jerk,insult,commenting,false,
jerkwad,24444709925,2010-09-14,"@Aftashok like I said....you suck. and nah, you picked the Ravens you 3 points ahead of me now, jerkwad. lol",14176110,contemptible fool; jerk,insult,casual_conversation,false,
jerkwad,24445080717,2010-09-14,"Ok, i get it. empty bar for karaoke. people are still waiting; four songs in a row should be sufficient, jerkwad. get of the f-ing stage.",49890941,contemptible fool; jerk,insult,commenting,false,
jerkwad,24772370379,2010-09-17,"@quietruby Where's Banner? I need to give him a junk punch,. Kthnx. Dickless, spineless jerkwad. Poor Bella. And the 'rents show up. Yikes!",109848880,contemptible fool; jerk,insult,casual_conversation,false,
jerkwad,24779710171,2010-09-17,Free refills on same visit only jerkwad,123139974,contemptible fool; jerk,insult,commenting,false,
jerkwad,24789771730,2010-09-17,"#icandowithout you. you're a jerkwad and i dont need you. i learned my lesson, thanks for playing though.",19849576,contemptible fool; jerk,insult,commenting,false,
jerkwad,24793797472,2010-09-17,@iHeartKakashi lol text me jerkwad,30185181,contemptible fool; jerk,insult,casual_conversation,false,
jerkwad,24817297333,2010-09-18,Such an arrogant jerkwad,52550624,contemptible fool; jerk,insult,commenting,false,
jerkwad,25353532521,2010-09-23,@FlyHeIs well thanks for returning my call jerkwad,26254771,contemptible fool; jerk,insult,casual_conversation,false,
jerkwad,25359340972,2010-09-24,Jerkwad,161201036,contemptible fool; jerk,insult,commenting,false,
jerkwad,25370022910,2010-09-24,You luhv me...which is whyy you are sharing with twitter lo RT @AyeYoAdrienne: @Queenn_Bish is a jerkwad!lol,174031366,contemptible fool; jerk,insult,casual_conversation,false,
jerkwad,25370026346,2010-09-24,You luhv me...which is whyy you are sharing with twitter lol RT @AyeYoAdrienne: @Queenn_Bish is a jerkwad!lol,174031366,contemptible fool; jerk,insult,casual_conversation,false,
jerkwad,25373197766,2010-09-24,@ebonyealaina get over yourself jerkwad!,22820367,contemptible fool; jerk,insult,casual_conversation,false,
jerkwad,25374713666,2010-09-24,"I've joked about firing my lawyer. Now I'm seriously considering it. The jerkwad should have called me with this news, not emailed.",16437724,contemptible fool; jerk,insult,commenting,false,
jerkwad,25378278905,2010-09-24,Jerkwad spammer of the day @Phung46072 #Report #Block,23247556,contemptible fool; jerk,insult,casual_conversation,false,
jerkwad,25411963685,2010-09-24,geez - did you just smack your kid because her block tower fell over and made noise?  #overkill #jerkwad #learntoparent,105246484,contemptible fool; jerk,insult,commenting,false,
jerkwad,28073421849,2010-10-22,"Ha! Go away, you anti-Semitic, woman-hating, misanthropic jerkwad. http://fb.me/ss6oELpx",79853185,contemptible fool; jerk,insult,article_sharing,false,
jerkwad,28356595420,2010-10-22,"I hate when professors grade a rough draft. I know it's not perfect. That's why its a rough draft, you jerkwad!",17984195,contemptible fool; jerk,insult,commenting,false,
jerkwad,28359853139,2010-10-22,@awkwarddamber yes huh! like today when i was in music theory! #jerkwad (#,49679031,contemptible fool; jerk,insult,casual_conversation,false,
jerkwad,28364388311,2010-10-22,@Laughwithme7 I txt'd u earlier today jerkwad.,45790379,contemptible fool; jerk,insult,casual_conversation,false,
jerkwad,28364651593,2010-10-22,"RT @lomejor91: @Laughwithme7 I txt'd u earlier today jerkwad&lt;---i honestly thought I text you back, I'm really tripping...forgive me!",29409244,contemptible fool; jerk,insult,casual_conversation,false,
jerkwad,28365216858,2010-10-22,RT @MarcGomes: How do you not knw when 9/11 was??...@natdapooh &gt;&gt; #jerkwad -- @MarcGomes,87566718,contemptible fool; jerk,insult,casual_conversation,false,
jerkwad,28368837503,2010-10-22,@dejanichelle ...Hes such a jerkwad! Ugh. Lmao i was trying to act normal so he didnt think i was perverted. It turns out he likes that wtf?,120360389,contemptible fool; jerk,insult,casual_conversation,false,
jerkwad,28369484493,2010-10-22,"@ian8inchlynch I totally just replied to you, jerkwad!",39832370,contemptible fool; jerk,insult,casual_conversation,false,
jerkwad,28376834180,2010-10-22,"@JuddApatow Oh yeah Apatow, not a lot of mean? PISS OFF YA JERKWAD! ;-)",14838410,contemptible fool; jerk,insult,casual_conversation,false,
jerkwad,28377062721,2010-10-22,"Brother for sale. For free. Take him, please. I insist. == Whatta jerkwad. #illbeback",51677507,contemptible fool; jerk,insult,commenting,false,
jerkwad,1903685756002304,2010-11-09,"Hotel wi-fi is being a jerkwad. Sorry for not responding, everyone!",17217093,contemptible fool; jerk,insult,commenting,false,
jerkwad,1984753687330816,2010-11-09,professor jerkwad changed the due date. The fuck!,16587871,contemptible fool; jerk,insult,commenting,false,
jerkwad,2001351890444288,2010-11-09,"@pomitical @EWErickson Thats right jerkwad, repealing a law is making less laws. Go back to 3rd grade .",63811288,contemptible fool; jerk,insult,casual_conversation,false,
jerkwad,2072935183421441,2010-11-09,@John_G14 Doesn't sound like that'll be happening you JERKWAD!,26909892,contemptible fool; jerk,insult,casual_conversation,false,
jerkwad,2116130235744256,2010-11-09,Bell in Real Life: Nasty Inside http://t.co/VShZvOF Because sometimes I am an irrational jerkwad even if @awlbiste &lt;3s me anyway,14789213,contemptible fool; jerk,insult,article_sharing,false,
jerkwad,2119927532093440,2010-11-09,"Valkyrie: Keilwerth-LA: ""Moran"" is a joke referring to the picture of the nativist jerkwad with an anti-imm...  http://gawker.com/c/32183679",90896826,contemptible fool; jerk,insult,article_sharing,false,
jerkwad,2125597996228609,2010-11-09,Whoever gsve me this cold is an asshole dick face jerkwad.  #fb,14164268,contemptible fool; jerk,insult,commenting,false,
jerkwad,2158529339203585,2010-11-10,"LISTEN JERKWAD! WHEN YOU'VE ACTUALLY DONE MY JOB&UNDERSTAND WHY THINGS DELAY MY WORK PROGRESS,THEN YOU CAN SAY YOU DON'T LIKE MY EXCUSES!!",37452628,contemptible fool; jerk,insult,commenting,false,
jerkwad,2171618868592640,2010-11-10,"RT @KirstenLeighh: @saraabbyxo DON'T FORGET HE'S A JERKWAD, DUMMY, BUM, MEANY HEAD.... and anything else that's mean sounding(;",78457938,contemptible fool; jerk,insult,casual_conversation,false,
jerkwad,2189552877834241,2010-11-10,Is calling someone a jerkwad somehow ableist because some jerks can't produce said wad?,9054142,contemptible fool; jerk,insult,commenting,false,
jerkwad,2210229898977280,2010-11-10,@RJAndTheCity Don't we all want to kick the arses of the jerkwad football playing jocks? :),84634930,contemptible fool; jerk,insult,casual_conversation,false,
jerkwad,2229205987233792,2010-11-10,"OOOOOOOOMMMMMGGGGG....I totally was expecting that kiss to happen on glee. Truth be told I was that jerkwad back when I was ""straight"" =/",36595160,contemptible fool; jerk,insult,commenting,false,
jerkwad,2251754712338432,2010-11-10,"@hoodhephna23 I did respond to u and I was not grabbing any1s a** jerkwad, lol. The butt belongs to my homegirl Candice",126432625,contemptible fool; jerk,insult,casual_conversation,false,
jerkwad,2263787834970112,2010-11-10,Is it wrong to drug a cat? Specifically my cat?? He's been a total jerkwad the last few nights and this interrupted sleep thing is no good.,147244859,contemptible fool; jerk,insult,commenting,false,
jerkwad,7670450658222080,2010-11-25,firebreather movie http://www.thewebcredit.com/?p=8615 Josh Keaton: FIREBREATHERs Jerkwad!,153308762,contemptible fool; jerk,insult,article_sharing,false,
jerkwad,7699305116729344,2010-11-25,I'm a jerkwad because I'm not letting you get mad at me for doing something you always do.. Damn I guess I'm a real jerk,38923816,contemptible fool; jerk,insult,commenting,false,
jerkwad,7701818536624128,2010-11-25,"New blog posting, Josh Keaton: FIREBREATHER's Jerkwad! - http://jcig.info/53",80653884,contemptible fool; jerk,insult,article_sharing,false,
jerkwad,7718727592189953,2010-11-25,"A rant on the many and varied jerkwad road users, by @mckenny http://www.fixed.org.au/forums/t14710/",55606557,contemptible fool; jerk,insult,article_sharing,false,
jerkwad,7720214875602944,2010-11-25,Josh Keaton: FIREBREATHERs Jerkwad! http://bit.ly/fY66UC :P firebreather,137261960,contemptible fool; jerk,insult,article_sharing,false,
jerkwad,7724125372026880,2010-11-25,"Some jerkwad in SC took a shot at my truck, bullet dent in door. Happy Thanksgiving, asshole.",20868351,contemptible fool; jerk,insult,commenting,false,
jerkwad,7838976257818624,2010-11-25,RT @VonnyBoii: Lmfaooo ! @Aj_NorThSiDEe ! You're a jerkwad for your BBM status ! - tryna play dreidel?,158108276,contemptible fool; jerk,insult,casual_conversation,false,
jerkwad,7853544375853056,2010-11-25,@EGBBY_21 haha he deserves it for being a #jerkwad,55426965,contemptible fool; jerk,insult,casual_conversation,false,
jerkwad,7900870012305408,2010-11-25,Tom brady is such a jerkwad.,80200096,contemptible fool; jerk,insult,commenting,false,
jerkwad,7917700730851329,2010-11-25,"but by the sounds  of it, there's plenty of them up there jerkwad, and what you'll let travis hunt up there but not me? haha @Joe_Peri",38884297,contemptible fool; jerk,insult,casual_conversation,false,
jerkwad,7986848160817152,2010-11-26,@xoSaraBieber Watch your language jerkwad.,112875288,contemptible fool; jerk,insult,casual_conversation,false,
jerkwad,13807826774269952,2010-12-12,@demalojd #Ugh shut up. *rolls eyes* love you too jerkwad! h m p h !,98555637,contemptible fool; jerk,insult,casual_conversation,false,
jerkwad,13812432665313280,2010-12-12,"@rainydaygal1 If your addressing scheme includes ""Dear Jerkwad"", probably. Otherwise, doubtful.",16570034,contemptible fool; jerk,insult,casual_conversation,false,
jerkwad,13849261191995392,2010-12-12,@jav0nte @dechev1 Lolololol...jerkwad....sigh.,114638497,contemptible fool; jerk,insult,casual_conversation,false,
jerkwad,13854906112811008,2010-12-12,@ryanbree at leasttt @hunterjennings came out to congratulate me. jerkwad!,18821694,contemptible fool; jerk,insult,casual_conversation,false,
jerkwad,13872652024287232,2010-12-12,Dudes: I know you think you're sparing her feelings? But you're not. Be a MAN and be HONEST instead of a lying jerkwad.,14071697,contemptible fool; jerk,insult,commenting,false,
jerkwad,14062766088257536,2010-12-12,@lovelyliser stop complaininq jerkwad! Cant you see the man is hurt!,47865911,contemptible fool; jerk,insult,casual_conversation,false,
jerkwad,14088329695854592,2010-12-12,Okay if ur gonna stare at my boobs at least make it subtle jerkwad!! &gt;:/,209288102,contemptible fool; jerk,insult,commenting,false,
jerkwad,14844541660037122,2010-12-15,My brother has me traumatized. All he has to do is look at me and I flinch XD Jerkwad.,42574796,contemptible fool; jerk,insult,commenting,false,
jerkwad,14931317644853248,2010-12-15,"@travimakemovi It's from 1996, jerkwad. And I like it. It's part of my ""personal brand"". Now go to bed.",23820514,contemptible fool; jerk,insult,casual_conversation,false,
jerkwad,14953504284082176,2010-12-15,"Humble Indie Bundle -&gt; http://www.humblebundle.com/ [Easter egg: try entering $0 in the purchase form! (Don't actually pay zero, jerkwad.)]",18840781,contemptible fool; jerk,insult,article_sharing,false,
jerkwad,15055030121922560,2010-12-15,"@MainlineMom I think your theory is right...this guy is an egomaniac jerkwad though, so... cc:@Kat1124",116805466,contemptible fool; jerk,insult,casual_conversation,false,
jerkwad,15062549032607744,2010-12-15,totally sucks to think the last guy I might have ever kissed in my life turned out to be a complete and utter jerkwad.,28665129,contemptible fool; jerk,insult,commenting,false,
jerkwad,15064325421006848,2010-12-15,@txelz @MainlineMom egomaniac jerkwad with many women = he's throwing money around,14358235,contemptible fool; jerk,insult,casual_conversation,false,
jerkwad,15151940660895744,2010-12-15,"Almost got ""Kit"" but she had freckles and seemed like she'd be a snotty little jerkwad.  Number 22 seems more well rounded.",14644310,contemptible fool; jerk,insult,commenting,false,
jerkwad,15163431388712960,2010-12-15,"Maaaaannn. @HighClassBri_ is soooo lucky, jerkwad . xx (;",120584964,contemptible fool; jerk,insult,casual_conversation,false,
jerkwad,18799422544547840,2010-12-25,@Aaron_tattooz merry christmas jerkwad! Luv yooooooooou! Lol,18814867,contemptible fool; jerk,insult,casual_conversation,false,
jerkwad,18816509983854592,2010-12-25,@theOtter you too you adorable jerkwad!,15199215,contemptible fool; jerk,insult,casual_conversation,false,
jerkwad,18829721504583680,2010-12-26,@xknoxx jerkwad. :(,70591313,contemptible fool; jerk,insult,casual_conversation,false,
jerkwad,18863777621479424,2010-12-26,@gsurya @kunalmajumder passed his probationary period with 'flying colours' eh?im sure they might even make that jerkwad a hc judge soon :(,83311872,contemptible fool; jerk,insult,casual_conversation,false,
jerkwad,18886293601652736,2010-12-26,@MindOfaJibri Hahaha ur such a #jerkwad! Lol,121835637,contemptible fool; jerk,insult,casual_conversation,false,
jerkwad,19048053881184256,2010-12-26,My brother is a selfish jerkwad. There! I've said it.,47049941,contemptible fool; jerk,insult,commenting,false,
jerkwad,19812792424996864,2010-12-28,"Sick it is! RT@slckrqn: If some jerkwad stopped me and said I had germs building up in my mouth, I'd kick his ass. Stupid Colgate Total ad.",21996536,contemptible fool; jerk,insult,casual_conversation,false,
jerkwad,19881742722662400,2010-12-28,for a smoke break at one of the stops. Thus he gets into the transit station on time. Effing jerkwad.,14421258,contemptible fool; jerk,insult,commenting,false,
jerkwad,20024758057832448,2010-12-29,Some jerkwad just sauntered up to the DA desk and threw his ID cards at my face. It was all on camera. #thatswhyicouldntshankhim,18344682,contemptible fool; jerk,insult,commenting,false,
jerkwad,20110962535174144,2010-12-29,Just had to call the police on some jerkwad who thinks it's cool to blast techno at 12:30 at night. #SitDownAndShutUp #NYEIsTomorrowGenius,67473245,contemptible fool; jerk,insult,commenting,false,
jerkwad,20114757054894080,2010-12-29,Peak Street - style and comfort for the discriminating jerkwad,25988475,contemptible fool; jerk,insult,commenting,false,
lame-o,7465949387,2010-01-07,@KimRedling I'm not the one who's going to sleep at 10:30 at night... Lame-o ;],48385881,"an uncool, foolish, or pathetic person",insult,casual_conversation,false,
lame-o,7466058061,2010-01-07,@TooMuchHandsome lmfaooo wowoww ! lame-o,61974651,"an uncool, foolish, or pathetic person",insult,humor,false,
lame-o,7466119919,2010-01-07,omg gonna sound like a total lame-o but i love @phyliciajonas's myspace info crap.,23169723,"an uncool, foolish, or pathetic person",insult,casual_conversation,false,
lame-o,7467037551,2010-01-07,@itZveeZZy @AyeYoBri awwww shit..Party in the Lame-O??,27196461,"an uncool, foolish, or pathetic person",insult,casual_conversation,false,
lame-o,7467131683,2010-01-07,@SiiRTWiiN exactly lame-o -_- Ylm tho  http://myloc.me/2GbQK,83275900,"an uncool, foolish, or pathetic person",insult,casual_conversation,false,
lame-o,7467416353,2010-01-07,http://twitpic.com/x0em9 - Lame-o.,8814682,"an uncool, foolish, or pathetic person",insult,casual_conversation,false,
lame-o,7467440201,2010-01-07,TALKN ON DA PHONE WIT DIS LAME-O!!!,45504833,"an uncool, foolish, or pathetic person",insult,commenting,false,
lame-o,7467985280,2010-01-07,"A!@MOOCH_DORABADD Stronger than Draino, your boyfriend a lame-o
And if you stay with em then y'all in the same boat",96900392,"an uncool, foolish, or pathetic person",insult,casual_conversation,false,
lame-o,7468103144,2010-01-07,@CelinaLucia wow not funny lol lame-o,60944031,"an uncool, foolish, or pathetic person",insult,humor,false,
lame-o,7468428157,2010-01-07,@AlexAllTimeLow yeah but you're not playing an U18 show you lame-o D: serious letdown,36620140,"an uncool, foolish, or pathetic person",insult,casual_conversation,false,
lame-o,7539557681,2010-01-09,@TraeIsaac lame-o lol,24636341,"an uncool, foolish, or pathetic person",insult,humor,false,
lame-o,7539828591,2010-01-09,Shame on u Lambs... @Luvmariahcarey @MariahsUKFan for liking The Warning by slim lame-o.....,22533981,"an uncool, foolish, or pathetic person",insult,casual_conversation,false,
lame-o,7539851910,2010-01-09,Just drop Lame-o #Leno,29643805,"an uncool, foolish, or pathetic person",insult,celebrity_gossip,false,
lame-o,7540002055,2010-01-09,"@TnnsBAW It's like a 5th grader wrote that, isn't it?? LOL!! Lame-o, especially after Dixie!!!",26855947,"an uncool, foolish, or pathetic person",insult,humor,false,
lame-o,7540996697,2010-01-09,"@emarqua have fun tonight guys!  sorry i'm a lame-o, but we will have to hang out before you leave :)",39996227,"an uncool, foolish, or pathetic person",insult,casual_conversation,false,
lame-o,7541378213,2010-01-09,@lalitoo10 no i'm pretty sherr your one and a lame-o,27385828,"an uncool, foolish, or pathetic person",insult,casual_conversation,false,
lame-o,7541414061,2010-01-09,@raytru get a chest and a lock lol ...bc that shits lame-o,63849391,"an uncool, foolish, or pathetic person",insult,humor,false,
lame-o,7541674557,2010-01-09,@that_girl_vanny lol lame-o,90340669,"an uncool, foolish, or pathetic person",insult,humor,false,
lame-o,7542081847,2010-01-09,"@abspeck haha, that doesn't put me in the lame-o category does it? :-\",21039466,"an uncool, foolish, or pathetic person",insult,humor,false,
lame-o,7543113583,2010-01-09,"In my pj's at 6:55 on a Friday night. ""Criminal Minds"" marathon. LAME-O.",67971154,"an uncool, foolish, or pathetic person",insult,commenting,false,
lame-o,7619628394,2010-01-11,@Nikktionary o there her is !!! Sup lame-o how yo day go eh!?,99879024,"an uncool, foolish, or pathetic person",insult,casual_conversation,false,
lame-o,7619710003,2010-01-11,@NKOTBSummertime lol!! sounds bettah than mine....lame-o!! U goin to NYC Tan-trick!!??,26094487,"an uncool, foolish, or pathetic person",insult,humor,false,
lame-o,7619815849,2010-01-11,i don't understand why i just got super upset that someone deleted me off facebook. maybe its cuz they were a good friend? wow. lame-o,25036239,"an uncool, foolish, or pathetic person",insult,commenting,false,
lame-o,7620019147,2010-01-11,"#nowplaying ""bottom of the bottle"" by smile empty soul......I DO IT JUST TO FEEL ALIVEEEEEE. currently singing my heart out like a lame-o",23507156,"an uncool, foolish, or pathetic person",insult,commenting,false,
lame-o,7620464080,2010-01-11,Greatm TimeWarner brings back Elmer Fudd for a lame-o Geico ad. Wabbit season! Duck season! Wabbit season! Creative director season - fire!,15811626,"an uncool, foolish, or pathetic person",insult,commenting,false,
lame-o,7621037182,2010-01-11,"@DaKidDean thats muy lame-o, ill hit you up tomorrow brofa, im gonna zone out and sleep in a lil",21595004,"an uncool, foolish, or pathetic person",insult,casual_conversation,false,
lame-o,7622081155,2010-01-11,Shout out to da ppl that said they was gonna change on this new year and are still same lame-o's.,93944216,"an uncool, foolish, or pathetic person",insult,commenting,false,
lame-o,7623315181,2010-01-11,#youahater when you cant stop talking shit! bhahaha lame-o,19743591,"an uncool, foolish, or pathetic person",insult,humor,false,
lame-o,7625157044,2010-01-11,@Freakyytae09 yur lame !lame-o,28252914,"an uncool, foolish, or pathetic person",insult,casual_conversation,false,
lame-o,7689322082,2010-01-13,do i actually know anyone who would be on team lame-o?  #teamconan,47036828,"an uncool, foolish, or pathetic person",insult,commenting,false,
lame-o,7690282438,2010-01-13,"#DontFollowMeIf yu think I'ma follow yu,just so yu can #unfollow me later :/ LAME-O",71902740,"an uncool, foolish, or pathetic person",insult,commenting,false,
lame-o,7690504973,2010-01-13,"@missyhugs 2 years,  no warranty. Lame-o",14932406,"an uncool, foolish, or pathetic person",insult,casual_conversation,false,
lame-o,7690719580,2010-01-13,did they say american idol is in boston.... hey soulricua & lawrence we get to see all the talentless lame-o's u all have up there bwahahaha,20267347,"an uncool, foolish, or pathetic person",insult,humor,false,
lame-o,7690985615,2010-01-13,"RT @djraghkstar: ""hey soulricua & lawrence we get to see all the talentless lame-o's u all have up there bwahahaha"" JERK!",20308922,"an uncool, foolish, or pathetic person",insult,humor,false,
lame-o,7691064932,2010-01-13,Uh oh.  This is so dang great it's trumping lame-o librarian assignments. Live query blogging by @DaphneUn: http://bit.ly/6uW9tg,27826728,"an uncool, foolish, or pathetic person",insult,casual_conversation,false,
lame-o,7691253060,2010-01-13,I'd rather watch Idol on DVR so I can fast forward the lame-o's!,16843082,"an uncool, foolish, or pathetic person",insult,commenting,false,
lame-o,7691281723,2010-01-13,RT @soundsavvy: I'd rather watch Idol on DVR so I can fast forward the lame-o's!&lt;&lt;they are the funnys one,18308758,"an uncool, foolish, or pathetic person",insult,casual_conversation,false,
lame-o,7692057997,2010-01-13,@Asta77 I totally agree! Lame-O. Badly written.,79337200,"an uncool, foolish, or pathetic person",insult,casual_conversation,false,
lame-o,7692140854,2010-01-13,"Watching Rick Steves' Europe trip to Bulgaria, certifying that I have become a middle-aged suburban lame-o.",17314524,"an uncool, foolish, or pathetic person",insult,commenting,false,
lame-o,7842336278,2010-01-16,&lt; comment new pic in album &quot;lame-o&quot;,86806448,"an uncool, foolish, or pathetic person",insult,commenting,false,
lame-o,7843166409,2010-01-16,-Ayeee this jaquan aka Juice Hackin my sis twitter  ha well for all you lame-O'z following my sis yall better turn yo swagg aha love ya sis!,50527228,"an uncool, foolish, or pathetic person",insult,commenting,false,
lame-o,7843628376,2010-01-16,"@SowmyaK Lame-o, doing the same though",16120753,"an uncool, foolish, or pathetic person",insult,casual_conversation,false,
lame-o,7843682987,2010-01-16,"home alone on a Saturday night, not to mention its my birthday. lame-o!",53738067,"an uncool, foolish, or pathetic person",insult,commenting,false,
lame-o,7843729088,2010-01-16,"@gabyisdope haha poke that lame-o in the stomach! &gt;:P
and that I said heelllloo!",63329028,"an uncool, foolish, or pathetic person",insult,humor,false,
lame-o,7843859537,2010-01-16,at zee mall like a lame-o,21246139,"an uncool, foolish, or pathetic person",insult,commenting,false,
lame-o,7844326355,2010-01-17,Not really in a car washing mood...but I guess imma have to wash it anyway...ughh lame-o.,62923443,"an uncool, foolish, or pathetic person",insult,commenting,false,
lame-o,7844717631,2010-01-17,"about to drink vodka with orange juice in a few,since no one wants 2 go get the pineapple juice n cranberry,lame-o's",26168061,"an uncool, foolish, or pathetic person",insult,commenting,false,
lame-o,7845359824,2010-01-17,@ShawnAndrews73 LOL there are bandwagon fans after every big game is over.  lame-o.,21092946,"an uncool, foolish, or pathetic person",insult,humor,false,
lame-o,7845446285,2010-01-17,@yaboiksar I'm apparently a lame-o on 360 coz of my sensitivity to motion sickness. FAIL.,6478572,"an uncool, foolish, or pathetic person",insult,casual_conversation,false,
lame-o,7850914642,2010-01-17,"@makirules @smaki1209 Ahhh! I'm sorry we didn't make it to the party, it completely slipped my mind it was coming up already. Lame-o me!",14308567,"an uncool, foolish, or pathetic person",insult,casual_conversation,false,
lame-o,7851261719,2010-01-17,"@YoungBillyMays Go Team CoCo! I hope he gets to hang onto his show. If the ratings r any sign, they might tell Lame-O buh-bye..",20425910,"an uncool, foolish, or pathetic person",insult,casual_conversation,false,
lame-o,7851562263,2010-01-17,"And now that I've checked into my Vegas hotel on a Saturday nite, I will be a true lame-o and head to nearest 24-Hr Fitness. Yeah, baby...",18371010,"an uncool, foolish, or pathetic person",insult,commenting,false,
lame-o,7851867553,2010-01-17,@Miracle4Life lol.. lame-o,63247684,"an uncool, foolish, or pathetic person",insult,humor,false,
lame-o,7852082748,2010-01-17,RT @Tramayne @Slim71084 Me and some lame-o named Kyle &gt; *DEAD*,82511427,"an uncool, foolish, or pathetic person",insult,casual_conversation,false,
lame-o,7852320563,2010-01-17,@llabeezy whatever LAME-O!!!!,33326882,"an uncool, foolish, or pathetic person",insult,casual_conversation,false,
lame-o,7852917811,2010-01-17,@MissMope lol No but that would be awesome. I'm a HUGE Olivia Munn fan so I bought 3 of her mags and they finally came. I'm such a lame-o,17632072,"an uncool, foolish, or pathetic person",insult,humor,false,
lame-o,7853103848,2010-01-17,@Zubreakshearts LAME-O,49145634,"an uncool, foolish, or pathetic person",insult,casual_conversation,false,
lame-o,7853117220,2010-01-17,@black_Npink lame-o dont make me give u a nickname like idid ya fakeass friend,44891490,"an uncool, foolish, or pathetic person",insult,casual_conversation,false,
lame-o,7853346047,2010-01-17,@kevinduthu dude...that sounds like a not fun lame-o time...,40958366,"an uncool, foolish, or pathetic person",insult,casual_conversation,false,
lame-o,7854183078,2010-01-17,@AlexMaroko - what a lame-o,15839886,"an uncool, foolish, or pathetic person",insult,casual_conversation,false,
lame-o,7854184449,2010-01-17,@symonethomas LMAO!!! REALLY ON TWITTER!! LAME-O,84483936,"an uncool, foolish, or pathetic person",insult,casual_conversation,false,
lame-o,7854337550,2010-01-17,Sincere (Mig's Petalpusher Vocal Mix) - MJ Cole - Steve's Dr. Pepper Bourbon Lame-o Party of One Mix http://post.ly/J2Uc,19940446,"an uncool, foolish, or pathetic person",insult,commenting,false,
lame-o,7854365551,2010-01-17,@Anisa_Ishida I am a lame-o on the couch. :( have fun! ;),12803152,"an uncool, foolish, or pathetic person",insult,casual_conversation,false,
lame-o,7854428221,2010-01-17,Good Ol' Days - Joshua Heath - Steve's Dr. Pepper and Bourbon Lame-o Party of One Mix http://post.ly/J2Vc,19940446,"an uncool, foolish, or pathetic person",insult,commenting,false,
lame-o,7854570372,2010-01-17,@bizzle924 you and @socalvivi are lame-o's!!!!,44073213,"an uncool, foolish, or pathetic person",insult,casual_conversation,false,
lame-o,7854997182,2010-01-17,Am I the only lame-o tonight!?,46324745,"an uncool, foolish, or pathetic person",insult,commenting,false,
lame-o,7855460620,2010-01-17,@black_Npink U LAME-O,44891490,"an uncool, foolish, or pathetic person",insult,casual_conversation,false,
lame-o,7856014990,2010-01-17,"Just got kicked in the knee, shin, and inner ankle bone. All by the same lame-o kid who can't control his skates. Grrr.",13781752,"an uncool, foolish, or pathetic person",insult,commenting,false,
lame-o,7857029854,2010-01-17,Lame-O RT @JessRox18 Have I yet mentioned that I despise being cold :( ahhhHH http://myloc.me/2XfWK,18072614,"an uncool, foolish, or pathetic person",insult,casual_conversation,false,
lame-o,7975576588,2010-01-20,Your girlfriend a lame-o and if u stay wit her then y&#39;all n the same boat....not reallii undastandn lyfe rite nw..bt GODs gon guide mee,47239374,"an uncool, foolish, or pathetic person",insult,commenting,false,
lame-o,7975816591,2010-01-20,@Tehrannn whatever lame-o,27759337,"an uncool, foolish, or pathetic person",insult,casual_conversation,false,
lame-o,7976383516,2010-01-20,@TMG_GQ lol lame-o,27376218,"an uncool, foolish, or pathetic person",insult,humor,false,
lame-o,7976498588,2010-01-20,Ur so Lame-O! &gt;:/,37886762,"an uncool, foolish, or pathetic person",insult,commenting,false,
lame-o,7976632053,2010-01-20,Working on a column without a game in the background is lame-o. Watching the Australian Open instead.,17345146,"an uncool, foolish, or pathetic person",insult,commenting,false,
lame-o,7976691683,2010-01-20,"@GabeAlvarez Enjoy the couch, blanket & Mad Men! ;) I'm going to be a lame-o old lady right now & crash out...",15998186,"an uncool, foolish, or pathetic person",insult,casual_conversation,false,
lame-o,7977162232,2010-01-20,@harrylang That's just lame-O!,15894834,"an uncool, foolish, or pathetic person",insult,casual_conversation,false,
lame-o,7978374948,2010-01-20,"@briansolis True. Businesses just making themselves visible to say ""hey, look...we pay attention to our customers"" & never fix are lame-o",16631557,"an uncool, foolish, or pathetic person",insult,casual_conversation,false,
lame-o,7978649235,2010-01-20,Lame-o. Also wanna be an adult? Me so horny as your ring tone is not gonna cut it sister.,106339344,"an uncool, foolish, or pathetic person",insult,commenting,false,
lame-o,7982513589,2010-01-20,@canarycarla trading post?!! lame-o!,11237,"an uncool, foolish, or pathetic person",insult,casual_conversation,false,
lame-o,8112713211,2010-01-23,"Like a lame-o, I've been reorganizing my farm in Farmville for nearly three hours. BUT I got paid for it! :-D",13203612,"an uncool, foolish, or pathetic person",insult,commenting,false,
lame-o,8117684395,2010-01-23,RT @T_Marie90: Stop tweeting...im trying to sleep....---- turn ur phone off lame-o Twitter stops for no one lol,40920796,"an uncool, foolish, or pathetic person",insult,humor,false,
lame-o,8118818987,2010-01-23,@MsTropicana cuz it was WIT a WACK/LAME-o...lol (jk ANTknee.. not sure if u can see my posts..LOL),42506276,"an uncool, foolish, or pathetic person",insult,humor,false,
lame-o,8120096315,2010-01-23,@sallythagrl & @jayyhoe STFU u stupid bitches!!! U guys r sitting right next to eachother. Lame-O's,32982550,"an uncool, foolish, or pathetic person",insult,casual_conversation,false,
lame-o,8120106226,2010-01-23,"Was fooling around with my ninja sword and accidentally took out the light in my room.  Lol, man what a lame-o I am.",23296143,"an uncool, foolish, or pathetic person",insult,humor,false,
lame-o,8121717214,2010-01-23,@Playmaka34 Flashbacks were lame-o... good clips but no engagement in the episode.  Expect more!,15187334,"an uncool, foolish, or pathetic person",insult,casual_conversation,false,
lame-o,8121805011,2010-01-23,#shoutout to all the lame-o's who got all the bad bitches pregnant!...SMH!,18518711,"an uncool, foolish, or pathetic person",insult,commenting,false,
lame-o,8122196167,2010-01-23,All done.. Guess no one wants to go out... Lame-o's,24973645,"an uncool, foolish, or pathetic person",insult,commenting,false,
lame-o,8123053464,2010-01-23,"@theremuslupins I can't respond to your message cause you're not following me, lame-o! But thank you : ) call you soon.",26585860,"an uncool, foolish, or pathetic person",insult,casual_conversation,false,
lame-o,8328529362,2010-01-28,@KingLamz that shit is hilarious freakin lame-o lmaoooo,73902320,"an uncool, foolish, or pathetic person",insult,casual_conversation,false,
lame-o,8330622727,2010-01-28,@Kinga_la ok lame-O ;-) will do!,106621309,"an uncool, foolish, or pathetic person",insult,casual_conversation,false,
lame-o,8331029315,2010-01-28,RT @caribbeanlager: @Kinga_la ok lame-O ;-) will do! -- lol,29182817,"an uncool, foolish, or pathetic person",insult,humor,false,
lame-o,8331150535,2010-01-28,"""your girlfriend a lame-o and if you stay wit her then y’all in the same boat""",83439279,"an uncool, foolish, or pathetic person",insult,commenting,false,
lame-o,8331471266,2010-01-28,"@RLH_Hott4Red u follow them, they don't follow u. Lame-o's! @BabyJ17v @inaboo37",29385954,"an uncool, foolish, or pathetic person",insult,casual_conversation,false,
lame-o,8331540574,2010-01-28,@chelss_smiles Okay Lame-O Lol,55965133,"an uncool, foolish, or pathetic person",insult,humor,false,
lame-o,8331726841,2010-01-28,@fuklovejusblz hahaha lame-o!!,40036529,"an uncool, foolish, or pathetic person",insult,humor,false,
lame-o,8331726850,2010-01-28,@SimplyRielle that line was lame-o..lol,75925972,"an uncool, foolish, or pathetic person",insult,humor,false,
lame-o,8332039105,2010-01-28,ok ALL U niggas is whack except my twitter FAM and my man @coryep hahaha but these other niggas lmaooo LAME-O's,23009119,"an uncool, foolish, or pathetic person",insult,humor,false,
lame-o,8332283541,2010-01-28,RT @HeartBreakMEG @chelss_smiles Okay Lame-O Lol &lt;&lt; [PAUSE] don't get slapped .. lol,64802250,"an uncool, foolish, or pathetic person",insult,humor,false,
lame-o,8442959002,2010-01-31,RT @its_Br00k_SuTTa: #90sTweet did I doo daattt? «Only you used to say that lame-o,33778859,"an uncool, foolish, or pathetic person",insult,casual_conversation,false,
lame-o,8443656517,2010-01-31,@oball31 Okay..........................................................lame-o. ;D,17598273,"an uncool, foolish, or pathetic person",insult,casual_conversation,false,
lame-o,8443940062,2010-01-31,Content on being a lame-o tonight and staying in.,39920822,"an uncool, foolish, or pathetic person",insult,commenting,false,
lame-o,8443968273,2010-01-31,Haha Abigail Wade is a LAME-O!!! :]],100168185,"an uncool, foolish, or pathetic person",insult,humor,false,
lame-o,8444014000,2010-01-31,@Carideo yeah we were lame-o's in hs,19218995,"an uncool, foolish, or pathetic person",insult,casual_conversation,false,
lame-o,8445119086,2010-01-31,@Alanalyn haha smooooth rico suave haha yogurt?! Was that the best you can do haha lame-o lmao,89896638,"an uncool, foolish, or pathetic person",insult,humor,false,
lame-o,8445952240,2010-01-31,@lemon_oreo That's the best feeling.  Lame-o followers are no fun at all :(,64972885,"an uncool, foolish, or pathetic person",insult,casual_conversation,false,
lame-o,8446382519,2010-01-31,@blondii_gina98 I still dig u... Lame-o :),19305064,"an uncool, foolish, or pathetic person",insult,casual_conversation,false,
lame-o,8447657494,2010-01-31,@MzSiSi_ lame-o,103802080,"an uncool, foolish, or pathetic person",insult,casual_conversation,false,
lame-o,8447826712,2010-01-31,"And despite some lame-o crying, my January drawing actually got done in January! All right then!",98330548,"an uncool, foolish, or pathetic person",insult,commenting,false,
lame-o,9300561232,2010-02-18,#backinhighschool if u wnt kool w/ Mr. Peoples or @ least 1 person n tha attendance office u were tha def of lame-o!!! LoL,36057870,"an uncool, foolish, or pathetic person",insult,humor,false,
lame-o,9300941462,2010-02-18,"I love this play, but I hate putting on shows on Thursdays. Lame-o. But it's closing weekenddddd! Asdfghjklfjdsklawoot",14961025,"an uncool, foolish, or pathetic person",insult,commenting,false,
lame-o,9301442789,2010-02-18,#backinhighschool this LAME-O followed me home and asked me if i smashed his girl?I did but that aint his bizness.,94844786,"an uncool, foolish, or pathetic person",insult,commenting,false,
lame-o,9301456192,2010-02-18,"Colddd, might snuggle up on the couch and watch lame-o day time tv lol",18333729,"an uncool, foolish, or pathetic person",insult,humor,false,
lame-o,9301889947,2010-02-18,@jacobwitt Lame-O. But okay. See you at 4 with a 420. :),14099524,"an uncool, foolish, or pathetic person",insult,casual_conversation,false,
lame-o,9302065099,2010-02-18,#oneofmyfollowers just tried to say something rude and described herself! Lame-o! hahahaha,77870830,"an uncool, foolish, or pathetic person",insult,humor,false,
lame-o,9302459902,2010-02-18,Photo: another one of my purchases at the antique store today. please excuse my lame-o pose. http://tumblr.com/x4o6kh4jc,53442538,"an uncool, foolish, or pathetic person",insult,commenting,false,
lame-o,9302497919,2010-02-18,@Katharine_E LAME-O!,96686834,"an uncool, foolish, or pathetic person",insult,casual_conversation,false,
lame-o,9303589724,2010-02-18,ya boyfriends a lame-o n if u stick wit him yall n the same boat!,102278872,"an uncool, foolish, or pathetic person",insult,commenting,false,
lame-o,9304297210,2010-02-18,Lame-o. Missed class cancelation by an hour.,14627128,"an uncool, foolish, or pathetic person",insult,commenting,false,
lame-o,10010723573,2010-03-05,#LetsBeReal ... I'm not going to follow you because you asked me to. I know you won't follow back so sit the fuck down lame-o,51880065,"an uncool, foolish, or pathetic person",insult,commenting,false,
lame-o,10011209923,2010-03-05,@Whoaitsarah cause that idea is soooooo last century but whatever lame-o i'll txt,25804241,"an uncool, foolish, or pathetic person",insult,casual_conversation,false,
lame-o,10011712711,2010-03-05,@Frank_ally keep it simple lame-o,110287703,"an uncool, foolish, or pathetic person",insult,casual_conversation,false,
lame-o,10011913739,2010-03-05,gabys a lame-o,118165944,"an uncool, foolish, or pathetic person",insult,commenting,false,
lame-o,10012891499,2010-03-05,@Ivette13 haha lame-o,46334637,"an uncool, foolish, or pathetic person",insult,humor,false,
lame-o,10013297726,2010-03-05,dntt ask Me to cmmt ur piks YOU bunch of lame-o&#39;s lmfao.,37623363,"an uncool, foolish, or pathetic person",insult,humor,false,
lame-o,10013634627,2010-03-05,YA BOYFRIEND A LAME-O..AND IF YOU STAY WIFF HIM THEN YALL IN THE SAME BOAT,30472319,"an uncool, foolish, or pathetic person",insult,commenting,false,
lame-o,10014065585,2010-03-05,Man PAkko has become a bit of a lame-o  and I need to work on my conversation skills lol either I lack or im just rusty!,14802654,"an uncool, foolish, or pathetic person",insult,humor,false,
lame-o,10014884566,2010-03-05,@shraddha1812 oh you have to. It is the funniest and saddest thing ever. The original one isn't in that tune but some lame-o remixed it.,115138473,"an uncool, foolish, or pathetic person",insult,casual_conversation,false,
lame-o,10017224707,2010-03-05,R.I.P TATA!MISS U MUCHO! DELETING LAME-O FRIENDS&ADDING NEW 1'S! THEY BETTER B COOL HEHE!.&[UR FULL OF CACA. NUWCM.DCMN2L]{HiS BDAY PRESENT…,94046055,"an uncool, foolish, or pathetic person",insult,commenting,false,
lame-o,10606247529,2010-03-17,@danimop go to The Belmont next door!!! Coco de Ville is lame-o,112473686,"an uncool, foolish, or pathetic person",insult,casual_conversation,false,
lame-o,10606324186,2010-03-17,Nobody's talkin to me =\ LAME-O's !!!!,101420969,"an uncool, foolish, or pathetic person",insult,commenting,false,
lame-o,10606636656,2010-03-17,"Funny. ppl can't use the phone,but can tweet.shows how busy u r.ur wiggity wack for that.Lame-O.guess I'm not the only 1 that thinks so.smh",40161919,"an uncool, foolish, or pathetic person",insult,commenting,false,
lame-o,10606793079,2010-03-17,@baxterorr You're welcome. That's what I'm here for. Still working on patenting the nickname Captain Lame-O.,15379621,"an uncool, foolish, or pathetic person",insult,casual_conversation,false,
lame-o,10607032444,2010-03-17,Hah. My lame-o brother is in loooove. :P,123454976,"an uncool, foolish, or pathetic person",insult,commenting,false,
lame-o,10607432203,2010-03-17,RT @iambinladin: see you proved my point lmdo...fukk tht&lt;&lt; fluck ur point lame-o!!,101411538,"an uncool, foolish, or pathetic person",insult,casual_conversation,false,
lame-o,10608919298,2010-03-17,@imdaszy_duhh lmao #FatassFail.....lame-o was her name-o lol jk u tried i smiled so the goal was reached lol,95556745,"an uncool, foolish, or pathetic person",insult,humor,false,
lame-o,10609276393,2010-03-17,@kristinelaura lame-o!,45563681,"an uncool, foolish, or pathetic person",insult,casual_conversation,false,
lame-o,10610358772,2010-03-17,Every party has a pooper and the pooper is you: tst. Lame-o. When I turn our creative tv show idea into gold work you'll be sorry :),25417903,"an uncool, foolish, or pathetic person",insult,commenting,false,
lame-o,10610889217,2010-03-17,"Q:oh oh!!! ha ha ha :D wanna-be-bat eh?  A:Yeahh, some lame-o is running around thinking hes t... http://formspring.me/JackWhite/q/318503843",107912235,"an uncool, foolish, or pathetic person",insult,commenting,false,
lame-o,11381411897,2010-03-31,"i'm such a lame-o, i've got ""september gurls"" stuck in my head...",14346568,"an uncool, foolish, or pathetic person",insult,commenting,false,
lame-o,11381614281,2010-03-31,@aidiebravo It makes sense I had a lame-o moment haha,79878307,"an uncool, foolish, or pathetic person",insult,humor,false,
lame-o,11382618832,2010-03-31,my teeth hurt. i left school early for this? lame-o. stupid braces &gt;.&lt;,48540799,"an uncool, foolish, or pathetic person",insult,commenting,false,
lame-o,11383061043,2010-03-31,"No, it's lame-o chocolate. Nestle choc rabbit. RT @dannyjbixby: @miller_schloss Is it dark chocolate? Because that would be appropriate",16421521,"an uncool, foolish, or pathetic person",insult,casual_conversation,false,
lame-o,11383598308,2010-03-31,Dont be a lame-o Follow @JV_castillo and @JessieJcastillo!!!!,120163732,"an uncool, foolish, or pathetic person",insult,casual_conversation,false,
lame-o,11384587870,2010-03-31,@jaymelovesyouuu lame-o,54662122,"an uncool, foolish, or pathetic person",insult,casual_conversation,false,
lame-o,11385534789,2010-03-31,"Stronga than draino, ya boifriend a lame-o, and if you stay wit him, yall in the same boat",121240959,"an uncool, foolish, or pathetic person",insult,commenting,false,
lame-o,11386102230,2010-03-31,"Maybe this makes me a big lame-o, but I'm excited to get on the train so I can have my nap.",65460452,"an uncool, foolish, or pathetic person",insult,commenting,false,
lame-o,11386768721,2010-03-31,@nena_6362 Instead of going home & sleeping you should stay up & go to @marimtz house you lame-o! Gosh! Obvio que es tan facil.,32571352,"an uncool, foolish, or pathetic person",insult,casual_conversation,false,
lame-o,11386808582,2010-03-31,"@tutakalaka We don't scoff at research, we scoff at the lame-o marketing. And, for the record, I'm a real person. No research needed!",117107500,"an uncool, foolish, or pathetic person",insult,casual_conversation,false,
lame-o,11718829484,2010-04-06,"@Brooki3Monst3r hahahahahahahahhaha!!!!!! Yeah that is lame-o, its prob framed in their crib somewhere, #lame",61850720,"an uncool, foolish, or pathetic person",insult,humor,false,
lame-o,11719406956,2010-04-06,@HoneyB_AcesroKK  Lame-o's....go with ur homegirls! i wanna see U!,29048821,"an uncool, foolish, or pathetic person",insult,casual_conversation,false,
lame-o,11719805721,2010-04-06,@McMommyblog LOL!! Love that pic! I must be lame-o because I call them headphones!,41548711,"an uncool, foolish, or pathetic person",insult,humor,false,
lame-o,11720530998,2010-04-06,"@TheRealReggieB I wish u would, ask around... maybe not ur circle cuz ur a lame-o tryna go hard on twitter",18213083,"an uncool, foolish, or pathetic person",insult,casual_conversation,false,
lame-o,11720755504,2010-04-06,@NemPerez sorry. Just had to be the lame-o headless voice akin to a comment on Intouch.com.,18698020,"an uncool, foolish, or pathetic person",insult,casual_conversation,false,
lame-o,11721096949,2010-04-06,@OMGmomMandy srsly? FML = F*** my life... But I hate it when people put that in their status. Lame-o,30952135,"an uncool, foolish, or pathetic person",insult,casual_conversation,false,
lame-o,11721528216,2010-04-06,@3girlsmom It WILL be cool when you can use it for more than Starbucks inside Target. Lame-o.,14311694,"an uncool, foolish, or pathetic person",insult,casual_conversation,false,
lame-o,11721751083,2010-04-06,@amanda_yuan I think you can. It sound so MUCH BETTER than my lame-o chicken pot pie without the pie part..... ha ha.,89115216,"an uncool, foolish, or pathetic person",insult,casual_conversation,false,
lame-o,11722110753,2010-04-06,"@YelimSuryc3 AND MY JUSTIN IS SO MUCH BETTER. HE HAS A DICK, AND HIS BALLS HAVE DROPPED. He's better in bed, too :D Bieber = LAME-O AT SEX.",120487655,"an uncool, foolish, or pathetic person",insult,casual_conversation,false,
lame-o,11724142894,2010-04-06,@UBFpkmnlinguist *shakes head* Lame-o. You have to mix up your vocab so you can hit on the key words to trigger the event.,117562453,"an uncool, foolish, or pathetic person",insult,casual_conversation,false,
lame-o,11724228607,2010-04-06,I fuggn hate LAME-O lmbo!! He soo fuggn lame ewwwwwww,57243282,"an uncool, foolish, or pathetic person",insult,commenting,false,
lame-o,11724295186,2010-04-06,@CrazySexy_Cool_ who is LAME-O???,96915254,"an uncool, foolish, or pathetic person",insult,casual_conversation,false,
lame-o,11724484793,2010-04-06,Haydens a loser. While he sleeps i hang out with his friend. Haha. Lame-o!,41703046,"an uncool, foolish, or pathetic person",insult,humor,false,
lame-o,11726426003,2010-04-07,Finally DONE with that exam. Lots of chem hw to do. Lame-o.,35643629,"an uncool, foolish, or pathetic person",insult,commenting,false,
lame-o,11726617185,2010-04-07,"@Rockyroccs you lose you when off my shit lame-o , stop drinking the kool-aid oohhh yeaaa (kool-aid man voice)",109332542,"an uncool, foolish, or pathetic person",insult,casual_conversation,false,
lame-o,11726996548,2010-04-07,@kristinacarroll My dad was just there - they would not let him go on the Casa Rosada balcony for an Evita photo op. Lame-o.,16041647,"an uncool, foolish, or pathetic person",insult,casual_conversation,false,
lame-o,11727108016,2010-04-07,@goofanader WHAT? Lame-o D:,76697630,"an uncool, foolish, or pathetic person",insult,casual_conversation,false,
lame-o,11727412250,2010-04-07,making cookies and watching american lame-o idol. #futuremomalert,17291586,"an uncool, foolish, or pathetic person",insult,commenting,false,
lame-o,11836533677,2010-04-08,"@JustJaci You lame-o! Haha. I would rather work day shifts, but we're busier at night and my boss thinks I'm good at my job. Haha. :|",21150793,"an uncool, foolish, or pathetic person",insult,humor,false,
lame-o,11837418742,2010-04-08,Another busy day!  Lame-o!,118513696,"an uncool, foolish, or pathetic person",insult,commenting,false,
lame-o,11837802520,2010-04-08,Celebrities that get really pissed when lame-o's correct them on twitter just need to count their money and shut the hell up.,26266543,"an uncool, foolish, or pathetic person",insult,commenting,false,
lame-o,11838791310,2010-04-08,"@PUBLISIDE The banner said ‘Tiger, Did You Mean Bootyism?’... I hope someone takes credit so I know who to make fun of for being a lame-o",6995602,"an uncool, foolish, or pathetic person",insult,casual_conversation,false,
lame-o,11840923298,2010-04-08,Out for a walk before feeling like a lame-o.,102552166,"an uncool, foolish, or pathetic person",insult,commenting,false,
lame-o,11841603963,2010-04-08,You know what twitter? I think @bbytx22 is a lame-o!! ;),92451063,"an uncool, foolish, or pathetic person",insult,casual_conversation,false,
lame-o,11841692609,2010-04-08,Hey EVERYONE! @bbytx22 is a lame-o!! (;,92451063,"an uncool, foolish, or pathetic person",insult,casual_conversation,false,
lame-o,11842781142,2010-04-08,RT @PrincesaDeMilli    A shone gon be a shone!!! Rather she have a babydaddy or not!! #thtisall &gt;&gt;&gt; stop effin wit dem LamE-o's,112859213,"an uncool, foolish, or pathetic person",insult,casual_conversation,false,
lame-o,11843312549,2010-04-08,Ya boyfriends a lame-o and if you stay wit him then ya'll in the same boat....,32837261,"an uncool, foolish, or pathetic person",insult,commenting,false,
lame-o,11843379557,2010-04-08,Your boyfriend is a LAME-O....and if you stay with him then y'all in the same boat!! *muah*,59314044,"an uncool, foolish, or pathetic person",insult,commenting,false,
lame-o,11925101483,2010-04-10,@MaxStackz Screw you lame-o....there's noting wrong with it so.........=P,47025517,"an uncool, foolish, or pathetic person",insult,casual_conversation,false,
lame-o,11925188581,2010-04-10,"RT @MelissaTweets: RT @ShoeBlogger: Well, the Manolo stands corrected, not all celebrity tweets are lame-o.... http://bit.ly/c4U8zd",18378801,"an uncool, foolish, or pathetic person",insult,casual_conversation,false,
lame-o,11925396957,2010-04-10,im done with the radio. im over getting lame-o songs stuck in my head ALL day!,35149902,"an uncool, foolish, or pathetic person",insult,commenting,false,
lame-o,11925536660,2010-04-10,@leezyfbabee lame-o,113812911,"an uncool, foolish, or pathetic person",insult,casual_conversation,false,
lame-o,11925559515,2010-04-10,Bout to head out for the night. Tomorrow is gonna suck cause we have alotta reservations for the stupid boat thingee....... lame-o,27835534,"an uncool, foolish, or pathetic person",insult,commenting,false,
lame-o,11925576318,2010-04-10,RellThatsMe    @leezyfbabee lame-o &lt;thats why u aint no #realnigga! ahaahah,39010523,"an uncool, foolish, or pathetic person",insult,casual_conversation,false,
lame-o,11925771741,2010-04-10,just unfollowed a lame-o.... -_- how did i even follow that??? lol,30151335,"an uncool, foolish, or pathetic person",insult,humor,false,
lame-o,11925864809,2010-04-10,RT @RacQDolo: just unfollowed a lame-o.... -_- how did i even follow that??? lol • Maybe someone hacked into your Twitter or some shit.,34200879,"an uncool, foolish, or pathetic person",insult,humor,false,
lame-o,11926284014,2010-04-10,"bye bye potential $22/hour summer job, because I am a lame-o ""international"" student. &gt;:(",19212270,"an uncool, foolish, or pathetic person",insult,commenting,false,
lame-o,11928634136,2010-04-10,@itsdarryldsmith shut up lame-o,46701442,"an uncool, foolish, or pathetic person",insult,casual_conversation,false,
lame-o,12204171012,2010-04-15,@KatetheGreat13 no. I'm a lame-o.LOL I never remember to watch tv.,44799130,"an uncool, foolish, or pathetic person",insult,humor,false,
lame-o,12205339309,2010-04-15,@TashVIModel LOL LAME-O!!,46306492,"an uncool, foolish, or pathetic person",insult,humor,false,
lame-o,12205476632,2010-04-15,yo boy is a lame-o and if you stay wit em then yal in the same boat ;-),38428334,"an uncool, foolish, or pathetic person",insult,commenting,false,
lame-o,12206807254,2010-04-15,@Henny_Rell um... did u get the my twitpic? lame-o,37299037,"an uncool, foolish, or pathetic person",insult,casual_conversation,false,
lame-o,12207222729,2010-04-15,@LaDreDre don't go to prom stab you lame-o. at least bring me!,4636811,"an uncool, foolish, or pathetic person",insult,casual_conversation,false,
lame-o,12207491325,2010-04-15,@DemiOverdose  LAME-O,28459578,"an uncool, foolish, or pathetic person",insult,casual_conversation,false,
lame-o,12207770206,2010-04-15,RT @asianeyes340 I swear @YungRichPorta got some boring ass followers or he follow lame-o's lmao #okbye -- wtf.. i got the best followers..,38619103,"an uncool, foolish, or pathetic person",insult,casual_conversation,false,
lame-o,12208930597,2010-04-15,@decoyhost I didn't think... Why d g?lame-o.,1659801,"an uncool, foolish, or pathetic person",insult,casual_conversation,false,
lame-o,12209748356,2010-04-15,lame-o,79135598,"an uncool, foolish, or pathetic person",insult,commenting,false,
lame-o,12209809997,2010-04-15,@JoshuaRibellia ohaaii ;) aaahahaha your such a lame-o &lt;/3,116367586,"an uncool, foolish, or pathetic person",insult,humor,false,
lame-o,12843810325,2010-04-25,@JayeEllis ours is prolly gonna be lame-o! but I hope not,23908907,"an uncool, foolish, or pathetic person",insult,casual_conversation,false,
lame-o,12843814806,2010-04-25,Lame-O,25668265,"an uncool, foolish, or pathetic person",insult,commenting,false,
lame-o,12845085005,2010-04-25,Who gets tipsy at The Olive Garden on a Sunday early afternoon... Oh sorry @luislara415 ... should have known... Lame-o!,25745581,"an uncool, foolish, or pathetic person",insult,casual_conversation,false,
lame-o,12845189799,2010-04-25,Thanks everybody for the well wishes! I didnt win it due to sone heavy cheating on Zoe's part! Lame-o!!!,108863515,"an uncool, foolish, or pathetic person",insult,commenting,false,
lame-o,12845557603,2010-04-25,@PinkCupcake lame-o lol no rlly?,31034401,"an uncool, foolish, or pathetic person",insult,humor,false,
lame-o,12846197480,2010-04-25,Since When Do Yu Have To Be 18 To Buy Rubitusin ?? Freakin Lame-O,128121968,"an uncool, foolish, or pathetic person",insult,commenting,false,
lame-o,12846292824,2010-04-25,@HoSueEh lame-o,99359902,"an uncool, foolish, or pathetic person",insult,casual_conversation,false,
lame-o,12846690838,2010-04-25,Why my father dead texted the HOUSE talking about make some kool aid. Lmaoo lame-o,55280643,"an uncool, foolish, or pathetic person",insult,commenting,false,
lame-o,12848556226,2010-04-25,"Photo: (via marinersubmariner) Awesome. If you don’t watch Community, you should stop being a lame-o and... http://tumblr.com/xft92zykl",15202699,"an uncool, foolish, or pathetic person",insult,commenting,false,
lame-o,12848824429,2010-04-25,talk to strangers. i promise they are more entertaining than the overtextually active lame-o you respond to like a slave. yes. the s-word.,116570742,"an uncool, foolish, or pathetic person",insult,commenting,false,
lame-o,13110453226,2010-04-30,"Sunglasses inside at night, the tell tale signs of a lame-o",16656426,"an uncool, foolish, or pathetic person",insult,commenting,false,
lame-o,13110810216,2010-04-30,"RT @The_David_S: Sunglasses inside at night, the tell tale signs of a lame-o",31926193,"an uncool, foolish, or pathetic person",insult,casual_conversation,false,
lame-o,13111230981,2010-04-30,@lovechymere if apple juice was liquor...I'd be a TRUE alcoholic! &lt;Lame-o lol,74252514,"an uncool, foolish, or pathetic person",insult,humor,false,
lame-o,13112065140,2010-04-30,@bunnynbam what a lame-o ...get with it,18758309,"an uncool, foolish, or pathetic person",insult,casual_conversation,false,
lame-o,13112851630,2010-04-30,RT @CumOnherBumm: 1.only ppl who do #FF r lame-o's that r desprate 4 followers 2. they only shout out the ppl who got alot of followers&lt;mean,118876128,"an uncool, foolish, or pathetic person",insult,casual_conversation,false,
lame-o,13112970767,2010-04-30,@JaDoreTraZel Lol...      which Lame-O this u got??,44786698,"an uncool, foolish, or pathetic person",insult,humor,false,
lame-o,13113083097,2010-04-30,"@iLoveYouGagaloo http://twitpic.com/1jkae9 - no duh, those lame-o morons are just trying to start false rumors a",119959175,"an uncool, foolish, or pathetic person",insult,casual_conversation,false,
lame-o,13113576087,2010-04-30,"New TV. It's shiny, but I wish my old one hadn't broken. Lame-o. Plus, the speakers don't work as well. Damn you Sony.",47825232,"an uncool, foolish, or pathetic person",insult,commenting,false,
lame-o,13113890061,2010-04-30,@scrappincrazy That's why I got rid of it. Got stuck and crashed a LOT.  Lame-o.,15856625,"an uncool, foolish, or pathetic person",insult,casual_conversation,false,
lame-o,13115314092,2010-04-30,LAME-O.,19073653,"an uncool, foolish, or pathetic person",insult,commenting,false,
lame-o,13177924567,2010-05-01,Excited to be head off to the White House Correspondent's Dinner on Saturday night. Won't let Jay Lame-o's presence ruin the O'ccasion.,69814256,"an uncool, foolish, or pathetic person",insult,commenting,false,
lame-o,13178790708,2010-05-01,"@SwaggedOutJovan is a LAME-O, how u keep me up past my bedtime & end up fallin asleep!! Lmao #LAME",71848629,"an uncool, foolish, or pathetic person",insult,casual_conversation,false,
lame-o,13181264908,2010-05-01,"GOOD MORNING TWITTERVILLE... on this train to Philly then its off to SICKLERVILLE, NEW JERSEY! I love my LAME-O state!",27888398,"an uncool, foolish, or pathetic person",insult,commenting,false,
lame-o,13182570394,2010-05-01,@darkelegance dude. total crazyness. i hope he didn't have celeb boredom and go snooping around on my lame-o page.,19750465,"an uncool, foolish, or pathetic person",insult,casual_conversation,false,
lame-o,13185011706,2010-05-01,"@hellosmalldog, @shaytotten: Thanks for the #FF! I'm lame-o so I guess it's  #SS (salutations saturday)",14184346,"an uncool, foolish, or pathetic person",insult,casual_conversation,false,
lame-o,13185408080,2010-05-01,Passive aggressive is kinda lame-O,58499738,"an uncool, foolish, or pathetic person",insult,commenting,false,
lame-o,13186353097,2010-05-01,Goodmorning to all the lame-o's that woke up early for Kennedy games and pentathlon.. Including me :),18324534,"an uncool, foolish, or pathetic person",insult,commenting,false,
lame-o,13186702091,2010-05-01,@abby4043 OMG sorry I missed this somehow last night.  My ubertwitter has been lame-o. You out tonight?,48081084,"an uncool, foolish, or pathetic person",insult,casual_conversation,false,
lame-o,13186944823,2010-05-01,@bubzbeauty i also doubted ur beach hair technique bcus i culdnt make fine buns since mine r made out of steel. chonny scores 1 lame-o point,24675932,"an uncool, foolish, or pathetic person",insult,casual_conversation,false,
lame-o,13187329230,2010-05-01,RT @chonnytehshiz: @bubzbeauty i also doubted ur beach hair technique bcus i culdnt make fine buns since mine r made out of steel. chonn ...,18309277,"an uncool, foolish, or pathetic person",insult,casual_conversation,false,
lame-o,13943953769,2010-05-14,@MosRequested lame-o!!!!!,108463083,"an uncool, foolish, or pathetic person",insult,casual_conversation,false,
lame-o,13944129380,2010-05-14,About to video Skype with @valwears so she can watch Oprah from my tv since her lame-o bro didn't DVR it for her. Boys are stupid. Lol!!,21721067,"an uncool, foolish, or pathetic person",insult,humor,false,
lame-o,13944852877,2010-05-14,Ha oh wow I actually cried when I seen they came out alive hahaa what a lame-o #VampireDiaries,31029551,"an uncool, foolish, or pathetic person",insult,humor,false,
lame-o,13945374006,2010-05-14,@ADELISA_B can not wait. we can be those lame-o's that visit high school after graduating.,23831864,"an uncool, foolish, or pathetic person",insult,casual_conversation,false,
lame-o,13947132834,2010-05-14,"@BrittanyMarieJ I'm not retarded, I caught on to that lmfaooo you lame-o.",96403361,"an uncool, foolish, or pathetic person",insult,humor,false,
lame-o,13949697431,2010-05-14,"@RobUnsaid you're right; follow thursday is lame-o   
;)",18823129,"an uncool, foolish, or pathetic person",insult,casual_conversation,false,
lame-o,13950054748,2010-05-14,@mini_mia that i can do! (i hope.) sorry to be so lame-o this time around. will make it up to you somehow when i'm back from CA and moved.,25459628,"an uncool, foolish, or pathetic person",insult,casual_conversation,false,
lame-o,13951612758,2010-05-14,Already worried about work tomorrow...over one lame-o customer that's akin to having a psycho-high-maintenance-ex-girlfriend.,19343417,"an uncool, foolish, or pathetic person",insult,commenting,false,
lame-o,13951738093,2010-05-14,"@monkeyheads_mom no, i'm lame-o. i never have a baby & i never go out. lol.",45893675,"an uncool, foolish, or pathetic person",insult,humor,false,
lame-o,13951873048,2010-05-14,All you lame-o cavs fans... get @ me!!!!!!!!!,72322096,"an uncool, foolish, or pathetic person",insult,casual_conversation,false,
lame-o,14479968645,2010-05-22,"Anybody who tries to hack my page,
Your a lame-o. And babe, if you ever want to find out something, just ask my friends or hack my Twitter",33010400,"an uncool, foolish, or pathetic person",insult,commenting,false,
lame-o,14480465157,2010-05-22,"Wow, i didn't know it was ""super lame-o pick-up lines night"" tnyt.",129348418,"an uncool, foolish, or pathetic person",insult,commenting,false,
lame-o,14480635086,2010-05-22,My name sake took the gold on rocketpower. Lame-o's #lmao Nite tweeps,26345004,"an uncool, foolish, or pathetic person",insult,commenting,false,
lame-o,14481372051,2010-05-22,"@Scotsman7 man, that @minombreesAidan guy is such a lame-o. Even I'm not following him..",82169310,"an uncool, foolish, or pathetic person",insult,casual_conversation,false,
lame-o,14481376958,2010-05-22,@allibabeh You should be here right now lame-o =P,22748589,"an uncool, foolish, or pathetic person",insult,casual_conversation,false,
lame-o,14481467744,2010-05-22,@Just10Credible I aint go man. I was in my books likea lame-o,103479546,"an uncool, foolish, or pathetic person",insult,casual_conversation,false,
lame-o,14481489377,2010-05-22,RT @_ButtaCuppPiiNK: Lame-o 's get a GRiP *,140695862,"an uncool, foolish, or pathetic person",insult,casual_conversation,false,
lame-o,14481983317,2010-05-22,WELL GOODNIGHT LAME-O'S LOL XOXO (& txt me when u wake up 4 work @TheDClark lol) sweet dreams *muah*,107872472,"an uncool, foolish, or pathetic person",insult,humor,false,
lame-o,14483057460,2010-05-22,ha @bassieebabyy boy man... they both have a penis. lol. Now your just a lame-O who LIVES in Carson.,39788559,"an uncool, foolish, or pathetic person",insult,humor,false,
lame-o,14484267993,2010-05-22,RT @YOUNG_GUNNA22 FUK IT IM OUT!!! GN//GM/// L lame-o,52876690,"an uncool, foolish, or pathetic person",insult,casual_conversation,false,
lame-o,15210237239,2010-06-01,"@buffygoodman yeah, i think we fixed it, but it takes a while for the DNS servers to update. lame-o!!",8317382,"an uncool, foolish, or pathetic person",insult,casual_conversation,false,
lame-o,15211467239,2010-06-01,RT @EMPIRE_KingDave: @NoRegrets_Lattz i dont business with t.v doe. if its not basketball or porn mi nuh bodda wid it :)( lame-o lol,140872624,"an uncool, foolish, or pathetic person",insult,humor,false,
lame-o,15211714344,2010-06-01,"RT @LovinqNae08 ""@daira2lovely aww shoot. here i come! lol"" --&gt; HAHAHA, Shutup lame-o Im gudie cuzz!!!",31476930,"an uncool, foolish, or pathetic person",insult,humor,false,
lame-o,15212237652,2010-06-01,@H0tBoiDre LMFAO lame-o,74580376,"an uncool, foolish, or pathetic person",insult,humor,false,
lame-o,15212777586,2010-06-02,Nervous to see how rough people/Nick Cannon (lame-o) will be on Clownvis tonight...doesn't look too great.,14320815,"an uncool, foolish, or pathetic person",insult,commenting,false,
lame-o,15214149604,2010-06-02,So sum lame-o keeping kallin my phont bout is this snow click lol wtf nd its a guy gay ass nigga,30561253,"an uncool, foolish, or pathetic person",insult,humor,false,
lame-o,15214258774,2010-06-02,What kind of lame-o cuts herself on a laundry basket? And then tweets about it?? *points to self *hangs head in shame,39632392,"an uncool, foolish, or pathetic person",insult,commenting,false,
lame-o,15214457551,2010-06-02,@mgfudge lol i guess lame-o lol,31584238,"an uncool, foolish, or pathetic person",insult,humor,false,
lame-o,15214558900,2010-06-02,RT @J_Renee87 @mgfudge lol i guess lame-o lol&lt;--I learned name callin is for ppl who were raised by wolves #justsayin,25073967,"an uncool, foolish, or pathetic person",insult,humor,false,
lame-o,15215590883,2010-06-02,RT @Jwhyte85: @SoleLiveOG shut up no woman has ever called you dat. They probably call u *lame-o* (#cantbeahaterallyourlife),53100365,"an uncool, foolish, or pathetic person",insult,casual_conversation,false,
lame-o,15333215987,2010-06-03,"Jesus is a twitter whore. those last few tweets were him. lame-o.
--Nen.&lt;3",48866746,"an uncool, foolish, or pathetic person",insult,commenting,false,
lame-o,15334411305,2010-06-03,Couldn't have said it better. RT @chelseacbboyles: I think the new Tory Burch mini backpack is LAME-O!! Really?? Mini backpack??? Never OK.,25145031,"an uncool, foolish, or pathetic person",insult,casual_conversation,false,
lame-o,15336538826,2010-06-03,"@lessientinuviel If there's a HTC Desire, then why not call it an Apple Desiree hahahahaha! OK lame-o.",101752679,"an uncool, foolish, or pathetic person",insult,humor,false,
lame-o,15336807342,2010-06-03,@moekelsayy I was quotin the movie lame-o. Lol,25224352,"an uncool, foolish, or pathetic person",insult,humor,false,
lame-o,15336987497,2010-06-03,@Un2amedGorilla how is it #TMI? iT was nothing bad nor disgusting... lame-o,43218871,"an uncool, foolish, or pathetic person",insult,casual_conversation,false,
lame-o,15337453826,2010-06-03,"yeah!!!u know it's bad when u do to a nail shop with u'r mom!!!!lol
lame-o!!!!!!!sos!!!!",35020136,"an uncool, foolish, or pathetic person",insult,humor,false,
lame-o,15338796700,2010-06-03,@ryanmcfatty the restaurant you lame-o,33287658,"an uncool, foolish, or pathetic person",insult,casual_conversation,false,
lame-o,15339301833,2010-06-03,": ""SISTER SISTER"" even thoe im qlad to be w/ ya ; i qotta feel watz real for me like ya qot 2 do watz riqht 4 u, oh oh oh oh lol.! (lame-o!)",40154429,"an uncool, foolish, or pathetic person",insult,humor,false,
lame-o,15339318748,2010-06-03,@SLeetch Go Boston? Lame-o! Lol,37881811,"an uncool, foolish, or pathetic person",insult,humor,false,
lame-o,15340449726,2010-06-03,:( RT @Mikes_Mind: People who try to be cool are the lamest of the lame. One of y'all follow me and I hope you realize it Lame-o.,32911433,"an uncool, foolish, or pathetic person",insult,casual_conversation,false,
lame-o,16991089780,2010-06-25,"@Dannypace Yeah, I noticed. Total lame-o.",14728168,"an uncool, foolish, or pathetic person",insult,casual_conversation,false,
lame-o,16991603548,2010-06-25,bored. so...I'm editing pictures of myself :) LAME-O.,61847446,"an uncool, foolish, or pathetic person",insult,commenting,false,
lame-o,16992402355,2010-06-25,@ShottaDru that's for the contributing article lame-o,19403107,"an uncool, foolish, or pathetic person",insult,casual_conversation,false,
lame-o,16992591640,2010-06-25,@TruGorilla what up lame-o,17563258,"an uncool, foolish, or pathetic person",insult,casual_conversation,false,
lame-o,16993550691,2010-06-25,I don't answeR blocked calls especially never at 2 am dont try again lame-o's,27974404,"an uncool, foolish, or pathetic person",insult,commenting,false,
lame-o,16993770611,2010-06-25,@r_j92 Lame-o lol well I would still LOVE to see you!,25021524,"an uncool, foolish, or pathetic person",insult,humor,false,
lame-o,16994332454,2010-06-25,@WiniWalksRunway haha naww thats my jam find ur own lame-O lol,83470893,"an uncool, foolish, or pathetic person",insult,humor,false,
lame-o,16994414232,2010-06-25,none of my best friends tweet... blah blah lame-o's,52783346,"an uncool, foolish, or pathetic person",insult,commenting,false,
lame-o,16995582138,2010-06-25,@OmarPe lmaoooo lame-o! Lol,65267216,"an uncool, foolish, or pathetic person",insult,humor,false,
lame-o,17000417670,2010-06-25,"Review: Grown Ups Just Needs to Grow Up, Already: E! Online (blog)
In this lazy, lame-o comedy, five best buds reu... http://bit.ly/9n06E3",82324117,"an uncool, foolish, or pathetic person",insult,commenting,false,
lame-o,17495687105,2010-07-01,Bc I told her I dnt wanna go to our high school reunion if she doesnt bc I only knew like 2 ppl in our class .... I was a total lame-o,16972612,"an uncool, foolish, or pathetic person",insult,commenting,false,
lame-o,17495779825,2010-07-01,RT @irockiroll: are the jellynyc pool party lineups the new faux coachella line ups? lame-o.,28352380,"an uncool, foolish, or pathetic person",insult,casual_conversation,false,
lame-o,17498639556,2010-07-01,"RT @1VANNPERCENT2OO: sheesh, woke up extra early -_- &lt;--- Lame-O(x Jkjkjk",74577113,"an uncool, foolish, or pathetic person",insult,casual_conversation,false,
lame-o,17499067741,2010-07-01,"@starshaped the lame-o name is because I'm getting 3 kittens saturday morning, and wont want to leave them so I'm having people over instead",34839799,"an uncool, foolish, or pathetic person",insult,casual_conversation,false,
lame-o,17501877893,2010-07-01,@misshugginsxoxo Shut up. Lame-O! I won't EVER hit you on da Book again... #humph,31038343,"an uncool, foolish, or pathetic person",insult,casual_conversation,false,
lame-o,17506644657,2010-07-01,@wheresandrew LAME-O,40788168,"an uncool, foolish, or pathetic person",insult,casual_conversation,false,
lame-o,17507442219,2010-07-01,@amberback Only you apple lame-o's could be excited for advertisements.,22283818,"an uncool, foolish, or pathetic person",insult,casual_conversation,false,
lame-o,17508743322,2010-07-01,@wolverineandrew @taytaycooleh : um yeah so lame-o and annoying. Maybe if we all get the new iPhone it will all be fixed. Just a thought.,136448547,"an uncool, foolish, or pathetic person",insult,casual_conversation,false,
lame-o,17510689931,2010-07-01,@KadijahPorter LOL wow and I used to think tiger was cool now he's a lame-o,33795552,"an uncool, foolish, or pathetic person",insult,humor,false,
lame-o,17511585428,2010-07-01,@ohsooopaul aww thats lame-O!! Hell not even txtn at that haha..He told me to get a hold of him thru u :0..I dont even think ur w/ him lmao,148844785,"an uncool, foolish, or pathetic person",insult,humor,false,
lame-o,18327377458,2010-07-12,"The wagon is lame-o - In my quest to lay off the sauce, I’ve found myself spending time with my family(reason... http://tumblr.com/xmpd8kub7",56480842,"an uncool, foolish, or pathetic person",insult,commenting,false,
lame-o,18328551112,2010-07-12,"Yo, lame-o on tv selling the secret behind ""The Secret"", I know the ""long suppressed answer"" to getting what you want: it's called sales.",73758245,"an uncool, foolish, or pathetic person",insult,commenting,false,
lame-o,18330626712,2010-07-12,@LittlecBeadles posers of the beadles? Wow! Lame-o's that shows how cute you are:) & I'm not lying either because you said lying is bad :P,119978101,"an uncool, foolish, or pathetic person",insult,casual_conversation,false,
lame-o,18332239968,2010-07-12,....@mizz_brittany is being a fucking lame-o for not wanting to watch this kevin hart stand up. lol,21073513,"an uncool, foolish, or pathetic person",insult,humor,false,
lame-o,18332434493,2010-07-12,"@JakobDeVere really? Omfg what a lame-o, whoever it was haha.",65537374,"an uncool, foolish, or pathetic person",insult,humor,false,
lame-o,18332459740,2010-07-12,"You guys it's one of those nights wherein I feel like a total emotional deadbeat lame-o. *hugs everyone* Gnite t-list. Get some rest, mmkay?",27750278,"an uncool, foolish, or pathetic person",insult,commenting,false,
lame-o,18334218958,2010-07-12,i thought lmao meant lame-o like a year ago,53967274,"an uncool, foolish, or pathetic person",insult,commenting,false,
lame-o,18336545869,2010-07-12,@LiveItLoveIt88 another fat joke. ughhhhh lame-o,37573701,"an uncool, foolish, or pathetic person",insult,casual_conversation,false,
lame-o,18337722369,2010-07-12,"- she called me a ""lame-o"" lol!!  http://twitpic.com/24luy7",30568937,"an uncool, foolish, or pathetic person",insult,casual_conversation,false,
lame-o,18513938799,2010-07-14,@Louisktc LAME-O. i almost replied copy wad... crabs on the 'morrow cannot arrive sooner,19849256,"an uncool, foolish, or pathetic person",insult,casual_conversation,false,
lame-o,18516019806,2010-07-14,"Dear spammer; May I suggest: testing? That’s some lame-o personalised emailing you got going there, buddy. http://twitpic.com/25703l",64439072,"an uncool, foolish, or pathetic person",insult,casual_conversation,false,
lame-o,18517899198,2010-07-14,hahaha :D lame-o :),54893635,"an uncool, foolish, or pathetic person",insult,humor,false,
lame-o,18519227232,2010-07-14,"@AvoidTheFuture I thought Twilight had some interesting gameplay, but it was a lame-o port from the GameCube. High hopes indeed.",18867883,"an uncool, foolish, or pathetic person",insult,casual_conversation,false,
lame-o,18521334501,2010-07-14,@Lo_Got_Em_Goin kinda figured it was tht lame-o!! The crap tht we have to subject ourselves too is ridiculous (cont) http://tl.gd/2gn5gf,59513056,"an uncool, foolish, or pathetic person",insult,casual_conversation,false,
lame-o,18523720529,2010-07-14,@SHIRLISA_NICOLE LAME-O and old ass R. Kelly!!,41247726,"an uncool, foolish, or pathetic person",insult,casual_conversation,false,
lame-o,18524825523,2010-07-14,Wed... Lame-o day with lame ass people trying to be funny on twitter. Just stop!,26662214,"an uncool, foolish, or pathetic person",insult,commenting,false,
lame-o,18529682420,2010-07-14,"Why couldn't I have just been born in 2184 instead of lame-o 1984? :( ""Greetings, my friend, to the FUTURE!"" http://bit.ly/cTWvNe",18508610,"an uncool, foolish, or pathetic person",insult,commenting,false,
lame-o,18529804938,2010-07-14,@phillyd what a lame-o :),24710031,"an uncool, foolish, or pathetic person",insult,casual_conversation,false,
lame-o,18533846214,2010-07-14,if you on my pending requests...DO NOT POKE ME. that aint gon make me accept you lol lame-o,133080609,"an uncool, foolish, or pathetic person",insult,humor,false,
lame-o,18534699918,2010-07-14,@AskMeMyBraSize lmfaoo shuddup ! Lame-O,91913962,"an uncool, foolish, or pathetic person",insult,humor,false,
lame-o,18537544469,2010-07-14,@LoveMehForever RT: ...lol toriMCstinksALOT ♥&lt;&lt;&lt; hahaha whatever lame-o.,27054173,"an uncool, foolish, or pathetic person",insult,humor,false,
lame-o,19892597605,2010-07-30,"I'm going to be a complete lame-o and give my bot Harry Potter keywords, aren't I? Even though I'm already a complete lame-o. ಥ_ಥ",90550882,"an uncool, foolish, or pathetic person",insult,commenting,false,
lame-o,19892872118,2010-07-30,"Tried to call ur landlord, and the pembantu said: 'lagi istirahat'. Lame-O!",157217937,"an uncool, foolish, or pathetic person",insult,commenting,false,
lame-o,19897129595,2010-07-30,You'll do extraordinary things in your life better than bursting into tears 24/7 for a lame-o guy girls! :) -@chiskiee #TTS,144027812,"an uncool, foolish, or pathetic person",insult,casual_conversation,false,
lame-o,19897154124,2010-07-30,RT @TweetsToShare: You'll do extraordinary things in your life better than bursting into tears 24/7 for a lame-o guy girls! :) -@chiskie ...,144792695,"an uncool, foolish, or pathetic person",insult,casual_conversation,false,
lame-o,19897166575,2010-07-30,RT @TweetsToShare: You'll do extraordinary things in your life better than bursting into tears 24/7 for a lame-o (cont) http://tl.gd/2qsbj5,56050192,"an uncool, foolish, or pathetic person",insult,casual_conversation,false,
lame-o,19899085123,2010-07-30,Damn last 10 hour shift..I'm like @Angeezy lame-o work til 5:30,29442511,"an uncool, foolish, or pathetic person",insult,casual_conversation,false,
lame-o,19906087212,2010-07-30,@kidcrunk Who still Uses Myspace But You Lame-o,26964035,"an uncool, foolish, or pathetic person",insult,casual_conversation,false,
lame-o,19909338008,2010-07-30,"New American Idol judges - Randy Jackson, Jennifer Lopez, and Steven Tyler.  Hmmm...sounds LAME-O.",31874347,"an uncool, foolish, or pathetic person",insult,commenting,false,
lame-o,19911135268,2010-07-30,@MizzRosy no  i meant Lame-O REALLY wake up!!!,27022524,"an uncool, foolish, or pathetic person",insult,casual_conversation,false,
lame-o,19911958764,2010-07-30,RT @trishitthefan: Its hard to not look at a girl like she's a lame-o when you know who her ex is. You dated (cont) http://tl.gd/2r1036,143290463,"an uncool, foolish, or pathetic person",insult,casual_conversation,false,
lame-o,21870593894,2010-08-23,#shoutout to this lame-o in this 1982 sentra that tried to race me on 66 and then got pulled over! Bahaha!,120310060,"an uncool, foolish, or pathetic person",insult,humor,false,
lame-o,21870682227,2010-08-23,Don't make me get the illuminati on u haha RT @iAm_MrsKita: @IllumiJolly WTF iS DiS NEW TWiTTER NAME?? LMAO LAME-O,94011911,"an uncool, foolish, or pathetic person",insult,humor,false,
lame-o,21870720378,2010-08-23,@nerdsarefun hey you're lucky that you're stuck with me lame-o,157887830,"an uncool, foolish, or pathetic person",insult,casual_conversation,false,
lame-o,21875263320,2010-08-23,Looks like Ima be by myself for the remainder of the week....my look a like is a lame-o LOL jk,21955197,"an uncool, foolish, or pathetic person",insult,humor,false,
lame-o,21875547075,2010-08-23,Lame-o,50807628,"an uncool, foolish, or pathetic person",insult,commenting,false,
lame-o,21876851768,2010-08-23,RT @IAmBennette: _ #ReTweetThis If You Think Imma Koo Person! &lt;--- LOL lame-O.,52468579,"an uncool, foolish, or pathetic person",insult,humor,false,
lame-o,21877338675,2010-08-23,Formal meetings are lame-o.,31218225,"an uncool, foolish, or pathetic person",insult,commenting,false,
lame-o,21878327844,2010-08-23,Every boy is a lame-O except @yoooDaddy (:,86875229,"an uncool, foolish, or pathetic person",insult,casual_conversation,false,
lame-o,21878997062,2010-08-23,9:30 and bedtime. LAME-O!,29331201,"an uncool, foolish, or pathetic person",insult,commenting,false,
lame-o,21879070561,2010-08-23,I domt know if this makes me a LAME-O but Khloe is being a douchebag to Kourtney... Yeah I watch it too..... AND WHAT.........,63901145,"an uncool, foolish, or pathetic person",insult,commenting,false,
lame-o,21898547818,2010-08-23,"What's up with all the spammy links, @HisHoliness? Hacked? More like the Dalai Lame-o!",21779535,"an uncool, foolish, or pathetic person",insult,casual_conversation,false,
lame-o,21900809520,2010-08-23,"ILHUV your lame-o jokes, they turn my frown upside down, put a smile on maa dile ;DDD @KatlynBieber",88574611,"an uncool, foolish, or pathetic person",insult,casual_conversation,false,
lame-o,21903614913,2010-08-23,Lame-o! Hehe -- RT @inquirerdotnet: Lorenzo says Bolante had full control of fertilizer funds http://bit.ly/dzqQqt,20749160,"an uncool, foolish, or pathetic person",insult,casual_conversation,false,
lame-o,21904287583,2010-08-23,"yet another The GFC For Dummies on #4corners... lame-o, #abc",25048268,"an uncool, foolish, or pathetic person",insult,commenting,false,
lame-o,21908480877,2010-08-23,@rahmiami but I can't speak javanese at alll amii :( and I'm gonna be all alone in that class. Lame-o,71417568,"an uncool, foolish, or pathetic person",insult,casual_conversation,false,
lame-o,21908834861,2010-08-23,"Not a wink of sleep last night-every time I closed my eyes I crashed my car again. Uncool. Sore, tired, and cranky. Lame-o.",21279109,"an uncool, foolish, or pathetic person",insult,commenting,false,
lame-o,21908986723,2010-08-23,MT courting the informal vote..... Daaadddd Jooookkke........ LAME-O #qanda,25048268,"an uncool, foolish, or pathetic person",insult,commenting,false,
lame-o,21912340955,2010-08-23,@sockformation KTFC only bloody play at Mill Hill. MILL HILL!! Whoa. Eat your words lame-o,152608928,"an uncool, foolish, or pathetic person",insult,casual_conversation,false,
lame-o,21912903997,2010-08-23,"The incident showed 2 personalities of our police force: one, the hostage taker. Two, the clueless ""SWAT"" lame-o's.",46366463,"an uncool, foolish, or pathetic person",insult,commenting,false,
lame-o,21913190096,2010-08-23,losing followers on my blog... ok how do i quickly get out of this lame-o rut?,16683931,"an uncool, foolish, or pathetic person",insult,commenting,false,
lame-o,21986966568,2010-08-24,@Gama44 Lame-o! You never called. :P,29948348,"an uncool, foolish, or pathetic person",insult,casual_conversation,false,
lame-o,21989115438,2010-08-24,@katiegowing I wanna too but I reks it'll be lame-o :(,20323667,"an uncool, foolish, or pathetic person",insult,casual_conversation,false,
lame-o,21989622603,2010-08-24,"@saul20032003 you're a lame-O
Are you still up kiddo",27358887,"an uncool, foolish, or pathetic person",insult,casual_conversation,false,
lame-o,21993103470,2010-08-24,@theweetbixkid hahah. :'D man your funny.. I'm doing nothing.. Just sitting here being a lame-o like always. -.-,83781454,"an uncool, foolish, or pathetic person",insult,humor,false,
lame-o,21999017905,2010-08-24,RT @Sh0eWh0re: @ShOrTyVeGa no matter what we'll always be roc girls!!! haha take that lame-o's!!! Yes ( jay z voice) xoxoxo,29099709,"an uncool, foolish, or pathetic person",insult,humor,false,
lame-o,22003422686,2010-08-24,@stacisue Ripon bound?! Thanks for the heads up you were leaving lame-o! Drinks next time you're around?!,50081930,"an uncool, foolish, or pathetic person",insult,casual_conversation,false,
lame-o,22004206205,2010-08-24,@kashdinero u don't have to make everything a trending topic Lame-O,116561696,"an uncool, foolish, or pathetic person",insult,casual_conversation,false,
lame-o,22009618818,2010-08-24,@maceo87 hopefully its not just a lame-o onezie    lol,14430528,"an uncool, foolish, or pathetic person",insult,humor,false,
lame-o,22009721147,2010-08-24,RT @AntoineDent What you hugging me for? He told me too? Man get off me! U like it ---Happy Feet lol &lt;-ur such a lame-o,119497909,"an uncool, foolish, or pathetic person",insult,humor,false,
lame-o,22009981293,2010-08-24,YOU STINKING STUDENT LAME-O. GO GET A JOB AND STOP ROBBING US OF OUR TAXES.,79608017,"an uncool, foolish, or pathetic person",insult,commenting,false,
lame-o,22529995339,2010-08-30,That would be pretty funny lol RT @Giooo0 @LoveCouturex3 what a lame-O hope a shark comes n bites ur leg offf,110856855,"an uncool, foolish, or pathetic person",insult,humor,false,
lame-o,22531713968,2010-08-30,@Prototype_1ATL lame-o! Lol,29091926,"an uncool, foolish, or pathetic person",insult,humor,false,
lame-o,22533349797,2010-08-30,"So true! haha RT @jocart: twilight was nice, new moon was not bad, eclipse's total lame-o. HAHH!!",20971893,"an uncool, foolish, or pathetic person",insult,humor,false,
lame-o,22535007465,2010-08-30,"@itsjusttmee ahaha. it's cause you're in college and are lame-o! no, jk. i wish i was in college! ONE MORE YEAR!! OMO.",31614473,"an uncool, foolish, or pathetic person",insult,humor,false,
lame-o,22537263626,2010-08-30,lame-o lol ouchie! RT @mindcrap: Chick fail: Pampampampam Bam! http://bit.ly/bidE9B,9924642,"an uncool, foolish, or pathetic person",insult,humor,false,
lame-o,22538658243,2010-08-30,Some lame-o left their fanfiction up on this computer in the library. Bahahahahaha,23500687,"an uncool, foolish, or pathetic person",insult,humor,false,
lame-o,22539101491,2010-08-30,"I'm a 9-hour student! Ha. I feel like a lame-o. But, I'm still going to graduate in December '11, so I'm still ahead a semester!",161708612,"an uncool, foolish, or pathetic person",insult,commenting,false,
lame-o,22540094490,2010-08-30,RT @ EthiMahi Evo lame-o! RT @BartenderStu: @MAF_CAPITAL_LLC EVO &lt;&lt; she finally got a real phone now she want 2 talk trash lol,22154943,"an uncool, foolish, or pathetic person",insult,humor,false,
lame-o,22540658797,2010-08-30,@7treehouses what a lame-o.,150906957,"an uncool, foolish, or pathetic person",insult,casual_conversation,false,
lame-o,22541372770,2010-08-30,@yohanaqueen We'll work on her lol RT charinaa_: DeLaGrana you got a lame-o! Ker is so not a good viedographer! http://btt.uk.to/j0NXr,184842762,"an uncool, foolish, or pathetic person",insult,humor,false,
lame-o,25187773455,2010-09-22,RT @jewelzponline: #BecauseOfTwitter i got chicks like @blondeyella making fun of me lol .... #iRoastHer tho &lt;cuz ur an el lame-o lol,43983808,"an uncool, foolish, or pathetic person",insult,humor,false,
lame-o,25188361070,2010-09-22,Awww what a lame-o @Jay_Hernandez_ really fell asleep!! U're wakkk!! Night slut:),51596877,"an uncool, foolish, or pathetic person",insult,casual_conversation,false,
lame-o,25188777533,2010-09-22,@CHRiSSYfBBY no sis i just get tired of seeing BS and the lame-o's that write it,139012502,"an uncool, foolish, or pathetic person",insult,casual_conversation,false,
lame-o,25189275378,2010-09-22,@CeeItoldYou @judysarah @Nickii_Monroe  ci ur sounding like a lame-O lls,33982628,"an uncool, foolish, or pathetic person",insult,casual_conversation,false,
lame-o,25189914245,2010-09-22,@Dasani_Shaad hmmpfh. I think I just got my feelings hurt! Well boop you! Lol nd all the lame-o's filling up your TL nd blocking me out! ha!,48263446,"an uncool, foolish, or pathetic person",insult,humor,false,
lame-o,25191038581,2010-09-22,If @FirstMedia_IND has wider coverage area... I'm sure no one's gonna use the lame-o @TelkomSpeedyID . Not ever!,79716415,"an uncool, foolish, or pathetic person",insult,casual_conversation,false,
lame-o,25192205317,2010-09-22,Lame-o.,26879104,"an uncool, foolish, or pathetic person",insult,commenting,false,
lame-o,25192851389,2010-09-22,"ya boyfriends a lame-O. && if you stay w. him, then y'all in the same boat.",40547021,"an uncool, foolish, or pathetic person",insult,commenting,false,
lame-o,25193243699,2010-09-22,"RT @freshab: ya boyfriends a lame-O. && if you stay w. him, then y'all in the same boat.",46256803,"an uncool, foolish, or pathetic person",insult,casual_conversation,false,
lame-o,25197368017,2010-09-22,Lame-o was his name-o :D RT @kAkbik: +1 RT @jarofjuice: if you are 19 and white with an afro and pretend to be cool by talking like 50...,53664137,"an uncool, foolish, or pathetic person",insult,casual_conversation,false,
lame-o,26001676667,2010-09-30,@Bklynbornhefner lol...she's a lame-o,45213315,"an uncool, foolish, or pathetic person",insult,humor,false,
lame-o,26001831746,2010-09-30,"@_akaAckee LOL ppl think I was talking bout J-Diggz from Cali (you know, the cool one) not the lame-o TO one",16520215,"an uncool, foolish, or pathetic person",insult,humor,false,
lame-o,26002055716,2010-09-30,Seem like we all lame..all the niccas somewhat dress alike to me..the lame-o's got their own identity NOT wantin to be like errbody else,25187105,"an uncool, foolish, or pathetic person",insult,commenting,false,
lame-o,26003004884,2010-09-30,"1 of Annie's reasons not to move out of the mansion, ""Emma's gotten close to Colby, AJ...the staff..."" The STAFF? Lame-o!  #AMC",26855947,"an uncool, foolish, or pathetic person",insult,commenting,false,
lame-o,26003049448,2010-09-30,@SherriRae what's up lame-O,21354214,"an uncool, foolish, or pathetic person",insult,casual_conversation,false,
lame-o,26003872703,2010-09-30,Massive hater!!!!!! RT @DUGeeeFRESH http://twitgoo.com/1paro1 &lt;= if you graduated from this school yo pretty much a lame-o from colga,68751492,"an uncool, foolish, or pathetic person",insult,casual_conversation,false,
lame-o,26004722869,2010-09-30,@TeeKyra *exhale* to each its on lame-o.an naw naw i played it  cool even doe i did wanted to go to da studio on dat ass.lmao..im kiddin,138305140,"an uncool, foolish, or pathetic person",insult,casual_conversation,false,
lame-o,26005253332,2010-09-30,Ya boyfriend a Lame-O!,45993948,"an uncool, foolish, or pathetic person",insult,commenting,false,
lame-o,26005370161,2010-09-30,"""Your boyfriend a lame-o and if u stay wit em den yall on da same boat""",53457144,"an uncool, foolish, or pathetic person",insult,commenting,false,
lame-o,26005989227,2010-09-30,I get cocky whenever I read the Bible daily and pray more than once daily. Like I'm a ballin' Christian. What a lame-o.,18966201,"an uncool, foolish, or pathetic person",insult,commenting,false,
lame-o,26526791201,2010-10-06,this lame-o thinks he'd win if we had a fight. oh pleaseee Grandpa @DollarsNDreams,98756534,"an uncool, foolish, or pathetic person",insult,casual_conversation,false,
lame-o,26527544243,2010-10-06,@jennk0ch lame-o! Aaahaaha last weds was outta control would be hard tooo top lol,23105050,"an uncool, foolish, or pathetic person",insult,humor,false,
lame-o,26528304253,2010-10-06,LAME-O!,19625219,"an uncool, foolish, or pathetic person",insult,commenting,false,
lame-o,26528520456,2010-10-06,@kodakk6000 lame-o ...,20237221,"an uncool, foolish, or pathetic person",insult,casual_conversation,false,
lame-o,26529206954,2010-10-06,@SoupC00LERS lame-o,27844787,"an uncool, foolish, or pathetic person",insult,casual_conversation,false,
lame-o,26531828699,2010-10-06,"""@TiFSAN: Snug as a Bug in a rug! night dollz""&lt;-- LAME-O lol",36112472,"an uncool, foolish, or pathetic person",insult,humor,false,
lame-o,26537870166,2010-10-06,"Lame-o, I have been up since 3:30 :/ luckily it's only a half day...just gotta make it through lunch!",196294501,"an uncool, foolish, or pathetic person",insult,commenting,false,
lame-o,26538938515,2010-10-06,watch your mouth RT @johnnyteater: @MsSwank pffffft @carlajo doesn't know squat about a good mustache!  She's all about lame-o Burt Reynolds,13113532,"an uncool, foolish, or pathetic person",insult,casual_conversation,false,
lame-o,26539427114,2010-10-06,@iLikefatkids I'm already crushing on SNSD~ Seohyun&lt;33 LOLOL sighT.T'' LMAO how'd you get jason from obama?! you lame-o 8DD,47858670,"an uncool, foolish, or pathetic person",insult,humor,false,
lame-o,26548986716,2010-10-06,#Look Alive Point 2 of 10 : I Dont care How good U can Sing or Rap. W/o uniqueness ur just a regular ass Person That has Talent (Lame-o),34023653,"an uncool, foolish, or pathetic person",insult,commenting,false,
lame-o,1004493806243840,2010-11-06,"Ur boyfriend a lame-o,and if u stay wit em then yall in the same boat",29749196,"an uncool, foolish, or pathetic person",insult,commenting,false,
lame-o,1008807425605632,2010-11-06,"“@E2kool: Ur boyfriend a lame-o,and if u stay wit em then yall in the same boat”",29801080,"an uncool, foolish, or pathetic person",insult,casual_conversation,false,
lame-o,1017119860858880,2010-11-06,RT @ChinkShooter: @NewEraJunkie ivan dont tweet @d_lo jus bc im tweetin him .. stop tryna be like me .. lame-o !&lt;--yall stay #TwitterBeefing,24500898,"an uncool, foolish, or pathetic person",insult,casual_conversation,false,
lame-o,1018105622962177,2010-11-06,"""@Yung_Pook:  #ThingsThatPissMeOff nggas who think they the shit on twitter but in real life , there a square x Lame-O"" « GUILTY! Lmao",36522303,"an uncool, foolish, or pathetic person",insult,casual_conversation,false,
lame-o,1020557646626816,2010-11-06,SO MY TL IS MADE UP OF STEELERS FANS & LAME-O LAKERS FANS SMH :|,134550035,"an uncool, foolish, or pathetic person",insult,commenting,false,
lame-o,1020949684031488,2010-11-06,@helloandiex3 lame-o,165872367,"an uncool, foolish, or pathetic person",insult,casual_conversation,false,
lame-o,1021724363591683,2010-11-06,RT @iSlappedYoMama SO MY TL IS MADE UP OF STEELERS FANS & LAME-O LAKERS FANS SMH :|&lt;&lt; #LAKESHOW,72725067,"an uncool, foolish, or pathetic person",insult,casual_conversation,false,
lame-o,1022067310854145,2010-11-06,LAME-O,134872493,"an uncool, foolish, or pathetic person",insult,commenting,false,
lame-o,1023496444448768,2010-11-06,"There was a guy who had no game and lame-o was his name-o. L-A-M-E-O, L-A-M-E-O, L-A-M-E-O and Lame-o was his name-o!!!",76180040,"an uncool, foolish, or pathetic person",insult,commenting,false,
lame-o,1025844780728320,2010-11-06,"Perusing the electoral results for the county I reside in from this past week. Yes, I am becoming more & more a lame-o. But I am informed",73560644,"an uncool, foolish, or pathetic person",insult,commenting,false,
lame-o,3315317493202944,2010-11-13,@itsBUCCi happy birthday lame-o,69168298,"an uncool, foolish, or pathetic person",insult,casual_conversation,false,
lame-o,3318727521083392,2010-11-13,RT @itsBUCCi: RT @IAM_Keese: @itsBUCCi happy birthday lame-o -- I HATE YOU &lt; daaaaaammmnnn y,69168298,"an uncool, foolish, or pathetic person",insult,casual_conversation,false,
lame-o,3320064459669504,2010-11-13,#SHOUTOUT TO @_samanthabby FOR BEIN A LAME-O LIKE ME AND STAYIN HOMEEEE AHHHH. IM GUESSIN YOU WORK IN THE AM TOO?,39010661,"an uncool, foolish, or pathetic person",insult,casual_conversation,false,
lame-o,3321436626231296,2010-11-13,RT @abzrc: @KBeeeZy1 mhmm dem ways there Khadeem gigidy»-_- you don't gigidy to that lol lame-o,185043167,"an uncool, foolish, or pathetic person",insult,humor,false,
lame-o,3322027607851008,2010-11-13,@RobertLuvsMusic ahaha yea wht do yuh' have planed for today lame-o?! Lol:b,182132183,"an uncool, foolish, or pathetic person",insult,humor,false,
lame-o,3323955976867840,2010-11-13,I'm going to bed before midnight on a Friday night.  Lame-o,91218019,"an uncool, foolish, or pathetic person",insult,commenting,false,
lame-o,3324016194494464,2010-11-13,@augiemania hey lame-o! Come back to @rhythemandbrews!,50721573,"an uncool, foolish, or pathetic person",insult,casual_conversation,false,
lame-o,3329385314652160,2010-11-13,Fixed this for you. RT @Jessica_Chobot: I'm sorry but...A. Wake...is LAME-O!,18514243,"an uncool, foolish, or pathetic person",insult,casual_conversation,false,
lame-o,3330042260094976,2010-11-13,Searching for the license... Yet again. This night turned out so lame-o.,20000467,"an uncool, foolish, or pathetic person",insult,commenting,false,
lame-o,3350776416043008,2010-11-13,RT @AshleighNickole: Yea... so I just slept my Friday night away. :-/ &lt;- lame-O! Lol,48785426,"an uncool, foolish, or pathetic person",insult,humor,false,
lame-o,8878451020800000,2010-11-28,Fri-blk/red 6s...Sat-Carmines...Today-blk/red 11s...gotta match this lame-o red Christmas shirt...,123462273,"an uncool, foolish, or pathetic person",insult,commenting,false,
lame-o,8880268580487169,2010-11-28,"Rofl, despite all the lame-o Juno music, yestereve was pretty awesome. @tinybeserk.",34993644,"an uncool, foolish, or pathetic person",insult,casual_conversation,false,
lame-o,8883140038754306,2010-11-28,RT @littlenaomiieh: Indonesia why you rename justin bieber's my world acoustic to my world collection -_- lame-o,95642679,"an uncool, foolish, or pathetic person",insult,casual_conversation,false,
lame-o,8897943679537152,2010-11-28,@itsmehcrystal thanks lame-o,20816274,"an uncool, foolish, or pathetic person",insult,casual_conversation,false,
lame-o,8901939886555136,2010-11-28,"sore throat + boredom + blunted palette = LAME-O!
How to fix? 
Neti pot + Throat Coat tea + trip to bookstore + Thai takeout?",144625463,"an uncool, foolish, or pathetic person",insult,commenting,false,
lame-o,8904154168696832,2010-11-28,Is it really Sunday? Lame-o. Ready to not have to work anymore.,29342631,"an uncool, foolish, or pathetic person",insult,commenting,false,
lame-o,8918855367790592,2010-11-28,I have one more person that's gona tell me no..then imma get desperate and go with ol' boy who I DO NOT wana hear his lame-o game,61999599,"an uncool, foolish, or pathetic person",insult,commenting,false,
lame-o,8920789675941889,2010-11-28,@cookie_monstaaa lame-o,63788272,"an uncool, foolish, or pathetic person",insult,casual_conversation,false,
lame-o,8933917692272641,2010-11-28,@prinzessmicia Your a lame-O...,59686934,"an uncool, foolish, or pathetic person",insult,casual_conversation,false,
lame-o,8946978931081216,2010-11-28,@kennycoble just ran down to check & they're all gone. Lame-o,4790501,"an uncool, foolish, or pathetic person",insult,casual_conversation,false,
lame-o,10533718703742976,2010-12-03,@Chadstr59 just like u lame-o,32910265,"an uncool, foolish, or pathetic person",insult,casual_conversation,false,
lame-o,10537143772389376,2010-12-03,@Lajudegreene is lame since she dosent talk to me anymore): whata lame-o!D:,107853831,"an uncool, foolish, or pathetic person",insult,casual_conversation,false,
lame-o,10545837918654464,2010-12-03,@MichelleInCAL me too.  I stopped watching Greys as well. Lame-o.  Is rather pick my dogs eye goobers.,21316218,"an uncool, foolish, or pathetic person",insult,casual_conversation,false,
lame-o,10550491339558912,2010-12-03,theres a lame-o sittin next too me ! ;),35948696,"an uncool, foolish, or pathetic person",insult,commenting,false,
lame-o,10552238766301184,2010-12-03,@MyLifeAsLiz_Liz when the hell does season 2 premier for us lame-o's in Canada?!,41294431,"an uncool, foolish, or pathetic person",insult,casual_conversation,false,
lame-o,10552856356593664,2010-12-03,UN-following some LAME-O's that bore me to tears with their sob story tweets.,68897742,"an uncool, foolish, or pathetic person",insult,commenting,false,
lame-o,10554051020193792,2010-12-03,"@ToniDanielleee = lame-o to the MAX, but I love 'er! :D",34037814,"an uncool, foolish, or pathetic person",insult,casual_conversation,false,
lame-o,10554479619342336,2010-12-03,RT @JyOtiMATHAROO: UN-following some LAME-O's that bore me to tears with their sob story tweets. &lt;-- hopefuly not me thweet thang.,22669530,"an uncool, foolish, or pathetic person",insult,casual_conversation,false,
lame-o,10554501895294976,2010-12-03,oh! Lame-o @starz......that wuz the most akward interveiw ever! & they got tv shows? how do u guys sit thier & watch em???,158256011,"an uncool, foolish, or pathetic person",insult,casual_conversation,false,
lame-o,10554854938251264,2010-12-03,Tell us how you really feel ;) @JyOtiMATHAROO: UN-following some LAME-O's that bore me to tears with their sob story tweets.,20532512,"an uncool, foolish, or pathetic person",insult,casual_conversation,false,
lame-o,12384427749408768,2010-12-08,Lame-O! The world already ended!!! RT @LadyGagaRulz: Christian group convinced world ends next October http://dld.bz/9EXq,16809671,"an uncool, foolish, or pathetic person",insult,casual_conversation,false,
lame-o,12386961956274176,2010-12-08,@Keishdapretimix lol uh huh smh lame-o,40041869,"an uncool, foolish, or pathetic person",insult,humor,false,
lame-o,12392108639916032,2010-12-08,@mcaroax Comics were alright. Better than Wilson for sure. But that movie was pretty lame-o.,65799627,"an uncool, foolish, or pathetic person",insult,casual_conversation,false,
lame-o,12392571712053248,2010-12-08,RT @Vivacious_Vixen: & now that i am.. i understand this Number Game!! DM ME YOUR NUMBER! &lt;3&lt;~ eww don't fo it...pretty lame-o,70073598,"an uncool, foolish, or pathetic person",insult,casual_conversation,false,
lame-o,12393424615378944,2010-12-08,@lulabee lame-o.,186607581,"an uncool, foolish, or pathetic person",insult,casual_conversation,false,
lame-o,12395795768680448,2010-12-08,"yea ma dat nigga a lame-o and if u keep fukkin wit um, den yall in the same boat,",27816824,"an uncool, foolish, or pathetic person",insult,commenting,false,
lame-o,12400395791900672,2010-12-08,@itsPai ha i'm paranoid on faceboooook like a lame-o mon portable # 601 201 8068 :D gimme gimme yours ma'am!,180523715,"an uncool, foolish, or pathetic person",insult,casual_conversation,false,
lame-o,12404135110385664,2010-12-08,@pakotheloonatik Ha Yeah She Is A Lame-o,223991178,"an uncool, foolish, or pathetic person",insult,casual_conversation,false,
lame-o,12407868703645696,2010-12-08,“@uniqueLEEtiff: @SoleLiveOG loser” -- lame-o,53100365,"an uncool, foolish, or pathetic person",insult,casual_conversation,false,
lame-o,12411841586143232,2010-12-08,and it beats all those lame-o boring style card and e-invitation.booooooooo !!!!!!! http://twitpic.com/3dzrq1,53458319,"an uncool, foolish, or pathetic person",insult,casual_conversation,false,
lame-o,13842497172152320,2010-12-12,Niggas always try to front like they got $$$$$ but then huff n fuckin puff at payin $20 for a cover charge...goodnight lame-o,24813605,"an uncool, foolish, or pathetic person",insult,commenting,false,
lame-o,13845262908788736,2010-12-12,"If my friends think your a lame-o, then most likely your a lame - O",206497807,"an uncool, foolish, or pathetic person",insult,commenting,false,
lame-o,13847369179205632,2010-12-12,I already miss you...and I'm not even gone yet. Does that make me a lame-o? Maybe. ^_^,18236243,"an uncool, foolish, or pathetic person",insult,commenting,false,
lame-o,13857626332864512,2010-12-12,@VidaSoCali lmaoo lame-o's,20840849,"an uncool, foolish, or pathetic person",insult,casual_conversation,false,
lame-o,13862516283150336,2010-12-12,@Jessikah_Based I did Lame-O!,155108035,"an uncool, foolish, or pathetic person",insult,casual_conversation,false,
lame-o,13866855655546880,2010-12-12,Damb u chillin w a lame-o?  RT @WobbleFockaLame Ok this dude is boring as hell. Whos gonna keep me awake?,200164797,"an uncool, foolish, or pathetic person",insult,casual_conversation,false,
lame-o,13876472766791680,2010-12-12,My boyfriend has a toe fetish. Everytime he hacks my account its always about putting jelly/peanut butter on/between my toes. -_- lame-o.,61551151,"an uncool, foolish, or pathetic person",insult,commenting,false,
lame-o,13879090209628160,2010-12-12,Ur bf a lame-O and if u stay wit him then yall on da same boat!!!,44844442,"an uncool, foolish, or pathetic person",insult,commenting,false,
lame-o,13879390983159808,2010-12-12,"@textdrivebys she's a lame-o for ruining it!! but it's not her only gift, so its ok. :)",16361128,"an uncool, foolish, or pathetic person",insult,casual_conversation,false,
lame-o,13886605303484416,2010-12-12,i like how i'm at my cousins. on her computer. eating her food. while she's sleeping. WHAT A LAME-O!,158392999,"an uncool, foolish, or pathetic person",insult,commenting,false,
lame-o,16038419541008384,2010-12-18,Dick get a life RT @chuyin_92: @jema69 let's go to the flyer! @lauruhita doesn't wanna go! LAME-O. Ha,195085018,"an uncool, foolish, or pathetic person",insult,casual_conversation,false,
lame-o,16039168048103424,2010-12-18,"jonathan""I bought this awesome girl deordorant. Its vanilla scented. I smell like a slut though."" haha fucken lame-o",16301634,"an uncool, foolish, or pathetic person",insult,humor,false,
lame-o,16039181914472448,2010-12-18,Alright. You know it's late when you laugh at your own jokes. I am such a lame-o. #imissedhome.,103185786,"an uncool, foolish, or pathetic person",insult,commenting,false,
lame-o,16039730592354304,2010-12-18,F*uck that lame-O... Conan's money... Comic &lt; Comic Genius RT @Rahki: Leno give it up,30914474,"an uncool, foolish, or pathetic person",insult,casual_conversation,false,
lame-o,16043971604119552,2010-12-18,@AmandaaRush i tried telling her all the benefits. I found out that someone cured HIV from twitter. she still thinks it lame...what a lame-o,46589533,"an uncool, foolish, or pathetic person",insult,casual_conversation,false,
lame-o,16044889464639488,2010-12-18,@OreosOverHoes UGH UR RIGHT.... BUT I HAD TO PROVE TO THESE LAME-O's THAT U CAN'T PHOTOSHOP THAT UGLY SHIT -___-,209936777,"an uncool, foolish, or pathetic person",insult,casual_conversation,false,
lame-o,16051116525494272,2010-12-18,BUAHAHA! LMAO MEE TOOOORT @LAbeatjunkie @xStephieGaGax what a lame-o huh? I would die before that ever happend with me.,105886101,"an uncool, foolish, or pathetic person",insult,humor,false,
lame-o,16058237623205888,2010-12-18,RT @Queen_SwagHer: Guestbians... Vs. Lesbians lol #Lwordtweet« go yo a** to bed lame-o,118948545,"an uncool, foolish, or pathetic person",insult,humor,false,
lame-o,16058265775378432,2010-12-18,@Vivacious_Vixen you best not..he's a lame-o...ooh I know you mad!!..lol you know small penis!!!!,70073598,"an uncool, foolish, or pathetic person",insult,humor,false,
lame-o,16066560099618816,2010-12-18,@righteouskiddo is playing all black eyed peas. LAME-O.,105405957,"an uncool, foolish, or pathetic person",insult,casual_conversation,false,
lame-o,16566865279057920,2010-12-19,"@simonpegg I am a lame-o, but can I come to the #peggparty ??",131254919,"an uncool, foolish, or pathetic person",insult,casual_conversation,false,
lame-o,16567065653551104,2010-12-19,"@crause1285 Yes,SLN has become Lame-o,Cookie Monsetr should have hurled after eating the cookie-at least that might have been different",23656081,"an uncool, foolish, or pathetic person",insult,casual_conversation,false,
lame-o,16569001001885696,2010-12-19,I got a lot of fans' support 4 my suggestion @ladymarie RT @lloydkaufman: SNL is LAME-O @James_gunn should write and be on it. &lt;&lt; HE SHOULD,23656081,"an uncool, foolish, or pathetic person",insult,casual_conversation,false,
lame-o,16569096606851072,2010-12-19,RT @ReverendChud: Ummmm duh! RT @lloydkaufman SNL is LAME-O James_gunn should write and be on it.,23656081,"an uncool, foolish, or pathetic person",insult,casual_conversation,false,
lame-o,16569840357605376,2010-12-19,Moving in the rain = lame-o!,24605127,"an uncool, foolish, or pathetic person",insult,commenting,false,
lame-o,16573825432952832,2010-12-19,cleaning my very messy room since all my ladies are coming over tomorrow! too bad @kayleigh_rich thinks she's too cool to come. lame-o.,110794609,"an uncool, foolish, or pathetic person",insult,casual_conversation,false,
lame-o,16575804515295232,2010-12-19,RT @lloydkaufman: I got a lot of fans' support 4 my suggestion @ladymarie RT @lloydkaufman: SNL is LAME-O @James_gunn should write and b ...,49092890,"an uncool, foolish, or pathetic person",insult,casual_conversation,false,
lame-o,16578526954127360,2010-12-19,@tehbus Lame-o.,57000891,"an uncool, foolish, or pathetic person",insult,casual_conversation,false,
lame-o,16579722234298368,2010-12-19,@sha_haynes lame-o!! U and da #cowboys u rode in on!!,117016264,"an uncool, foolish, or pathetic person",insult,casual_conversation,false,
lame-o,16581782954577920,2010-12-19,@the1nonlyliz lol lame-o,59378398,"an uncool, foolish, or pathetic person",insult,humor,false,
lame-o,17084166847860736,2010-12-21,"ur a lame-o , accept it RT @AmAzIng_Beautii: lol..ima need for someone to mention me shyt!!!lmao. im sick of seein only @_lovehopefaith !",116577028,"an uncool, foolish, or pathetic person",insult,humor,false,
lame-o,17090968834539520,2010-12-21,@Patchoulii lame-o. I said lame-o!! U forgot that part. And yeah. #istandbythat,15615574,"an uncool, foolish, or pathetic person",insult,casual_conversation,false,
lame-o,17092653971673088,2010-12-21,@BlxckBeauty smh lame-o lls,152447811,"an uncool, foolish, or pathetic person",insult,casual_conversation,false,
lame-o,17093169711685632,2010-12-21,@MsLeaSalonga thanks for clarifying!naku mare if you are pertaining to the issue I think u r I think it's so LAME-O to tweet grievances..lol,69129044,"an uncool, foolish, or pathetic person",insult,humor,false,
lame-o,17093878632947712,2010-12-21,"""@AngieJayFlyyy: I guess their gonna walk around callin each other husband and wife now .. #lame"" haha lame-o",38227332,"an uncool, foolish, or pathetic person",insult,humor,false,
lame-o,17096521879134208,2010-12-21,@IFartOnHaterz ok I was jk-in lame-o,118580382,"an uncool, foolish, or pathetic person",insult,casual_conversation,false,
lame-o,17098144391110656,2010-12-21,@MsAdeigbe haha u drunk lame-o,36496771,"an uncool, foolish, or pathetic person",insult,humor,false,
lame-o,17099052051079168,2010-12-21,@Imfromdacity I'm glad...lame-o.  Hangin up like a bitch.  Focus on that hoe in baltimore or wherever she is..asshole,45743298,"an uncool, foolish, or pathetic person",insult,casual_conversation,false,
lame-o,17100628241154048,2010-12-21,"#DearFutureWife ya boyfriend a lame-o n if u stay wit em, yall both in the same boat",173259438,"an uncool, foolish, or pathetic person",insult,commenting,false,
lame-o,17109382705713152,2010-12-21,LMAO @ ppl texting me movie spoilers. I Already read the book lame-o's =P,66594178,"an uncool, foolish, or pathetic person",insult,casual_conversation,false,
lame-o,20384404933189632,2010-12-30,#youlookgoodbut  your girlfriends a lame-o & since you fuck wit her. #yallinthesameboat,224448853,"an uncool, foolish, or pathetic person",insult,commenting,false,
lame-o,20392223677874176,2010-12-30,@AnyeWEON and imma make him do it lmao tht lame-o,168386360,"an uncool, foolish, or pathetic person",insult,casual_conversation,false,
lame-o,20395234366062592,2010-12-30,I'm not from GA? Bc I dnt rep da BRAVES no mo. Boy dese people lame-o lame-o put me through da same o same o!!,189689363,"an uncool, foolish, or pathetic person",insult,commenting,false,
lame-o,20396943427510272,2010-12-30,@stephanieelolly Thanks 4 ruinin my secret lol jk Hahahahahaha!!! Sushhh Lame-o Ahhhhh Thnks I miss him now! &lt;/3 ): lol,130903656,"an uncool, foolish, or pathetic person",insult,humor,false,
lame-o,20398482179235840,2010-12-30,@saralovesreptar ahahah oh what. what' a lame-o hah.,55862943,"an uncool, foolish, or pathetic person",insult,humor,false,
lame-o,20403665160372224,2010-12-30,why cant the guys here in lame-o iowa be as cute and stuff like all the canadian guys?????? D: :( :'(,108853119,"an uncool, foolish, or pathetic person",insult,commenting,false,
lame-o,20407447151714304,2010-12-30,"myeshaa so happy she finally abt to wtch this new video ""im bout to waaaatch the monstaaaa video :)"" lol lame-o",116605854,"an uncool, foolish, or pathetic person",insult,humor,false,
lame-o,20411122494476288,2010-12-30,RT @JessFloyd88: #tjmaxxafterdark &lt;&lt;&lt;allllrite lame-o,73201207,"an uncool, foolish, or pathetic person",insult,casual_conversation,false,
lame-o,20417766561419264,2010-12-30,@jaaay_killa Yeaaaahh! Lame-o! Had me trippin for a quick second! What happened tonight?,115184202,"an uncool, foolish, or pathetic person",insult,casual_conversation,false,
lame-o,20422427817283584,2010-12-30,@HeyyRocki LOL...lame-o,27672127,"an uncool, foolish, or pathetic person",insult,humor,false,
poopy,7915640486,2010-01-18,"It's not fairthat ifeel this crappy, w/ some pg sxs, being not pregnant (cheated&POAcheapS and not on progesterone. Just poopy.",72344531,"childish term for poop or for something gross, bad, or silly",insult,commenting,false,
poopy,7916494265,2010-01-18,@tHuRsTaN04 =D! Yay poopy head.,19007969,"childish term for poop or for something gross, bad, or silly",insult,casual_conversation,false,
poopy,7916813466,2010-01-18,@JulesHardy :( are things poopy in the new building?,45458704,"childish term for poop or for something gross, bad, or silly",insult,self_description,false,
poopy,7916835989,2010-01-18,My sister thought it would be funny to leave @tinymargaret's poopy diaper in my office.  I think it'll be funnier when I fedex it to her.,14284120,"childish term for poop or for something gross, bad, or silly",insult,self_description,false,
poopy,7917227512,2010-01-18,he thinks hes big oh ... well i smell a poopy it smells grown ewww hunter,54337876,"childish term for poop or for something gross, bad, or silly",insult,commenting,false,
poopy,7917255187,2010-01-18,poopy mcpooper,31332537,"childish term for poop or for something gross, bad, or silly",insult,commenting,false,
poopy,7917385425,2010-01-18,@RomiDesigns Well isn't that poopy.,29479593,"childish term for poop or for something gross, bad, or silly",insult,self_description,false,
poopy,7917491427,2010-01-18,"""Does Jesus Watch Me Go Poopy?"" http://http://bit.ly/4Y7RmB #fakepsa (via @VancoD)",14338799,"childish term for poop or for something gross, bad, or silly",insult,self_description,false,
poopy,7917503185,2010-01-18,"HYPED ""Son, you're about as useful as a poopy-flavored lollipop."" by Kerti P. on LOOKBOOK.nu: http://lkbk.nu/look/432355",52410658,"childish term for poop or for something gross, bad, or silly",insult,humor,false,
poopy,7961776361,2010-01-19,@TheMacro & @TweetODoom you poopy mouths :P,14680420,"childish term for poop or for something gross, bad, or silly",insult,casual_conversation,false,
poopy,7961915732,2010-01-19,Back in poopy cold flag :( please dont snow me in storm!,106537913,"childish term for poop or for something gross, bad, or silly",insult,commenting,false,
poopy,7961959380,2010-01-19,"Okay, why the f do I feel so poopy?",36741279,"childish term for poop or for something gross, bad, or silly",insult,commenting,false,
poopy,7962107491,2010-01-19,"OMG @ainsleyjane has learned a new gut wrenching ""make mama run"" scream, I'm still shaking,from a poopy change me call, she was napping!",14402952,"childish term for poop or for something gross, bad, or silly",insult,self_description,false,
poopy,7962113471,2010-01-19,@brundle_fly Really? What does the Poopy Pants badge look like? ;),1196561,"childish term for poop or for something gross, bad, or silly",insult,casual_conversation,false,
poopy,7962116672,2010-01-19,Just had another successful potty outside. Yippy!! Hurray!! We're having a poopy party!!,27133410,"childish term for poop or for something gross, bad, or silly",insult,self_description,false,
poopy,7962277173,2010-01-19,"dear inconsiderate mother, please take your childs poopy diaper elsewhere, do not leave it in a public trash, its STINKS!",23345452,"childish term for poop or for something gross, bad, or silly",insult,self_description,false,
poopy,7962370985,2010-01-19,"@hype_2010 thanks, i feel poopy",51083713,"childish term for poop or for something gross, bad, or silly",insult,self_description,false,
poopy,7962473304,2010-01-19,"feels funny to punish kids for saying bad words like ""shut up"" & ""hate"" & ""poopy head"" I feel like such a square. My kids will swear, damnit",24656982,"childish term for poop or for something gross, bad, or silly",insult,casual_conversation,false,
poopy,7962669142,2010-01-19,"Adventures in babysitting: the kiddo just explained how to ""go poopy"" in case I didn't know how.",25742761,"childish term for poop or for something gross, bad, or silly",insult,self_description,false,
poopy,8171288818,2010-01-25,feels like poopy.,29584501,"childish term for poop or for something gross, bad, or silly",insult,commenting,false,
poopy,8171405869,2010-01-25,"I really want to blog. I swear I do, but everytime I sit down to write one some had a poopy butt or needs a boob. ::sigh::",24625627,"childish term for poop or for something gross, bad, or silly",insult,commenting,false,
poopy,8172185965,2010-01-25,@oooLaLaa_ Poopy Face! lmaOo,106173243,"childish term for poop or for something gross, bad, or silly",insult,casual_conversation,false,
poopy,8172225168,2010-01-25,"@BunnyJeanCook Run, hide, do whatever you can! These humans are vile creatures! She even told me I had ""poopy feet"". How rude!",44239132,"childish term for poop or for something gross, bad, or silly",insult,casual_conversation,false,
poopy,8173249296,2010-01-25,@nokie y'all will be happy to know I just changed a poopy diaper in honor of that interception.  Shit.,10444412,"childish term for poop or for something gross, bad, or silly",insult,self_description,false,
poopy,8173577739,2010-01-25,23 mo. old nephew just called (w/his mom's assistance) to tell me he went poopy on the potty. Full training is within their grasp!,14128701,"childish term for poop or for something gross, bad, or silly",insult,self_description,false,
poopy,8173606343,2010-01-25,I'm turning back to Snapped. This is some ol bull poopy,82961081,"childish term for poop or for something gross, bad, or silly",insult,commenting,false,
poopy,8173659850,2010-01-25,i smell so bad. smelly smelly smelly. poopy poopy poopy.,25467442,"childish term for poop or for something gross, bad, or silly",insult,commenting,false,
poopy,8174055114,2010-01-25,@stacieras poopy,20494394,"childish term for poop or for something gross, bad, or silly",insult,casual_conversation,false,
poopy,8174090737,2010-01-25,Ughhhi have a drs app Tom and the dentist on wensday then ANOTHER drs app Thursday poopy :(,16723237,"childish term for poop or for something gross, bad, or silly",insult,commenting,false,
poopy,8321981290,2010-01-28,"comming very Soon: Deuce Poopy ""White Friends"". Club Version. prod by The Sound Twins.  Bientot. Deuce Poppy ""White... http://bit.ly/au8knO",45821166,"childish term for poop or for something gross, bad, or silly",insult,humor,false,
poopy,8321996492,2010-01-28,poopy mcpooperson,39452575,"childish term for poop or for something gross, bad, or silly",insult,commenting,false,
poopy,8325260477,2010-01-28,in the words of Ivana Trump ''ooopy poopy doopy doopy doopy!'' #CBB7 @OfficialBB @ThisIsDavina,22973794,"childish term for poop or for something gross, bad, or silly",insult,humor,false,
poopy,8325302822,2010-01-28,Snow=bad hair and a poopy day.,24560348,"childish term for poop or for something gross, bad, or silly",insult,commenting,false,
poopy,8325890720,2010-01-28,I'm very mature! Miss poopy pants.,108153300,"childish term for poop or for something gross, bad, or silly",insult,casual_conversation,false,
poopy,8326422145,2010-01-28,"Health and safety of Capitol visitors and students be damned, Gov. Rendell wants to protect his friends at Aramark. Poopy in the kitchen!",24358459,"childish term for poop or for something gross, bad, or silly",insult,commenting,false,
poopy,8326819692,2010-01-28,Philly Tweeps: Poopy news. The Feb 6 roller derby match has been cancelled. I won't be coming down for a visit. :-(,16092470,"childish term for poop or for something gross, bad, or silly",insult,commenting,false,
poopy,8327485542,2010-01-28,shake ya poopy!,101158276,"childish term for poop or for something gross, bad, or silly",insult,commenting,false,
poopy,8327777829,2010-01-28,class = poopy,104350982,"childish term for poop or for something gross, bad, or silly",insult,commenting,false,
poopy,8328136273,2010-01-28,Feeling poopy today! =( I need a long nap or a vacation...I need a break from school. Frustrated...=(,29625138,"childish term for poop or for something gross, bad, or silly",insult,commenting,false,
poopy,8385550520,2010-01-29,"@TonyJFoy hey ho, Mr Tony rescued Poopy pants Lulu from up a tree xx",20835489,"childish term for poop or for something gross, bad, or silly",insult,casual_conversation,false,
poopy,8385625802,2010-01-29,I feel like poopy with a hurt foot.,18038231,"childish term for poop or for something gross, bad, or silly",insult,commenting,false,
poopy,8385666166,2010-01-29,"@Nhawkeye79 Captain Poopy Pants, are you done being mad at me yet? :)",108742435,"childish term for poop or for something gross, bad, or silly",insult,casual_conversation,false,
poopy,8386027918,2010-01-29,beinq single iss poopy . qoing for a walk [:,32818324,"childish term for poop or for something gross, bad, or silly",insult,commenting,false,
poopy,8386305766,2010-01-29,"@r0chelle67 oh yea O_o we are celebrating again tonight, would you like some more cake? Happy Birthday Poopy!",6146612,"childish term for poop or for something gross, bad, or silly",insult,casual_conversation,false,
poopy,8386404865,2010-01-29,"SOMEBODY up in here makin a poopy diaper, im not gon name names but it starts wit a T & ends wit a N! stinky baby &lt;3",24759975,"childish term for poop or for something gross, bad, or silly",insult,self_description,false,
poopy,8386717090,2010-01-29,"Felt like ultra poop this morning, very poopy intervals!",74346727,"childish term for poop or for something gross, bad, or silly",insult,commenting,false,
poopy,8386728169,2010-01-29,not exactly thrilled to be home...it's cold & poopy,18892441,"childish term for poop or for something gross, bad, or silly",insult,commenting,false,
poopy,8386980661,2010-01-29,hehe but that thing didn't work!!! poopy! =P,109678083,"childish term for poop or for something gross, bad, or silly",insult,commenting,false,
poopy,8387002834,2010-01-29,"RT @luminousmk: Disco k.karaoke.me,poopy, @anthea_poulos,ishsha,dom,jo and justin. Plus the sailors and the pimps n prostitutes #truestory",20677755,"childish term for poop or for something gross, bad, or silly",insult,casual_conversation,false,
poopy,8951352411,2010-02-11,@imneverbroken rlly iwana c a poopy rainbow ( iwonder wah colors ihxt wudb ),22875889,"childish term for poop or for something gross, bad, or silly",insult,casual_conversation,false,
poopy,8951430259,2010-02-11,@nathanchrist yeah. She did really poopy,111825292,"childish term for poop or for something gross, bad, or silly",insult,casual_conversation,false,
poopy,8951510965,2010-02-11,RT @cLaSsixcaLMarie: @imneverbroken rlly iwana c a poopy rainbow ( iwonder wah colors ihxt wudb )&lt;&lt; it b multicolored,22996550,"childish term for poop or for something gross, bad, or silly",insult,casual_conversation,false,
poopy,8951906073,2010-02-11,What up with my shittiot computer. Dear other computer plz come back fast and less poopy I need you to have Photoshop fun with.kthanks xo,44450240,"childish term for poop or for something gross, bad, or silly",insult,commenting,false,
poopy,8951914725,2010-02-11,"#WhatsWorseThan My niece dug on her poopy diaper, & touched d soda can. Cousin wasn't paying attention, he drank d soda & smelled something.",48248618,"childish term for poop or for something gross, bad, or silly",insult,self_description,false,
poopy,8951940179,2010-02-11,That last one was supossed to say RT. poopy,18960055,"childish term for poop or for something gross, bad, or silly",insult,commenting,false,
poopy,8951994919,2010-02-11,I love poopy doop,61672091,"childish term for poop or for something gross, bad, or silly",insult,commenting,false,
poopy,8952001706,2010-02-11,Sausage butt nutsack poopy pee,61672091,"childish term for poop or for something gross, bad, or silly",insult,commenting,false,
poopy,8952532435,2010-02-11,@jennagaragiola im gunna hug the poopy outta you tomorrow. no joke. wear a diaper.,19832580,"childish term for poop or for something gross, bad, or silly",insult,self_description,false,
poopy,8954853372,2010-02-11,Can't believe I'm not sleep yet.. work in the AM.. poopy :(,107628049,"childish term for poop or for something gross, bad, or silly",insult,commenting,false,
poopy,9005496142,2010-02-12,back after poopy,82861051,"childish term for poop or for something gross, bad, or silly",insult,commenting,false,
poopy,9005719773,2010-02-12,@GinaVicencio did you visit your poopy neighbour?,34620711,"childish term for poop or for something gross, bad, or silly",insult,casual_conversation,false,
poopy,9006162713,2010-02-12,i need sleep.... ughhhh icky poopy,75649725,"childish term for poop or for something gross, bad, or silly",insult,commenting,false,
poopy,9006167937,2010-02-12,@mr_craig Thank you for playing my game. No-one else is and they are all poopy-heads,21879001,"childish term for poop or for something gross, bad, or silly",insult,casual_conversation,false,
poopy,9006247521,2010-02-12,@TrinaLouise_ *moves @TrinaLouise_ from poopy-head pile to yay pile*,21879001,"childish term for poop or for something gross, bad, or silly",insult,casual_conversation,false,
poopy,9006304314,2010-02-12,"Just had the poopy insurance people round, that man is so rude!!!",27766586,"childish term for poop or for something gross, bad, or silly",insult,commenting,false,
poopy,9006320421,2010-02-12,"Star Victoria had a poopy and wet diaper (Watery, Yellow)",38062191,"childish term for poop or for something gross, bad, or silly",insult,self_description,false,
poopy,9008057747,2010-02-12,"feels like i just walked into one of the scenes from the 'hangover' & .y are there poopy stains on the carpet!?! why roomate, why?????",81005114,"childish term for poop or for something gross, bad, or silly",insult,commenting,false,
poopy,9008764532,2010-02-12,Jimmy's marker smelly like poopy. so now my hand does!,78457938,"childish term for poop or for something gross, bad, or silly",insult,commenting,false,
poopy,9008959357,2010-02-12,"So when at mcdonalds play area and your child has a poopy diaper and u forgot a spare. General rule is go home and change, not ignore it :)",48579064,"childish term for poop or for something gross, bad, or silly",insult,self_description,false,
poopy,9193871156,2010-02-16,RT @L_Moni: My Poopy makes me smile---&gt; SMH ima need you to retype dis one!!! Lol,26706105,"childish term for poop or for something gross, bad, or silly",insult,casual_conversation,false,
poopy,9194345443,2010-02-16,Have awoken to the most glorious Wgtn sunrise that me poopy iphone cam cant  be bothered to capture proply...  http://yfrog.com/1egzznj,80119212,"childish term for poop or for something gross, bad, or silly",insult,article_sharing,false,
poopy,9194883084,2010-02-16,@thejurisdoctor OH MY GOSH!!  Those puppies are SO CUTE!!!!!  Reminds me of when my big guy was a little poopy like that!,18920011,"childish term for poop or for something gross, bad, or silly",insult,casual_conversation,false,
poopy,9195129830,2010-02-16,That's right folks. Changed my first poopy diaper. I am woman.,19303784,"childish term for poop or for something gross, bad, or silly",insult,self_description,false,
poopy,9195171933,2010-02-16,"does not want to hear ""did you make poopy and need a change?"" from the mother sitting next to me... That's a lot for that little baby!!!",896331,"childish term for poop or for something gross, bad, or silly",insult,commenting,false,
poopy,9195211434,2010-02-16,@kaycam_ I have been feeling poopy for several days. The dishes I washed this morning had accumulated since Saturday.,21621627,"childish term for poop or for something gross, bad, or silly",insult,casual_conversation,false,
poopy,9195425378,2010-02-16,Been feelin' a little poopy the past few days. :( Thought this would be a nicer pic than one of my stuffy... http://dailybooth.com/u/1w0ij,21347282,"childish term for poop or for something gross, bad, or silly",insult,article_sharing,false,
poopy,9196162727,2010-02-16,@Zoebaggins no I'm not XD I'm off the whole week ahaha. so err yea but you know I'm sure I'll find a poopy present from you somewhere,17272803,"childish term for poop or for something gross, bad, or silly",insult,casual_conversation,false,
poopy,9196413832,2010-02-16,@Zoebaggins :o but wait I had cereal deez morning! I bet if I tried hard enough I could get some to come out ferr your poopy self.,17272803,"childish term for poop or for something gross, bad, or silly",insult,casual_conversation,false,
poopy,9203681718,2010-02-16,HIGH on the list of things I hate: Changing a poopy diaper only to realize 3 minutes later that baby has pooped in fresh clean diaper.,25077241,"childish term for poop or for something gross, bad, or silly",insult,self_description,false,
poopy,9203924565,2010-02-16,@cassdalbello I know. Poopy. -ultra sad face-,23647543,"childish term for poop or for something gross, bad, or silly",insult,casual_conversation,false,
poopy,9204245627,2010-02-16,Awake now. Still feel pretty poopy. But it's just my throat that hurts now.,61651444,"childish term for poop or for something gross, bad, or silly",insult,commenting,false,
poopy,9204272415,2010-02-16,http://twitpic.com/13nezf - @iamkrissi we found your poopy a playmate!,15659028,"childish term for poop or for something gross, bad, or silly",insult,article_sharing,false,
poopy,9204411110,2010-02-16,Today's poopy.,22065140,"childish term for poop or for something gross, bad, or silly",insult,commenting,false,
poopy,9204577042,2010-02-16,I hate Hamlet with a passion! &gt;_&lt; Almost fell asleep in 7th hour English today. Poopy Hamlet.,57446632,"childish term for poop or for something gross, bad, or silly",insult,commenting,false,
poopy,9204639805,2010-02-16,@leonperkin Did you make poopy in your pants?,21174211,"childish term for poop or for something gross, bad, or silly",insult,casual_conversation,false,
poopy,9204865338,2010-02-16,Having a poopy day :(,27204885,"childish term for poop or for something gross, bad, or silly",insult,commenting,false,
poopy,9205047874,2010-02-16,"she did it again! ""i like 2 sing! i like 2 dance! but i cant do it w/ poopy in my pants!"" lol who taught her that??",50936237,"childish term for poop or for something gross, bad, or silly",insult,commenting,false,
poopy,9205056468,2010-02-16,RT @BESTIALBEKAH: I feel like poopy crap. :'-(...Ahhhh. Sorry. :-(,87503301,"childish term for poop or for something gross, bad, or silly",insult,casual_conversation,false,
poopy,9296779339,2010-02-18,"Dood!!  You SO made my poopy day less so!  THXXXXX!
----&gt;@Sp0on Coffee for kitteh? c(_) =^..^=",21902361,"childish term for poop or for something gross, bad, or silly",insult,casual_conversation,false,
poopy,9296965137,2010-02-18,You tell me: @roybobbson - literary genius or juvenile poopy face? http://bit.ly/bnmRyG,15509068,"childish term for poop or for something gross, bad, or silly",insult,casual_conversation,false,
poopy,9297220852,2010-02-18,"bahaha, ed just got in trouble for calling me an asshole. i called him a dumb poopy head. totally not kidding. bahaha",17985344,"childish term for poop or for something gross, bad, or silly",insult,casual_conversation,false,
poopy,9297303279,2010-02-18,"@archiemcphee WELL, I DON'T WANT YOUR POOPY HATS ANYWAY *sob*",17868376,"childish term for poop or for something gross, bad, or silly",insult,casual_conversation,false,
poopy,9297551053,2010-02-18,"@keekerton Glad I could make your day less poopy with my silly character ""drawings""",17329798,"childish term for poop or for something gross, bad, or silly",insult,casual_conversation,false,
poopy,9297606565,2010-02-18,Everyone send hugs to @makeupbykaty as she has had a poopy day. Love you big sistah.,16618246,"childish term for poop or for something gross, bad, or silly",insult,casual_conversation,false,
poopy,9297855133,2010-02-18,Nooooooo internet connection go poopy! Almost time for class &gt;.&lt; enjoy rest of #asot!! C yas latas #trancefamily! &lt;3,27143707,"childish term for poop or for something gross, bad, or silly",insult,self_description,false,
poopy,9298187574,2010-02-18,"@worldbutterfly Better yes, but still poopy. Don't come rushing back, since I know you tend to catch anything and everything around you.. :(",31262915,"childish term for poop or for something gross, bad, or silly",insult,casual_conversation,false,
poopy,9298497573,2010-02-18,i hate it i mite note gett  my txten back. and it sux poopy! ilu abby and jess if u ee thhis and i havent talked to yall in 4ever!!!&lt;3333333,112001000,"childish term for poop or for something gross, bad, or silly",insult,commenting,false,
poopy,9298594387,2010-02-18,"Liana says: mommy I'm so nice to you, I made this poopy for you..",15878914,"childish term for poop or for something gross, bad, or silly",insult,commenting,false,
poopy,9768446713,2010-02-28,Weekend over. Kinda poopy.,97811988,"childish term for poop or for something gross, bad, or silly",insult,commenting,false,
poopy,9769141681,2010-02-28,@present_x haha fair nuff gahhhh my internet is being a poopy bum!!,21290532,"childish term for poop or for something gross, bad, or silly",insult,casual_conversation,false,
poopy,9769492647,2010-02-28,Gah... Cant sleep... Poopy! Hate when this happens lol,102843971,"childish term for poop or for something gross, bad, or silly",insult,commenting,false,
poopy,9769808672,2010-02-28,My poopy& @MuEp24Dawg 's gf..lmaooo yea not a lame dog joke now is it.lmaoo http://tweetphoto.com/12800940,33101269,"childish term for poop or for something gross, bad, or silly",insult,article_sharing,false,
poopy,9770049289,2010-02-28,Will poopy.,118197926,"childish term for poop or for something gross, bad, or silly",insult,commenting,false,
poopy,9770083829,2010-02-28,Oh come on! It's past midnight! RT @willworkman: Will poopy.,22737328,"childish term for poop or for something gross, bad, or silly",insult,casual_conversation,false,
poopy,9771507548,2010-02-28,"Fucken fantastic now I can die happy RT @cynthiatweet: If I die in the tsunami, I want you all to know that I just took the best poopy ever!",90802706,"childish term for poop or for something gross, bad, or silly",insult,casual_conversation,false,
poopy,9774062405,2010-02-28,"Honoré had a poopy and wet diaper (seedy, Orange)",33903097,"childish term for poop or for something gross, bad, or silly",insult,self_description,false,
poopy,9774398245,2010-02-28,Star Victoria had a poopy and wet diaper,38062191,"childish term for poop or for something gross, bad, or silly",insult,self_description,false,
poopy,9775543870,2010-02-28,changing a poopy diaper GROSS!!!,117456181,"childish term for poop or for something gross, bad, or silly",insult,self_description,false,
poopy,10180727701,2010-03-08,@mikeeamos I just did poopy!,116309378,"childish term for poop or for something gross, bad, or silly",insult,casual_conversation,false,
poopy,10181144360,2010-03-08,Maxxy Poopy is sleeping so peacefully!! Too cute http://tweetphoto.com/13714787,33281026,"childish term for poop or for something gross, bad, or silly",insult,article_sharing,false,
poopy,10181279911,2010-03-08,@ashhhle yeah it was very poopy,66053870,"childish term for poop or for something gross, bad, or silly",insult,casual_conversation,false,
poopy,10181922956,2010-03-08,@emcwhirter14 I have crying baby/poopy diaper syndrome right now,38440092,"childish term for poop or for something gross, bad, or silly",insult,self_description,false,
poopy,10182229693,2010-03-08,"@Aaaanja maybe he reply faster since hes on the board, lol its funny all the ppl who never post for yrs now come back, a lil poopy to me lol",23648131,"childish term for poop or for something gross, bad, or silly",insult,casual_conversation,false,
poopy,10182578930,2010-03-08,@adanceonstars The poopy?? HAHAHA Srsly?,90942762,"childish term for poop or for something gross, bad, or silly",insult,casual_conversation,false,
poopy,10183682352,2010-03-08,Every poopy diaper I change gets me one step closer to a hysterectomy.,24652822,"childish term for poop or for something gross, bad, or silly",insult,self_description,false,
poopy,10183734157,2010-03-08,"Nasty ppl with their nasty poopy, snottin' babies, lickin on shit. Gross. I need some airborne.",38064139,"childish term for poop or for something gross, bad, or silly",insult,commenting,false,
poopy,10184153248,2010-03-08,Poopy!! Lls,37691330,"childish term for poop or for something gross, bad, or silly",insult,commenting,false,
poopy,10272987032,2010-03-10,'tis a beautiful day. my face is smiiiiiling :) it's amazing how much good weather helps a poopy mood.,104022793,"childish term for poop or for something gross, bad, or silly",insult,commenting,false,
poopy,10273493666,2010-03-10,"kinda poopy morning so far.  grabbing advil, diet coke and my Bible to redeem the day.",17478242,"childish term for poop or for something gross, bad, or silly",insult,commenting,false,
poopy,10273620674,2010-03-10,"Here's some more fun! I'm at my parents house, just realized they are out of baby wipes... I forgot mine... No car... and A POOPY DIAPER!!!!",16962773,"childish term for poop or for something gross, bad, or silly",insult,self_description,false,
poopy,10274635950,2010-03-10,Why is it poopy outside?,65113505,"childish term for poop or for something gross, bad, or silly",insult,commenting,false,
poopy,10274722163,2010-03-10,Hump Day...what a poopy day,18793108,"childish term for poop or for something gross, bad, or silly",insult,commenting,false,
poopy,10274937223,2010-03-10,@adwsellers I chose paper towels! I didn't want to do poopy wash cloth :),16962773,"childish term for poop or for something gross, bad, or silly",insult,casual_conversation,false,
poopy,10275042052,2010-03-10,It smells like poopy in my apartment.,26075776,"childish term for poop or for something gross, bad, or silly",insult,commenting,false,
poopy,10275327880,2010-03-10,I. Feel. Like. Poopy. Shit. (+looklikeit2),55711663,"childish term for poop or for something gross, bad, or silly",insult,commenting,false,
poopy,10276306161,2010-03-10,"@KyleSieg Yes - the proper use of ""poopy"" is a prerequisite for becoming a parent. You've passed the final test!",9569412,"childish term for poop or for something gross, bad, or silly",insult,casual_conversation,false,
poopy,10276349003,2010-03-10,"Yeah.. before she ""got pretty"" she was UBER cool!! now shes just rude and poopy.",39701385,"childish term for poop or for something gross, bad, or silly",insult,commenting,false,
poopy,10315905828,2010-03-11,I just cleaned up a horrifyingly sloppy dog poopy from my laundry rug. I put my very guilty dog outside in the rain. SHE KNOWS WHAT SHE DID!,32827380,"childish term for poop or for something gross, bad, or silly",insult,commenting,false,
poopy,10316577600,2010-03-11,"Honoré had a poopy and wet diaper (seedy, Mustard)",33903097,"childish term for poop or for something gross, bad, or silly",insult,self_description,false,
poopy,10317567084,2010-03-11,@livbambola EWWWW!!! Haha Ive been asked to do poopy bumhole cupcakes..I think I draw the line there!,17243928,"childish term for poop or for something gross, bad, or silly",insult,casual_conversation,false,
poopy,10317648401,2010-03-11,Rough night... Still feel poopy,20269543,"childish term for poop or for something gross, bad, or silly",insult,self_description,false,
poopy,10319658876,2010-03-11,RT @NAT3OH3: #firstdatetips - shit your pants right away. How you gonna go steady with a babe if she can't see the humor in poopy pants??,33149553,"childish term for poop or for something gross, bad, or silly",insult,casual_conversation,false,
poopy,10320248316,2010-03-11,#firstdatetips - shit your pants right away. How you gonna go steady with a babe if she can't see the humor in poopy pants??,16539609,"childish term for poop or for something gross, bad, or silly",insult,casual_conversation,false,
poopy,10321038370,2010-03-11,6 week odyssey almost over. home tonight after 24 nights away in 11 different beds vs 18 nights in my own. bring on the poopy diapers soon!,18084698,"childish term for poop or for something gross, bad, or silly",insult,self_description,false,
poopy,10761319770,2010-03-20,@phoebecolbert LOL! Ikr - I think we are the only Adam fans who really know what it's like to have to watch out for poopy fur!,34867965,"childish term for poop or for something gross, bad, or silly",insult,casual_conversation,false,
poopy,10761400338,2010-03-20,i pooped my pants tonight. unexpectedly. left my poopy underware in the bathroom.,62106501,"childish term for poop or for something gross, bad, or silly",insult,commenting,false,
poopy,10761620378,2010-03-20,"Never happier 2 C nac! Longest.Drive.Ever. Btwn traffic, anna crying, & an explosive poopy diaper (TMI?), it's taken us 7.5 hrs to get here!",14876840,"childish term for poop or for something gross, bad, or silly",insult,self_description,false,
poopy,10762303590,2010-03-20,Thanks a lot Louisville. You cost me 500 dollars. You are a stupid poopy face.,56867839,"childish term for poop or for something gross, bad, or silly",insult,casual_conversation,false,
poopy,10763007254,2010-03-20,"@ppadzz Ahhh, poopy. I wanna go there sooooooo bad! RAWR!",57446632,"childish term for poop or for something gross, bad, or silly",insult,casual_conversation,false,
poopy,10763128061,2010-03-20,@Poopy_McGee smelled up the joint on http://twitterfart.com,18403170,"childish term for poop or for something gross, bad, or silly",insult,article_sharing,false,
poopy,10763484981,2010-03-20,"Turns out I definitely have caught hub's cold.  And yes, Cold's are poopy!",59028094,"childish term for poop or for something gross, bad, or silly",insult,commenting,false,
poopy,10764023655,2010-03-20,I wished to have poopy diapers with melanie and i was willing to take out all the garbage,120546586,"childish term for poop or for something gross, bad, or silly",insult,self_description,false,
poopy,10764451436,2010-03-20,now I have a miniskirt // RT @neonne I just trimmed off 80% of @pappup's pants.. hopefully no more emergency baths due to poopy pants,7043222,"childish term for poop or for something gross, bad, or silly",insult,casual_conversation,false,
poopy,10766678899,2010-03-20,Poopy weather :( go awayyy. I only like it when it rains at night.,20374501,"childish term for poop or for something gross, bad, or silly",insult,commenting,false,
poopy,10859115605,2010-03-22,"hahaha, I apparently am and I quote a ""poopy face""",25615189,"childish term for poop or for something gross, bad, or silly",insult,casual_conversation,false,
poopy,10859346836,2010-03-22,Ass! Just got an email saying my Guild Wars password has been reset by someone. Poopy 95.143.32.90 (whoever you are),15331177,"childish term for poop or for something gross, bad, or silly",insult,commenting,false,
poopy,10860516894,2010-03-22,"@BenChanning Ew really. I should be sleeping since its almost 12 but poopy, I can't.",85679109,"childish term for poop or for something gross, bad, or silly",insult,casual_conversation,false,
poopy,10861816364,2010-03-22,@canatal I thought you were gonna say you left her a little surprise in her bed lol poopy,23676032,"childish term for poop or for something gross, bad, or silly",insult,casual_conversation,false,
poopy,10861862027,2010-03-22,@achrisevans Can you dedicate this show to underpants- they always get the poopy end!!,47724447,"childish term for poop or for something gross, bad, or silly",insult,casual_conversation,false,
poopy,10862290844,2010-03-22,He's hotter with scruffy hair lols poopy .,40462194,"childish term for poop or for something gross, bad, or silly",insult,commenting,false,
poopy,10865429395,2010-03-22,@draddee He's a poopy sour face. Grudgingly admitting Obama had a victory.,88100833,"childish term for poop or for something gross, bad, or silly",insult,casual_conversation,false,
poopy,10865480854,2010-03-22,"@frankferragine as long as it isn't in TO, I am good...start my new job today and would hate to be a real poopy day...",55842127,"childish term for poop or for something gross, bad, or silly",insult,casual_conversation,false,
poopy,10866755342,2010-03-22,"Arj and Poopy, Arj and Poopy, What will they do next?....Arj and Poopy....Awesome set on the Gala @arjbarker !!",17700274,"childish term for poop or for something gross, bad, or silly",insult,casual_conversation,false,
poopy,10867368509,2010-03-22,@luminousmk @poopy_khan 230!! confirrmmmed.,123969652,"childish term for poop or for something gross, bad, or silly",insult,casual_conversation,false,
poopy,10887648175,2010-03-22,tomorrows going to be poopy weather too ):,49906795,"childish term for poop or for something gross, bad, or silly",insult,commenting,false,
poopy,10887776273,2010-03-22,"I'm sooo tyred,want to go to bed but poopy is already there.",111580578,"childish term for poop or for something gross, bad, or silly",insult,commenting,false,
poopy,10888357657,2010-03-22,just washed a poopy henry. it wasn't fun for either of us.,17428120,"childish term for poop or for something gross, bad, or silly",insult,commenting,false,
poopy,10889546155,2010-03-22,well let me know if soometing comes up. oh i will. yeah so the weather is real poopy today hailey. yeah but at least its not snowing,37962079,"childish term for poop or for something gross, bad, or silly",insult,commenting,false,
poopy,10889648771,2010-03-22,@CamdenChat i would if you are going to be poopy about it!,31189897,"childish term for poop or for something gross, bad, or silly",insult,casual_conversation,false,
poopy,10889832365,2010-03-22,@eutawhooligans you said poopy. That's awesome.,82256022,"childish term for poop or for something gross, bad, or silly",insult,casual_conversation,false,
poopy,10889885389,2010-03-22,Think I uploaded a poopy photo. Try this one of @bdolansthoughts http://twitpic.com/1aax1k,19457992,"childish term for poop or for something gross, bad, or silly",insult,article_sharing,false,
poopy,10890086874,2010-03-22,Just changed my first poopy diaper and survived. What I do for these ladies! :),15728765,"childish term for poop or for something gross, bad, or silly",insult,self_description,false,
poopy,10890090366,2010-03-22,"@whenrealityhits LOL Yeah! I'm like poopy right now, as Iman would say! LOL On the plus side, I saw some HOT Jared pix today! LOL",83325638,"childish term for poop or for something gross, bad, or silly",insult,casual_conversation,false,
poopy,10890378852,2010-03-22,Loud lady behind me and @jaylenex great and she's talking about poopy and sex ugh,77297628,"childish term for poop or for something gross, bad, or silly",insult,casual_conversation,false,
poopy,11076018354,2010-03-26,feels alternately poopy and slightly okay.,57254633,"childish term for poop or for something gross, bad, or silly",insult,commenting,false,
poopy,11076414865,2010-03-26,Poopy time....,120969455,"childish term for poop or for something gross, bad, or silly",insult,commenting,false,
poopy,11076782991,2010-03-26,RT @daisylov3 RT: @miszpiNtsiz3d RT @NicaRihana hmph. my tummy hurts =[ &lt;&lt;&lt; go poopy &lt;&lt;&lt; stooooppppppppp!!!!! &lt;&lt; wait...good idea!,40924295,"childish term for poop or for something gross, bad, or silly",insult,self_description,false,
poopy,11076836806,2010-03-26,@xonani goodnight poopy,39446165,"childish term for poop or for something gross, bad, or silly",insult,casual_conversation,false,
poopy,11077839201,2010-03-26,"@IsaacDeitz man, i have no idea what happened but yesterday it was flippin 70 degrees in seattle! you guys just HAAAD to bring poopy rain!",27731404,"childish term for poop or for something gross, bad, or silly",insult,casual_conversation,false,
poopy,11078518704,2010-03-26,"@SarenArterius You're just a big poop, you're a big *burp* poopy face guy! Quiin, look at his poopyhead! HAHAHA!!! *collapses from booze*",124335124,"childish term for poop or for something gross, bad, or silly",insult,casual_conversation,false,
poopy,11078584312,2010-03-26,@raediance87 plz don't say poopy,24219951,"childish term for poop or for something gross, bad, or silly",insult,casual_conversation,false,
poopy,11079175079,2010-03-26,You're such a poopy pie!,38751322,"childish term for poop or for something gross, bad, or silly",insult,commenting,false,
poopy,11079261793,2010-03-26,Up with poopy butt...I can't believe how sick he is...,102603506,"childish term for poop or for something gross, bad, or silly",insult,commenting,false,
poopy,11079466174,2010-03-26,silly hurty back/hip. Am 27 and feel 87. poopy body.,77994288,"childish term for poop or for something gross, bad, or silly",insult,commenting,false,
poopy,11979268027,2010-04-11,I hate JB. and no not @Jonasbrothers or @justinbieber it's a poopy person with the same initials,39394120,"childish term for poop or for something gross, bad, or silly",insult,casual_conversation,false,
poopy,11979321583,2010-04-11,RT @HannahNeser: I hate JB. and no not @Jonasbrothers or @justinbieber it's a poopy person with the same initials,108012274,"childish term for poop or for something gross, bad, or silly",insult,casual_conversation,false,
poopy,11979846704,2010-04-11,@samanthakonski :( Why do you want to be a meany poopy head like that? Dont I DESERVE one? :P lol,15573841,"childish term for poop or for something gross, bad, or silly",insult,casual_conversation,false,
poopy,11981497654,2010-04-11,"@GrahamTownsend yup, I've watched movies that have been superb yet get generally poopy reviews :D",12448122,"childish term for poop or for something gross, bad, or silly",insult,casual_conversation,false,
poopy,11982404948,2010-04-11,@ThatLonerGuy :C poopy ! you should go fishing ! at least then you'd have something to do ! :D,21947311,"childish term for poop or for something gross, bad, or silly",insult,casual_conversation,false,
poopy,11982923238,2010-04-11,@Rose98674 I made a poopy!,85465818,"childish term for poop or for something gross, bad, or silly",insult,casual_conversation,false,
poopy,11984625745,2010-04-11,@Oh_Courtknee i know ayee i dont think poopy likes our dogg hahaha,131502939,"childish term for poop or for something gross, bad, or silly",insult,casual_conversation,false,
poopy,11985372530,2010-04-11,Missy and PC have poopy soup toilet water dinner Video - http://catluv.com/wui,106744346,"childish term for poop or for something gross, bad, or silly",insult,article_sharing,false,
poopy,11985638316,2010-04-11,Missy and PC have poopy soup toilet water dinner Video - http://catluv.com/VrN,106744346,"childish term for poop or for something gross, bad, or silly",insult,article_sharing,false,
poopy,12926206988,2010-04-27,"My 22-month-old niece: ""Cookie Monster has poopy pants.""",20894313,"childish term for poop or for something gross, bad, or silly",insult,casual_conversation,false,
poopy,12926343509,2010-04-27,"@aimeemeuw Yeah, in └A. Poopy.",19464524,"childish term for poop or for something gross, bad, or silly",insult,casual_conversation,false,
poopy,12926428869,2010-04-27,Poopy way to go to bed.,,"childish term for poop or for something gross, bad, or silly",insult,commenting,false,
poopy,12930394763,2010-04-27,"@TrinaLouise1 Oooooh what you been doing, you pillow biter. Sore poopy hole?",20451904,"childish term for poop or for something gross, bad, or silly",insult,casual_conversation,false,
poopy,12931278606,2010-04-27,Captain poopy cock,42112077,"childish term for poop or for something gross, bad, or silly",insult,commenting,false,
poopy,12933984774,2010-04-27,"Guhh feeling poopy ): just read @carebearrr's message, I'll reply tmorow morning, so I can report to you what happens tonight if anything xD",25733998,"childish term for poop or for something gross, bad, or silly",insult,casual_conversation,false,
poopy,12934487748,2010-04-27,@poopy_khan that is soooo cool! Enjoy!,20586579,"childish term for poop or for something gross, bad, or silly",insult,casual_conversation,false,
poopy,12936558771,2010-04-27,@jenku70 It's very poopy with an African/Cajun feel. Unique sound!,18881684,"childish term for poop or for something gross, bad, or silly",insult,casual_conversation,false,
poopy,12938491979,2010-04-27,poopy morning,87686176,"childish term for poop or for something gross, bad, or silly",insult,commenting,false,
poopy,12938745758,2010-04-27,"Up too early with poopy diaper to change. Good morning, all. #fb",130142626,"childish term for poop or for something gross, bad, or silly",insult,self_description,false,
poopy,14833586864,2010-05-27,@poopy_khan go on saturday so we can dance!,20677755,"childish term for poop or for something gross, bad, or silly",insult,casual_conversation,false,
poopy,14834124456,2010-05-27,@poopy_khan niiiiice could be fun!,20677755,"childish term for poop or for something gross, bad, or silly",insult,casual_conversation,false,
poopy,14834158539,2010-05-27,@luminousmk @poopy_khan wat time u going to the hood? I'm keen,20677755,"childish term for poop or for something gross, bad, or silly",insult,casual_conversation,false,
poopy,14834658529,2010-05-27,RT @poopy_khan: @luminousmk @anthea_poulos I'm still trying to decide whether or not i should go to neighbourhood. Do it...!,20677755,"childish term for poop or for something gross, bad, or silly",insult,casual_conversation,false,
poopy,14836225361,2010-05-27,"@serafinowicz When it comes to kittens, they are much less cute when they are all poopy.",15907504,"childish term for poop or for something gross, bad, or silly",insult,casual_conversation,false,
poopy,14836308992,2010-05-27,"@TeenysFriends my pleasure. No bike ride..:( poopy weather, and again today! Should be nice wknd tho. How are you doing?",21373407,"childish term for poop or for something gross, bad, or silly",insult,casual_conversation,false,
poopy,14837679957,2010-05-27,@pbradyy oh fine poopy head hahahaha,72629657,"childish term for poop or for something gross, bad, or silly",insult,casual_conversation,false,
poopy,14838041873,2010-05-27,RT @vvvirdania @naddddia nope POOPY's your boy,83336540,"childish term for poop or for something gross, bad, or silly",insult,casual_conversation,false,
poopy,14838797258,2010-05-27,Midnight poopy diapers make for a great start to the day. Just a bit of foreshadowing. Forepooping.,16409779,"childish term for poop or for something gross, bad, or silly",insult,self_description,false,
poopy,14838960323,2010-05-27,Yuck... He's carrying around cow poopy lol. I am like obessed with this show for no apparent reason.,46842009,"childish term for poop or for something gross, bad, or silly",insult,commenting,false,
poopy,15910209560,2010-06-11,@RemEHaus ahhh I see...aww  poopy I'm not a fan of long drives,115789461,"childish term for poop or for something gross, bad, or silly",insult,casual_conversation,false,
poopy,15911755168,2010-06-11,exactly whi i needa go away for camping and relax to get away from this poopy place and poopy people!!!!!!,135375746,"childish term for poop or for something gross, bad, or silly",insult,commenting,false,
poopy,15912328649,2010-06-11,@landondmise @dudepal2021 ahahaha yes! I was just gonna say I &lt;3 poopy!,33579133,"childish term for poop or for something gross, bad, or silly",insult,casual_conversation,false,
poopy,15912999765,2010-06-11,@brecaca haha poopy head. To caca face,117476815,"childish term for poop or for something gross, bad, or silly",insult,casual_conversation,false,
poopy,15913060537,2010-06-11,"@riskyrevenge You look Asian, you poop, you pooper.. poopy poopmouth!",77640175,"childish term for poop or for something gross, bad, or silly",insult,casual_conversation,false,
poopy,15914069595,2010-06-11,"I liked a YouTube video -- Wed. ""Poopy!"" http://youtu.be/orYJvhc6OJc?a",96722361,"childish term for poop or for something gross, bad, or silly",insult,article_sharing,false,
poopy,15914198611,2010-06-11,"Poopy Pickups Recyclable Handle-Tie Bags, 3 Boxes http://bit.ly/aPbaMG",146414967,"childish term for poop or for something gross, bad, or silly",insult,article_sharing,false,
poopy,15915181221,2010-06-11,@G3eo lmao duh n ewwswww adam poopy head lmao jk,76152059,"childish term for poop or for something gross, bad, or silly",insult,casual_conversation,false,
poopy,15916608987,2010-06-11,RT @leilagirl: @poopy_khan and I feeling the gees  http://twitpic.com/1vroon &gt;&gt;MISS YOU,20677755,"childish term for poop or for something gross, bad, or silly",insult,article_sharing,false,
poopy,17768031007,2010-07-05,Kayden Riley Hatcher had a poopy and wet diaper,159550582,"childish term for poop or for something gross, bad, or silly",insult,self_description,false,
poopy,17768342707,2010-07-05,"@super_ego aw, poor poopy ryan",18172414,"childish term for poop or for something gross, bad, or silly",insult,casual_conversation,false,
poopy,17768878323,2010-07-05,"""Woah, Poopy! I didn't know you were here, I thought you left, like, hours ago."" Nope, I've been sitting next to you the whole time.",72508243,"childish term for poop or for something gross, bad, or silly",insult,commenting,false,
poopy,17770329537,2010-07-05,"""Why isnt this working?"" ""cause it likes to eat poopy."" ""youre answers for everything should be in history books.""",41218578,"childish term for poop or for something gross, bad, or silly",insult,commenting,false,
poopy,17771287527,2010-07-05,@brendanattempts  ignore my poopy friend :) i dont talk bout you :],103425473,"childish term for poop or for something gross, bad, or silly",insult,casual_conversation,false,
poopy,17773747043,2010-07-05,The handi-quacks @familyguy maybe one of my favorites! Its great! Poopy face tomato nose! Ha!,38310511,"childish term for poop or for something gross, bad, or silly",insult,casual_conversation,false,
poopy,17774471165,2010-07-05,"""This coffee tastes like poopy shit.""",22324612,"childish term for poop or for something gross, bad, or silly",insult,commenting,false,
poopy,17774842580,2010-07-05,"Photo: THIS! I can’t watch 3D films because my eyes are screwy, it’s so mean and poopy that I can’t watch... http://tumblr.com/x9fcrnc85",18475985,"childish term for poop or for something gross, bad, or silly",insult,article_sharing,false,
poopy,17775792135,2010-07-05,Poopy  fuckbag,126635958,"childish term for poop or for something gross, bad, or silly",insult,commenting,false,
poopy,17776375623,2010-07-05,@MrPSB poor poopy,87623660,"childish term for poop or for something gross, bad, or silly",insult,casual_conversation,false,
poopy,17807692063,2010-07-05,RT @CiphBarker: many many seasoned veterans had to leave the building weeping with poopy pants after the first 2 minutes.....its not a g ...,21178321,"childish term for poop or for something gross, bad, or silly",insult,casual_conversation,false,
poopy,17807717911,2010-07-05,I'm not immature. You're just a poopy face.,158934901,"childish term for poop or for something gross, bad, or silly",insult,casual_conversation,false,
poopy,17808349758,2010-07-05,RT @quotes__x: I'm not immature. You're just a poopy face.,71407281,"childish term for poop or for something gross, bad, or silly",insult,casual_conversation,false,
poopy,17808553105,2010-07-05,"Daddy needs to hurry and get home, I saved him a big poopy diaper!",59470011,"childish term for poop or for something gross, bad, or silly",insult,self_description,false,
poopy,17808647527,2010-07-05,I am still feeling kind of poopy so I was hoping someone would stay. :\,20001531,"childish term for poop or for something gross, bad, or silly",insult,commenting,false,
poopy,17809214135,2010-07-05,@carmellaurora only a real life nerd would know thist. Dude! I did a tour of Scotland last night. Now I feel poopy. Scotchy scotch scotch.,36887323,"childish term for poop or for something gross, bad, or silly",insult,self_description,false,
poopy,17809648213,2010-07-05,@Myoubihime I willlll. I just feel generally poopy. Kinda just want to lay here until I feel better orz,20001531,"childish term for poop or for something gross, bad, or silly",insult,casual_conversation,false,
poopy,17809958898,2010-07-05,ewww my brother went poopy. no bueno.,116927765,"childish term for poop or for something gross, bad, or silly",insult,commenting,false,
poopy,18008564490,2010-07-08,Entrepreneurial Spirit is Alive and Well at Poopy?s New Skid Mark Stadium|There?s nothing more thrilling than .. http://oohja.com/xhs9w,112410606,"childish term for poop or for something gross, bad, or silly",insult,article_sharing,false,
poopy,18008846873,2010-07-08,I got bloccked so she can be in la la poopy land!!,62427859,"childish term for poop or for something gross, bad, or silly",insult,commenting,false,
poopy,18009171106,2010-07-08,"Ricky Gervais was so funny on ""louie"" I pooped. Thanks a lot. I got poopy pants now.",28713992,"childish term for poop or for something gross, bad, or silly",insult,casual_conversation,false,
poopy,18009324252,2010-07-08,Entrepreneurial Spirit is Alive and Well at Poopy?s New Skid Mark Stadium|There?s nothing more thrilling than .. http://oohja.com/xhsc8,125556166,"childish term for poop or for something gross, bad, or silly",insult,article_sharing,false,
poopy,18009627095,2010-07-08,Entrepreneurial Spirit is Alive and Well at Poopy?s New Skid Mark Stadium|There?s nothing more thrilling than .. http://oohja.com/xhsd0,107647695,"childish term for poop or for something gross, bad, or silly",insult,article_sharing,false,
poopy,18010040076,2010-07-08,DA is being really poopy lately with wanting to load anything. It's driving me sort of batty.,43453189,"childish term for poop or for something gross, bad, or silly",insult,commenting,false,
poopy,18010065117,2010-07-08,Entrepreneurial Spirit is Alive and Well at Poopy?s New Skid Mark Stadium|There?s nothing more thrilling than .. http://oohja.com/xhsed,108514962,"childish term for poop or for something gross, bad, or silly",insult,article_sharing,false,
poopy,18010264590,2010-07-08,It's only been a day and I already miss my boyfriend. Poopy.,17963496,"childish term for poop or for something gross, bad, or silly",insult,commenting,false,
poopy,18010302742,2010-07-08,Poopy time #hadtogobeforetheguyihate @panosEH I know he apreciates any wonderful defication...especially at late night,16623586,"childish term for poop or for something gross, bad, or silly",insult,casual_conversation,false,
poopy,18417980803,2010-07-13,:D RT @anjanaagnes: .. latest one- Birdy birdy in the sky dropped a poopy in my eye i didn't cry i didn't sigh i thank god cows cant fly..:p,38844469,"childish term for poop or for something gross, bad, or silly",insult,casual_conversation,false,
poopy,18418154789,2010-07-13,"@TheLacquerFiles morning poopy, good luck!",103175891,"childish term for poop or for something gross, bad, or silly",insult,casual_conversation,false,
poopy,18418359485,2010-07-13,@iamjuswas billin bickin back bein boo wit poopy head arren,69944308,"childish term for poop or for something gross, bad, or silly",insult,casual_conversation,false,
poopy,18418403966,2010-07-13,@NeeNLove teller I said hellooo poopy head. *kish*,145913704,"childish term for poop or for something gross, bad, or silly",insult,casual_conversation,false,
poopy,18419038118,2010-07-13,Uggggghhhh hotels are poopy,31446214,"childish term for poop or for something gross, bad, or silly",insult,commenting,false,
poopy,18419100368,2010-07-13,"@ShellyGutierrez hahaha. sexy gas... lol, that sounds like something your poopy head cousin stevennnn would say, lmao.",103724622,"childish term for poop or for something gross, bad, or silly",insult,casual_conversation,false,
poopy,18419741703,2010-07-13,Little Lord Poopy Pants http://tinyurl.com/27uopaq,88634545,"childish term for poop or for something gross, bad, or silly",insult,casual_conversation,false,
poopy,18420593236,2010-07-13,trying to go to sleep but i feel poopy :(,54759273,"childish term for poop or for something gross, bad, or silly",insult,self_description,false,
poopy,18420643699,2010-07-13,"Aurelia Myra had a poopy and wet diaper (Runny, Green)",163402219,"childish term for poop or for something gross, bad, or silly",insult,self_description,false,
poopy,18421621511,2010-07-13,ahh ready for bed i guess ...poopy,67819776,"childish term for poop or for something gross, bad, or silly",insult,commenting,false,
poopy,19353457131,2010-07-23,Princess Poopy Pants misses her brother. Poor little girl. I let her play with my moms dogs last night. &lt;3,59547090,"childish term for poop or for something gross, bad, or silly",insult,casual_conversation,false,
poopy,19353795361,2010-07-23,"@henthusiasts The roost is higher. Hmm, perhaps she has been ousted. I'm tired of cleaning out a poopy nest box, tonight I'll block it off.",3013511,"childish term for poop or for something gross, bad, or silly",insult,casual_conversation,false,
poopy,19353898409,2010-07-23,@Poopy_McGee Who said that??,61892733,"childish term for poop or for something gross, bad, or silly",insult,casual_conversation,false,
poopy,19354230316,2010-07-23,Keep smelling poopy diapers in my office. Just realized I changed Jake earlier and didn't toss the diaper. No wonder its stinky in here -c,88789402,"childish term for poop or for something gross, bad, or silly",insult,self_description,false,
poopy,19354980847,2010-07-23,why are you so poopy??? — You're poop http://4ms.me/bNpJi3,83517275,"childish term for poop or for something gross, bad, or silly",insult,article_sharing,false,
poopy,19355300483,2010-07-23,@modern_epitaph Michael Jackson bad? Or poopy bad?,24399239,"childish term for poop or for something gross, bad, or silly",insult,casual_conversation,false,
poopy,19355365197,2010-07-23,"@annabranch Give me some credit here, I'm a cranky pants not a poopy pants.",15020118,"childish term for poop or for something gross, bad, or silly",insult,casual_conversation,false,
poopy,19355395213,2010-07-23,"My best friend is so close to me and hes home for a lil while. And i have to run errands first. Poopy :(
~His Baby Girl~",46717414,"childish term for poop or for something gross, bad, or silly",insult,commenting,false,
poopy,19356043145,2010-07-23,@berr_bitchh lol like lil kareem said are you #poopy hahahahha ;),167214058,"childish term for poop or for something gross, bad, or silly",insult,casual_conversation,false,
poopy,19356147306,2010-07-23,Starting to rain again. Poopy :(,26614744,"childish term for poop or for something gross, bad, or silly",insult,commenting,false,
poopy,20050913600,2010-08-01,@leilashleigh really?? i thought they play those annoying classical one that can totally ruin the poopy mood. lol.,127551353,"childish term for poop or for something gross, bad, or silly",insult,casual_conversation,false,
poopy,20051017262,2010-08-01,"@stellar225 poopy, ploopy.  Gross and I'm all over your mention.",15387500,"childish term for poop or for something gross, bad, or silly",insult,casual_conversation,false,
poopy,20051223172,2010-08-01,not even my comedy facial hair has cheered me up . poopy!,55028092,"childish term for poop or for something gross, bad, or silly",insult,commenting,false,
poopy,20051906540,2010-08-01,"@ariefsuban siapa aja jadinya? my poopy, you don't understand what I mean?",44833548,"childish term for poop or for something gross, bad, or silly",insult,casual_conversation,false,
poopy,20053705123,2010-08-01,@Vangelus Now I have to watch it in poopy 720p :&lt;,35147423,"childish term for poop or for something gross, bad, or silly",insult,casual_conversation,false,
poopy,20056505958,2010-08-01,@vonken78 Says the girl who just fed YOUR daughter and changed a poopy nappy. So nyaaa. ;),18158891,"childish term for poop or for something gross, bad, or silly",insult,casual_conversation,false,
poopy,20056768870,2010-08-01,Last night wondered which dog stepped in poop. Today I found out.....it was me. Sigh. Cleaning poopy shoes-not a good way to start the day.,12847852,"childish term for poop or for something gross, bad, or silly",insult,commenting,false,
poopy,20058308163,2010-08-01,@slummymummy9 good morning poopy head.,8646952,"childish term for poop or for something gross, bad, or silly",insult,casual_conversation,false,
poopy,20060563886,2010-08-01,Sleepy soo sleeeppyyy pengen poopy,125583990,"childish term for poop or for something gross, bad, or silly",insult,commenting,false,
poopy,20836397355,2010-08-10,@cssquirrel just be glad I stopped posting pics of my daughter's poopy diapers. I've evolved. ;),1589691,"childish term for poop or for something gross, bad, or silly",insult,self_description,false,
poopy,20836560317,2010-08-10,Grandson must be running the poopy diaper pageant. R maybe the Diaper Ball either way he wins grand prize.,17561380,"childish term for poop or for something gross, bad, or silly",insult,self_description,false,
poopy,20836989893,2010-08-10,Carmellatto Lemon Poopy Seed Muffin Frappacinno and Sub oh and show!,29338301,"childish term for poop or for something gross, bad, or silly",insult,commenting,false,
poopy,20837423436,2010-08-11,"Our last road trip of the summer! Here we come Lancaster!!!! I missed your smelly, poopy, cow-crossing, cow-tipping, Amish awesomeness!!",61872579,"childish term for poop or for something gross, bad, or silly",insult,commenting,false,
poopy,20837801707,2010-08-11,Feelin poopy.,27042995,"childish term for poop or for something gross, bad, or silly",insult,commenting,false,
poopy,20838352177,2010-08-11,The Case of the Poopy Nintendo http://tinyurl.com/28xq7ql,16197303,"childish term for poop or for something gross, bad, or silly",insult,article_sharing,false,
poopy,20838637048,2010-08-11,@katiejewel o. poopy.,49703110,"childish term for poop or for something gross, bad, or silly",insult,casual_conversation,false,
poopy,20839152258,2010-08-11,"@RiddleSpider If you throw in changing a poopy diaper, I am going to just boil over with envy.",12140172,"childish term for poop or for something gross, bad, or silly",insult,self_description,false,
poopy,20839536091,2010-08-11,@CarrieEmmy I changed 2 poopy diapers today.  Be VERY jealous.,14207109,"childish term for poop or for something gross, bad, or silly",insult,self_description,false,
poopy,20839960897,2010-08-11,I can't do it. I can't write a poopy first draft. The OCD perfectionist inside me requires that I fix mistakes as I go. Who's with me?!,56033065,"childish term for poop or for something gross, bad, or silly",insult,commenting,false,
poopy,20891613983,2010-08-11,"Birdy, birdy in the sky, dropped a poopy in my eye, I didn't cry, I didn't sigh, I thank God cows can't fly.",61207072,"childish term for poop or for something gross, bad, or silly",insult,commenting,false,
poopy,20891806971,2010-08-11,I like ze poopy!,132249101,"childish term for poop or for something gross, bad, or silly",insult,commenting,false,
poopy,20892096213,2010-08-11,RT @JessLRussell: I like ze poopy!,24528002,"childish term for poop or for something gross, bad, or silly",insult,casual_conversation,false,
poopy,20892110717,2010-08-11,@Megannblairr im about to open the poopy one,37490038,"childish term for poop or for something gross, bad, or silly",insult,casual_conversation,false,
poopy,20892171165,2010-08-11,Poopy  anus,126635958,"childish term for poop or for something gross, bad, or silly",insult,commenting,false,
poopy,20893692381,2010-08-11,Woke up to the ultimate poopy diaper. So much damn poop that he had to take a bath. With that being said... I'm awake now:),74934048,"childish term for poop or for something gross, bad, or silly",insult,self_description,false,
poopy,20894073087,2010-08-11,@evasocleva I feel poopy.  How are you doing ?,16360757,"childish term for poop or for something gross, bad, or silly",insult,self_description,false,
poopy,20894274776,2010-08-11,My 2 surprises this am:  1.C25K jump from 8 min runs to 20. 2.C's hands on inspection of his poopy diaper. Both of them stunk.  Literally.,40159762,"childish term for poop or for something gross, bad, or silly",insult,self_description,false,
poopy,20895404738,2010-08-11,"Feeling poopy again today, but @amandapalmer's songs are helping me feel more kick-assy.",28746570,"childish term for poop or for something gross, bad, or silly",insult,casual_conversation,false,
poopy,20895628106,2010-08-11,"I was just in the bathroom stall at the royal bean and the inside of the door said ""poopy""... it made me giggle.",15578356,"childish term for poop or for something gross, bad, or silly",insult,commenting,false,
poopy,21037041422,2010-08-13,"@g0ofgnewt I'm considering a series... That was smell, next will be called poopy head",17731550,"childish term for poop or for something gross, bad, or silly",insult,casual_conversation,false,
poopy,21037200591,2010-08-13,@MrScottTolleson @Mycle2313 @jordanyee_ @jroo76 @deanomeano @poopy we fear no fish!!! Hahaha,25945288,"childish term for poop or for something gross, bad, or silly",insult,casual_conversation,false,
poopy,21037366535,2010-08-13,WORD! RT @poopy: I'm looking forward to picking one of those Targus styli up. Art Studio is the best 99 cents I've ever spent! :),21062349,"childish term for poop or for something gross, bad, or silly",insult,casual_conversation,false,
poopy,21038119761,2010-08-13,@Aimi_Zafirah awhhh poopy!,77094937,"childish term for poop or for something gross, bad, or silly",insult,casual_conversation,false,
poopy,21038316210,2010-08-13,"Yea! @heaterm's home! 
Boo on poopy travelers!",69121693,"childish term for poop or for something gross, bad, or silly",insult,casual_conversation,false,
poopy,21039517599,2010-08-13,@helloiliketacos Oh stop thinking you failing that test poopy your not going to do that you going to get a good grade sweet heart good luck,176308973,"childish term for poop or for something gross, bad, or silly",insult,casual_conversation,false,
poopy,21039836671,2010-08-13,@vkhosla let's call him POOPY,57267301,"childish term for poop or for something gross, bad, or silly",insult,casual_conversation,false,
poopy,21039861459,2010-08-13,@DJFM04 chicken poopy,156711286,"childish term for poop or for something gross, bad, or silly",insult,casual_conversation,false,
poopy,21040120118,2010-08-13,"They Be Like Zay , Can you teach me how to poopy",41572034,"childish term for poop or for something gross, bad, or silly",insult,commenting,false,
poopy,21040165148,2010-08-13,"FD: mouse, clicker, diver, dagger, poopy, pick",177843136,"childish term for poop or for something gross, bad, or silly",insult,commenting,false,
poopy,22019464287,2010-08-24,@Poopy_gent yoww Bitchh,176498344,"childish term for poop or for something gross, bad, or silly",insult,casual_conversation,false,
poopy,22019527613,2010-08-24,Changing diapers + changing records RT @dj_bent i cannot wait to have this child wrapped in a sling as i dj. he can be dj poopy pants!!!!,17446897,"childish term for poop or for something gross, bad, or silly",insult,self_description,false,
poopy,22019978829,2010-08-24,@MsKnitSox good luck w/ that! I think I might try that too :) Of course yesterday was an exception 'cos I felt so poopy but from now maybe,56163721,"childish term for poop or for something gross, bad, or silly",insult,casual_conversation,false,
poopy,22020422593,2010-08-24,@jane_sauce thats poopy :( they'd better get a move on like or you could end up in labour!,15084044,"childish term for poop or for something gross, bad, or silly",insult,casual_conversation,false,
poopy,22020630873,2010-08-24,@Topher2882 good you do that.  poopy heads  LOL @PensiveCub,148134156,"childish term for poop or for something gross, bad, or silly",insult,casual_conversation,false,
poopy,22020925981,2010-08-24,"RT @blurr1974: @simmonssteve i'm gonna guess that all these stories of...hanging out with Aaron Ward were all excluding you, Mr  Poopy Pants",17316154,"childish term for poop or for something gross, bad, or silly",insult,casual_conversation,false,
poopy,22020972053,2010-08-24,"@Refinnej23 haha (re ladyg)!! and yeah, this weather is poopy.",32118712,"childish term for poop or for something gross, bad, or silly",insult,casual_conversation,false,
poopy,22021426797,2010-08-24,Another parenting truism: Your children will have *extraordinarily* poopy bottoms when one is waiting for one's diaper order to arrive,17587321,"childish term for poop or for something gross, bad, or silly",insult,self_description,false,
poopy,22021533686,2010-08-24,Poopy,49095233,"childish term for poop or for something gross, bad, or silly",insult,commenting,false,
poopy,22022237841,2010-08-24,''Dangit i look like a piece of poopy on a stick.'',66044284,"childish term for poop or for something gross, bad, or silly",insult,commenting,false,
poopy,22912245366,2010-09-03,"I think I'm dehydrated, either that or feeling poopy because of sinus', either way I could drink a lake...but not lemonage coz it hurts.",15418301,"childish term for poop or for something gross, bad, or silly",insult,commenting,false,
poopy,22913266189,2010-09-03,"RT @Russellthekitty: I love politics almost as much as burying my poopy in the cat litter. Actually, it is much the same as politics.Hid ...",32460316,"childish term for poop or for something gross, bad, or silly",insult,casual_conversation,false,
poopy,22913587578,2010-09-03,poopy hurricane :(,172043418,"childish term for poop or for something gross, bad, or silly",insult,commenting,false,
poopy,22914865407,2010-09-03,@joy_mac_pirate @amosays doppelgänger is the medical term for when Joy is in a poopy mood.,17206078,"childish term for poop or for something gross, bad, or silly",insult,casual_conversation,false,
poopy,22914944272,2010-09-03,@seanmmitchell @amosays Everyone is ALWAYS in a Poopy Mood. If they aren't they probably need Fiber. Poopy Moods are Healthy Moods.,15101692,"childish term for poop or for something gross, bad, or silly",insult,casual_conversation,false,
poopy,22915130413,2010-09-03,I'm in a poopy mood!!!!!!!!!!,78700220,"childish term for poop or for something gross, bad, or silly",insult,commenting,false,
poopy,22915648975,2010-09-03,@vincentx24x Not in the poopy!,24808870,"childish term for poop or for something gross, bad, or silly",insult,casual_conversation,false,
poopy,22916112309,2010-09-03,Hey twitter...I'm takin a poopy...just thought I'd let ya know,27521324,"childish term for poop or for something gross, bad, or silly",insult,commenting,false,
poopy,22916174213,2010-09-03,"@drapuh awh, so you did get to poopy :)",17354026,"childish term for poop or for something gross, bad, or silly",insult,casual_conversation,false,
poopy,22916406966,2010-09-03,Damn u yoki ur actin real holly wood cuz u wnt change a poopy diaper oh u fancy huh,139193017,"childish term for poop or for something gross, bad, or silly",insult,self_description,false,
poopy,23916079455,2010-09-08,@Tweetmitchyplz aww poopy :(... what u doing today??,169950680,"childish term for poop or for something gross, bad, or silly",insult,casual_conversation,false,
poopy,23916443727,2010-09-08,*Maybe he wanted to see if baby was poopy* RT @mikerelm Saw a dude almost put his baby in the airport security x-ray machine. Wow.,20390486,"childish term for poop or for something gross, bad, or silly",insult,casual_conversation,false,
poopy,23916568479,2010-09-08,Thanks poopy for providing me with the new fav o the moment,24128291,"childish term for poop or for something gross, bad, or silly",insult,commenting,false,
poopy,23917125931,2010-09-08,@redneckmommy wow-now that's an eventful morning! And I thought I was dealing with a lot (drawer-slamming husband+poopy child).,22099937,"childish term for poop or for something gross, bad, or silly",insult,casual_conversation,false,
poopy,23917163718,2010-09-08,@Zukeyluvsbieber lolz yupperz!! I sure do!! Haha! :D:DD ugh..I have skool in lik 10 min!! Poopy! :((,93998084,"childish term for poop or for something gross, bad, or silly",insult,casual_conversation,false,
poopy,23918032431,2010-09-08,#WordsGrownMenShouldntSay i have to poopy brb,188296857,"childish term for poop or for something gross, bad, or silly",insult,commenting,false,
poopy,23918798436,2010-09-08,Bri Bri is a poopy butt for not coming to breakfast,88755274,"childish term for poop or for something gross, bad, or silly",insult,commenting,false,
poopy,23919692435,2010-09-08,Having a shitty (day/time/experience)? Switch the adjective to 'poopy' and you'll feel better instantly.,178768758,"childish term for poop or for something gross, bad, or silly",insult,commenting,false,
poopy,23919749006,2010-09-08,-_- so much poopy;,52821362,"childish term for poop or for something gross, bad, or silly",insult,commenting,false,
poopy,25157874540,2010-09-21,@KateAngotti aww how i wish i could've been the uPod leader too! poopy. make sure i still get to see you on saturday babe!,103996299,"childish term for poop or for something gross, bad, or silly",insult,casual_conversation,false,
poopy,25158339832,2010-09-21,is it poopy? Or poopie?,24097731,"childish term for poop or for something gross, bad, or silly",insult,commenting,false,
poopy,25158999230,2010-09-21,Naked baby time to air things out should only be shortly after a poopy diaper. Especially for mobile babies. NEVER break this rule. #protip,15670125,"childish term for poop or for something gross, bad, or silly",insult,self_description,false,
poopy,25159158758,2010-09-21,@journalproject winkies ? Do you still poopy ?,18106971,"childish term for poop or for something gross, bad, or silly",insult,casual_conversation,false,
poopy,25159231249,2010-09-21,@AndrewBreitbart So make your poopy/bag chowder jokes to them then #IAttackYourTactics #NeverCalledYouGay  #SEIU #OFA #BecauseTheWayYouTalk,57917441,"childish term for poop or for something gross, bad, or silly",insult,casual_conversation,false,
poopy,25159512594,2010-09-21,"RT @surfinbrotha: @journalproject winkies ? Do you still poopy ? ~'&lt;-lol, roflol",44302513,"childish term for poop or for something gross, bad, or silly",insult,casual_conversation,false,
poopy,25159551642,2010-09-21,Eww i just change my first poopy diaper,44450658,"childish term for poop or for something gross, bad, or silly",insult,self_description,false,
poopy,25159818100,2010-09-21,Poopy poop in a poop.  I'm so mad about #DADT that I can't even curse. :(,139933462,"childish term for poop or for something gross, bad, or silly",insult,commenting,false,
poopy,25159965057,2010-09-21,This coffee tastes like poopy shit!,30798633,"childish term for poop or for something gross, bad, or silly",insult,commenting,false,
poopy,25160729843,2010-09-21,sha poopy,158076724,"childish term for poop or for something gross, bad, or silly",insult,commenting,false,
poopy,25366110076,2010-09-24,Breaking News!!! Amazing song... Home (Party Supplies Remix) by Edward Sharpe and the Magnetic Zeros. @nfreshh @poopy @SailorCameron,145536107,"childish term for poop or for something gross, bad, or silly",insult,casual_conversation,false,
poopy,25366179768,2010-09-24,RT @RULDOPE: Breaking News!!! Amazing song... Home (Party Supplies Remix) by Edward Sharpe and the Magnetic Zeros. @nfreshh @poopy @Sail ...,26529174,"childish term for poop or for something gross, bad, or silly",insult,casual_conversation,false,
poopy,25366487840,2010-09-24,@RafalLos did you have poopy baby smell & drunk screaming girls on the plane?,6348442,"childish term for poop or for something gross, bad, or silly",insult,casual_conversation,false,
poopy,25366879634,2010-09-24,"So, i must bee helluh dumb because i barely just found out how to retweet and what a timeline is thanks too poopy head aka cynthia  .",154703312,"childish term for poop or for something gross, bad, or silly",insult,casual_conversation,false,
poopy,25367960453,2010-09-24,@Jollymann lol no sir poopy,18086466,"childish term for poop or for something gross, bad, or silly",insult,casual_conversation,false,
poopy,25368191289,2010-09-24,"1.5 hours, 1 poopy diaper, and 3 stores later, I finally found some formula for Taters that hasn't been recalled...",29876251,"childish term for poop or for something gross, bad, or silly",insult,self_description,false,
poopy,25369796498,2010-09-24,He has a poopy diaper! RT @aebauer12: @bmbauer10 refuses to hold his adorable child. #shameonyou,56439255,"childish term for poop or for something gross, bad, or silly",insult,self_description,false,
poopy,25370140338,2010-09-24,"Just wrong: laughed at poop joke 2night on #Outsourced after 4-yr-old son got in trouble in preschool today 4 using the potty word ""poopy.""",14052651,"childish term for poop or for something gross, bad, or silly",insult,self_description,false,
poopy,25370223869,2010-09-24,I love poopy diapers,84722559,"childish term for poop or for something gross, bad, or silly",insult,self_description,false,
poopy,25371874627,2010-09-24,@Taisha_Marie is actin like a poopy face doo doo head,104560702,"childish term for poop or for something gross, bad, or silly",insult,casual_conversation,false,
poopy,25638592918,2010-09-27,"I ain't gonna lie Braylon Edwards gonna get Poopy on y'all, get it, shit on the whole D for 3 quarters.",127995785,"childish term for poop or for something gross, bad, or silly",insult,commenting,false,
poopy,25638876474,2010-09-27,I really hate these football players with the hair poopy on them too,94470005,"childish term for poop or for something gross, bad, or silly",insult,commenting,false,
poopy,25639361000,2010-09-27,RT @DstarBeats: RT @keshiam22: @DstarBeats lmao ur stupid&lt;&lt;&lt; I kno u r but wat am I&lt;poopy head,127565723,"childish term for poop or for something gross, bad, or silly",insult,casual_conversation,false,
poopy,25639434994,2010-09-27,@dothat327 I miss u poopy head,101044006,"childish term for poop or for something gross, bad, or silly",insult,casual_conversation,false,
poopy,25639613217,2010-09-27,feeling poopy like poo poo.,16667552,"childish term for poop or for something gross, bad, or silly",insult,commenting,false,
poopy,25640325900,2010-09-27,@AndreyDay ive been here since 7 its poopy,154025367,"childish term for poop or for something gross, bad, or silly",insult,casual_conversation,false,
poopy,25640769039,2010-09-27,well my msn is being poopy ... can't sign in ... apparently this happens sometimes ... no one knows how to fix it - awesome!,15914726,"childish term for poop or for something gross, bad, or silly",insult,commenting,false,
poopy,25640802757,2010-09-27,@amandasuclescy Why does it smell like a poopy diaper?? I have to work the next three days there...it better not stink!,21361839,"childish term for poop or for something gross, bad, or silly",insult,self_description,false,
poopy,25641590295,2010-09-27,@DementiaCrowley PIICCTURE! It's a poopy phone picture,111423514,"childish term for poop or for something gross, bad, or silly",insult,casual_conversation,false,
poopy,25641941235,2010-09-27,I feel like poopy! My head & tummy hurts. NAP TIME!,64943222,"childish term for poop or for something gross, bad, or silly",insult,commenting,false,
poopy,26292461562,2010-10-03,I'm surprised I had a pretty good workout! I thought my poopy mood wouldve gotten in the way of that.. Guess not :),36634110,"childish term for poop or for something gross, bad, or silly",insult,commenting,false,
poopy,26293002810,2010-10-03,@Notketchup 'POOPY DIAPER HEADS' LMAO! :) well.....    The Sharks are bad swimmers! :P,151351414,"childish term for poop or for something gross, bad, or silly",insult,self_description,false,
poopy,26293180940,2010-10-03,@ILuv_Rumbleroar poopy! &gt;:(,68153291,"childish term for poop or for something gross, bad, or silly",insult,casual_conversation,false,
poopy,26293260175,2010-10-03,today looks so poopy.. but must go shopping!,46627995,"childish term for poop or for something gross, bad, or silly",insult,commenting,false,
poopy,26293791510,2010-10-03,@elisharene Is someone being poopy to you? Because I will KICK HIS or HER ASS!,17868376,"childish term for poop or for something gross, bad, or silly",insult,casual_conversation,false,
poopy,26293798947,2010-10-03,"""@DJSupersede: There was a diaper in the Moe's parking lot. Who throws a diaper on the floor, really? At least it wasn't all poopy.""",183356396,"childish term for poop or for something gross, bad, or silly",insult,self_description,false,
poopy,26293804536,2010-10-03,@phoenixreborn12 @kcleslie2113 Lee don't be a poopy head!!!!! No ruining the matches for MY Katie!!! :-p,22797552,"childish term for poop or for something gross, bad, or silly",insult,casual_conversation,false,
poopy,26295521834,2010-10-03,Bout to go smash some Brickstreet you poopy heads.,27690628,"childish term for poop or for something gross, bad, or silly",insult,casual_conversation,false,
poopy,26295541783,2010-10-03,@sumyunguy its a poopy time.,2079171,"childish term for poop or for something gross, bad, or silly",insult,casual_conversation,false,
poopy,26296014182,2010-10-03,@jaidacouture cheer up poopy face :) *sends xoxoxo*,153946895,"childish term for poop or for something gross, bad, or silly",insult,casual_conversation,false,
poopy,26481336222,2010-10-05,@danrempel why poopy!,46423515,"childish term for poop or for something gross, bad, or silly",insult,casual_conversation,false,
poopy,26481459770,2010-10-05,@tommcfly was at that gig! watching the behind the scenes has cheered me up on a really poopy day!,20727104,"childish term for poop or for something gross, bad, or silly",insult,casual_conversation,false,
poopy,26481489610,2010-10-05,I always love wearing the sweats @emmyohhh gave me after a poopy day. I'm bummed that I forgot my picture she drew me at school though:(,50463194,"childish term for poop or for something gross, bad, or silly",insult,casual_conversation,false,
poopy,26483295215,2010-10-05,@KyraTX poopy. but I made it through school. what's shakin with you?,16346973,"childish term for poop or for something gross, bad, or silly",insult,casual_conversation,false,
poopy,26483849951,2010-10-05,Aww my tweeter came out messed up... :( tweeter is poopy,93307619,"childish term for poop or for something gross, bad, or silly",insult,commenting,false,
poopy,26484092015,2010-10-05,@damonbodine I don't have a car! Hahah. I can't get to you if its poopy outside. Haha. Next monday. Ill try and get there if its nice out,35307048,"childish term for poop or for something gross, bad, or silly",insult,casual_conversation,false,
poopy,26484266890,2010-10-05,I feel pretty poopy today!,145740644,"childish term for poop or for something gross, bad, or silly",insult,commenting,false,
poopy,26485321349,2010-10-05,just got done with quality poopy time with randi and kyndal =),127929607,"childish term for poop or for something gross, bad, or silly",insult,commenting,false,
poopy,26485763764,2010-10-05,@panama_james Professor poopy-pants would not approve of your grill,124046186,"childish term for poop or for something gross, bad, or silly",insult,casual_conversation,false,
poopy,26645935469,2010-10-07,@MelHeartsJordan thanks! I'm feeling poopy today so you uplifting words make me feel better! =) I'm hoping to get it on a hat tonight.,27042995,"childish term for poop or for something gross, bad, or silly",insult,casual_conversation,false,
poopy,26646930592,2010-10-07,"When your nephew nicknames his little brother ""Poopy Pants Butt Noise"", a therapist gets a vacation home.",78443833,"childish term for poop or for something gross, bad, or silly",insult,casual_conversation,false,
poopy,26647107429,2010-10-07,@littlebugjewels that IS poopy.,38023334,"childish term for poop or for something gross, bad, or silly",insult,casual_conversation,false,
poopy,26647527330,2010-10-07,Who needs an alarm clock when you have a 2 yr old daughter that wakes you up to change a poopy diaper?,15538100,"childish term for poop or for something gross, bad, or silly",insult,self_description,false,
poopy,26648384969,2010-10-07,"@Stephhbeee poopy sloopy! No outback or quality time! Well, love u have fun wherever you're goinggg",45770836,"childish term for poop or for something gross, bad, or silly",insult,casual_conversation,false,
poopy,26651388304,2010-10-07,@TheDailySteven got a lot of worl bro atleast you don't wake up early to change poopy diapers what a life the smell of poo in the morning.,199320830,"childish term for poop or for something gross, bad, or silly",insult,self_description,false,
poopy,26653338137,2010-10-07,I feel like poopy and want my mommy :(,120668607,"childish term for poop or for something gross, bad, or silly",insult,commenting,false,
poopy,26653497391,2010-10-07,ugh i feel like poopy shit,34132101,"childish term for poop or for something gross, bad, or silly",insult,commenting,false,
poopy,26653502212,2010-10-07,"@peteredmiston Interesting article.  Not many people know that when Ted Williams played for the Red Sox, players called him Mr. Poopy Pants.",42948428,"childish term for poop or for something gross, bad, or silly",insult,casual_conversation,false,
poopy,26654025275,2010-10-07,@simonpegg Hi poopy face tomato nose,76211633,"childish term for poop or for something gross, bad, or silly",insult,casual_conversation,false,
poopy,26878536426,2010-10-09,Is a poopy dog,75156351,"childish term for poop or for something gross, bad, or silly",insult,commenting,false,
poopy,26878692297,2010-10-09,"@mmorsch35 mama poopy pants ass clown, am I right?",16176702,"childish term for poop or for something gross, bad, or silly",insult,casual_conversation,false,
poopy,26879392379,2010-10-09,I haven't changed a poopy diaper in 2 years! Oh God spear me! X(,48524585,"childish term for poop or for something gross, bad, or silly",insult,self_description,false,
poopy,26879405157,2010-10-09,Affigato shots on a shittily blended frap are poopy,24465542,"childish term for poop or for something gross, bad, or silly",insult,commenting,false,
poopy,26879440861,2010-10-09,"See No 4.  #Beer is good for your poopy!  Just one more reason, people. http://tinyurl.com/27sxykn #drinkup",82452693,"childish term for poop or for something gross, bad, or silly",insult,article_sharing,false,
poopy,26880190675,2010-10-09,"Uh oh, these games are all getting really good & down to the end... but the dog is giving me the stink-eye. Is poopy carpet worth it?...",160399704,"childish term for poop or for something gross, bad, or silly",insult,commenting,false,
poopy,26880718394,2010-10-09,Katelyn had a poopy and wet diaper,187993895,"childish term for poop or for something gross, bad, or silly",insult,self_description,false,
poopy,26880820999,2010-10-09,Actually I haven't changed a boy poopy diaper in 8 years! I forgot about all what can go wrong... I'm not a happy camper right now. ;(,48524585,"childish term for poop or for something gross, bad, or silly",insult,self_description,false,
poopy,26881148661,2010-10-09,@MexWantsBieber But it makes my body poopy. Soooo I try to stay away from it hahaha. In moderation though! ;),16300797,"childish term for poop or for something gross, bad, or silly",insult,casual_conversation,false,
poopy,26882013660,2010-10-09,My boo is making food stuffs while I lay in bed all curled up under the covers 'cause I feel poopy. What a great man &lt;3,60747998,"childish term for poop or for something gross, bad, or silly",insult,self_description,false,
poopy,28370638022,2010-10-22,"RT @fallyz: @DTripper22 stupid boys. grumpy men. Poopy people. le sigh. Tomorrow is friday, AMERICA! FUCK YEAHHHH!! I be happy. &lt; :)",31540837,"childish term for poop or for something gross, bad, or silly",insult,casual_conversation,false,
poopy,28371621095,2010-10-22,I'm in a poopy mood.. I need a hug,147736552,"childish term for poop or for something gross, bad, or silly",insult,commenting,false,
poopy,28373750153,2010-10-22,Theres poopy on the floor literally.,143182625,"childish term for poop or for something gross, bad, or silly",insult,commenting,false,
poopy,28374233040,2010-10-22,Sleeping Poopy #sadchildrensbooks,20725116,"childish term for poop or for something gross, bad, or silly",insult,commenting,false,
poopy,28374258419,2010-10-22,"@marcfennell give it a poopy rating, ranging from baby poop to elephant poop.",28825567,"childish term for poop or for something gross, bad, or silly",insult,casual_conversation,false,
poopy,28376104105,2010-10-22,@jan_hae oo0o0o0o0o to what? tablaso? lmao i'm reading poopy's formspring and he's retarded lmfao,131358052,"childish term for poop or for something gross, bad, or silly",insult,casual_conversation,false,
poopy,28376104347,2010-10-22,@sadchildrensbooks   Poopy Longstockings,193577450,"childish term for poop or for something gross, bad, or silly",insult,casual_conversation,false,
poopy,28376295971,2010-10-22,@MalinasaWizard that poopy face!:(,84623433,"childish term for poop or for something gross, bad, or silly",insult,casual_conversation,false,
poopy,28376297826,2010-10-22,#sadchildrensbooks   Poopy Longstockings,193577450,"childish term for poop or for something gross, bad, or silly",insult,commenting,false,
poopy,28377433929,2010-10-22,Why do Americans like to eat poopy? http://bit.ly/ar4Zwv #organic #lifestyle,175249459,"childish term for poop or for something gross, bad, or silly",insult,article_sharing,false,
poopy,28960188449,2010-10-28,POOPY,171430417,"childish term for poop or for something gross, bad, or silly",insult,commenting,false,
poopy,28961009890,2010-10-28,@MusicalRemedy That's poopy. Until the next Tornado wipes out the Mayor's house - THEN someone will find funding. :(,198598469,"childish term for poop or for something gross, bad, or silly",insult,casual_conversation,false,
poopy,28961022237,2010-10-28,"The great @davidcc once said, ""You must bend over and poopy poop poopoo. Once you are finished then just flush and smile.""",17111462,"childish term for poop or for something gross, bad, or silly",insult,casual_conversation,false,
poopy,28961092433,2010-10-28,Eatin at cafe bar with poopy:) http://twitpic.com/31ht19,89145287,"childish term for poop or for something gross, bad, or silly",insult,article_sharing,false,
poopy,28962141587,2010-10-28,Downside: today was poopy. Upside: tomorrow can only get better? #lookonthebrightside,75555641,"childish term for poop or for something gross, bad, or silly",insult,commenting,false,
poopy,28964086350,2010-10-28,I'm pooped. Sending these last round of concepts and I'm heading home. I don't want to be poopy pants no mo.,7356912,"childish term for poop or for something gross, bad, or silly",insult,casual_conversation,false,
poopy,28965026751,2010-10-28,i'm in a band now: poopy tooth and the blumpkins,81787516,"childish term for poop or for something gross, bad, or silly",insult,commenting,false,
poopy,28965164174,2010-10-28,Here's something that's not terribly poopy but I'm not gonna finish it: http://gumbogamer.deviantart.com/art/Oekaki-FOREVER-WIP-184189838,33990597,"childish term for poop or for something gross, bad, or silly",insult,article_sharing,false,
poopy,28966182887,2010-10-28,really wishing tomorrow was friday instead of thursday. this week is going by so SLOW cuz of the poopy news i got at work ystrdy. tick TOCK!,14563958,"childish term for poop or for something gross, bad, or silly",insult,commenting,false,
poopy,28968150015,2010-10-28,@Amy_Anh like just do some easy dancing lol. Or try to fix it....and oh poopy....hmmm...cant think of any substitutions. Try to spark it up,47129368,"childish term for poop or for something gross, bad, or silly",insult,casual_conversation,false,
poopy,29175971723,2010-10-30,@XKaramX did poopy go down there to watch you?,194289154,"childish term for poop or for something gross, bad, or silly",insult,casual_conversation,false,
poopy,29177040489,2010-10-30,Changed a poopy diaper @ 230 this am  DONT miss that @ all!! lol,200865809,"childish term for poop or for something gross, bad, or silly",insult,self_description,false,
poopy,29177089731,2010-10-30,Mason had a poopy and wet diaper,173595382,"childish term for poop or for something gross, bad, or silly",insult,self_description,false,
poopy,29177093771,2010-10-30,I love changing poopy diapers first thing in the morning...LOL,30113991,"childish term for poop or for something gross, bad, or silly",insult,self_description,false,
poopy,29180126039,2010-10-30,Oh.. poopy..=P,82070658,"childish term for poop or for something gross, bad, or silly",insult,commenting,false,
poopy,29182453769,2010-10-30,I just went poopy outside!! #tweet,160061348,"childish term for poop or for something gross, bad, or silly",insult,commenting,false,
poopy,29183202072,2010-10-30,Fucking football traffic is fucking poopy.,44362081,"childish term for poop or for something gross, bad, or silly",insult,commenting,false,
poopy,29184289071,2010-10-30,@Whimsical_Quill They suit you! poopy gorgeous!,56109271,"childish term for poop or for something gross, bad, or silly",insult,casual_conversation,false,
poopy,29185678118,2010-10-30,is sitting in a poopy nappy,17125241,"childish term for poop or for something gross, bad, or silly",insult,commenting,false,
poopy,29186815642,2010-10-30,@jwojwo hells yeh. I didn't record it. Poopy.,25274899,"childish term for poop or for something gross, bad, or silly",insult,casual_conversation,false,
poopy,29224498051,2010-10-30,"Birdy birdy in the sky, dropped a poopy in my eye, I didn't laugh I didn't cry, I thank God cows can't fly...  Mother's are wierd!",152701558,"childish term for poop or for something gross, bad, or silly",insult,commenting,false,
poopy,29225044633,2010-10-30,"Corrigan, are three poopy diapers in one day REALLY necessary?",16490278,"childish term for poop or for something gross, bad, or silly",insult,self_description,false,
poopy,29225246052,2010-10-30,........Oh poopy.,88474824,"childish term for poop or for something gross, bad, or silly",insult,commenting,false,
poopy,29226212215,2010-10-30,@missgiselle226 L0lll @ poopy..sMh..watchu up to tho?,77830482,"childish term for poop or for something gross, bad, or silly",insult,casual_conversation,false,
poopy,29226300536,2010-10-30,poopy. hahahahaha!,111676616,"childish term for poop or for something gross, bad, or silly",insult,commenting,false,
poopy,29226736690,2010-10-30,"Hair, is everything... And my hair looks poopy! D:",84952577,"childish term for poop or for something gross, bad, or silly",insult,commenting,false,
poopy,29226764844,2010-10-30,"getting poopy tonight, finally have plans",92150518,"childish term for poop or for something gross, bad, or silly",insult,commenting,false,
poopy,29227384163,2010-10-30,dawgs looking like crap on both sides of the ball so far #poopy #uw,14354954,"childish term for poop or for something gross, bad, or silly",insult,commenting,false,
poopy,29227695903,2010-10-30,Takin' the kids to get scared at Poopy's!,207824988,"childish term for poop or for something gross, bad, or silly",insult,commenting,false,
poopy,29228516192,2010-10-31,@Lori_FFI_TMD booooo! Work is poopy. I worked 10 hours today,42483910,"childish term for poop or for something gross, bad, or silly",insult,casual_conversation,false,
poopy,29352434714,2010-11-01,"Poll: New goldfish, 1 orange fantail  (we think), 1 black moor, 1 snail. Possible names respectably: OJ, Poopy & Garry OR Miri, Zac & Porno?",64356071,"childish term for poop or for something gross, bad, or silly",insult,commenting,false,
poopy,29354077586,2010-11-01,Turned out to be a poopy night at work. I can't wait for it to be over. Two hours.,16576878,"childish term for poop or for something gross, bad, or silly",insult,commenting,false,
poopy,29354705417,2010-11-01,Alexandra had a poopy diaper (Open-Air Accident),210482968,"childish term for poop or for something gross, bad, or silly",insult,self_description,false,
poopy,29355153493,2010-11-01,"RT @robdelaney: How come when a baby makes a poopy in its diaper, it's ""cute,"" but when I do it, it's ""sexy?""",71723,"childish term for poop or for something gross, bad, or silly",insult,self_description,false,
poopy,29355196854,2010-11-01,"RT @dbedwood: RT @robdelaney: How come when a baby makes a poopy in its diaper, it's ""cute,"" but when I do it, it's ""sexy?""",22532887,"childish term for poop or for something gross, bad, or silly",insult,self_description,false,
poopy,29588703556,2010-11-03,I feel poopy :(,15181206,"childish term for poop or for something gross, bad, or silly",insult,self_description,false,
poopy,29588821347,2010-11-03,"@pattygoosh that's rude, my tweets aren't poopy.",134849345,"childish term for poop or for something gross, bad, or silly",insult,casual_conversation,false,
poopy,29590260253,2010-11-03,"feelin pretty poopy today. I have insane friends, I really don't deserve this. Rantrantrantdone. Moral: Be sane plz.",35412412,"childish term for poop or for something gross, bad, or silly",insult,commenting,false,
poopy,29591366409,2010-11-03,"Despite the Clippers living up to their poopy rep, excited about seeing both Griffin and Durant play tonite at Staples. #hoopsaddict",15842079,"childish term for poop or for something gross, bad, or silly",insult,commenting,false,
poopy,29591711087,2010-11-03,Some days my job is pretty poopy. Literally POOPY! Both boys have some sort of stomach bug and it ain't pretty!,34285558,"childish term for poop or for something gross, bad, or silly",insult,commenting,false,
poopy,29592041158,2010-11-03,@EmanXCheeks *watches with eman and eats feety popcorn and poopy fanta*,84273112,"childish term for poop or for something gross, bad, or silly",insult,casual_conversation,false,
poopy,29592061625,2010-11-03,do you spell it poopy or poopie? — poopie! http://4ms.me/cXvcb4,61974146,"childish term for poop or for something gross, bad, or silly",insult,article_sharing,false,
poopy,29592068383,2010-11-03,@FreshPrince0FNC guess who's poopy ?,202804433,"childish term for poop or for something gross, bad, or silly",insult,casual_conversation,false,
poopy,29593361099,2010-11-03,@Rachel_Cuddy I'm not a poopy head....,23608153,"childish term for poop or for something gross, bad, or silly",insult,casual_conversation,false,
poopy,8435636667162624,2010-11-27,"Birdy birdy in d sky, dropped a poopy wen i walked by. I dnt worry, i dnt cry! I'm jst happy dat cows cant fly!...lol",116774896,"childish term for poop or for something gross, bad, or silly",insult,commenting,false,
poopy,8444966179176448,2010-11-27,Alexandra had a poopy and wet diaper (Open-Air Accident),210482968,"childish term for poop or for something gross, bad, or silly",insult,self_description,false,
poopy,8445432271212544,2010-11-27,Poopy day:/,104364475,"childish term for poop or for something gross, bad, or silly",insult,commenting,false,
poopy,8451342976684032,2010-11-27,@jenndoom good night poopy,28198597,"childish term for poop or for something gross, bad, or silly",insult,casual_conversation,false,
poopy,8451748087726080,2010-11-27,@BamxAttack goodnight poopy&lt;33333,134169482,"childish term for poop or for something gross, bad, or silly",insult,casual_conversation,false,
poopy,8472641442676736,2010-11-27,named my brother chris bannana monkey poopy brain: http://yearbook.com/a/smoyk,206154283,"childish term for poop or for something gross, bad, or silly",insult,article_sharing,false,
poopy,8479250214555648,2010-11-27,Wtf poopy !!,150487661,"childish term for poop or for something gross, bad, or silly",insult,commenting,false,
poopy,8507672810749953,2010-11-27,Aldershot is a very poopy unfestive miserable place :(,217907084,"childish term for poop or for something gross, bad, or silly",insult,commenting,false,
poopy,8518058394001408,2010-11-27,"GOSH DANG IT, @ItsGinevra, YOU'RE NOT GETTING ANYWHERE WITH THIS POOPY ATTITUDE. I know you're probably pissed off at everyone-including me-",144139292,"childish term for poop or for something gross, bad, or silly",insult,casual_conversation,false,
poopy,8520171773759489,2010-11-27,"@staciecoralee that's poopy, do you guys have midterms too?",83034261,"childish term for poop or for something gross, bad, or silly",insult,casual_conversation,false,
poopy,8832014455148544,2010-11-28,"@Peroxwhyjenn sophomore, possible soon to be freshman in college. :S What kind of teacher assignes homework over break? Poopy kind.",37761612,"childish term for poop or for something gross, bad, or silly",insult,casual_conversation,false,
poopy,8851681760509952,2010-11-28,The best male group award is full of poopy shit. Bite me.,108531987,"childish term for poop or for something gross, bad, or silly",insult,commenting,false,
poopy,8852144253833216,2010-11-28,RT @SJia13: The best male group award is full of poopy shit. Bite me.,138698682,"childish term for poop or for something gross, bad, or silly",insult,casual_conversation,false,
poopy,8856715118256128,2010-11-28,@ellisnom skyline is poopy. imo. You may choose to think differently. XD,114387329,"childish term for poop or for something gross, bad, or silly",insult,casual_conversation,false,
poopy,8864407815716864,2010-11-28,Ah poopy face. ,22738433,"childish term for poop or for something gross, bad, or silly",insult,casual_conversation,false,
poopy,8877946630569984,2010-11-28,Mason had a poopy and wet diaper (leak),173595382,"childish term for poop or for something gross, bad, or silly",insult,self_description,false,
poopy,8885426945265664,2010-11-28,You would think a baby would be grateful that someone was changing their poopy diaper.  Not my kid... He wants to fight me!,15498055,"childish term for poop or for something gross, bad, or silly",insult,self_description,false,
poopy,8886402263556097,2010-11-28,"euphoricnightmare: NO poopy computer here, i’m on an iMac! haha I have that last controller http://tumblr.com/xdtscpqof",32352251,"childish term for poop or for something gross, bad, or silly",insult,article_sharing,false,
poopy,8891915382562817,2010-11-28,My mom is cooking. The house smells like poopy.,103462218,"childish term for poop or for something gross, bad, or silly",insult,commenting,false,
poopy,8892254307487744,2010-11-28,@kristencampisi Hello poopy!  LOL!,30549431,"childish term for poop or for something gross, bad, or silly",insult,casual_conversation,false,
poopy,13851694123196416,2010-12-12,"In the middle of Renji's wedding, Iza's gonna stand up and he'll say ""someone made a poopy"", walking out with San. XD",37482720,"childish term for poop or for something gross, bad, or silly",insult,commenting,false,
poopy,13851799593160704,2010-12-12,why does @danieltosh eat poopy snow???,225701985,"childish term for poop or for something gross, bad, or silly",insult,casual_conversation,false,
poopy,13855037696512000,2010-12-12,"@abbigshmail I need to find that online, i had to work #Poopy",96901724,"childish term for poop or for something gross, bad, or silly",insult,casual_conversation,false,
poopy,13856878895308800,2010-12-12,“@CocoWaldon: Wake me up when u go eat 2morrow @MeAndMyBugatti !” -- got you poopy! And if u wake up first wake me up!!,123566071,"childish term for poop or for something gross, bad, or silly",insult,casual_conversation,false,
poopy,13858483141087232,2010-12-12,@SmithLauraJ each week?! thats #poopy.,169213910,"childish term for poop or for something gross, bad, or silly",insult,casual_conversation,false,
poopy,13862910916829184,2010-12-12,"@StephanieShaina your so poopy. Everyone is looking for you. Well at least me, lean, and tony",127131266,"childish term for poop or for something gross, bad, or silly",insult,casual_conversation,false,
poopy,13866007852490752,2010-12-12,poopy head.,157507807,"childish term for poop or for something gross, bad, or silly",insult,casual_conversation,false,
poopy,13870229310406656,2010-12-12,@crissangel http://plixi.com/p/62496222 hello sulley! Sat hello 2 mr. Poopy pants 4 me!,69467094,"childish term for poop or for something gross, bad, or silly",insult,casual_conversation,false,
poopy,13870687668142080,2010-12-12,*emo hair flip* poopy poopy poopy poop,53300397,"childish term for poop or for something gross, bad, or silly",insult,commenting,false,
poopy,13870692734865408,2010-12-12,Alexandra had a poopy and wet diaper,210482968,"childish term for poop or for something gross, bad, or silly",insult,self_description,false,
slore,7360577835,2010-01-04,RT @SdotOww: Every girl is a slore until proven sloreless. smh --- bold statement,25207278,a promiscuous or contemptible woman; slut-whore blend,insult,casual_conversation,false,
slore,7360580336,2010-01-04,@dirtydianeuh march 26 slore,31072870,a promiscuous or contemptible woman; slut-whore blend,insult,casual_conversation,false,
slore,7360709572,2010-01-04,"cant help it, but i find the kardashians very entertaining. khloe's terminology... first slore now douchelord. i approve, funnyyy.",50874520,a promiscuous or contemptible woman; slut-whore blend,insult,criticism,false,
slore,7360775082,2010-01-04,@Y_SMOOVE LOL....WHO U TALKIN BOUT ..DAS Y YA MOMZ IS AN AMERICAN SLORE,95135698,a promiscuous or contemptible woman; slut-whore blend,insult,humor,false,
slore,7360855697,2010-01-04,RT @LADYLEIGH21 Bet the neighbors knw my name... SLORE!!!!!,79909355,a promiscuous or contemptible woman; slut-whore blend,insult,casual_conversation,false,
slore,7361488669,2010-01-04,http://bit.ly/54slwR Miley Cyrus Being a Little Slore she Is.. *High Five DoLL*!!,80516247,a promiscuous or contemptible woman; slut-whore blend,insult,celebrity_gossip,false,
slore,7361621730,2010-01-04,@kor_Bey is a SLORE!,94656759,a promiscuous or contemptible woman; slut-whore blend,insult,casual_conversation,false,
slore,7361680496,2010-01-04,Hahahah&lt;3 you can thank nikolasC & cedricW for teaching me (: gnight & loves you too slore ;-*,35996167,a promiscuous or contemptible woman; slut-whore blend,insult,humor,false,
slore,7362170862,2010-01-04,@MaryThel u welcome slore!,30166951,a promiscuous or contemptible woman; slut-whore blend,insult,casual_conversation,false,
slore,7364228456,2010-01-04,Why the fuck am I following cocktail shejus pissed me off thefuck up tweetin slore lol,29835844,a promiscuous or contemptible woman; slut-whore blend,insult,humor,false,
slore,11082844839,2010-03-26,Every morning I wake up with a HARD problem lukin for a Slore 2 SOLVE it,31628562,a promiscuous or contemptible woman; slut-whore blend,insult,criticism,false,
slore,11084572291,2010-03-26,@bermygirl82 Pokey back at it again!!!! Bb me slore bag,80111006,a promiscuous or contemptible woman; slut-whore blend,insult,casual_conversation,false,
slore,11086701265,2010-03-26,RT @PocahontasTai @petalsOfSTACKS lol whtever slore | lol OKay slide,52887678,a promiscuous or contemptible woman; slut-whore blend,insult,humor,false,
slore,11087245208,2010-03-26,#bestfeeling actually waking up n a good mood.. Bc it NEVER happens! H8 mornings! But 2day I am.. Don't even try 2 bring me down slore Lmao,46754284,a promiscuous or contemptible woman; slut-whore blend,insult,casual_conversation,false,
slore,11088145087,2010-03-26,ANYTHinG for u SLORE RT @_SouthieGirl: @TooDelicious If u have time..... =) Up to u pookie!  PS: love your 4 shots avitar! You are BOOTIFUL!,26413606,a promiscuous or contemptible woman; slut-whore blend,insult,casual_conversation,false,
slore,11088756405,2010-03-26,there is this #slore beside me addin hella niggaz on fb and she look like her pussy stink 2 smh #dumbbitches,119764243,a promiscuous or contemptible woman; slut-whore blend,insult,criticism,false,
slore,11088957159,2010-03-26,@_LovelyHoney_ yu slore why yu up so early?,58087622,a promiscuous or contemptible woman; slut-whore blend,insult,casual_conversation,false,
slore,11089966830,2010-03-26,@MzTrackstarBaby I was on my way at 9 but my godchild had ate or went out..... I.e. His bad slore. Mother.. P.s. Its cold as hellout,76224986,a promiscuous or contemptible woman; slut-whore blend,insult,casual_conversation,false,
slore,11090819040,2010-03-26,@BitterBrotha no she was tryna get u... She knw I only wrk weekends. So haaa and where were u last nite SLORE,54456739,a promiscuous or contemptible woman; slut-whore blend,insult,casual_conversation,false,
slore,11091689071,2010-03-26,#FF dis slore @TrueTia she doiin her school thang up n uhhhh what school u n again?? Lol neywayz follow her!,35263449,a promiscuous or contemptible woman; slut-whore blend,insult,casual_conversation,false,
slore,11538094335,2010-04-03,RT @_SkkY_LoC_: @Itzsharalik3duh jus joke i called him whore he called me slore n it realli realii hurted lolsz ooooowww charlie&lt; oh lml ha!,26870521,a promiscuous or contemptible woman; slut-whore blend,insult,humor,false,
slore,11539481093,2010-04-03,RT @4EVER_DREWS: @MS_LORIE hoe slore slut !! All of above !! Lol yo we really clowns !!lol,53947189,a promiscuous or contemptible woman; slut-whore blend,insult,humor,false,
slore,11539643465,2010-04-03,@theyluvmy_CHARM smh she miss hanging out w. You stop being mean that's ya best friend slore !,30119578,a promiscuous or contemptible woman; slut-whore blend,insult,casual_conversation,false,
slore,11540362060,2010-04-03,@WaMoLe357 that slore aint answering!,33696754,a promiscuous or contemptible woman; slut-whore blend,insult,casual_conversation,false,
slore,11540721256,2010-04-03,@AmaziinAmii Lmaoo he anit dismiss me! lol i left slore cus i moved fuck i look like travling from 137 to 179,81411941,a promiscuous or contemptible woman; slut-whore blend,insult,humor,false,
slore,11541712928,2010-04-03,@ThisISChalupa SLORE!!!,110757214,a promiscuous or contemptible woman; slut-whore blend,insult,casual_conversation,false,
slore,11541771107,2010-04-03,So how I bmm @CRoman_Styles n she's has. Yet to get to me but she's skypen around twitter #slore #Bff,87229625,a promiscuous or contemptible woman; slut-whore blend,insult,casual_conversation,false,
slore,11541948646,2010-04-03,@ThisISChalupa lmbo WEIRDO SLORE,110757214,a promiscuous or contemptible woman; slut-whore blend,insult,casual_conversation,false,
slore,11542218522,2010-04-03,LOL Bay I didn't get a bbm! @ETaylor_tweets So how I bmm @CRoman_Styles n she's has.Yet 2 get 2 me but she's skypen around twitter#slore#Bff,102316374,a promiscuous or contemptible woman; slut-whore blend,insult,humor,false,
slore,11542559162,2010-04-03,"@BigzFlygerian tell dat groupie slore to come by my house, and we all run thru her, while spittin a mean 16.",28800297,a promiscuous or contemptible woman; slut-whore blend,insult,casual_conversation,false,
slore,12294422210,2010-04-16,.... U mean slore right??,80468807,a promiscuous or contemptible woman; slut-whore blend,insult,criticism,false,
slore,12294571534,2010-04-16,@Ms_Tia08 U never text me I felt left out slore!! I was going to give u a piece If my mind when I saw your ass,74506736,a promiscuous or contemptible woman; slut-whore blend,insult,casual_conversation,false,
slore,12294663262,2010-04-16,RT @pure_couture99: @Ms_Tia08 U nevr text me I felt left out slore!! I was going 2 giv u a piece If my mind when I saw yr ass&gt;girl please!,38262092,a promiscuous or contemptible woman; slut-whore blend,insult,casual_conversation,false,
slore,12294701171,2010-04-16,@bombrandomfly is a disrespectful lil slore bag. Oooooooo I'm throw fireballs her way right now lmao.,36287287,a promiscuous or contemptible woman; slut-whore blend,insult,humor,false,
slore,12294785905,2010-04-16,RT @nastynelz32: RT @HotKommodity05: Idgaf &lt;- stop tweetn #subliminally slore&gt;girl nobody thinkin bout u! That was a #tamanthathought,38262092,a promiscuous or contemptible woman; slut-whore blend,insult,casual_conversation,false,
slore,12294855233,2010-04-16,@MusicInMe1989 whatttt slore?,115852663,a promiscuous or contemptible woman; slut-whore blend,insult,casual_conversation,false,
slore,12295914957,2010-04-16,"@KMDawe Slore you know I love your comments, that make my happy! lol",56621483,a promiscuous or contemptible woman; slut-whore blend,insult,humor,false,
slore,12296205242,2010-04-16,"@KMDawe You know those dirty thoughts were there before you read her blog, you slore! @KStewDevotee",113725149,a promiscuous or contemptible woman; slut-whore blend,insult,casual_conversation,false,
slore,12296233517,2010-04-16,@RiemIsReal karriem! thats tuff. but aren't u included in that slore population? :) miss u wish i could com 2the koolout buti'll b in philly,116530165,a promiscuous or contemptible woman; slut-whore blend,insult,casual_conversation,false,
slore,12296323573,2010-04-16,"#FF @DarkSkinDivah My honey bun! Miss you, slore! lol",47804971,a promiscuous or contemptible woman; slut-whore blend,insult,casual_conversation,false,
slore,12824143349,2010-04-25,"damn i feel like a slore giving my number out idk Y , should i..",76517671,a promiscuous or contemptible woman; slut-whore blend,insult,criticism,false,
slore,12824444430,2010-04-25,@tinaacolada such a slore!,105897580,a promiscuous or contemptible woman; slut-whore blend,insult,casual_conversation,false,
slore,12824448590,2010-04-25,@MzSupermodel #wheniwenttoPanama i kissed 10 girls at 1 time..... Im such a Slore,34075716,a promiscuous or contemptible woman; slut-whore blend,insult,casual_conversation,false,
slore,12824547304,2010-04-25,IS CAPTAIN SAVE A SLORE!!!!,16696185,a promiscuous or contemptible woman; slut-whore blend,insult,criticism,false,
slore,12827146949,2010-04-25,@JLaPuma I could never figure out how the slore bartender became besties w/ Kristen last season. Or why it bothered me. Or why I cared.,15640698,a promiscuous or contemptible woman; slut-whore blend,insult,casual_conversation,false,
slore,12827865466,2010-04-25,RT @_beautifful: @ReciRich he's a meanie LOL glad I'm not broke or a stripper lls&lt;exactly or a slore LLS,32057168,a promiscuous or contemptible woman; slut-whore blend,insult,humor,false,
slore,12828058770,2010-04-25,@xoxoxana cute picture slore! & if im correct today is the 25th which means you'll be home in 3days the 28th? or am i wrong :|,92405549,a promiscuous or contemptible woman; slut-whore blend,insult,casual_conversation,false,
slore,12828337637,2010-04-25,"@georgey_girl I think we may need to be more careful what we talk about before I venture off to sleep, lol. Last night, I was a slore & at 1",44057629,a promiscuous or contemptible woman; slut-whore blend,insult,humor,false,
slore,12828522071,2010-04-25,Brandy's really a slore lol...where is ya pride mama?,55845121,a promiscuous or contemptible woman; slut-whore blend,insult,humor,false,
slore,12829688977,2010-04-25,Bro @iFollowYouNSHIT stop tripping. I beateth her cunt & @TheBlondVixxxen cunt. You better not wife that slore.,93268612,a promiscuous or contemptible woman; slut-whore blend,insult,casual_conversation,false,
slore,13102522334,2010-04-30,Wat a slore/groupie bitch RT @iHateKatStacks: Haha I went from @liltunechi & his young money crew to @ihategame & his black wallstreet crew,50608401,a promiscuous or contemptible woman; slut-whore blend,insult,casual_conversation,false,
slore,13102667117,2010-04-30,@AViator_Flexx lmaoooooooo naaaah ! my friends mad a dis track to some slore go on my facebook,62696330,a promiscuous or contemptible woman; slut-whore blend,insult,humor,false,
slore,13103215748,2010-04-30,"RT @JohnnysVacuum: I'm voting #realityWEIR because @JohnnyGWeir introduces fabulous new words like ""slore"" into our vocabulary!",65327274,a promiscuous or contemptible woman; slut-whore blend,insult,casual_conversation,false,
slore,13103387371,2010-04-30,"#LetsBeClear If ur gunkie name was ""SHOULDNA""...we dont kno u....Passionnete who? sorry we DONT kno u...ha!!!!!!!!....SLORE!",108655724,a promiscuous or contemptible woman; slut-whore blend,insult,criticism,false,
slore,13103603403,2010-04-30,"Whatever happened to being a ladyy?! Seems like being a lustin' ass slore or ""promiscuous"" is accepted smh.",68237068,a promiscuous or contemptible woman; slut-whore blend,insult,criticism,false,
slore,13103924102,2010-04-30,-der yo ass go wit da pinging slore :),51247914,a promiscuous or contemptible woman; slut-whore blend,insult,criticism,false,
slore,13103944422,2010-04-30,@Thumper_25 you copied my idea u slore. mine looked better. hmph.,21383658,a promiscuous or contemptible woman; slut-whore blend,insult,casual_conversation,false,
slore,13104093103,2010-04-30,"@HotMessMandy I MISS YOU, YOU SLORE.",24570601,a promiscuous or contemptible woman; slut-whore blend,insult,casual_conversation,false,
slore,13104944431,2010-04-30,"Slore, i tried. @sneakfetish: Put your titty up ho RT @qucci_qra: pulled a janet jackson on yo btch ass.. http://twitpic.com/1jiqmy",120827801,a promiscuous or contemptible woman; slut-whore blend,insult,article_sharing,false,
slore,13105314445,2010-04-30,@PharaJanae u r so NOT funny slore :-/,22533678,a promiscuous or contemptible woman; slut-whore blend,insult,casual_conversation,false,
slore,13738192277,2010-05-10,@Sho10 cover up them titties slore,15070230,a promiscuous or contemptible woman; slut-whore blend,insult,casual_conversation,false,
slore,13738319843,2010-05-10,I'm sitting outside the room where they having DARs fest and my advisor is in there. She's a slore.,18404003,a promiscuous or contemptible woman; slut-whore blend,insult,criticism,false,
slore,13738508126,2010-05-10,@MonsterSlore http://twitpic.com/1mqg7n - she looks like she needs a shower no offence slore. hhaa,112276832,a promiscuous or contemptible woman; slut-whore blend,insult,article_sharing,false,
slore,13738942487,2010-05-10,@MizKekeBaby you aint message me slore,39668595,a promiscuous or contemptible woman; slut-whore blend,insult,casual_conversation,false,
slore,13740126184,2010-05-10,@KMDawe @kmk_ shit I'm the only slore not reading it?? Fcku that!,83608172,a promiscuous or contemptible woman; slut-whore blend,insult,casual_conversation,false,
slore,13740582218,2010-05-10,"Aawww shoot! I been SLACKIN! Wat tha hekk is up wit cunt tail, trick tail, monkey tail, slore tail, smut tail @Choojimmy?! :)",34114776,a promiscuous or contemptible woman; slut-whore blend,insult,casual_conversation,false,
slore,13740921225,2010-05-10,@seven7000seven You lucky slore! lol Good afternoon!,113725149,a promiscuous or contemptible woman; slut-whore blend,insult,humor,false,
slore,13741031876,2010-05-10,@stine_88 ur a slore!,37108687,a promiscuous or contemptible woman; slut-whore blend,insult,casual_conversation,false,
slore,13741038395,2010-05-10,"#HoodMovieTitles instead of ""Shrek"", ""Slore"" (Slut + Whore) lmao",80852691,a promiscuous or contemptible woman; slut-whore blend,insult,humor,false,
slore,13741108609,2010-05-10,RT: @chefwaites I see my Twitter baby mamas amd my Twitter crushes... And my Twitter haters.. The gang is all here --&gt;&gt; ur suck a slore!!!,34075716,a promiscuous or contemptible woman; slut-whore blend,insult,casual_conversation,false,
slore,14199369338,2010-05-18,@HotKommodity05 u aint say that when u talked to me slore,42931779,a promiscuous or contemptible woman; slut-whore blend,insult,casual_conversation,false,
slore,14199376336,2010-05-18,U drink to cover up how much of a slore u are #subtweet can't blame everything on the goose,42464314,a promiscuous or contemptible woman; slut-whore blend,insult,criticism,false,
slore,14199654394,2010-05-18,Men please beware of the Gorgeous Slore of a Bitter B*tch u impregnate!That night cud ruin ur life in more thn 1way,31528791,a promiscuous or contemptible woman; slut-whore blend,insult,criticism,false,
slore,14199681335,2010-05-18,#stoptalkingabout how good your sex game is no one cares you slore,30909003,a promiscuous or contemptible woman; slut-whore blend,insult,criticism,false,
slore,14199698232,2010-05-18,@kaylakello i want to! you freakin slore...,70005780,a promiscuous or contemptible woman; slut-whore blend,insult,casual_conversation,false,
slore,14199760667,2010-05-18,RT @BrooksShanell: Men please beware of the Gorgeous Slore of a Bitter B*tch u impregnate!That night cud ruin ur life in more thn 1way,29083044,a promiscuous or contemptible woman; slut-whore blend,insult,casual_conversation,false,
slore,14199901505,2010-05-18,"RT @JoshyDC RT @Chugs07 She doesnt want you Danielle get thru ur head! #RHONJ // u slore, Danielle! // glad someone is on my side",54793225,a promiscuous or contemptible woman; slut-whore blend,insult,casual_conversation,false,
slore,14200115738,2010-05-18,@_jayBee_ answer ur phone slore,15221102,a promiscuous or contemptible woman; slut-whore blend,insult,casual_conversation,false,
slore,14200228059,2010-05-18,@FarRocksReese yess I think so that frikin slore I wanna smak her lol,76335635,a promiscuous or contemptible woman; slut-whore blend,insult,humor,false,
slore,14200341616,2010-05-18,"@cowapanda I HATE THAT RACCOON EYED, DIRTY HAIRED SLORE. SHE RUINED CHUCK AND BLAIR, SHE CANNOT BE FORGIVEN",18068115,a promiscuous or contemptible woman; slut-whore blend,insult,casual_conversation,false,
slore,14740200201,2010-05-26,"hoes playin games. they must be silly. they think they run shit. nah, they trippin really. cuz i do more & you just a lame slore.",49188836,a promiscuous or contemptible woman; slut-whore blend,insult,criticism,false,
slore,14740654097,2010-05-26,@kortez3 look at u calling me out...but i'm not a slore like u i claim my boo n him only #pow,121247964,a promiscuous or contemptible woman; slut-whore blend,insult,casual_conversation,false,
slore,14740693263,2010-05-26,RT @Ashthestarlet: @ChocolatteCharm your profile is hott too btw slore!!! Lmao&lt;&lt; it is a hawtt picture sis!,27984237,a promiscuous or contemptible woman; slut-whore blend,insult,humor,false,
slore,14740915737,2010-05-26,#doyouthink a nigga wanna wife you and nicki minaj is your role model. Barbie this barbie that. She looks like a slore! #yeahisaidit,71710350,a promiscuous or contemptible woman; slut-whore blend,insult,criticism,false,
slore,14741922320,2010-05-26,YU WOULD OF THOUGHT ! RT @EaTitFromTheBaK: @lil_misswaviie fronting ass slore,70803077,a promiscuous or contemptible woman; slut-whore blend,insult,casual_conversation,false,
slore,14742125554,2010-05-26,so many different ways 2say 1 word... ho... hoe... hoes...hoe's whore. slore. the English language... its amazin #GardenTool or #NastyPerson,19924333,a promiscuous or contemptible woman; slut-whore blend,insult,criticism,false,
slore,14742422606,2010-05-26,"HFBD 2 My BestFriendd Nijayy .. * @GorqeousDay_526 .. FUHCK iht^^ BaybeeGirl =* , SMFH dhis girl is my Heart & Oxigin &lt;3 * ilyyODIE slore !",37794785,a promiscuous or contemptible woman; slut-whore blend,insult,casual_conversation,false,
slore,14742470259,2010-05-26,im gunna woman up and confront the dicksuckin slore destry again . i jus hope i dnt catch her stds arguing with her :(,113510182,a promiscuous or contemptible woman; slut-whore blend,insult,criticism,false,
slore,14742768877,2010-05-26,#whotold this slore that she can com over my house.... get the fxck outta here.....,109476929,a promiscuous or contemptible woman; slut-whore blend,insult,criticism,false,
slore,14743585949,2010-05-26,Wat a frikkn SLORE?!?!..definition:..slut;whore!ahaahaha!,117612048,a promiscuous or contemptible woman; slut-whore blend,insult,criticism,false,
slore,15346936104,2010-06-03,RT @CityOfAUNJELs: @notime4PICTURES LMFAOOO!!! Shut up slore! take that ass to victorville HELL ▻ lmaooooo ! Ahaha stfu bitch,82118068,a promiscuous or contemptible woman; slut-whore blend,insult,humor,false,
slore,15347289058,2010-06-03,"@YungDock_SOE Nahh , thatt picc - wass a slore movee , thatss noo guu =x",51534991,a promiscuous or contemptible woman; slut-whore blend,insult,casual_conversation,false,
slore,15347869053,2010-06-03,RT @xxplicitang3L I bet my bad asss slore @LissaShanell gone party with me! ! You know it!!!,117972967,a promiscuous or contemptible woman; slut-whore blend,insult,casual_conversation,false,
slore,15348214919,2010-06-03,And here is the CUNT who stole our stuff. Lookin all pitiful. dumb slore!  http://twitpic.com/1tmdaa,33900342,a promiscuous or contemptible woman; slut-whore blend,insult,article_sharing,false,
slore,15348285887,2010-06-03,ahahahahahah!!! rt:@SexyNthe_City And here is the CUNT who stole our stuff. Lookin all pitiful. dumb slore! http://twitpic.com/1tmdaa,58508517,a promiscuous or contemptible woman; slut-whore blend,insult,humor,false,
slore,15348673264,2010-06-03,"you be making it rain , i be making it pour . you can be my american #slore .",35039265,a promiscuous or contemptible woman; slut-whore blend,insult,criticism,false,
slore,15348750281,2010-06-03,@TheRealTini Unfollow me then slore,99915748,a promiscuous or contemptible woman; slut-whore blend,insult,casual_conversation,false,
slore,15348823275,2010-06-03,@LiVeFeRociously Deep fried butter and Peas based in High Fructose Corn syrup does not constitute as a developed palate! #TryAgain #Slore!,24569705,a promiscuous or contemptible woman; slut-whore blend,insult,casual_conversation,false,
slore,15349398956,2010-06-03,RT @DionnieArione: I can't believe this slore (slut whore) backdoored me with her fake phony ratty ratchet (cont) http://tl.gd/1lhf84,34513960,a promiscuous or contemptible woman; slut-whore blend,insult,article_sharing,false,
slore,15349656618,2010-06-03,@DrGatewood i figured that slore @MarkDC @thecortez,54793225,a promiscuous or contemptible woman; slut-whore blend,insult,casual_conversation,false,
slore,15959892950,2010-06-11,A lucky slore! RT @PeroniGrlSteph: @TooDelicious aint she lucky! i always look like a dork in my pics with  D!  @peronigrlsalina is a SLORE!,26413606,a promiscuous or contemptible woman; slut-whore blend,insult,casual_conversation,false,
slore,15960100309,2010-06-11,Ho's these days always got shit going in n coming out they effing mouth dirty slore #shutyamouth bcuz u can't back it up its pretty obvious!,119318830,a promiscuous or contemptible woman; slut-whore blend,insult,criticism,false,
slore,15960309958,2010-06-11,Slore my lunch need not 2 4get RT @AyooNishZaddy: my check looks sooo sessy (; taking my boyfriend out but not tonight .,58133347,a promiscuous or contemptible woman; slut-whore blend,insult,casual_conversation,false,
slore,15960407534,2010-06-11,"@DanniaElizabeth. Sorry for not telling you, I though you knew lol I have a pic of us on myspace lol love you slore!",27337666,a promiscuous or contemptible woman; slut-whore blend,insult,humor,false,
slore,15960890907,2010-06-11,"Fuck Yu; Yur Moms is A Slore,, Yu Could Suck the Tip, Yur moms Could Eat it Real Quick &Then Yah Share & Enjoy Mah Nut Like Sunday Dinner",95508157,a promiscuous or contemptible woman; slut-whore blend,insult,criticism,false,
slore,15961288971,2010-06-11,@Lexie_Legz &lt;---MIA ASS SLORE....BUT I MISS YOU LIKE HELL! LOL,32767900,a promiscuous or contemptible woman; slut-whore blend,insult,humor,false,
slore,15961679949,2010-06-11,RT @DEMIE_LEE: @PufDaddy_Brendo just became a Grade A #slore lol   http://tweetphoto.com/26737784 &lt;- lmao Demitrus you're hilarious,54532010,a promiscuous or contemptible woman; slut-whore blend,insult,humor,false,
slore,15961821123,2010-06-11,RT @BeddaThanYaEx #FF My Skool Boo @DatGuyKenny Even Tho He A Slore Lmao --&gt; Smh . Lmao,43400490,a promiscuous or contemptible woman; slut-whore blend,insult,casual_conversation,false,
slore,15961928042,2010-06-11,"@sammybangz heeeyyy SLORE dats my wrd, but we on sum cruisin shit..",32075952,a promiscuous or contemptible woman; slut-whore blend,insult,casual_conversation,false,
slore,15962053678,2010-06-11,"@SpruceMontanah Smdh, aint that bouta Slore...",42754623,a promiscuous or contemptible woman; slut-whore blend,insult,casual_conversation,false,
slore,16257912753,2010-06-15,RT @LiveYungStud: but if i beat 2 fast i call ha slore « OH REALLY!!!,25967375,a promiscuous or contemptible woman; slut-whore blend,insult,casual_conversation,false,
slore,16258067272,2010-06-15,Where the hell has my cousin @BUXOM_C been?! You slore!!,42735165,a promiscuous or contemptible woman; slut-whore blend,insult,casual_conversation,false,
slore,16259494403,2010-06-15,@Gizelle_Digario I already told you whts wrong slore!!!!!!!!,29760490,a promiscuous or contemptible woman; slut-whore blend,insult,casual_conversation,false,
slore,16259683715,2010-06-15,Plz tell me you'll b @ bar a tonight? Goin 4 the 1st time!! RT @shaun_williams: throwin some shit in a bag and headin to the jersey slore...,121607031,a promiscuous or contemptible woman; slut-whore blend,insult,casual_conversation,false,
slore,16259703737,2010-06-15,@aidenj89 slore.,77924898,a promiscuous or contemptible woman; slut-whore blend,insult,casual_conversation,false,
slore,16260173983,2010-06-15,@imcaramelnotred What slore amber lol!!! i already knw wut type of person u think that vcut belongs to too! haha,103504813,a promiscuous or contemptible woman; slut-whore blend,insult,humor,false,
slore,16260704619,2010-06-15,Twitta Suck Ma Dick I'm Off This With The Lil Ryda's So Blew Off Slore's,106853080,a promiscuous or contemptible woman; slut-whore blend,insult,criticism,false,
slore,16261545813,2010-06-15,"@_pinkvixennn lol oh yeah *cough , slore *",61974651,a promiscuous or contemptible woman; slut-whore blend,insult,humor,false,
slore,16261974153,2010-06-15,u can be his american SLORE. . . #LOL,66393672,a promiscuous or contemptible woman; slut-whore blend,insult,humor,false,
slore,16263392722,2010-06-15,@vanillaspicex0 lollll. Well they broke up alreaaaady. I am not a slore!,32450859,a promiscuous or contemptible woman; slut-whore blend,insult,humor,false,
slore,17406754689,2010-06-30,@sayyBEE lol slore ? And I'm gettin ready fer summer. school so hush,83696605,a promiscuous or contemptible woman; slut-whore blend,insult,humor,false,
slore,17407174550,2010-06-30,"""SLORE!..ahahha...LOLS!""",142322207,a promiscuous or contemptible woman; slut-whore blend,insult,humor,false,
slore,17408361725,2010-06-30,RT @ms_jamie25: I hope I didn't just break my coffee table #twitterafterdark KINKY FREAKY SLORE,26740630,a promiscuous or contemptible woman; slut-whore blend,insult,casual_conversation,false,
slore,17409516879,2010-06-30,My new favourite word is Slore!,23699614,a promiscuous or contemptible woman; slut-whore blend,insult,criticism,false,
slore,17410038775,2010-06-30,@kstewfangirl morning slore!,113725149,a promiscuous or contemptible woman; slut-whore blend,insult,casual_conversation,false,
slore,17410634641,2010-06-30,RT @libertyharlow: My new favourite word is Slore! WTF??,23710265,a promiscuous or contemptible woman; slut-whore blend,insult,casual_conversation,false,
slore,17410786537,2010-06-30,RT  @ReidMyLipz Bella's a fuckin slore! I hate her	&lt;==== That's what Jess said!! Well actually what she yelled during the film O_O,44280376,a promiscuous or contemptible woman; slut-whore blend,insult,casual_conversation,false,
slore,17411842662,2010-06-30,I need someone to do Bre's hair. Sister put it off so she can go boo love #slore,65982514,a promiscuous or contemptible woman; slut-whore blend,insult,criticism,false,
slore,17412314801,2010-06-30,RT @Barbie_Bentonn: breakfast & meeting up with #oneofmyfollowers &lt;--- #Slore lol,29249299,a promiscuous or contemptible woman; slut-whore blend,insult,humor,false,
slore,17412739539,2010-06-30,"@T_Money22 fair enough. But I do hope your other reasons revolved around a favorable combo of food, liquor, money and a willing slore or 2",29029342,a promiscuous or contemptible woman; slut-whore blend,insult,casual_conversation,false,
slore,18436114762,2010-07-13,@Nisha_N omg guess who just walked in.....it begins with V and it's a complete slore,28842241,a promiscuous or contemptible woman; slut-whore blend,insult,casual_conversation,false,
slore,18436387001,2010-07-13,@_PleaseDisperse not itz even funnier if u kalled her a slore,165639212,a promiscuous or contemptible woman; slut-whore blend,insult,casual_conversation,false,
slore,18437073140,2010-07-13,#5WordsBeforeSex so you gone walk here ? *wasnt gone pick a slore up*,73822201,a promiscuous or contemptible woman; slut-whore blend,insult,criticism,false,
slore,18437300951,2010-07-13,@JKCS_84 @cOmplexijetter work is not an excuse slore,72583340,a promiscuous or contemptible woman; slut-whore blend,insult,casual_conversation,false,
slore,18437318619,2010-07-13,My teacher was dead trynna make it seem like I'm dressed like a slore.. Gotta turn the sexy down for her,47513251,a promiscuous or contemptible woman; slut-whore blend,insult,criticism,false,
slore,18437395708,2010-07-13,Ugh ok RT @T3RON: @JKCS_84 @cOmplexijetter work is not an excuse slore,94249543,a promiscuous or contemptible woman; slut-whore blend,insult,casual_conversation,false,
slore,18438162708,2010-07-13,RT @T3RON: @JKCS_84 @cOmplexijetter work is not an excuse slore« this is it,80111006,a promiscuous or contemptible woman; slut-whore blend,insult,casual_conversation,false,
slore,18438265419,2010-07-13,"@jjjuliebee @DiamondHeart78 Yep, E/B...it's funny and well written and I'm not just saying that b/c DH is my slore.  ;)  You'll love it.",154692359,a promiscuous or contemptible woman; slut-whore blend,insult,casual_conversation,false,
slore,18438435773,2010-07-13,@T3RON @JKCS_84 I told u don't help that slore,80111006,a promiscuous or contemptible woman; slut-whore blend,insult,casual_conversation,false,
slore,18438593995,2010-07-13,@Skeene1908 Bahaha I wish your friend could have done that to the slore I lived with my last yr in the dorms....,36283363,a promiscuous or contemptible woman; slut-whore blend,insult,casual_conversation,false,
slore,18726586683,2010-07-17,RT @iHateKatStacks uGH everytime i get drunk I feel like eating Mcdonalds___NAH YU WANNA EAT SUM DICK #SLORE,103714271,a promiscuous or contemptible woman; slut-whore blend,insult,casual_conversation,false,
slore,18726903723,2010-07-17,@LaReinaRC oh shut up slore.. ha,137066926,a promiscuous or contemptible woman; slut-whore blend,insult,casual_conversation,false,
slore,18727334032,2010-07-17,@conzwithlove look @ ur txt slore!,145289643,a promiscuous or contemptible woman; slut-whore blend,insult,casual_conversation,false,
slore,18727752735,2010-07-17,"@quietruby Slores.. ha! You're really the only slore I talk to, from MotU anway. Oh and @brooke_puglise too. Is she a slore??? :)",109848880,a promiscuous or contemptible woman; slut-whore blend,insult,casual_conversation,false,
slore,18727868002,2010-07-17,@Jen_328 i'm not sure if @brooke_puglise is a slore. her ficmom @jaustenlover is.,71020245,a promiscuous or contemptible woman; slut-whore blend,insult,casual_conversation,false,
slore,18728337424,2010-07-17,@x_breshonnn dont tell me when to take my nap yu SLORE!!,58574173,a promiscuous or contemptible woman; slut-whore blend,insult,casual_conversation,false,
slore,18729379466,2010-07-17,The i pad is legit (: @itslorenahx33 is a slore,63604872,a promiscuous or contemptible woman; slut-whore blend,insult,casual_conversation,false,
slore,18729383858,2010-07-17,lolll I have on booty shorts.... damn I am not a Twitter Slore lollll @loray14 @carmeninity,166061308,a promiscuous or contemptible woman; slut-whore blend,insult,humor,false,
slore,18729508804,2010-07-17,@FOXELINAJOLIE ok you think so? I'm about to prove you wrong cause I definitely was about to ask you a question you slore,62738620,a promiscuous or contemptible woman; slut-whore blend,insult,casual_conversation,false,
slore,18730209939,2010-07-17,#idgt for dis SLORE #subtweet,43464376,a promiscuous or contemptible woman; slut-whore blend,insult,criticism,false,
slore,19058849682,2010-07-21,@ImCrazy_ButReal now @don_dollaloc gotta 2 inch effect dick but just last week wen i was on da fone with u! u sed hey aint fuck! layin slore,36005309,a promiscuous or contemptible woman; slut-whore blend,insult,casual_conversation,false,
slore,19059091574,2010-07-21,Slore,62910907,a promiscuous or contemptible woman; slut-whore blend,insult,criticism,false,
slore,19059225730,2010-07-21,@ImCrazy_ButReal u broke! Who u bringing 4 me? U gon suck dick 4 ah shooter? I got shooters u cud polish! If u ah shooter #RT i gotta slore,36005309,a promiscuous or contemptible woman; slut-whore blend,insult,casual_conversation,false,
slore,19059733344,2010-07-21,@LUxUrY_TAx_dayO ah nigga like u was kissin ah slore in da trap! N aint let nigga hit! Some cuffin ass nigga!,36005309,a promiscuous or contemptible woman; slut-whore blend,insult,casual_conversation,false,
slore,19059744026,2010-07-21,I'm watching this sex talk movie o_o ..smuts smuts slores. Slore Galore. Lol kmt,99589398,a promiscuous or contemptible woman; slut-whore blend,insult,humor,false,
slore,19059807015,2010-07-21,I wanna be a married slore... Hahaha,123417262,a promiscuous or contemptible woman; slut-whore blend,insult,criticism,false,
slore,19059906881,2010-07-21,"0_O @josette_collins 
  
I wanna be a married slore... Hahaha",19765271,a promiscuous or contemptible woman; slut-whore blend,insult,casual_conversation,false,
slore,19060028025,2010-07-21,"It's from kourtney&khloe take Miami haha chill :) “@ProjectSix: 0_O @josette_collins 
  
I wanna be a married slore... Hahaha”",123417262,a promiscuous or contemptible woman; slut-whore blend,insult,casual_conversation,false,
slore,19062280878,2010-07-21,@PATTYday_AUG23 Thanks Slore :-),87277997,a promiscuous or contemptible woman; slut-whore blend,insult,casual_conversation,false,
slore,19063193200,2010-07-21,@oneproduktion Shut ur SLORE FACE,97335388,a promiscuous or contemptible woman; slut-whore blend,insult,casual_conversation,false,
slore,19891495295,2010-07-30,"#IGetSoMadWhen I see good lookin girl who's a HOE,Whore,Rat,Rachett, Slore,Slut, Tramp, Trick,Runner yeah any of those. They allll bad",49859918,a promiscuous or contemptible woman; slut-whore blend,insult,criticism,false,
slore,19891971458,2010-07-30,"Thank you, u slore bag! I'm your age now! Yee! (; RT @JulianEvans_ HAPPY BDAY to my BFF @_LyssamarE !!! :) ILY hoe till the end!!",167895919,a promiscuous or contemptible woman; slut-whore blend,insult,casual_conversation,false,
slore,19892764727,2010-07-30,"@Kevin_La Fine then you slore, just go to bed lame sauce.",70906122,a promiscuous or contemptible woman; slut-whore blend,insult,casual_conversation,false,
slore,19892801078,2010-07-30,@withlovekathy slore?,37846522,a promiscuous or contemptible woman; slut-whore blend,insult,casual_conversation,false,
slore,19892924351,2010-07-30,@withlovekathy wtf is a slore?,37846522,a promiscuous or contemptible woman; slut-whore blend,insult,casual_conversation,false,
slore,19893262066,2010-07-30,"@Kevin_La haha, i'll explain to you what a slore is when you take me to the movies! thee ya go.",70906122,a promiscuous or contemptible woman; slut-whore blend,insult,casual_conversation,false,
slore,19893298189,2010-07-30,@withlovekathy guess ill never know what a slore is then,37846522,a promiscuous or contemptible woman; slut-whore blend,insult,casual_conversation,false,
slore,19894339720,2010-07-30,@MuyMalaaa man Stfu slore,71763189,a promiscuous or contemptible woman; slut-whore blend,insult,casual_conversation,false,
slore,19895255594,2010-07-30,sleep.snooze.slumber.SLORE.zzz,48121423,a promiscuous or contemptible woman; slut-whore blend,insult,criticism,false,
slore,19896263037,2010-07-30,Phone with this slore till I sleeeeep,55087202,a promiscuous or contemptible woman; slut-whore blend,insult,criticism,false,
slore,23120822498,2010-09-06,@infamousbME u got some white ass chiclet teeth lol niceeee! And I see that dimple u slore!,83461869,a promiscuous or contemptible woman; slut-whore blend,insult,humor,false,
slore,23121972122,2010-09-06,@dazed_elegance if u was still at #JWU u could've came slore,35854374,a promiscuous or contemptible woman; slut-whore blend,insult,casual_conversation,false,
slore,23122681102,2010-09-06,Fake bitches hater bitches slore bitches all hatin'.,128789448,a promiscuous or contemptible woman; slut-whore blend,insult,criticism,false,
slore,23122986763,2010-09-06,@ladychacha19 Im sorry slore we gonna do somethin this weekend,26127699,a promiscuous or contemptible woman; slut-whore blend,insult,casual_conversation,false,
slore,23123472694,2010-09-06,My ubers being a slore,31344247,a promiscuous or contemptible woman; slut-whore blend,insult,criticism,false,
slore,23124749992,2010-09-06,@truprettyblack except for the national slore song!,114550022,a promiscuous or contemptible woman; slut-whore blend,insult,casual_conversation,false,
slore,23124763632,2010-09-06,@fanny_luu is a slore,76274582,a promiscuous or contemptible woman; slut-whore blend,insult,casual_conversation,false,
slore,23124835824,2010-09-06,RT @MsLGG: @truprettyblack except for the national slore song!&lt;Which one? I'm doing me?,145768003,a promiscuous or contemptible woman; slut-whore blend,insult,casual_conversation,false,
slore,23125300955,2010-09-06,@KrystalBee of course he is... slore,22558890,a promiscuous or contemptible woman; slut-whore blend,insult,casual_conversation,false,
slore,23125739967,2010-09-06,@DJNeef slore!,108070808,a promiscuous or contemptible woman; slut-whore blend,insult,casual_conversation,false,
slore,25826153531,2010-09-28,Unfollowed that slore I feel.accomplished,77053949,a promiscuous or contemptible woman; slut-whore blend,insult,criticism,false,
slore,25826284920,2010-09-28,#SignsShesaHoe she talking 2 another nigga on da phone while chilling wit you....#slore...,109706619,a promiscuous or contemptible woman; slut-whore blend,insult,criticism,false,
slore,25826397900,2010-09-28,@ZONEFIED SLORE?? WOW DUM DUM,157897553,a promiscuous or contemptible woman; slut-whore blend,insult,casual_conversation,false,
slore,25826572448,2010-09-28,#oneofmyfollowers is a #slore lmao #justsayyn,155723818,a promiscuous or contemptible woman; slut-whore blend,insult,humor,false,
slore,25826942755,2010-09-28,RT @LaBellaRece: RT @ChamiiMAC: You married? RT @SWgoat: I swear I need to treat my wife better!&lt;he's a slore dont mind him- I see! Lol,110929633,a promiscuous or contemptible woman; slut-whore blend,insult,humor,false,
slore,25826945119,2010-09-28,@viva_diva_life i'm gonna kick your ass for trying me on fb slore...everybody know you a stud..don't play!,24720318,a promiscuous or contemptible woman; slut-whore blend,insult,casual_conversation,false,
slore,25827534961,2010-09-28,Groupie ass slore. Get off her glorious clit lol RT @Ima_Writer: Hey @Ima_Fanatic where'd you find (cont) http://tl.gd/68eib1,57348694,a promiscuous or contemptible woman; slut-whore blend,insult,humor,false,
slore,25827832943,2010-09-28,Slut and a whore = a slore,17375751,a promiscuous or contemptible woman; slut-whore blend,insult,criticism,false,
slore,25828831231,2010-09-28,@xoxoJazmyne THATS by my damn house n u aint invite u stanky slore,23723384,a promiscuous or contemptible woman; slut-whore blend,insult,casual_conversation,false,
slore,25829226867,2010-09-28,@SexyLipsMarie ..LOL..Tell Me Why DARUBA Called Me.! AND WHY DIDNT YOU CALL SLORE.!,127656613,a promiscuous or contemptible woman; slut-whore blend,insult,humor,false,
slore,26255260343,2010-10-03,"yo momma said she like the way my daddy flow but little did u know that she used to be my hoe. hoe for more not a slut, but a slore",26253730,a promiscuous or contemptible woman; slut-whore blend,insult,criticism,false,
slore,26257120643,2010-10-03,“@ellllamay: Lmfao ahahahahahahahaha”--take your drunk ass to bed slore,31192458,a promiscuous or contemptible woman; slut-whore blend,insult,humor,false,
slore,26265046168,2010-10-03,@SydElaine you are a slore...,134658653,a promiscuous or contemptible woman; slut-whore blend,insult,casual_conversation,false,
slore,26267163416,2010-10-03,RT @Stra8Cash_Nov14: RT @Ciroc_boyy_Rell: lauren london pregnant by Trey songz  0_o - If Dats True She's A Slore Factssss - SHE is NOT !!,83169848,a promiscuous or contemptible woman; slut-whore blend,insult,casual_conversation,false,
slore,26268389032,2010-10-03,why do I always wake up without a voice? must be a voice snatching fairy who comes when I sleep. slore.,82780090,a promiscuous or contemptible woman; slut-whore blend,insult,criticism,false,
slore,26269162242,2010-10-03,Fukkin slore,47175039,a promiscuous or contemptible woman; slut-whore blend,insult,criticism,false,
slore,26269594967,2010-10-03,@Elle_B25 hey slore what r u doing??,22122322,a promiscuous or contemptible woman; slut-whore blend,insult,casual_conversation,false,
slore,26271086214,2010-10-03,People follow @dutchlingv2 because @dutchling has been put in jail for being the biggest slore alive on twatter,161313880,a promiscuous or contemptible woman; slut-whore blend,insult,casual_conversation,false,
slore,26271508372,2010-10-03,@oranje_sky Feyenoord drew again and she was basically being a big slore all night,161313880,a promiscuous or contemptible woman; slut-whore blend,insult,casual_conversation,false,
slore,26272491278,2010-10-03,RT @laryhis: Everyone is a slore nowadays!!!! #WTF,168203004,a promiscuous or contemptible woman; slut-whore blend,insult,casual_conversation,false,
slore,28372448893,2010-10-22,@JoeFreshgoods slore & straggs,92594028,a promiscuous or contemptible woman; slut-whore blend,insult,casual_conversation,false,
slore,28372611345,2010-10-22,@HoodStarChantz  turn around slore,29629480,a promiscuous or contemptible woman; slut-whore blend,insult,casual_conversation,false,
slore,28372623100,2010-10-22,@DollfaceMeme You're welcome. . . .Slore.,84505277,a promiscuous or contemptible woman; slut-whore blend,insult,casual_conversation,false,
slore,28372655381,2010-10-22,@vanitysnob they're just intimidated by ur slore-ocity..u have to reel 'em in w/innocence then chop 'em in the neck w/the slut...ninja style,118511055,a promiscuous or contemptible woman; slut-whore blend,insult,casual_conversation,false,
slore,28373538491,2010-10-22,RT @TheCreoleBeauty @HoodStarChantz turn around slore &lt;--slore lookin ass! Lol,24058881,a promiscuous or contemptible woman; slut-whore blend,insult,humor,false,
slore,28373619638,2010-10-22,RT @HoodStarChantz RT @TheCreoleBeauty @HoodStarChantz turn around slore &lt;--slore lookin ass! Lol --haha,29629480,a promiscuous or contemptible woman; slut-whore blend,insult,humor,false,
slore,28373702860,2010-10-22,Ok so I brought some pink eyeliner....I sorta kinda like it in a slore whore bucket kinda way. Lol Imma twitpix it tell me what chu think,40565781,a promiscuous or contemptible woman; slut-whore blend,insult,humor,false,
slore,28373704080,2010-10-22,i love you moree slore :) RT @SarahCorin @faiithohanu happy birthday bby . ily lotttaa ! : ),148902468,a promiscuous or contemptible woman; slut-whore blend,insult,casual_conversation,false,
slore,28374296989,2010-10-22,"LOL, just now discovering it? RT @BrendaLuu: My new word: ""Slore"" (Slut+Whore).",159027104,a promiscuous or contemptible woman; slut-whore blend,insult,humor,false,
slore,28374325617,2010-10-22,"oh mike agreed that summer was a ""slore bitch"" @Jen_Bunny10 lol",110233299,a promiscuous or contemptible woman; slut-whore blend,insult,humor,false,
slore,29375896254,2010-11-01,@CordyQ45 Just posted those slore lol,38817786,a promiscuous or contemptible woman; slut-whore blend,insult,humor,false,
slore,29376080154,2010-11-01,Yup I can not wait just me and my babeeee hehe and @ForeverHER_  already have a date @J_Snowy she a slore!!,23365458,a promiscuous or contemptible woman; slut-whore blend,insult,casual_conversation,false,
slore,29376564998,2010-11-01,Lmao u stupid RT @CoutureDiva_V: Yup I can not wait just me and my babeeee hehe and @ForeverHER_  already have a date @J_Snowy she a slore!!,149161366,a promiscuous or contemptible woman; slut-whore blend,insult,humor,false,
slore,29378627593,2010-11-01,If a female likes giving head....does that make her a slore? lol,71577399,a promiscuous or contemptible woman; slut-whore blend,insult,humor,false,
slore,29378707333,2010-11-01,nah...just makes her a highly sexual freak lol &gt; @iSlappedYoBitch: If a female likes giving head....does that make her a slore? lol,31717619,a promiscuous or contemptible woman; slut-whore blend,insult,humor,false,
slore,29379075202,2010-11-01,RT @appl3ofureye: I hope not :\ RT iSlappedYoBitch If a female likes giving head....does that make her a slore? lol &lt;- me too :/ lmao,71577399,a promiscuous or contemptible woman; slut-whore blend,insult,humor,false,
slore,29379180915,2010-11-01,RT @iSlappedYoBitch: If a female likes giving head....does that make her a slore? lol --def not,36185537,a promiscuous or contemptible woman; slut-whore blend,insult,humor,false,
slore,29379246123,2010-11-01,"man i dont even say slore no more, eyybody on twitter be wearin dat shit out now &gt;.&gt; used to be my favorite word...fukk yall",185403654,a promiscuous or contemptible woman; slut-whore blend,insult,criticism,false,
slore,29379879260,2010-11-01,I can guarantee @missmeredith_ acted like a slore this weekend.,43617192,a promiscuous or contemptible woman; slut-whore blend,insult,casual_conversation,false,
slore,29380876111,2010-11-01,I really wanna eat my sucker but I dont want people to think i'm a slore.,21164149,a promiscuous or contemptible woman; slut-whore blend,insult,criticism,false,
slore,29544493434,2010-11-03,Fucckkkkkkkk Yooouuuuuuu! Atleast i got that tight tight! You loose SLORE!! Lol RT @MiSz_DoMinAtRix: Virgin... smirgin! lol,143994152,a promiscuous or contemptible woman; slut-whore blend,insult,humor,false,
slore,29545963058,2010-11-03,@AaudreeJ you're a slore go to bed you stink.,64958446,a promiscuous or contemptible woman; slut-whore blend,insult,casual_conversation,false,
slore,29546552423,2010-11-03,@corriee no way! nothing worse than an ugly slore.,13894352,a promiscuous or contemptible woman; slut-whore blend,insult,casual_conversation,false,
slore,29546561435,2010-11-03,@mrbenjaminlaw SLORE. Did you ogle him? Like a slore?,202987999,a promiscuous or contemptible woman; slut-whore blend,insult,casual_conversation,false,
slore,29547259530,2010-11-03,#hopehecheatonyou with a slore with no condom on,115543219,a promiscuous or contemptible woman; slut-whore blend,insult,criticism,false,
slore,29550160734,2010-11-03,"OMG,Trish ex-Cyrus is such a slore. Guess the saying is true:""Like Mother Like Daughter"" or is it the other way around Miley?",202664006,a promiscuous or contemptible woman; slut-whore blend,insult,criticism,false,
slore,29550379196,2010-11-03,@Loyalty_IAm Is being a slore! #SMH lmao Love ya girlie,98750401,a promiscuous or contemptible woman; slut-whore blend,insult,humor,false,
slore,29550980601,2010-11-03,Happy burfdae @gen_therese u little sexy slore u!!!! Luhhh ya girl!!!!,44094523,a promiscuous or contemptible woman; slut-whore blend,insult,casual_conversation,false,
slore,29552849443,2010-11-03,@lyannle drama slore! Hmmph save me,40418970,a promiscuous or contemptible woman; slut-whore blend,insult,casual_conversation,false,
slore,29553055943,2010-11-03,@QDub_21; eff dat nasty slore!!,67051180,a promiscuous or contemptible woman; slut-whore blend,insult,casual_conversation,false,
slore,1537429928419328,2010-11-08,@Deejstevo I hate u fuckin slore.,96407751,a promiscuous or contemptible woman; slut-whore blend,insult,casual_conversation,false,
slore,1537895517134848,2010-11-08,RT @ImDaddy_Pumps: @Deejstevo I hate u fuckin slore.-Thats why you my ex BF cuz you really dnt know me u fuck face zebra,189729536,a promiscuous or contemptible woman; slut-whore blend,insult,casual_conversation,false,
slore,1538835674562560,2010-11-08,RT @punkystarfish21: #ThingsTumiWouldSay Wow that @punkystarfish21 is a slore face but I dig her @tumimalatsi,45538405,a promiscuous or contemptible woman; slut-whore blend,insult,casual_conversation,false,
slore,1544488363233280,2010-11-08,@BiggMann6IAM SLORE!! How could u?!,14818715,a promiscuous or contemptible woman; slut-whore blend,insult,casual_conversation,false,
slore,1545693701345280,2010-11-08,@DoSumthnBit_ch smh... that last tweet made it seem like I'm a slore fix that ish...,30790750,a promiscuous or contemptible woman; slut-whore blend,insult,casual_conversation,false,
slore,1546258896392192,2010-11-08,Yep!! RT@GuyAnthonyxo: Ever met a nigga that you reeeeaaallllly like but knew it wouldn't work out because the muthafucka is a slore?!,27564647,a promiscuous or contemptible woman; slut-whore blend,insult,casual_conversation,false,
slore,1600526047252481,2010-11-08,@davide_310 hey slore! How you been? Catch an STD yet? &lt;3,30952699,a promiscuous or contemptible woman; slut-whore blend,insult,casual_conversation,false,
slore,1614509106012160,2010-11-08,Nasty slore TMI lol :-) RT @Miisz4eva: #RandomFACT - I pee for dumb long every time I wake up!! *shy giggles* I feel relieved lmao!,29520636,a promiscuous or contemptible woman; slut-whore blend,insult,humor,false,
slore,1623851817500672,2010-11-08,I also had a dream that someone stole my phone and started tweeting the most outlandish things and you a thought I was a total #slore lol,21273083,a promiscuous or contemptible woman; slut-whore blend,insult,humor,false,
slore,1625537764134913,2010-11-08,iheard a new word lol .. meektionary: slore - slut mixed with a whore / sentence - your mother is a slore !,60339304,a promiscuous or contemptible woman; slut-whore blend,insult,humor,false,
slore,8432320419725312,2010-11-27,"RT @JayOLOGY_: Text: I'm horny, where you at?! My response:.........the FUCK?!&gt;&gt;U know u ran over there slore!",28288358,a promiscuous or contemptible woman; slut-whore blend,insult,casual_conversation,false,
slore,8434141355835392,2010-11-27,@MinnieMacppe I stay rashn' dat slore,188129774,a promiscuous or contemptible woman; slut-whore blend,insult,casual_conversation,false,
slore,8439387234766848,2010-11-27,i'm a slore ;O,154972130,a promiscuous or contemptible woman; slut-whore blend,insult,criticism,false,
slore,8444098688057344,2010-11-27,Slore!,25774077,a promiscuous or contemptible woman; slut-whore blend,insult,criticism,false,
slore,8450699046162432,2010-11-27,@Beautifuldoll09 You slore. LOL. How long ago did he and I date?! Have a seat. Lol. I don't miss people... :P,68004188,a promiscuous or contemptible woman; slut-whore blend,insult,humor,false,
slore,8454405506469888,2010-11-27,"#makesmesick girls who take naked photos and say ""respect me"" boooo stfu you hypocritical slore",176417224,a promiscuous or contemptible woman; slut-whore blend,insult,criticism,false,
slore,8456607495098368,2010-11-27,@LustMEiim_LoopY Lol!!!!!!!! Yea that was Real epic lol!!! u turned her into the biggest slore lol!!!,165897042,a promiscuous or contemptible woman; slut-whore blend,insult,humor,false,
slore,8462671032614912,2010-11-27,@SweettPee Hmm. i understand i would be pissed off at any #slore who would like try getting at my bf knowing that im with him. #disrespect,199128856,a promiscuous or contemptible woman; slut-whore blend,insult,casual_conversation,false,
slore,8504416118247424,2010-11-27,So if Trey will do my suggestion Vonni will be his chocolate bitch Meg will be the milk heffa and I'm gonna be the caramel SLORE :),33153182,a promiscuous or contemptible woman; slut-whore blend,insult,criticism,false,
slore,8512048774258690,2010-11-27,@laculpa4 Its Monday Slore ; Not 2day ! LOl .,62597407,a promiscuous or contemptible woman; slut-whore blend,insult,humor,false,
snitch,7541442368,2010-01-09,Yo I fuck with yall niggas but yall keep putting this snitch nigga in my timeline..I'm unfollowingb yall but its still love,22282991,an informer; someone who tells on or betrays others,insult,commenting,false,
snitch,7541619342,2010-01-09,"""if a serial killer was staying next to me, i wouldnt snitch, but i'd probably move""",72926363,an informer; someone who tells on or betrays others,insult,criticism,false,
snitch,7541780672,2010-01-09,#youwerecooluntil you snitch own me. #wherestheloyalty,75084708,an informer; someone who tells on or betrays others,insult,commenting,false,
snitch,7541810985,2010-01-09,Its got me paranoid. Would my GPS snitch on me if I'm speeding cuz it definitely tells me when the cops are clocking.,25031733,an informer; someone who tells on or betrays others,insult,criticism,false,
snitch,7541892135,2010-01-09,@JSnow7 tell her wat? snitch..lol,90838527,an informer; someone who tells on or betrays others,insult,casual_conversation,false,
snitch,7542157714,2010-01-09,#youwerecooluntil u snitch bcuz dey offered u sum KFC chicken,33245564,an informer; someone who tells on or betrays others,insult,criticism,false,
snitch,7542475621,2010-01-09,So they snitch on blogs? RT @mikewaxx: interesting concept http://offthetrax.com/,35892345,an informer; someone who tells on or betrays others,insult,article_sharing,false,
snitch,7542553750,2010-01-09,RT @TheMad_HaTTer84 @IN4RED n don't be givin out mah locale kid! LOL( neva!!! I don't dry snitch!!! Member that!!!,90812264,an informer; someone who tells on or betrays others,insult,commenting,false,
snitch,7542598265,2010-01-09,@D_Rashon haaaaaaaa demet!!! i just screamed aloud omggg! that was one 4 the books omg ahah. wanny is a snitch & marv wont gonna do nada LOL,18586306,an informer; someone who tells on or betrays others,insult,casual_conversation,false,
snitch,8113178344,2010-01-23,#letsbehonest is still goin strong. Ya'll must have a lot of snitchin 2 do. B sure 2 only snitch on yaself.,27272497,an informer; someone who tells on or betrays others,insult,commenting,false,
snitch,8113185809,2010-01-23,"May God punish u!!...u will sleep on d road!!..SNITCH!!RT @Mr_Abangwu: So far, I've spent 30 mins on a 10 mins jou (cont) http://tl.gd/4uhp1",58917511,an informer; someone who tells on or betrays others,insult,casual_conversation,false,
snitch,8113295569,2010-01-23,DealSnitcher.com : Adorama - Motorola H690 Wireless Headset in Black - $22.99 http://bit.ly/8sBVEj SNITCH MORE PAY LESS,48800352,an informer; someone who tells on or betrays others,insult,advertising_spam,false,
snitch,8113406271,2010-01-23,RT @KaratDiamond: ANSWER THIS: If you and I woke up in jail together...using only 4 words...what would you say to me?--You BET NOT Snitch,26657808,an informer; someone who tells on or betrays others,insult,commenting,false,
snitch,8113985253,2010-01-23,"@KojoComedian #blackpunishments making u beat ur accomplice, until they snitch u out",21712835,an informer; someone who tells on or betrays others,insult,casual_conversation,false,
snitch,8114765198,2010-01-23,Ill erase u like I drew u snitch!,56226617,an informer; someone who tells on or betrays others,insult,commenting,false,
snitch,8114969839,2010-01-23,RT @MISSRAINY: OK I UNDERSTAND BITCHES ARE NOSEY BUT IF U A NIGGA SPYING & DELIVERING INFO CONSIDER YASELF A LAME & A SNITCH #PACKTHATSHITUP,21679401,an informer; someone who tells on or betrays others,insult,commenting,false,
snitch,8115032992,2010-01-23,"Ronald Reagan: B Film Actor, Ladies' Man and FBI Snitch: The main expose in this absorbing tome is that during the... http://bit.ly/5lBVB8",33448188,an informer; someone who tells on or betrays others,insult,article_sharing,false,
snitch,8115089884,2010-01-23,@Dibbz00 had mii wisdom teeth removed yesterday mornin... da shit hurt!!! and i jus got out of custody.. mii sis is a SNITCH.. LoL,67102623,an informer; someone who tells on or betrays others,insult,commenting,false,
snitch,8115203069,2010-01-23,DealSnitcher.com : Fujitsu Lifebook T4020 12.1-inch Tablet PC $369 at eCost http://bit.ly/4q8Lzr SNITCH MORE PAY LESS,48800352,an informer; someone who tells on or betrays others,insult,advertising_spam,false,
snitch,8761989736,2010-02-07,@DarkBeige Snitch Winehouse would drive me to the nearest crack house,23112263,an informer; someone who tells on or betrays others,insult,casual_conversation,false,
snitch,8762130077,2010-02-07,RT @Rider365 @DJFatboy get flashed on. American Gangster ya ass for your own % &lt;-- american gangster? You a snitch now c'mon now moiyneee,19048175,an informer; someone who tells on or betrays others,insult,casual_conversation,false,
snitch,8762136064,2010-02-07,"cuz people out here feel its wrong to ""snitch."" it's not snitching, it's doing your civil duty to put a murderer away. shit is so fucked up",28889227,an informer; someone who tells on or betrays others,insult,commenting,false,
snitch,8762158267,2010-02-07,@DJFatboy prove the snitch.....really....waitin..... got reports on mine.....,74332586,an informer; someone who tells on or betrays others,insult,casual_conversation,false,
snitch,8762504292,2010-02-07,Im mad they qot a book called son of a snitch,30728160,an informer; someone who tells on or betrays others,insult,commenting,false,
snitch,8762840499,2010-02-07,Omg my brothers a snitch man v_v,30636419,an informer; someone who tells on or betrays others,insult,commenting,false,
snitch,8763100100,2010-02-07,"Too bad, another gangster shot your snitch before he could tell you anything! #Mafialife - http://is.gd/7SdGx",110168219,an informer; someone who tells on or betrays others,insult,commenting,false,
snitch,8763769547,2010-02-07,@ThatMIXXEDKidd smh -_-face like um its 5am WTF we talkin about ughh i wanna kill my bro his stuch ay snitch,43963851,an informer; someone who tells on or betrays others,insult,casual_conversation,false,
snitch,8903225880,2010-02-10,RT @TheRealNikki_G: @SCDJ2MUCH *pats back REALLY HARD* dnt choke! LOL!&lt;-@djappatite rubbing off on you! Lemme see do I need to snitch lol,37428295,an informer; someone who tells on or betrays others,insult,casual_conversation,false,
snitch,8903259683,2010-02-10,@JuiiCy_GaZaGyaL LMAO YU KNW I WONT DO THATT ..BOUT BIG TYME SNITCH,58608291,an informer; someone who tells on or betrays others,insult,casual_conversation,false,
snitch,8903575917,2010-02-10,RT @MissSimmaBaby: @CyZulu lol SNITCH« yes! This situation deffo!,60838261,an informer; someone who tells on or betrays others,insult,casual_conversation,false,
snitch,8903806664,2010-02-10,didnt know it was possible to snitch on yourself  #learnedsomethingnew  lol,20895404,an informer; someone who tells on or betrays others,insult,commenting,false,
snitch,8903829304,2010-02-10,okkai um outtah here freaky waiking up don't answah no more so she won't no I wus here [DON'T BEH AH FUCKEN SNITCH],65316432,an informer; someone who tells on or betrays others,insult,commenting,false,
snitch,8903888246,2010-02-10,RT @Whispers6    @DesireeisLove I'm callin your boss. What's the # lol&lt;&lt; yall smell that... smells like a #snitch smh,24698240,an informer; someone who tells on or betrays others,insult,casual_conversation,false,
snitch,8903915804,2010-02-10,I GOT ONE FOLLOWER I HAVEN'T DELETED BUT YESTERDAY WHEN SHE CAME IN THE UNION THEY SAID SHE A TWITTER SNITCH I BELIEVE NOW I KNOW HOW MY,69344968,an informer; someone who tells on or betrays others,insult,commenting,false,
snitch,8904069664,2010-02-10,Everybody @_MAXEDkewl is gonna be on the news tonight for robbing the local liquor store!!..feel free to snitch on her..lmmfao!,87381173,an informer; someone who tells on or betrays others,insult,casual_conversation,false,
snitch,8904212826,2010-02-10,@BENRICH614 :: lmao you're juhst qoinq to snitch on meh like tht !?!. Tht's such a low blow !!. Lol .,52401804,an informer; someone who tells on or betrays others,insult,casual_conversation,false,
snitch,8904218247,2010-02-10,#shooturself if u are a snitch #stopsnitchin #bitchassness #fuckcrimestoppers,73402256,an informer; someone who tells on or betrays others,insult,commenting,false,
snitch,9180088269,2010-02-16,Planning to get this henna tattoo. Might stick to just the Snitch 'cos the text might be too small/fine. :P http://tweetphoto.com/11570635,33882481,an informer; someone who tells on or betrays others,insult,commenting,false,
snitch,9180837694,2010-02-16,"@Littlelucyd I am Dryzek, you little snitch!!! x",21742199,an informer; someone who tells on or betrays others,insult,casual_conversation,false,
snitch,9181439482,2010-02-16,RT @RUELIVEWIRE: @jstalinlivewire @shady28nate  @RUELIVEWIRE & @lilblood_DAkid - Snitch Food OFFICIAL MUSIC VIDEO -&gt; http://bit.ly/6hQTKO,29176586,an informer; someone who tells on or betrays others,insult,casual_conversation,false,
snitch,9181726894,2010-02-16,"RT @bbcworld Google admits to insufficient Buzz testing http://bit.ly/dkowgC No shit, Sherlock! Or it was designed as a snitch on purpose",9378802,an informer; someone who tells on or betrays others,insult,casual_conversation,false,
snitch,9182471848,2010-02-16,WON - Harry's Snitch,64781558,an informer; someone who tells on or betrays others,insult,commenting,false,
snitch,9182998704,2010-02-16,Ur A Hoe Ur A Bitch Ur A Mother Fuckin Snitch Go 2 Hell And Suck Mi Dick........Omg I Am So Crazy,95120171,an informer; someone who tells on or betrays others,insult,commenting,false,
snitch,9183583936,2010-02-16,rats snitch on one and other for the ends.,46754894,an informer; someone who tells on or betrays others,insult,commenting,false,
snitch,9184582899,2010-02-16,#HellNaw i aint no snitch.... dont ask me shit....,94603067,an informer; someone who tells on or betrays others,insult,commenting,false,
snitch,9184642483,2010-02-16,it b like cum on only reason y i said anything else cuz yo fagget ass kept sayin hoe shit den tried to snitch to my niggas? wat man does dat,38962451,an informer; someone who tells on or betrays others,insult,commenting,false,
snitch,9184875967,2010-02-16,sad thing is a fag ass nigga a say man i jus told dem da truth?im not a snitch i wouldnt get killed for doin dat lol but u a #hater,38962451,an informer; someone who tells on or betrays others,insult,commenting,false,
snitch,9397043738,2010-02-20,Wow who got yu madd lmao RT @JamWorld_Gaza: Noo u cnt follow me suckka u a snitch think I ain't kno fuckkin shithead,57710938,an informer; someone who tells on or betrays others,insult,casual_conversation,false,
snitch,9397544388,2010-02-20,U already a snitch u might as well get paid 4 it RT @Phillynupe60 to many nikkas are becomin cops these days ..somethin I could never do,76785954,an informer; someone who tells on or betrays others,insult,casual_conversation,false,
snitch,9397680045,2010-02-20,daddy how I look like a damn snitch lmaooo,54405267,an informer; someone who tells on or betrays others,insult,commenting,false,
snitch,9397706393,2010-02-20,-How I look?.-lik a daymn snitch...look lik finna go tell on somebody right daymn now!.....hahaha,74378434,an informer; someone who tells on or betrays others,insult,commenting,false,
snitch,9397738604,2010-02-20,"""But you was my bitch the one who'd never snitch. Love me when im broke or when im filthy fxckin rich"" #throwbacklyrics",27904576,an informer; someone who tells on or betrays others,insult,commenting,false,
snitch,9397853617,2010-02-20,WON - a Golden Snitch,64781558,an informer; someone who tells on or betrays others,insult,commenting,false,
snitch,9397951599,2010-02-20,"Cant Fuck W/ A Snitch Like He Got Tha Fuckinq Clapper , He So G Now I Wanna Fuck A Trapper",76710050,an informer; someone who tells on or betrays others,insult,commenting,false,
snitch,9398248133,2010-02-20,"Love the Friday trilogy lol ice cube & mike epps are hilarious together! ""Craig & Day Day!"", ""Daddy! How I look?' Like a damn snitch!""",29041212,an informer; someone who tells on or betrays others,insult,commenting,false,
snitch,9398360997,2010-02-20,RT @MsMariebaaaby: #ItsFunnyHow Dudes claim they so tuff/hood but when they get jammed up they quick 2 snitch// lol dead right,82446200,an informer; someone who tells on or betrays others,insult,casual_conversation,false,
snitch,9398666521,2010-02-20,@iBAGBADBITCHES awww she tripping.. where she at?? ima snitch on yu.. tell her yu forreallz. KML,74605858,an informer; someone who tells on or betrays others,insult,casual_conversation,false,
snitch,9404745887,2010-02-21,You've successfully used a snitch. Use your new-found knowledge wisely. #Mafialife - http://is.gd/8PhKh,96870929,an informer; someone who tells on or betrays others,insult,commenting,false,
snitch,9404988725,2010-02-21,@CGNEY gyalist of the year is to bait... So is couple of the year... And snitch of the year?! Lmfao omg),24335591,an informer; someone who tells on or betrays others,insult,casual_conversation,false,
snitch,9405008762,2010-02-21,@Im_No_Nickybarn Shut up!!! No one likes a snitch LOL,26997468,an informer; someone who tells on or betrays others,insult,casual_conversation,false,
snitch,9405056949,2010-02-21,RT @Wiz_MOD3_6th @CGNEY gyalist of the year is to bait.So is couple of the year.& snitch of the year?! Lmfao omg(understood dat was my idea!,41300995,an informer; someone who tells on or betrays others,insult,casual_conversation,false,
snitch,9405235031,2010-02-21,@cathead27 woah. found what i kept hearing during 'Snitch'... http://www.youtube.com/watch?v=bo9riZYUpTw ...haha!,39378333,an informer; someone who tells on or betrays others,insult,casual_conversation,false,
snitch,9405253571,2010-02-21,@Mr_SupraFlyy So go ahead & snitch! I don't care. Lol,94682142,an informer; someone who tells on or betrays others,insult,casual_conversation,false,
snitch,9405490338,2010-02-21,Damn so Nino Brown was a Snitch Too in New Jack City.... Damn i missed that part,23345057,an informer; someone who tells on or betrays others,insult,commenting,false,
snitch,9405723311,2010-02-21,#ItsFunnyHow Dudes Claim They Don't Snitch But As Soon As They Hear Jail They Start Singing Like A Musical.,70851111,an informer; someone who tells on or betrays others,insult,commenting,false,
snitch,9405760446,2010-02-21,RT @MrStannLee: #ItsFunnyHow Dudes Claim They Don't Snitch But As Soon As They Hear Jail They Start Singing Like A Musical.,107609111,an informer; someone who tells on or betrays others,insult,casual_conversation,false,
snitch,9405931319,2010-02-21,OMG I KNO THIS SNITCH ASS NIGGA AINT WRITE DAT ON TWITTER . . . IM NOT GON SAY YA NAME BUT #STOPIT5,80812733,an informer; someone who tells on or betrays others,insult,commenting,false,
snitch,9607098004,2010-02-25,"snitch's keep 10 -  ellsbury, phillips, ramirez, greinke, garza, feliz, krod, jackson, weaver, webb",25040953,an informer; someone who tells on or betrays others,insult,commenting,false,
snitch,9607332669,2010-02-25,@cake359 you are a SNITCH!!!,30526911,an informer; someone who tells on or betrays others,insult,casual_conversation,false,
snitch,9607393960,2010-02-25,"@bubuyster thats what he told me by SMS, sabi ko kasi malapit na deadline, though i put in the board that snitch can still change it by dlin",25040953,an informer; someone who tells on or betrays others,insult,casual_conversation,false,
snitch,9607462488,2010-02-25,@bubuyster snitch is looking for main league invites hahaha,25040953,an informer; someone who tells on or betrays others,insult,casual_conversation,false,
snitch,9607615565,2010-02-25,#uever wonder Y boy students snitch when they have sex wif there teachers,31665088,an informer; someone who tells on or betrays others,insult,commenting,false,
snitch,9607629529,2010-02-25,@shezBADx3 is a snitch !! U cnt trust her she just told on me like we two !!!,41873503,an informer; someone who tells on or betrays others,insult,casual_conversation,false,
snitch,9607634689,2010-02-25,#uever went hard on a bitch like the MOB on a snitch,101084794,an informer; someone who tells on or betrays others,insult,commenting,false,
snitch,9607656844,2010-02-25,"Real niggaz do real things for real money, cuz real niggaz get money, real niggaz don't snitch real niggaz don't lie for a bitch",23552949,an informer; someone who tells on or betrays others,insult,commenting,false,
snitch,9607853359,2010-02-25,You've successfully used a snitch. Use your new-found knowledge wisely. #Mafialife - http://is.gd/97Mqk,43948781,an informer; someone who tells on or betrays others,insult,commenting,false,
snitch,9607853852,2010-02-25,You've successfully used a snitch. Use your new-found knowledge wisely. #Mafialife - http://is.gd/97Mqo,43948781,an informer; someone who tells on or betrays others,insult,commenting,false,
snitch,9836511882,2010-03-01,"@djpupdawg because he is not following me!!!He knows that I'm on twitter and doesnt hit me up......LOL stop being a snitch,,sorry about thur",113523886,an informer; someone who tells on or betrays others,insult,casual_conversation,false,
snitch,9837089280,2010-03-01,RT @AYOOOJAZZO: put that on ya BBM status snitch!-----DAM U AITE?? U SOUND HEATED,76116361,an informer; someone who tells on or betrays others,insult,casual_conversation,false,
snitch,9837146638,2010-03-01,@eeejames haha he said yo ass a snitch.,106964407,an informer; someone who tells on or betrays others,insult,casual_conversation,false,
snitch,9837244939,2010-03-01,#aintITfunnyhow once sumbdy qet in trouble in klass they snitch on evrybdy tht was douhn wat they was douhn ?,117608805,an informer; someone who tells on or betrays others,insult,commenting,false,
snitch,9837254443,2010-03-01,i wasnt goin say nuthin but....aye nigga ill kill me.....nigga wat i snitch on me nigga...fuck boii... fuck boiii @Jay_Cam,56585512,an informer; someone who tells on or betrays others,insult,casual_conversation,false,
snitch,9837309498,2010-03-01,@KingGill whatever bitch I aint no snitch,64556135,an informer; someone who tells on or betrays others,insult,casual_conversation,false,
snitch,9837348585,2010-03-01,Man two of my niggas done snitch on me I guess its time to let the cat out of the bag,104084596,an informer; someone who tells on or betrays others,insult,commenting,false,
snitch,9837406516,2010-03-01,@PotentRockStar dont worry bout it you freakin snitch and ive been good lol,74809796,an informer; someone who tells on or betrays others,insult,casual_conversation,false,
snitch,9837522703,2010-03-01,just got the new Death By Audio ROboT ring modulator. It sounds like the Snitch is beating up an AM radio in here!,20454991,an informer; someone who tells on or betrays others,insult,commenting,false,
snitch,9837550146,2010-03-01,"Like going around doing everything for Hogan, kissing his ass, being a backstage snitch. Good way to capitalize on his current heel heat.",30054794,an informer; someone who tells on or betrays others,insult,commenting,false,
snitch,10341538344,2010-03-11,#someoneonmytimeline is a SNITCH!,24648659,an informer; someone who tells on or betrays others,insult,commenting,false,
snitch,10341786110,2010-03-11,'SF Weekly Is Not Going Out of Business' (Will Harper/The Snitch) http://goo.gl/LGeI,114785215,an informer; someone who tells on or betrays others,insult,commenting,false,
snitch,10341805538,2010-03-11,"&lt;3. i cant stand ah snitch ""ugh""step ya cookies up! Free Chris ily(: im so cubanita bitch muah rest n peace T.y!see yu at heaven gates",33062570,an informer; someone who tells on or betrays others,insult,commenting,false,
snitch,10341939078,2010-03-11,LOST - a Golden Snitch,64781558,an informer; someone who tells on or betrays others,insult,commenting,false,
snitch,10342183271,2010-03-11,#flashback i remember wen i first met @DjPhalseiD i shall not forget the joke about southern ppl and how they DNT snitch!lmao,33101269,an informer; someone who tells on or betrays others,insult,casual_conversation,false,
snitch,10342253247,2010-03-11,TO YET ANOTHER MARCH SNITCH CLINIC- MORE TO COME THURSDAY..JUMP IN NOW...ITS OFFICIAL WE ARE NOW IN A CLINIC,45089039,an informer; someone who tells on or betrays others,insult,commenting,false,
snitch,10342456710,2010-03-11,This week @ the Palms..Tuesday-Industry Night..Wednesday-Snitch..Thursday-Glitch Mob..Friday-Pauly D from Jersy Shores & Saturday Perfecto!,26688094,an informer; someone who tells on or betrays others,insult,casual_conversation,false,
snitch,10342541775,2010-03-11,I hate a snitch! http://myloc.me/4HeL3,22944668,an informer; someone who tells on or betrays others,insult,commenting,false,
snitch,10342684264,2010-03-11,"twitter wants to rat out my location...no dice, you snitch!!!",16643068,an informer; someone who tells on or betrays others,insult,commenting,false,
snitch,10342772008,2010-03-11,stupis 7th grade snitch! -my phone got taken up!):,59377081,an informer; someone who tells on or betrays others,insult,commenting,false,
snitch,10968855429,2010-03-24,has just done a job in Take out a Snitch in #MobsterWorld http://www.playmobsterworld.com/?platform=twitter&source=oneline_dojob,98011619,an informer; someone who tells on or betrays others,insult,commenting,false,
snitch,10968857960,2010-03-24,#youlooklikethetype to snitch on yourself.,28488929,an informer; someone who tells on or betrays others,insult,commenting,false,
snitch,10968950508,2010-03-24,@luvjojo100 snitch,29407818,an informer; someone who tells on or betrays others,insult,casual_conversation,false,
snitch,10969034141,2010-03-24,"@tarikkthekidd yeah, i remember how like last year mr. moser looks like the snitch kid from reccess. ! :D",51274031,an informer; someone who tells on or betrays others,insult,casual_conversation,false,
snitch,10969059040,2010-03-24,//See I dont know why u cryin' like a bitch Talkin shit like a snitch Why u write a song bout me If you really didn't care...// #nowplaying,34982487,an informer; someone who tells on or betrays others,insult,commenting,false,
snitch,10969132192,2010-03-24,"#youlooklikethetype to ""snitch"", we can't do business;",32313279,an informer; someone who tells on or betrays others,insult,commenting,false,
snitch,10969156677,2010-03-24,"#ItsReallyAnnoyingRT @TMIcey #youlooklikethetype to ""snitch"", we can't do business; * str8 up!!!",111719908,an informer; someone who tells on or betrays others,insult,casual_conversation,false,
snitch,10969307335,2010-03-24,How U do am??? I'll so snitch!!! RT @SazzyPHizzle: Hmmm ... I'm back people,58330789,an informer; someone who tells on or betrays others,insult,casual_conversation,false,
snitch,10969443396,2010-03-24,If i slap ur head RT @i_dojo: How U do am??? I'll so snitch!!! RT @SazzyPHizzle: Hmmm ... I'm back people,82069889,an informer; someone who tells on or betrays others,insult,casual_conversation,false,
snitch,10969596092,2010-03-24,#youlooklikethetype 2 Snitch #Imjustsayin,95935857,an informer; someone who tells on or betrays others,insult,commenting,false,
snitch,11470737772,2010-04-02,RT @WeT_n_WaVy: Nigga Carl Gonna Snitch On His Brother Smh bullet for carl aint even let the ni66a hole a seat,28688640,an informer; someone who tells on or betrays others,insult,casual_conversation,false,
snitch,11470767616,2010-04-02,Can't tell this nigga @Texas248 nothing(snitch),66039607,an informer; someone who tells on or betrays others,insult,casual_conversation,false,
snitch,11471093621,2010-04-02,"#attention 30 year old man ima neeed you to stop trnna tlk to me , ima snitch ill tell the police #isthatAproblem ? Lmaoo!",40763712,an informer; someone who tells on or betrays others,insult,commenting,false,
snitch,11471383452,2010-04-02,I'm not naming no names cus I aint no snitch but I went to Dirty Canvas once & a well known MC was STINKIN of fried fish. HAHAHAHA,15544591,an informer; someone who tells on or betrays others,insult,commenting,false,
snitch,11471432964,2010-04-02,RT @CaliCam I have 3 rules: 1. Don't lie to me 2. Don't steal from me 3. Don't snitch on me | PREACH!,97588019,an informer; someone who tells on or betrays others,insult,casual_conversation,false,
snitch,11471555983,2010-04-02,Ma nigga @gshelton03 is a snitch but still lil broz!lol http://myloc.me/5woNk,53538970,an informer; someone who tells on or betrays others,insult,casual_conversation,false,
snitch,11471855667,2010-04-02,niggas still run up in ya hearing with tonguework/snitch you off to jail like they dont know what the sun worth,24744022,an informer; someone who tells on or betrays others,insult,commenting,false,
snitch,11472065424,2010-04-02,"@Okasan35 even if I did do anything, @MannyWallace wouldn't snitch on me.",82571781,an informer; someone who tells on or betrays others,insult,casual_conversation,false,
snitch,11472097840,2010-04-02,Thanks to everyone who came out to snitch last night! Good times all round.,103868137,an informer; someone who tells on or betrays others,insult,commenting,false,
snitch,11472115574,2010-04-02,"word @MNord12, @itsLyssyBby is a snitch. just put me on blast.. lol. i got connections. don't worry about all that.. ;)",32811363,an informer; someone who tells on or betrays others,insult,casual_conversation,false,
snitch,12006970910,2010-04-11,Whr u dey?snitch.RT @TifeBollz: @Laurastiq keep me up to speed on gus,47058058,an informer; someone who tells on or betrays others,insult,casual_conversation,false,
snitch,12007051932,2010-04-11,RT @honorablecnote: RT @anrchris: They say Kobe got the entire DEA department @ the game today w/ Floor seats!&lt;Snitch!&lt;#not1hunid,70689988,an informer; someone who tells on or betrays others,insult,casual_conversation,false,
snitch,12007102173,2010-04-11,RT @slimthugga: I hope u get shot in combat gnr  @tipthebadest: @slimthugga @Jdawgbho @kodyp y'all niggas on the first 48 snitch season  ...,25889843,an informer; someone who tells on or betrays others,insult,casual_conversation,false,
snitch,12007305622,2010-04-11,I jsu realized dat girl said she would snitch on me if yu snitch on me da next day yu gonna b wearing ah toe tag,98020240,an informer; someone who tells on or betrays others,insult,commenting,false,
snitch,12007475019,2010-04-11,@itszPuchiBabie nobody likes a snitch oh okay ! Lol,94381416,an informer; someone who tells on or betrays others,insult,casual_conversation,false,
snitch,12007663533,2010-04-11,@SIRBLEU WADDUP #SNITCH,44781506,an informer; someone who tells on or betrays others,insult,casual_conversation,false,
snitch,12007725785,2010-04-11,I'm truly disgusted in @zacktaylor STFU DUMB SNITCH reasons why @perezhilton pwns: zack taylor is a dumbass,30976346,an informer; someone who tells on or betrays others,insult,casual_conversation,false,
snitch,12007830396,2010-04-11,"@Richdatdude go jump in a pool, yur bestfren my goon so hush, & b glad not a snitch cuz i would tell @jewla wat yu said abt her yesterday",118184996,an informer; someone who tells on or betrays others,insult,casual_conversation,false,
snitch,12008214023,2010-04-11,@Kings_So_Dope HA! see u in trouble now..i didn't even snitch..its twitter bitch..everyone see it!! lmfao ok i'm done..luv u kingsss,105739310,an informer; someone who tells on or betrays others,insult,casual_conversation,false,
snitch,12111562626,2010-04-13,RT @heavenlyadorn I hate when a nigga say they heard some shit about you then wanna NOT say who said it..i mean why halfway snitch now*me 2!,97054996,an informer; someone who tells on or betrays others,insult,casual_conversation,false,
snitch,12111654126,2010-04-13,"RT I cant believe you tweeted this!, stop being a girl!lol @MichaelZuma Snitch. Traitor. Tough words to take back. #justsaying",113008729,an informer; someone who tells on or betrays others,insult,casual_conversation,false,
snitch,12111853640,2010-04-13,You've successfully used a snitch. Use your new-found knowledge wisely. #Mafialife - http://is.gd/br8uP,97146988,an informer; someone who tells on or betrays others,insult,commenting,false,
snitch,12111874152,2010-04-13,RT @xzibit Watching The First 48.... AKA SNITCH ON YOURSELF TV,17266054,an informer; someone who tells on or betrays others,insult,casual_conversation,false,
snitch,12112035086,2010-04-13,1 of my followers is a snitch! My baby momma just texted me talkin about I heard u takin shots @ me on twitter? Me? Nah...of course not! Lol,20013775,an informer; someone who tells on or betrays others,insult,casual_conversation,false,
snitch,12112049373,2010-04-13,@Scrilla_of_SFP Lucas was a snitch... Edmonds took his bid like a real G...,94864130,an informer; someone who tells on or betrays others,insult,casual_conversation,false,
snitch,12112126104,2010-04-13,TV news boss creates worker snitch plan http://bit.ly/crBEKp,56982553,an informer; someone who tells on or betrays others,insult,commenting,false,
snitch,12112136516,2010-04-13,RT @djcapone: 1 of my followers is a snitch! My baby momma just texted me talkin about I heard u takin shots @ me on twitter? Me? Nah... ...,18882090,an informer; someone who tells on or betrays others,insult,casual_conversation,false,
snitch,12112212357,2010-04-13,RT @KobeKrazy @JOJOBABY14 that's jus SAD blame the droid!!!!!!lol I said hell yea snitch on Freaky Jason!lmao &lt;~ lmao,27532524,an informer; someone who tells on or betrays others,insult,casual_conversation,false,
snitch,12112308257,2010-04-13,Leave a snitch departed....,18619664,an informer; someone who tells on or betrays others,insult,commenting,false,
snitch,12166370155,2010-04-14,"RT @11wdnick: Lemme clear dis up a ""Snitch"" is one who tells on another to SAVE his/her own ass..or one who tells to cop dat plea bargin..",80055341,an informer; someone who tells on or betrays others,insult,casual_conversation,false,
snitch,12166459497,2010-04-14,So I skipped Social Work today and I just saw this girl from my class u think she gonna snitch??,95499918,an informer; someone who tells on or betrays others,insult,commenting,false,
snitch,12166473200,2010-04-14,Nigga got beat up robbed and arrested. And this bitch ass nigga got the nerve to mention my name... Death of the Snitch...,90872262,an informer; someone who tells on or betrays others,insult,commenting,false,
snitch,12166524483,2010-04-14,Nah if you read my tweets an think I'm advocating snitching..FUCK YOU!! Say it to my face an watch you snitch on me fa bussin yo ass..,29978724,an informer; someone who tells on or betrays others,insult,criticism,false,
snitch,12166547806,2010-04-14,Lmfaoo sowwy quay! RT @Quayk3r_Oats: lmfaooO but why must u tell the whole twitter world #snitch lmaooo,81156732,an informer; someone who tells on or betrays others,insult,casual_conversation,false,
snitch,12166913397,2010-04-14,yo @mark833 yo @vinnyidol yo  hit me up next time famu hittin vin about some snitch nigger  and yo vin  dont just jump for and any $$$ all $,22579580,an informer; someone who tells on or betrays others,insult,casual_conversation,false,
snitch,12166926449,2010-04-14,@LA_HomelessGift smh def not a snitch but when ur messin w/my money its a prob!,46715072,an informer; someone who tells on or betrays others,insult,casual_conversation,false,
snitch,12167017382,2010-04-14,Charles barkely say somebody in the the #bulls lockeroom a #snitch on #insidethenba lol,129408418,an informer; someone who tells on or betrays others,insult,commenting,false,
snitch,12167045222,2010-04-14,A snitch = A person who tells people information that is supposed to be confidential.,112280939,an informer; someone who tells on or betrays others,insult,commenting,false,
snitch,12167050096,2010-04-14,@JABBiiE SNITCH!!!,124864640,an informer; someone who tells on or betrays others,insult,casual_conversation,false,
snitch,12600037995,2010-04-21,"WYR: have a over-protective brother or a snitch, annoying brother?",93070825,an informer; someone who tells on or betrays others,insult,commenting,false,
snitch,12600055601,2010-04-21,"Reading: ""As He Died, Teen Wouldn't Snitch On Murderer | News One""( http://twitthis.com/qz3svz )",42127504,an informer; someone who tells on or betrays others,insult,commenting,false,
snitch,12600078270,2010-04-21,@EssentiallyMik....i mean not tryna be a snitch....but I need to save my ass,30467763,an informer; someone who tells on or betrays others,insult,casual_conversation,false,
snitch,12600086855,2010-04-21,@PhilthyPhilly6 its not snitch tv,66895018,an informer; someone who tells on or betrays others,insult,casual_conversation,false,
snitch,12600105005,2010-04-21,RT @PasqualeRomano: COME TO GHOSTBAR TONIGHT!! GOING TO BE CRAZY AND FUN TONIGHT BUT I WON'T TELL YOU DETAILS BECAUSE I DO NOT WANT TO B ...,39866697,an informer; someone who tells on or betrays others,insult,casual_conversation,false,
snitch,12600109461,2010-04-21,@fatboy_443 They actually caught somebody way to go Bmore Police or did somebody snitch?!! #IMJustsayin,121873427,an informer; someone who tells on or betrays others,insult,casual_conversation,false,
snitch,12600147892,2010-04-21,I think He works for ps lol he a snitch,63786273,an informer; someone who tells on or betrays others,insult,commenting,false,
snitch,12600194948,2010-04-21,#TWOWORDCOMBO Don't Snitch,19717902,an informer; someone who tells on or betrays others,insult,commenting,false,
snitch,12600251723,2010-04-21,"Yo y err body sayin T.I. Snitched, dat nigga ain't no snitch................is he??",26365732,an informer; someone who tells on or betrays others,insult,commenting,false,
snitch,12600504778,2010-04-21,#twowordcombos Snitch Nigga,26658589,an informer; someone who tells on or betrays others,insult,commenting,false,
snitch,13114758337,2010-04-30,@nooneyyy hmmmmmm i would but my stepdad just got home from reno so i think he gon be home tmrw & u kno him BIG SNITCH,124296829,an informer; someone who tells on or betrays others,insult,casual_conversation,false,
snitch,13114808003,2010-04-30,"do you think i'd snitch, are you pistol whipped?",21010531,an informer; someone who tells on or betrays others,insult,commenting,false,
snitch,13114839646,2010-04-30,Somebody's a snitch I aint gone say no names but don't be tellin ppl about me @KayDan88,71470390,an informer; someone who tells on or betrays others,insult,casual_conversation,false,
snitch,13114869987,2010-04-30,RT @pkenniel: Somebody's a snitch I aint gone say no names but don't be tellin ppl about me @KayDan88&lt;~~~ lmaooo,109175516,an informer; someone who tells on or betrays others,insult,casual_conversation,false,
snitch,13114930842,2010-04-30,@2ndelawal comin to work??let's eat together o!!!before u call me a snitch now!!,79505502,an informer; someone who tells on or betrays others,insult,casual_conversation,false,
snitch,13115026769,2010-04-30,@rjdafool1 lmfao he foul hahaha he lucky i ain't related to her cause imma #snitch lmao jkjkjk,39393291,an informer; someone who tells on or betrays others,insult,casual_conversation,false,
snitch,13115100771,2010-04-30,#randomthught . i neva ben a snitch . i hated telln on muhfuckas wen i was yunger . n i dint even no ntn bout tha snitchn shit .,34875282,an informer; someone who tells on or betrays others,insult,commenting,false,
snitch,13115121377,2010-04-30,Thats yo aunt #uaintright RT @rjdafool1: @I_Am_Ash @ShaBabi3 wanna snitch so bad I told her shhhhhhhhh lol,39393291,an informer; someone who tells on or betrays others,insult,casual_conversation,false,
snitch,13115156693,2010-04-30,You've successfully used a snitch. Use your new-found knowledge wisely. #Mafialife - http://is.gd/bO74x,36840559,an informer; someone who tells on or betrays others,insult,commenting,false,
snitch,13623554825,2010-05-08,I hate little boys who snitch!,52953599,an informer; someone who tells on or betrays others,insult,commenting,false,
snitch,13623771819,2010-05-08,"@nnoony Yeah, yeah I'm fine. I'm thinking..something..with..playing..A snitch..We played Quidditch.",123125552,an informer; someone who tells on or betrays others,insult,casual_conversation,false,
snitch,13623964473,2010-05-08,SMH REAL NIGGAS DONT SNITCH ON THEIR NiGGAS !!!,59969734,an informer; someone who tells on or betrays others,insult,commenting,false,
snitch,13624267767,2010-05-08,"I hatee fuckin tofaced andd snitch ass peoplee wtf,",95320878,an informer; someone who tells on or betrays others,insult,commenting,false,
snitch,13624301325,2010-05-08,@Joeyz93 shut up. your a snitch who licks the engineer's ass and i hardly get shit off him rarely u have no idea be quiet and go to bed.,42729083,an informer; someone who tells on or betrays others,insult,casual_conversation,false,
snitch,13624555347,2010-05-08,Working for 11 hrs today with ppl who hate on me and snitch all day!~ Man I love this place :),34196861,an informer; someone who tells on or betrays others,insult,commenting,false,
snitch,13624691842,2010-05-08,In strange circumstances people don't change they adapt to what they are.   SNITCH..........,134100637,an informer; someone who tells on or betrays others,insult,commenting,false,
snitch,13624901928,2010-05-08,":: WhaT I've diScoVerEd iS yaLL soMe SNITCH LoverS , sO I mighT sPeaK, buT I doNt FucK wiT NOboDy ::",30137216,an informer; someone who tells on or betrays others,insult,commenting,false,
snitch,13625142357,2010-05-08,Its always the BITCHES that send DM's 2 they friend niccas tryna snitch on that man timeline,24322013,an informer; someone who tells on or betrays others,insult,commenting,false,
snitch,13625323043,2010-05-08,"With ""self checkout"" at stores who is preventing the underage from buying beer? Or did I just ""tweet snitch""",26689177,an informer; someone who tells on or betrays others,insult,commenting,false,
snitch,13675143882,2010-05-09,RT @Chelle_224: My sis looks 2 me and says I cnt say retarded...little girl growing up 2 b a snitch&lt;&lt;lmao yes,114015499,an informer; someone who tells on or betrays others,insult,casual_conversation,false,
snitch,13675186487,2010-05-09,@ddlcvato Nope. I'm no snitch.,140273368,an informer; someone who tells on or betrays others,insult,casual_conversation,false,
snitch,13675201643,2010-05-09,@lolujegede nxt tym u no go snitch us @oguguoslimthug mak we snitch dis bastard carry some shawties go KFC!,56523695,an informer; someone who tells on or betrays others,insult,casual_conversation,false,
snitch,13675380468,2010-05-09,@ddlcvato Because I know stuff you shouldn't know. Which is secret. So if I told I would be a snitch.,140273368,an informer; someone who tells on or betrays others,insult,casual_conversation,false,
snitch,13675415871,2010-05-09,@Ms_Drebo I WAS PLAYING WIT YOU AND @FuKiiNFaBb was the MOTIVAtion since she already snitch,18160261,an informer; someone who tells on or betrays others,insult,casual_conversation,false,
snitch,13675433170,2010-05-09,If this lil girl gives me a screwface one more time I'm going to snitch to her parents,135652796,an informer; someone who tells on or betrays others,insult,commenting,false,
snitch,13675670117,2010-05-09,#3rdcommandment thou shalt not snitch,26919890,an informer; someone who tells on or betrays others,insult,commenting,false,
snitch,13675679454,2010-05-09,Shout out to the mothers that are following me to be nosey and snitch on the shit I say and secretly don't like me,74589942,an informer; someone who tells on or betrays others,insult,commenting,false,
snitch,13675737849,2010-05-09,@seyipitan gerrout u snitch,85173716,an informer; someone who tells on or betrays others,insult,casual_conversation,false,
snitch,13675755576,2010-05-09,RT @eroticKa: @StreetFam21 @ash_davy i will never snitch AGAIN(Lol u say dat shit now),97060718,an informer; someone who tells on or betrays others,insult,casual_conversation,false,
snitch,14233845217,2010-05-18,"@ygthegeneral huh?? Lol nah. Just dnt get how a whole nation idolize a back stabber and a snitch. Then say ""stop snitching"" to others lol",25333505,an informer; someone who tells on or betrays others,insult,casual_conversation,false,
snitch,14233886473,2010-05-18,Little Snitch 2.2.3 released [ Objective Development Software GmbH ] - http://octofinder.com/~ed97,46557084,an informer; someone who tells on or betrays others,insult,commenting,false,
snitch,14234263304,2010-05-18,Become a fan of Snitch Live and rock out with us on the last Friday of every month! http://bit.ly/cza8cZ,78941133,an informer; someone who tells on or betrays others,insult,commenting,false,
snitch,14234267819,2010-05-18,Oh for the record i aint no twitter snitch #justsaying .,96675241,an informer; someone who tells on or betrays others,insult,commenting,false,
snitch,14234622457,2010-05-18,#SNITCH RT @NayGreatest: I'm telling!!! How she gonna answer with a blunt in her hand? Lmaooo RT @YunGmake_em_cum: @NayGreatest MILAH! LML..,55772274,an informer; someone who tells on or betrays others,insult,casual_conversation,false,
snitch,14234721548,2010-05-18,"@Traylundy3 shiiiiiiiiiiiiiitttttt... Im a lot of things, but snitch ain't one of em",25464408,an informer; someone who tells on or betrays others,insult,casual_conversation,false,
snitch,14235005567,2010-05-18,i rather see a snitch die slow b4 i get locked up,63595489,an informer; someone who tells on or betrays others,insult,commenting,false,
snitch,14235063290,2010-05-18,@jthomas251 why u being a snitch hoe @f1y9uy said thats why it takes you so long to reply,104386652,an informer; someone who tells on or betrays others,insult,casual_conversation,false,
snitch,14235160583,2010-05-18,"perform ""Kill a Protected Snitch"" and earn $ 270 in #140godfather http://www.140godfather.com/?mid=5",115678026,an informer; someone who tells on or betrays others,insult,commenting,false,
snitch,14235315112,2010-05-18,And Jay-Z a snitch!!!,38552894,an informer; someone who tells on or betrays others,insult,commenting,false,
snitch,14398433445,2010-05-21,Females gettin bold dese dayz always rdy to put dey hands n a nigga face but wen a nigga get on dey ass dey rdy to call da laws #snitch,115100892,an informer; someone who tells on or betrays others,insult,commenting,false,
snitch,14398469851,2010-05-21,Thought u came back to DC? A snitch dropped dime on u lol! @riricesq,59363607,an informer; someone who tells on or betrays others,insult,casual_conversation,false,
snitch,14398525780,2010-05-21,get the fuck off my timeline snitch,103676185,an informer; someone who tells on or betrays others,insult,commenting,false,
snitch,14398539064,2010-05-21,The first 48 the only show that it's aight to snitch on..... Y is that??? I'm lost I didn't kno snitching was cool... Did that change,41108207,an informer; someone who tells on or betrays others,insult,commenting,false,
snitch,14398627429,2010-05-21,RT @sikbabii: get the fuck off my timeline snitch---#Youmad lol,21692111,an informer; someone who tells on or betrays others,insult,casual_conversation,false,
snitch,14398630753,2010-05-21,"""all da niggaz gettin $ on sum hustle shit who neva mention da names of who dey hustle wit we all feelin da same my nigga fucc a snitch"" @So",126149624,an informer; someone who tells on or betrays others,insult,casual_conversation,false,
snitch,14398638461,2010-05-21,RT @ClassyDivaNey: Get so pissed when these jackasses confess or snitch on first 48 hrs when there was no evidence to begin with!!,122267625,an informer; someone who tells on or betrays others,insult,casual_conversation,false,
snitch,14398741399,2010-05-21,Damn Candace stay trying to bust them and snitch on them to the mom and she always fails. Ha!,28830415,an informer; someone who tells on or betrays others,insult,commenting,false,
snitch,14398835073,2010-05-21,RT @HEY_iimpretty: Yesz im ganna go hard. Fucking pussy ass snitch ass bytch. Dnt say nun behind ppl bakk step (cont) http://tl.gd/1d8s6m,36525689,an informer; someone who tells on or betrays others,insult,casual_conversation,false,
snitch,14469970383,2010-05-22,@JDub82 you are such a snitch lol,15321566,an informer; someone who tells on or betrays others,insult,casual_conversation,false,
snitch,14469974759,2010-05-22,@ibanomaly see peer pressure you sound like the boys in the hood calling people SNITCH and stuff lol,28684245,an informer; someone who tells on or betrays others,insult,casual_conversation,false,
snitch,14470033885,2010-05-22,#thingswhitepeopledo get mauled by tigers in a Zoo and have a nerve to snitch on the tigers,26528549,an informer; someone who tells on or betrays others,insult,commenting,false,
snitch,14470087300,2010-05-22,@BitchIAiNtDaOne FUCKIN SNITCH LHAF,53131251,an informer; someone who tells on or betrays others,insult,casual_conversation,false,
snitch,14470244080,2010-05-22,RT @MegaXave: #thingswhitepeopledo get mauled by tigers in a Zoo and have a nerve to snitch on the tigers,18792750,an informer; someone who tells on or betrays others,insult,casual_conversation,false,
snitch,14470786129,2010-05-22,#thingswhitepeopledo.... Snitch,110508175,an informer; someone who tells on or betrays others,insult,commenting,false,
snitch,14471009684,2010-05-22,Why would u dry snitch? I'm only 40 mins in. #hater RT @SheezAHauteMess: @gillywithag I swear I stopped that (cont) http://tl.gd/1dsd3u,14292025,an informer; someone who tells on or betrays others,insult,commenting,false,
snitch,14471081156,2010-05-22,@iClassy_ .lols bro dhat ladyy dhat was ckleaninq his house qne snitch on him !,56872934,an informer; someone who tells on or betrays others,insult,casual_conversation,false,
snitch,14471149502,2010-05-22,#thingswhitepeople snitch like its there job,102868632,an informer; someone who tells on or betrays others,insult,commenting,false,
snitch,14471393251,2010-05-22,#ThingsBlackPeopleDo snitch when they scared,115797706,an informer; someone who tells on or betrays others,insult,commenting,false,
snitch,14517780368,2010-05-22,RT @badassiwannabe @queengucci_de he said you have a dumb #twittername but i had your back tho bestie!lol &lt; #snitch,39865024,an informer; someone who tells on or betrays others,insult,casual_conversation,false,
snitch,14517840584,2010-05-22,RT @YOUNGLYXX: @ApryleSoPretti I'm at Jack n a box now but @GUAP_EWING ate ya 2tacos lmao&lt;-- #snitch!!! LOL,23568022,an informer; someone who tells on or betrays others,insult,casual_conversation,false,
snitch,14517864235,2010-05-22,@LilShawtyKidd i'm no snitch!! you're the one who posted it for her to see..lol...#slowness,142041851,an informer; someone who tells on or betrays others,insult,casual_conversation,false,
snitch,14517917744,2010-05-22,@badassiwannabe well she ain't see it and u relayed it 2 her...snitch,39865024,an informer; someone who tells on or betrays others,insult,casual_conversation,false,
snitch,14517991837,2010-05-22,My son jus called his aunt a snitch cos she told me he was eating sweets LMAO,35461132,an informer; someone who tells on or betrays others,insult,commenting,false,
snitch,14517997632,2010-05-22,@badassiwannabe u tell on people? Officially a #SNITCH,39865024,an informer; someone who tells on or betrays others,insult,casual_conversation,false,
snitch,14518064293,2010-05-22,@badassiwannabe betta be dat dan a #snitch #knodat lol,39865024,an informer; someone who tells on or betrays others,insult,casual_conversation,false,
snitch,14518251481,2010-05-22,Rt @Norfolkstatejun: Yo this bitch is a snitch damm and her crib is right next door 2 mine http://yfrog.com/5ij0vj smdh wat happen ova there,39619846,an informer; someone who tells on or betrays others,insult,casual_conversation,false,
snitch,14518332411,2010-05-22,"I would feel ashamed if my name was ************* ..... i would say tha name but you do have a little snitch on here....
--&gt;mvp*2010! :)",109722146,an informer; someone who tells on or betrays others,insult,commenting,false,
snitch,14518376496,2010-05-22,"@TsexyHRD lol I'm jk anyways! I'm not a snitch, I don't see nuttin *cover eyes*",47410869,an informer; someone who tells on or betrays others,insult,casual_conversation,false,
snitch,14862990059,2010-05-27,"@TheChunkyChickz Radio Topic: If you got 30 yrs wld you ""SNITCH"" ur way out? Tune in Friday @ 10pm on107.1fm StreetConnectDjs.co",27251731,an informer; someone who tells on or betrays others,insult,casual_conversation,false,
snitch,14863022311,2010-05-27,Snitch Site For Marijuana Informers Backfires: http://bit.ly/bmsH2h #marijuana #cannabis #420 #digg,36835532,an informer; someone who tells on or betrays others,insult,commenting,false,
snitch,14863084965,2010-05-27,My sisters a snitch. Snitches get stiches!,35371180,an informer; someone who tells on or betrays others,insult,commenting,false,
snitch,14863085033,2010-05-27,RT @saferreefer: Snitch Site For Marijuana Informers Backfires: http://bit.ly/bmsH2h #marijuana #cannabis #420 #digg,22160677,an informer; someone who tells on or betrays others,insult,casual_conversation,false,
snitch,14863432027,2010-05-27,"@MingToii I Jus Like Gucci Persona. Im Not A Fan Of A Snitch & Argue About Tune & Guc When Guc Sale A Mill. Lol.
Blessed.",36212511,an informer; someone who tells on or betrays others,insult,casual_conversation,false,
snitch,14863514231,2010-05-27,...homeboy tryna his best not to snitch.,38797566,an informer; someone who tells on or betrays others,insult,commenting,false,
snitch,14863553333,2010-05-27,FUCC THA NIGGA WHO SNITCH ON MY USO ..,75015015,an informer; someone who tells on or betrays others,insult,commenting,false,
snitch,14863609396,2010-05-27,#WeAllHaveThatOneFollower that just follow u to be nosey and run bk and tell shit *snitch'n ass trick*,25894667,an informer; someone who tells on or betrays others,insult,commenting,false,
snitch,14863668909,2010-05-27,@_LickMyCooter_ you's a snitch son lmao j.k,31474904,an informer; someone who tells on or betrays others,insult,casual_conversation,false,
snitch,14863806027,2010-05-27,"@Ekinadese hahahahahahahhaha. ""in true david masagbor fashion"" hahahah so are you calling DAvid a snitch?",112453777,an informer; someone who tells on or betrays others,insult,casual_conversation,false,
snitch,14992863272,2010-05-29,"#snitch RT @SonghaChang 
I'm telling @bobatl you stole his lyrics. RT @Rhymestyle: ...You living in a dangerous.. Woonderlaaand....",60697256,an informer; someone who tells on or betrays others,insult,casual_conversation,false,
snitch,14992867161,2010-05-29,"Kiki:""I've never seen one in person before."" Me:""What? A cunt? Well there's 2 at that table. (snitch walks by) And there's the third!""",54712435,an informer; someone who tells on or betrays others,insult,commenting,false,
snitch,14992910017,2010-05-29,"RT ME:""I've never seen one in person before."" LEXI:""What? A cunt? Well there's 2 at that table. (snitch walks by) And there's the third!""",101960753,an informer; someone who tells on or betrays others,insult,commenting,false,
snitch,14993044720,2010-05-29,King_Polo: Gotta be smart wit da shit u say & do..it's always a snitch watchn: King_Polo: Gotta be smart wit da shit u say & do..it's ...,131922395,an informer; someone who tells on or betrays others,insult,commenting,false,
snitch,14993238149,2010-05-29,wow...this girl keep textin me tryna figure out what her dude did after she left..beezy im DEF not gunna snitch on my friend 4 u smh,100363107,an informer; someone who tells on or betrays others,insult,commenting,false,
snitch,14993239638,2010-05-29,Snitch RT @_tyeshee @FckYoFeelings :-| I'm telling,24208037,an informer; someone who tells on or betrays others,insult,casual_conversation,false,
snitch,14993316414,2010-05-29,"Stupd granparents, call my mom and snitch on me. The fuck did I do?",110317310,an informer; someone who tells on or betrays others,insult,commenting,false,
snitch,14993449877,2010-05-29,@ReddFUIF...@_KatStacks_ b hoeing then wana tell like SUPERHEAD...well bytch u shouldnt be given up pussy to ery1 then tryna snitch,139214382,an informer; someone who tells on or betrays others,insult,casual_conversation,false,
snitch,14993550577,2010-05-29,Snitch niggas..   RT @jiballzzz: Catching trips in zamunda with @thetoolsman and @biodunf,56822374,an informer; someone who tells on or betrays others,insult,casual_conversation,false,
snitch,14993689657,2010-05-29,@RaquellyyWellyy snitch!,125775171,an informer; someone who tells on or betrays others,insult,casual_conversation,false,
snitch,15012491160,2010-05-30,My Dads A Snitch #BruialBlad,22537552,an informer; someone who tells on or betrays others,insult,commenting,false,
snitch,15012539608,2010-05-30,I finna snitch on these youngins in a few. They sitting to cose to me,17288908,an informer; someone who tells on or betrays others,insult,commenting,false,
snitch,15012540617,2010-05-30,I finna snitch on these youngins in a few. They sitting to close to me,17288908,an informer; someone who tells on or betrays others,insult,commenting,false,
snitch,15012588794,2010-05-30,@Macnificent32 a whau really deh pon not time Peter a Snitch,53758929,an informer; someone who tells on or betrays others,insult,casual_conversation,false,
snitch,15012974651,2010-05-30,@bmoreumissedit that's true but he is also a #snitch truth lol hahaha wassup G,27416418,an informer; someone who tells on or betrays others,insult,casual_conversation,false,
snitch,15013235969,2010-05-30,@thesolomind thats why they was quick to lock up tim donaghy he was gonna snitch on all those ppl lol,20077484,an informer; someone who tells on or betrays others,insult,casual_conversation,false,
snitch,15013528815,2010-05-30,This nigga a snitch plus a crybaby..smh,100109412,an informer; someone who tells on or betrays others,insult,commenting,false,
snitch,15013542008,2010-05-30,RT @TheTrendsation: You Americanized bitches ain't got no loyalty!!!))) Lmaoooo nor does these nigga.. They even snitch on females nowadays,40255086,an informer; someone who tells on or betrays others,insult,casual_conversation,false,
snitch,15013566751,2010-05-30,"""I'M FUCCCING FAR GONE NOW"" @romeo3mz  ahahahaha #flight...dnt snitch...",64236563,an informer; someone who tells on or betrays others,insult,casual_conversation,false,
snitch,15013574277,2010-05-30,@mikerob319 noooooooo kobe is notttttt lebron isssss!!! And lebron has character to go w it kobe isss a #SNITCH dass more or less da reason,94188330,an informer; someone who tells on or betrays others,insult,casual_conversation,false,
snitch,15387268951,2010-06-04,Really Kobe a snitch,99887642,an informer; someone who tells on or betrays others,insult,commenting,false,
snitch,15387296149,2010-06-04,@thingswecarry w/e. Ill let you know if i go to snitch next wk/any other wk. Working on weekends means thriller days are pretty much over.,20585378,an informer; someone who tells on or betrays others,insult,casual_conversation,false,
snitch,15387310552,2010-06-04,"RT @carma_jones O yea, I also hate Kobe b/c he's a snitch. O yea, and he's another black man who loves all women that aren't black. &lt;&lt; WORD.",26887575,an informer; someone who tells on or betrays others,insult,casual_conversation,false,
snitch,15387319343,2010-06-04,Kobe a snitch,46844709,an informer; someone who tells on or betrays others,insult,commenting,false,
snitch,15387419945,2010-06-04,RT @Jpolloxnupe Really Kobe a snitch&gt;&gt;&gt; #imjustsaying,58689920,an informer; someone who tells on or betrays others,insult,casual_conversation,false,
snitch,15387422986,2010-06-04,"@erikgwilson Now, if he was a snitch and couldn't play worth nothing, then that's an issue. ;-)",33110419,an informer; someone who tells on or betrays others,insult,casual_conversation,false,
snitch,15387471595,2010-06-04,RT @5starENT_ky: RT @BlacQ_Moses Kobe steals moves! #copycatassnigga I AGREE PLUS HE'S A SNITCH &lt; most importantly he's a SNITCH,111033489,an informer; someone who tells on or betrays others,insult,casual_conversation,false,
snitch,15387532845,2010-06-04,@lagwriter So a snitch is cool as long as he has a wicked jump shot and can make his free throws. Got it.,14550307,an informer; someone who tells on or betrays others,insult,casual_conversation,false,
snitch,15387570906,2010-06-04,This basketball game is pretty. Many I should give this sport a chance. Question: How long before they release the Golden Snitch?,33358226,an informer; someone who tells on or betrays others,insult,commenting,false,
snitch,15387572341,2010-06-04,Nobody likes a #SNITCH! RT @MSVAtlPeach88: Had to go check on my niece deja while @CHRISSYNICOLEEE went on a date...,44201699,an informer; someone who tells on or betrays others,insult,casual_conversation,false,
snitch,15511196869,2010-06-05,@VernonDaQue you eat cheese? . so you a rat . . and you snitch . lol,41839448,an informer; someone who tells on or betrays others,insult,casual_conversation,false,
snitch,15511313797,2010-06-05,` ( @iFuckinqBebe ] im finna snitch ! . . &lt;3,127733925,an informer; someone who tells on or betrays others,insult,casual_conversation,false,
snitch,15511609239,2010-06-05,"""You ever snitch or took the stand? You ain't a real ni66a. You got to hate on the next man? You ain't a real ni66a.""",20465433,an informer; someone who tells on or betrays others,insult,commenting,false,
snitch,15511775161,2010-06-05,@FAMESparkLyy Atomikk9Lives here you go Download the Story Of A Snitch ringtone by @Deuce9Lives at (cont) http://tl.gd/1mo590,31040931,an informer; someone who tells on or betrays others,insult,casual_conversation,false,
snitch,15511891362,2010-06-05,"I Never Could Rock W/ Gucci. Not On NO Hating Stuff, But Dude Aint My Cup Of Tea. I've Always Been A JEEZY Fan! No Fan Of A Snitch.",36212511,an informer; someone who tells on or betrays others,insult,commenting,false,
snitch,15511981085,2010-06-05,@DIMPPLEZ91 SHUT UP SNiTCH.,54692562,an informer; someone who tells on or betrays others,insult,casual_conversation,false,
snitch,15512070206,2010-06-05,RT @xxxCensoredxxx: #songoftheday Story of a Snitch by @Deuce9Lives &lt;3.,67791660,an informer; someone who tells on or betrays others,insult,casual_conversation,false,
snitch,15512204480,2010-06-05,Sittin n the barbershop got these felons explainin to me how T.I. Gotta b a snitch....damn,59842244,an informer; someone who tells on or betrays others,insult,commenting,false,
snitch,15512311834,2010-06-05,RT @cassmarez: #songoftheday Story of a Snitch by @Deuce9Lives = genius!! &lt;3,67791660,an informer; someone who tells on or betrays others,insult,casual_conversation,false,
snitch,16135165863,2010-06-14,@phoenixfeet diran u no dt we can neva snitch on u,81198840,an informer; someone who tells on or betrays others,insult,casual_conversation,false,
snitch,16135218062,2010-06-14,Snitches RT @ayowales: @phoenixfeet diran u no dt we can neva snitch on u,44984474,an informer; someone who tells on or betrays others,insult,casual_conversation,false,
snitch,16135359557,2010-06-14,"Some niggaz day to day snitch, they vocal,I don't honor them fools ,Them type of dudes get they tonsils removed",47219130,an informer; someone who tells on or betrays others,insult,commenting,false,
snitch,16135428966,2010-06-14,"Smh I really hate my phone, if it was a real person it'd prolly be a snitch or a nigga that wear fake shoes",123514172,an informer; someone who tells on or betrays others,insult,commenting,false,
snitch,16135508651,2010-06-14,Frank Lucas speaks on Bumpy Johnson & being called a SNITCH!!! http://bit.ly/dj2JFp,29416031,an informer; someone who tells on or betrays others,insult,commenting,false,
snitch,16136588224,2010-06-14,RT @KristinDanelle: Just saw at least 2 girls doing the walk of shame near seton hall's campus lol•got damn snitch!!! Lmaoooo!!! I'm dying!!,23719037,an informer; someone who tells on or betrays others,insult,casual_conversation,false,
snitch,16136919407,2010-06-14,On TazzDaddy.com: FRANK LUCAS TALKS ABOUT BEING A SNITCH (VIDEO) http://bit.ly/cYAJDD,17963831,an informer; someone who tells on or betrays others,insult,commenting,false,
snitch,16137215940,2010-06-14,"@itssshanael hell yaa i was i use ta snitch on errbody cuhs my ass stayed in trouble.. misery needs company ahaha, i cnt sleep when i think.",63420317,an informer; someone who tells on or betrays others,insult,casual_conversation,false,
snitch,16137286631,2010-06-14,"Find out how often I caught you and how many snitch points you have. 
Go to htto://capscop.com Type in your username and click RapSheet.",83517275,an informer; someone who tells on or betrays others,insult,commenting,false,
snitch,16137503902,2010-06-14,"@Dalganoth Only the first snitch of the first paragraph I wrote. It's 12 pages long, the whole story.",69272520,an informer; someone who tells on or betrays others,insult,casual_conversation,false,
snitch,16173159164,2010-06-14,RT @Jay_Youngs: I think joe blacks snitch tune is better than kokes &lt; never liked kokes anyway,35818671,an informer; someone who tells on or betrays others,insult,casual_conversation,false,
snitch,16173226172,2010-06-14,I dont think im being heard .. lets talk about snitching.. nobody has the right to call anybody a snitch if they dk for sure!,114773637,an informer; someone who tells on or betrays others,insult,commenting,false,
snitch,16173252765,2010-06-14,RT @OnDeckLou: RT @TrueGent_87: If u snitch on a nigga you was doing dirt with.. u deserve to die! I mean that&lt;#gcode,27779607,an informer; someone who tells on or betrays others,insult,casual_conversation,false,
snitch,16173301878,2010-06-14,..so my cuz  wanna snitch cause granny saw his tat's lol naw son u got caught not us!!! lmao,30412070,an informer; someone who tells on or betrays others,insult,commenting,false,
snitch,16173669679,2010-06-14,Hahahahhahahahahahaah...first I'm a drug addict now imma snitch #smh....@RandiCandy,44283569,an informer; someone who tells on or betrays others,insult,casual_conversation,false,
snitch,16173772672,2010-06-14,"#throwback RT @taylorrjeannee: ""Ill tell his father-wait no-that'd be a snitch"" -- Jiminy Cricket&lt;3 lmfao",18343197,an informer; someone who tells on or betrays others,insult,casual_conversation,false,
snitch,16173905033,2010-06-14,Ole SNITCH lol RT @JBCaliBred: RT @CeETRoN Ummmmmm my brothers shorts look cute on me! *humph* *walks outta apt* {@keywordDEVON oooohhh!!!,30619869,an informer; someone who tells on or betrays others,insult,casual_conversation,false,
snitch,16174313350,2010-06-14,@FredakaDaKidd somewhere doin snitch ass police shit.,71626701,an informer; someone who tells on or betrays others,insult,casual_conversation,false,
snitch,16174397249,2010-06-14,@lovelyNESS_ hahaha watch it b4 I run n tell u might have to pay me to stay quiet... J/k I'm not a snitch,28354802,an informer; someone who tells on or betrays others,insult,casual_conversation,false,
snitch,16174509050,2010-06-14,"I bet it feel good spending that drug money until u get them 15, then u snitch with no shame and still get 10! Smh",18540505,an informer; someone who tells on or betrays others,insult,commenting,false,
snitch,16219790026,2010-06-15,"#np Story of a Snitch - @deuce9lives. (again, for a straight 18 times. man, i have something wrong with my sane side of the brain)",77137851,an informer; someone who tells on or betrays others,insult,casual_conversation,false,
snitch,16220084870,2010-06-15,the labelin of a snitch is a life time scar u always be in jail jus minus the bars,43404117,an informer; someone who tells on or betrays others,insult,commenting,false,
snitch,16220098761,2010-06-15,@som1twisted chei wetin u sef do. u don dey snitch on ur twin gf. lmao. nvr mind. d lost shall return again,53749329,an informer; someone who tells on or betrays others,insult,casual_conversation,false,
snitch,16220168845,2010-06-15,people think snitching is cool why dont you snitch on yourself?,132932832,an informer; someone who tells on or betrays others,insult,commenting,false,
snitch,16220579562,2010-06-15,#idratherbedead than snitch on anotha nigga,32036073,an informer; someone who tells on or betrays others,insult,commenting,false,
snitch,16220647182,2010-06-15,Man BG got fired that @jmac979 is a real pussy he hatta's lil ol bitch and 97.9 lil ol snitch and tell'em I said it I'm on @traeabn side,76026238,an informer; someone who tells on or betrays others,insult,casual_conversation,false,
snitch,16220795489,2010-06-15,*aaahhh why u surprised.. U know Fb is a snitch*RT @Tash_F: So FB just wanna tell everything you do now huh?? (cont) http://tl.gd/1t0901,22014746,an informer; someone who tells on or betrays others,insult,casual_conversation,false,
snitch,16221331346,2010-06-15,@keyshia44 yup pretty much @ da 50 concert brandi played a wocka flocka song remix w/ trae & @jmac979 aka snitch went & told.,27601528,an informer; someone who tells on or betrays others,insult,casual_conversation,false,
snitch,16221485128,2010-06-15,"RT @TRAEABN: RT @TerminatorREX U No Longer An Undercover Snitch @JMac979 , U Are Exposed",25792396,an informer; someone who tells on or betrays others,insult,casual_conversation,false,
snitch,17162466674,2010-06-27,"Alonso may be a snitch, but he knows the rules of the sport he's in, unlike Hamilton, and is a gentleman to abide by those rules. #f1",709503,an informer; someone who tells on or betrays others,insult,commenting,false,
snitch,17162701974,2010-06-27,Is Google About to Launch a Facebook Killer? Kevin Rose Says So. - San Francisco News - The Snitch http://tumblr.com/xatc9pnn4,9941822,an informer; someone who tells on or betrays others,insult,commenting,false,
snitch,17162707217,2010-06-27,"RT @Harjinio: @officialsosolid, mega do me a reaaaal big favour, go @ wiley again, he chats some mess &gt; harj that's like a snitch movement..",109424162,an informer; someone who tells on or betrays others,insult,casual_conversation,false,
snitch,17162920654,2010-06-27,real snitch,89619136,an informer; someone who tells on or betrays others,insult,commenting,false,
snitch,17162990639,2010-06-27,ESPN2 outside the lines - talking about purple drank. Don't snitch Marcellus Wiley! @paulwallbaby,23242733,an informer; someone who tells on or betrays others,insult,casual_conversation,false,
snitch,17163517544,2010-06-27,woke up to my neighbor screamin for help boyfriend tryna kill her beatn her ass i aint no snitch but...,33229307,an informer; someone who tells on or betrays others,insult,commenting,false,
snitch,17163799844,2010-06-27,"but you was my bitch, the one to never snitch, love me when i'm broke. or when i'm filthy fuckin rich.",107026435,an informer; someone who tells on or betrays others,insult,commenting,false,
snitch,17164219567,2010-06-27,@KANE_REALSHOTTA WAT A SNITCH IN TRAINING RITE LOLZ LOLZ,109627947,an informer; someone who tells on or betrays others,insult,casual_conversation,false,
snitch,17247560357,2010-06-28,Lol. I was a proud snitch.RT @fortuneobed: @zizicarmelo lol. Mean gal,45337473,an informer; someone who tells on or betrays others,insult,casual_conversation,false,
snitch,17248036723,2010-06-28,@PuffNasty: delete her ass!!! Sounds like an undercover snitch to me,42473517,an informer; someone who tells on or betrays others,insult,casual_conversation,false,
snitch,17248180740,2010-06-28,"RT @Trevon_T: @thehadnot the snitch of the camps, that's why he not in prison all day like @jayjackson06 . lol  #freeAJ #NINOBROWN4 COMIN",71365854,an informer; someone who tells on or betrays others,insult,casual_conversation,false,
snitch,17248603036,2010-06-28,Ooopsy! *covers mouth* RT @his_majesty_: snitch ! RT @AmieDynAmiec: Woohoo... Its good to be the only 'child' @ home,35326095,an informer; someone who tells on or betrays others,insult,casual_conversation,false,
snitch,17248935677,2010-06-28,@AlexK I've been extremely happy with Little Snitch in the past when I worried about a firewall.,7804242,an informer; someone who tells on or betrays others,insult,casual_conversation,false,
snitch,17251051758,2010-06-28,"@MizzChrissy614 Oh no don't do that, don't snitch.",27006425,an informer; someone who tells on or betrays others,insult,casual_conversation,false,
snitch,17251326396,2010-06-28,wat dyu do to a snitch?,53362752,an informer; someone who tells on or betrays others,insult,commenting,false,
snitch,17251407298,2010-06-28,"I just witnessed a crime I saw this girl jump the  turnstile w/no regards she look about 15,she lucky the old folks ain't snitch on her",50870382,an informer; someone who tells on or betrays others,insult,commenting,false,
snitch,17251693619,2010-06-28,Think its been too long since I did a show....man hope my teammates don't snitch but I'm goin to the #victor tonight @ttaylor1220 wat up???,90506792,an informer; someone who tells on or betrays others,insult,casual_conversation,false,
snitch,17251771497,2010-06-28,Snitch! RT @JessicaHamby: Awww hell! I'm gonna be in soooo much trouble when @VampireBill finds out what I told that nasty vamp  #TrueBlood,21967277,an informer; someone who tells on or betrays others,insult,casual_conversation,false,
snitch,17444994357,2010-06-30,Yes RT @DaRealJalenCash: So if you turn in the dude that shot the two cops for that 95k reward are you a snitch?,17257036,an informer; someone who tells on or betrays others,insult,casual_conversation,false,
snitch,17445007285,2010-06-30,#RulesInTheHood  Never Ever Ever Ever  Snitch on ur niggas,120332633,an informer; someone who tells on or betrays others,insult,commenting,false,
snitch,17445016544,2010-06-30,RT @JQueDyer #rulesincollege dont start pledging then go snitch...u kno what it was all about n the beginning  know that is true,79873315,an informer; someone who tells on or betrays others,insult,casual_conversation,false,
snitch,17445040062,2010-06-30,I'm a rich nigga...no bitch nigga...but if i fail i will snitch nigga,123587813,an informer; someone who tells on or betrays others,insult,commenting,false,
snitch,17445054279,2010-06-30,RT @KaycieReyes: Tell me your secret... & I'll tell you mines. Shhh... & SNITCH with me & @dj88 @ghostbarlv. #sexytime #fucktop40 #humpday,29806383,an informer; someone who tells on or betrays others,insult,casual_conversation,false,
snitch,17445054413,2010-06-30,#RealNiggas won't #Snitch ..#RealNiggas won't lie 4 a Bitch ..#RealNiggas get #Rich,60816495,an informer; someone who tells on or betrays others,insult,commenting,false,
snitch,17445059347,2010-06-30,The fact that U snitch on Ur Brothers and Sisters and are programmed to police one another shows that U are a slave!,65440720,an informer; someone who tells on or betrays others,insult,commenting,false,
snitch,17445067929,2010-06-30,RT @SledgeT_Reps: #RealNiggas won't #Snitch ..#RealNiggas won't lie 4 a Bitch ..#RealNiggas get #Rich,99112719,an informer; someone who tells on or betrays others,insult,casual_conversation,false,
snitch,17445154585,2010-06-30,"Lol && To The The Snitch , We Are STILL STANDING Sooo BADD JOBBB !!! Lmfao !",127382487,an informer; someone who tells on or betrays others,insult,commenting,false,
snitch,17445251405,2010-06-30,RT @HBC_YUNGNY: It's Only 1 Real Nigga Outta Every 6.. Tha Other 5 Fuck Boys Who Just Wanna Snitch!,62645817,an informer; someone who tells on or betrays others,insult,casual_conversation,false,
snitch,17705193927,2010-07-04,@SwaggEmUp_Early yea they get stiches..if I was a snitch everybody I kno be jail for weed n gun possesion etc.. lol,54461960,an informer; someone who tells on or betrays others,insult,casual_conversation,false,
snitch,17705558238,2010-07-04,@K_Electronica Snitch! Hahahahaha,86859168,an informer; someone who tells on or betrays others,insult,casual_conversation,false,
snitch,17705594716,2010-07-04,@mybraindrops nuh uh wifey! @yumMAEcrafty knows i'm bein DOPEWIDIT!!! did she tell you for me not to be mean?....wha a SNITCH ASS NIGGUH!!!,18498046,an informer; someone who tells on or betrays others,insult,casual_conversation,false,
snitch,17705991710,2010-07-04,So I Got To Get My Point across Like a Snitch Would But Im Not a Snitch,131909901,an informer; someone who tells on or betrays others,insult,commenting,false,
snitch,17706240102,2010-07-04,@xay_LuxuryJettz aite bruh #webrokeupbecause you so damn paranoid that someones gonna snitch on you! Shaky much?,25743532,an informer; someone who tells on or betrays others,insult,casual_conversation,false,
snitch,17706642751,2010-07-04,RT @YaLuvChrisy_MMH  IMMA SNITCH !!! . ====&gt;LOLSS #LETMESTAYAWAYY,95817860,an informer; someone who tells on or betrays others,insult,casual_conversation,false,
snitch,17706678280,2010-07-04,RT @MoMoneyDrama: RT @YaLuvChrisy_MMH  IMMA SNITCH !!! . ====&gt;LOLSS #LETMESTAYAWAYY,92650999,an informer; someone who tells on or betrays others,insult,casual_conversation,false,
snitch,17707028643,2010-07-04,@Nike_Head35 ahaha she doesn't know sshhhh:-x and you better not snitch on me or else!!,117688269,an informer; someone who tells on or betrays others,insult,casual_conversation,false,
snitch,17707036989,2010-07-04,NEVER STEAL & NEVER SNITCH! #EVER,103356129,an informer; someone who tells on or betrays others,insult,commenting,false,
snitch,17707240827,2010-07-04,"This for my broke niggas, this for my rich niggas got a hundred on A head of a snitch nigga",26943919,an informer; someone who tells on or betrays others,insult,commenting,false,
snitch,18656987291,2010-07-16,She's such a snitch... Smh,56373531,an informer; someone who tells on or betrays others,insult,commenting,false,
snitch,18657060142,2010-07-16,gonna catch that plane to seattle saturday for the snitch n bitch ..uber excited,48945979,an informer; someone who tells on or betrays others,insult,commenting,false,
snitch,18657244595,2010-07-16,Dumb nigga (STUPID!) I told u (FLOCKA!) Don't snitch on waka flocka suwoo,25433108,an informer; someone who tells on or betrays others,insult,commenting,false,
snitch,18657313610,2010-07-16,"Overheard: Me: ""Snuck into Snitch last night, shit was cash."" Veronica: Who's that? Me: Guess. Veronica:... http://tumblr.com/x8ddiyja4",158624374,an informer; someone who tells on or betrays others,insult,commenting,false,
snitch,18657353370,2010-07-16,@L7hop I was just about to snitch on her @SwissMissKii lol,131855251,an informer; someone who tells on or betrays others,insult,casual_conversation,false,
snitch,18657559840,2010-07-16,"Lol the folks at work be talkin bout folks snitchin, I was like yall, we work at Target wtf sum1 wanna snitch on (cont) http://tl.gd/2hofth",33734549,an informer; someone who tells on or betrays others,insult,commenting,false,
snitch,18657560560,2010-07-16,"I think I got some type of tweet-snitch scopin my timeline .. Hm , interesting .",68279130,an informer; someone who tells on or betrays others,insult,commenting,false,
snitch,18657675742,2010-07-16,@iBeenFeisty the block button or unfollow works great.... got a 100 on the head of a snitch nigga (rick ross voice),62937538,an informer; someone who tells on or betrays others,insult,casual_conversation,false,
snitch,18657754803,2010-07-16,"They Should Change the Name of the ""first 48"" Show too ""The Snitch"" Show. Everybody spill they fuggin gutts on that shit smh",133036691,an informer; someone who tells on or betrays others,insult,commenting,false,
snitch,18657947656,2010-07-16,Idc Call me ah snitch but if u Rob my ppl imma tell em where u be at u deserve wutchu get,166729177,an informer; someone who tells on or betrays others,insult,commenting,false,
snitch,19236097428,2010-07-22,SNITCH is off da Hook right now!!! http://myloc.me/9zc2b,23875642,an informer; someone who tells on or betrays others,insult,commenting,false,
snitch,19236110907,2010-07-22,Damn snitch @BiancaJoi90 you wanted this pussy as well so don't say too much lol,96969803,an informer; someone who tells on or betrays others,insult,casual_conversation,false,
snitch,19236173793,2010-07-22,"Checking out ""YOUNG JEEZY YOU A SNITCH By Psyke Sconi Southwest Detroit`s Own"" on TOUCHILL: http://ning.it/dxLSVj",46534479,an informer; someone who tells on or betrays others,insult,commenting,false,
snitch,19236238053,2010-07-22,@trekelleyone no his homie snitch on him instead of riding for his people he wouldve been well taken care of.. No loyalty,26592047,an informer; someone who tells on or betrays others,insult,casual_conversation,false,
snitch,19236292424,2010-07-22,Do muckrakers even still exist? Dont they be wanting to shoot a snitch? Lol Fuck around and dont get Roger back.. ;),86775396,an informer; someone who tells on or betrays others,insult,commenting,false,
snitch,19236316986,2010-07-22,@DJMIKEATTACK is making me sooo proud right now...welcome to #SNITCH my friend,18796293,an informer; someone who tells on or betrays others,insult,casual_conversation,false,
snitch,19236372451,2010-07-22,Snitch tonight. Hella keen for @skywaygc !,27846642,an informer; someone who tells on or betrays others,insult,casual_conversation,false,
snitch,19236499021,2010-07-22,"""Whatchu gon do when shit hit the fan,take it like a man or snitch like a bitch""",61944899,an informer; someone who tells on or betrays others,insult,commenting,false,
snitch,19236516266,2010-07-22,"""@BankyW: Snitch! :oP heheh RT @Yewizzy: @BankyW you were with a kele ;)""..plenty keles dey so which of d keles",138865845,an informer; someone who tells on or betrays others,insult,casual_conversation,false,
snitch,19236604795,2010-07-22,"RT @PalinVoldemort: If you're having quidditch problem I feel bad for you son, I got 99 problems but the snitch ain't one.",25763494,an informer; someone who tells on or betrays others,insult,casual_conversation,false,
snitch,19981525176,2010-07-31,@sweeeti3 i'm no snitch,53314170,an informer; someone who tells on or betrays others,insult,casual_conversation,false,
snitch,19981588074,2010-07-31,Shame on d both of u RT @Misse_Macheh: @NickieSoSassy ah c u if I dnt snitch u wld so I just had to get in there first oh lol,74210299,an informer; someone who tells on or betrays others,insult,casual_conversation,false,
snitch,19983515832,2010-07-31,"@NLFirestarter Yup. I wonder how Richard will feel about it if he ever finds out. I'm no snitch, though.",118517871,an informer; someone who tells on or betrays others,insult,casual_conversation,false,
snitch,19984303812,2010-07-31,"Find out how often I caught you and how many snitch points you have. 
Go to http://capscop.com Type in your username and click RapSheet.",83517275,an informer; someone who tells on or betrays others,insult,commenting,false,
snitch,19985090573,2010-07-31,"""keep ya mouth closed.. i ain't raised no snitch.. she roll a good blunt you better wife that bitch""",38619103,an informer; someone who tells on or betrays others,insult,commenting,false,
snitch,19986180916,2010-07-31,@tripp299 Snitch next Thursday?,73446623,an informer; someone who tells on or betrays others,insult,casual_conversation,false,
snitch,19986518478,2010-07-31,Snitch ass bitches Lmao waiving at the cops like they cool... #hoesaynosay,122254818,an informer; someone who tells on or betrays others,insult,commenting,false,
snitch,19986642457,2010-07-31,"@V_AmorosiFansUK Any idea who the male voice is in Snitch? Is it Eric Bana? Ooooh Love Eric Bana, he's deevinnnnnnnnnnnnnnne",45448182,an informer; someone who tells on or betrays others,insult,casual_conversation,false,
snitch,19986649924,2010-07-31,Why would yu snitch bitch!?,113803281,an informer; someone who tells on or betrays others,insult,commenting,false,
snitch,19986702880,2010-07-31,This little boy is a snitch aswell.. Lol his name is Alfie aswell pahahaha,43726823,an informer; someone who tells on or betrays others,insult,commenting,false,
snitch,20488892540,2010-08-06,RT @ChunkyPocket_T: JUSS FINISHED WATCHIN THE ALPO STORY...#DEATH TO THESE UNLOYAL SNITCH RAT ASS MOTHERFUCKERSS YOU NIGGAS HAVE #NODECENCY,69206774,an informer; someone who tells on or betrays others,insult,casual_conversation,false,
snitch,20488934398,2010-08-06,"RT @cakescash_: ""i aint never been a snitch. i aint never been a bitch. i aint never claim to be somethin i wasnt.""",133532585,an informer; someone who tells on or betrays others,insult,casual_conversation,false,
snitch,20489099999,2010-08-06,"Wat u on abt ? Fuck u jor... Dood get @ me ... ""@BaddestKitty: @dreeee1 you are a snitch! Our love is finished!xoxo""",35538150,an informer; someone who tells on or betrays others,insult,casual_conversation,false,
snitch,20489193058,2010-08-06,@JimmyD_shoes ahhhhhhh!..ehen!..wen did u go!..ahh blaady snitch!..smh..n u dint tell me..n in my mind I tot we were gon see tomoro,134240389,an informer; someone who tells on or betrays others,insult,casual_conversation,false,
snitch,20489271533,2010-08-06,This dude dead ass got a loyalty tattoo but is the snitch in my office. Smh.,21867648,an informer; someone who tells on or betrays others,insult,commenting,false,
snitch,20489319652,2010-08-06,Hater is an Urban witch #ohYeah' RT @Happieliz: RT @IssaMwamba: Snitch is an Urban Informer. #Aha,106753706,an informer; someone who tells on or betrays others,insult,casual_conversation,false,
snitch,20489344994,2010-08-06,RT @CallMeCuppy: Somebodys husband is trying to pocket my car insurance money. I'm no snitch but I hope she sees my tweet. Lol #subliminal,74048261,an informer; someone who tells on or betrays others,insult,casual_conversation,false,
snitch,20489345061,2010-08-06,To determine if you have true friends stage a crime scene and see if they drop the dime on yo ass 9/10 will snitch,26642969,an informer; someone who tells on or betrays others,insult,commenting,false,
snitch,20489466273,2010-08-06,ROTMFAO RT @Follow_drazzy: Hater is an Urban witch #ohYeah' RT @Happieliz: RT @IssaMwamba: Snitch is an Urban Informer. #Aha,86489386,an informer; someone who tells on or betrays others,insult,casual_conversation,false,
snitch,20489544754,2010-08-06,RT @Corderoknows: To determine if you have true friends stage a crime scene and see if they drop the dime on yo ass 9/10 will snitch,22539944,an informer; someone who tells on or betrays others,insult,casual_conversation,false,
snitch,20967875591,2010-08-12,En route to snitch,22601670,an informer; someone who tells on or betrays others,insult,commenting,false,
snitch,20968068550,2010-08-12,Yes tell em bruv..tell em u'z a PhD holda in dat@Quadribello:U goonz beta watch it..no nigga snitch lyk me#GBAM@Sexzeee: *Passin by*@desayo:,93253839,an informer; someone who tells on or betrays others,insult,casual_conversation,false,
snitch,20968244629,2010-08-12,Let's drink @ snitch,73446623,an informer; someone who tells on or betrays others,insult,casual_conversation,false,
snitch,20968269722,2010-08-12,Hey daddy how i look??? Like a damn snitch.... look like u bout to go snitch on somebody right damn now.... lmmfao i luv that movie,67062636,an informer; someone who tells on or betrays others,insult,commenting,false,
snitch,20968277789,2010-08-12,Yes now...RT @Oluwole_JR: @chykelfarooq @verbalreasoning we go do our own too.bloody snitch oshi.Cc@lasgidiboi,65720858,an informer; someone who tells on or betrays others,insult,casual_conversation,false,
snitch,20968291124,2010-08-12,"If they told you you had to do 20 years or snitch wat wld u do? I wld do 20. Take up a trade n prison n shit..pass time, fuk bitches",79654549,an informer; someone who tells on or betrays others,insult,commenting,false,
snitch,20968395835,2010-08-12,@Harrisment_UK Snitch!,73679194,an informer; someone who tells on or betrays others,insult,casual_conversation,false,
snitch,20968669671,2010-08-12,@NatAchon Is Official A Certified Snitch..,52178032,an informer; someone who tells on or betrays others,insult,casual_conversation,false,
snitch,20968717137,2010-08-12,@Mabhoniza were you praying next to Fana agains?? why left ear went deaf?? *hides* shhhh don't snitch,17618509,an informer; someone who tells on or betrays others,insult,casual_conversation,false,
snitch,20968924124,2010-08-12,@KingzleyU lol! Now that's d kinds ish u snitch about! seyitan o! Bizzle we don find d 1st babe for bb pin video! And track d babes video o!,49543090,an informer; someone who tells on or betrays others,insult,casual_conversation,false,
snitch,21663541872,2010-08-20,@Wa11o yeah.... Its no loyalty in the world any more. Any one will snitch now for that fame and money!,19246714,an informer; someone who tells on or betrays others,insult,casual_conversation,false,
snitch,21663797405,2010-08-20,@whatshefound yea yea... whatever. You just went from hater to snitch.,136003606,an informer; someone who tells on or betrays others,insult,casual_conversation,false,
snitch,21663894555,2010-08-20,#IHateNiqqas dat snitch on they own mans.,144263051,an informer; someone who tells on or betrays others,insult,commenting,false,
snitch,21664328845,2010-08-20,I am the only 1 who think lyfe jennings broke every #manlaw possible wit dat statistics song..F'n snitch!...lol,157235967,an informer; someone who tells on or betrays others,insult,commenting,false,
snitch,21664410016,2010-08-20,my brovva had da neeeeeeeeeeeerve 2 try an snitch on me nigggggga please i got big dort on yur black ass,124880263,an informer; someone who tells on or betrays others,insult,commenting,false,
snitch,21664764457,2010-08-20,"RT""@handy_41: I am the only 1 who think lyfe jennings broke every #manlaw possible wit dat statistics song..F'n snitch!...lol""--yea he did",32113121,an informer; someone who tells on or betrays others,insult,casual_conversation,false,
snitch,21664951831,2010-08-20,RT @firstreference: Snitch line targets unsafe job sites http://bit.ly/9TBXt1ob-sites?bn=1  #HumanResources #EmploymentLaw,36228831,an informer; someone who tells on or betrays others,insult,casual_conversation,false,
snitch,21664968181,2010-08-20,Thinkin' I should play hooky from work...at least until lunch time...but I think my coworkers might snitch on me *AHEM* @SexyJah,22660638,an informer; someone who tells on or betrays others,insult,casual_conversation,false,
snitch,21665025566,2010-08-20,Abeg who knows where @Fakinsanya is o!Omo snitch yen!lol,107423788,an informer; someone who tells on or betrays others,insult,casual_conversation,false,
snitch,21665604676,2010-08-20,"Damn this nigga gonna snitch on me, well i all rdy kno 2be expectin a call 2nite",40340469,an informer; someone who tells on or betrays others,insult,commenting,false,
snitch,22212871332,2010-08-26,#bitassnessatitsfinest smh RT @ThatsLite #oneofmyfollowers tried to accuse/snitch on my mom....please one yourself in a tornado,39515785,an informer; someone who tells on or betrays others,insult,casual_conversation,false,
snitch,22212989655,2010-08-26,"RT @poetic_ivy1908 #MauryGreekEpisode ""Yea I'm a snitch & proud"". Due 2 numerous threats beyond R control ths episode WILL NOT AIR // *dead*",131064129,an informer; someone who tells on or betrays others,insult,casual_conversation,false,
snitch,22213086315,2010-08-26,FUCK all yall calln me a snitch that shit was funny watchn her lil old non english speakin ass get busted! ROTFLMAO,39153767,an informer; someone who tells on or betrays others,insult,commenting,false,
snitch,22213086435,2010-08-26,Ummm...I mite depending on the situation lol RT @Im_Jus_Mary: #truefriend doesn't snitch on you to your mate #storyofmylife,31644638,an informer; someone who tells on or betrays others,insult,casual_conversation,false,
snitch,22213115549,2010-08-26,@50cent Nigga Dre told evry1 in a youtube video that you dont even do drugs.U just say dat stupid shit to be cool.evry1 know you a snitch!,82188845,an informer; someone who tells on or betrays others,insult,casual_conversation,false,
snitch,22213221516,2010-08-26,U snitch dnt blow ny kiss joh @daisysharon: @Cremehoney disgo y are u angry...mwah!,36458530,an informer; someone who tells on or betrays others,insult,casual_conversation,false,
snitch,22213252260,2010-08-26,"@oohsoLA SEPT 6TH THAT JEDi or [DiE] EP IS DROPPING, GET DAT FREE DOWNLOAD. ""EPIC IT WILL BE"" -YODA. #JEDiOr Snitch on JEEZY",30519565,an informer; someone who tells on or betrays others,insult,casual_conversation,false,
snitch,22213334709,2010-08-26,RT @FuturisticRetro A #TrueFriend will never snitch on you.,41320051,an informer; someone who tells on or betrays others,insult,casual_conversation,false,
snitch,22213435200,2010-08-26,Ain't nobody see nuttin...why you tryna get the neighbors to snitch....(fussin at the tv) #First48,155451587,an informer; someone who tells on or betrays others,insult,commenting,false,
snitch,22213467367,2010-08-26,RT @allstarderek: RT @FuturisticRetro A #TrueFriend will never snitch on you.// cant belee diz cumin frm a #snitch,107767095,an informer; someone who tells on or betrays others,insult,casual_conversation,false,
snitch,22645001945,2010-08-31,Possible snitch RT @STYLEZ_P: IM THE NATIONAL SECURITY ADVISOR!!!!!!!,26256994,an informer; someone who tells on or betrays others,insult,casual_conversation,false,
snitch,22645082103,2010-08-31,RT @cocojenell #TTTT I hate a Sucka Ass Rat/Snitch Coworker...,17554493,an informer; someone who tells on or betrays others,insult,casual_conversation,false,
snitch,22645104554,2010-08-31,RT @Candiiii26: @stefanoRamos bitch!&lt; snitch!,126718432,an informer; someone who tells on or betrays others,insult,casual_conversation,false,
snitch,22645142513,2010-08-31,@meenaeff Can't really do that why females wanna get mad when you dont answer your phone && she got her lil snitch tellin her everything.,72432026,an informer; someone who tells on or betrays others,insult,casual_conversation,false,
snitch,22645249869,2010-08-31,SUSPECT; a snitch just called my cell blocked n said who with I said where u cum from he said locked up hold on n hung up !  I'm tappd lol,26941651,an informer; someone who tells on or betrays others,insult,commenting,false,
snitch,22645538325,2010-08-31,visit Vegas Snitch on Facebook now!,45089039,an informer; someone who tells on or betrays others,insult,commenting,false,
snitch,22645599300,2010-08-31,"RT @Ash_ley_103: RT @Kaye_So103 My room mate home, I'm bout to play sleep!-- uma snitch«too late! She know I'm not sleep haha",44057627,an informer; someone who tells on or betrays others,insult,casual_conversation,false,
snitch,22645627265,2010-08-31,Pigs tried 2 give me ten&gt; they threw me a plead 2 see if ima snitch&gt; But I don't fuck with the alphabet team,32574084,an informer; someone who tells on or betrays others,insult,commenting,false,
snitch,22645657580,2010-08-31,If I could wish bad upon 1 person in this world it would be this old ass snitch,24116406,an informer; someone who tells on or betrays others,insult,commenting,false,
snitch,22645808501,2010-08-31,"@shinytuppence 'Snitch-bungler'. As in ""I hate you, you fucking snitch-bungler"".",24574547,an informer; someone who tells on or betrays others,insult,casual_conversation,false,
snitch,23869271913,2010-09-08,Lol #snitch RT @DominiQano: @OMusing -_- I'm tellin my dad,119140663,an informer; someone who tells on or betrays others,insult,casual_conversation,false,
snitch,23869341057,2010-09-08,"With the stuff that Suge Knight said ""I don't snitch"" on #30for30 he better get some more body guards ...",21140378,an informer; someone who tells on or betrays others,insult,commenting,false,
snitch,23869659730,2010-09-08,I&#39;m watching DEA on I think TRU TV.  I hate a snitch more than a Cop.,29522716,an informer; someone who tells on or betrays others,insult,commenting,false,
snitch,23869680986,2010-09-08,Snitch bitches smh RT @Ms_Leesh: Englewood on DEA lol,76423619,an informer; someone who tells on or betrays others,insult,casual_conversation,false,
snitch,23869729585,2010-09-08,"@darlingcindeee Lls he got it, As long as you dot snitch on him about me. I'm not trying to die early",168685281,an informer; someone who tells on or betrays others,insult,casual_conversation,false,
snitch,23869776932,2010-09-08,"Suge is a pussy, his man got bodied nxt to him & he sayin aint gonna snitch but he did NOTHING about it ? SmH",22778512,an informer; someone who tells on or betrays others,insult,commenting,false,
snitch,23870148963,2010-09-08,@darlingcindeee Lls you better not snitch!!!!!,168685281,an informer; someone who tells on or betrays others,insult,casual_conversation,false,
snitch,23870187863,2010-09-08,"@greedy013 Yeah, Phil would be the snitch, swarmy, smug, always getting slapped around. Need to write a script, with 'arry involved also",3221771,an informer; someone who tells on or betrays others,insult,casual_conversation,false,
snitch,23870281796,2010-09-08,It's funny how ppl say stop snitchin but da min it's dem on 48hrs dey da first to snitch & dey not even a suspect,151122515,an informer; someone who tells on or betrays others,insult,commenting,false,
snitch,23870416072,2010-09-08,@JHolla_DesPain suge knight had noone to snitch on cuz he was responsible for tupacs death,35507943,an informer; someone who tells on or betrays others,insult,casual_conversation,false,
snitch,25580324312,2010-09-26,RT @Lovedog89: @one_neo --- you snitch... you even cc me! tsk tsk tsk&lt;-- i was referencing!! Not snitching! LOL!,171858754,an informer; someone who tells on or betrays others,insult,casual_conversation,false,
snitch,25580556389,2010-09-26,RT @fineboywest: @chuncheelxX must u snitch http://myloc.me/cty31~lol yelz I must,175887534,an informer; someone who tells on or betrays others,insult,casual_conversation,false,
snitch,25581324333,2010-09-26,"Never trust anyone,everybody in this life is a snitch.",140749964,an informer; someone who tells on or betrays others,insult,commenting,false,
snitch,25582242521,2010-09-26,FOCKEEN #SNITCH,76084558,an informer; someone who tells on or betrays others,insult,commenting,false,
snitch,25582251507,2010-09-26,Golden snitch,93413539,an informer; someone who tells on or betrays others,insult,commenting,false,
snitch,25582377808,2010-09-26,"Not in a snitch kinda way, but I fuks wit nypd. They cool as shit, and Ms. Officer can get it",78901239,an informer; someone who tells on or betrays others,insult,commenting,false,
snitch,25582667174,2010-09-26,Haha soz bt I'm not a snitch :) .RT @phrophro: @SELETINE mmmm ofcourse u wont tell us his name,65684291,an informer; someone who tells on or betrays others,insult,casual_conversation,false,
snitch,25584703817,2010-09-26,@shally_wally u wait I snitch to ur mum how've been a bad influence. Utakula slippers hauta believe.,26065512,an informer; someone who tells on or betrays others,insult,casual_conversation,false,
snitch,25585635926,2010-09-26,I shoulda known my little brother was gonna snitch about me throwing up in the backyard.,162742283,an informer; someone who tells on or betrays others,insult,commenting,false,
snitch,25585948956,2010-09-26,@Ishidayuri Yaaani stuff has to go down wen am nt thea nkt!  Btw brio was in skul told lele i'd snitch.,61120002,an informer; someone who tells on or betrays others,insult,casual_conversation,false,
snitch,27093831016,2010-10-12,SNITCH KELLY SNITCH #lifetime,98071435,an informer; someone who tells on or betrays others,insult,commenting,false,
snitch,27093843114,2010-10-12,Kelly a snitch...,170183753,an informer; someone who tells on or betrays others,insult,commenting,false,
snitch,27093892375,2010-10-12,Snitch kelly! Snitch! Thts ur cuzzin life in danger. #Lifetime,110277289,an informer; someone who tells on or betrays others,insult,commenting,false,
snitch,27093930575,2010-10-12,@MsKeDra us both! Her & her cousin should just snitch on each other. Lol,119262075,an informer; someone who tells on or betrays others,insult,casual_conversation,false,
snitch,27093999858,2010-10-12,RT @SimplyJuic3: SNITCH KELLY SNITCH #lifetime,29110614,an informer; someone who tells on or betrays others,insult,casual_conversation,false,
snitch,27094020449,2010-10-12,"Virginia Mom Arrested For Letting 2-Year-Old Daughter Eat Marijuana!: Source: www.snitch.com --- Monday, October 1... http://bit.ly/bmp66Z",153908121,an informer; someone who tells on or betrays others,insult,commenting,false,
snitch,27094039338,2010-10-12,RT @Iam_LiLNY: Snitch kelly! Snitch! Thts ur cuzzin life in danger. #Lifetime,68003852,an informer; someone who tells on or betrays others,insult,casual_conversation,false,
snitch,27094089986,2010-10-12,@udontdowhat you snitch!,28640951,an informer; someone who tells on or betrays others,insult,casual_conversation,false,
snitch,27094121797,2010-10-12,@LillyRoseKING1 she bout to get it in in the living room... I'm bout to snitch on her stupid ass,25223839,an informer; someone who tells on or betrays others,insult,casual_conversation,false,
snitch,27094146671,2010-10-12,RT @MrsSmooth_2Yu: @Sapphire__Red this bitch is DUMB!*OMGGG RIIIIIIGHT I'm SORRY IF I WAS HER CUZ I WOULD SNITCH ASAP,54582526,an informer; someone who tells on or betrays others,insult,casual_conversation,false,
snitch,28753898294,2010-10-26,"BBM Is A Snitch. If I Don't Wanna ""Accept"" This Girl Picture I Shouldn't Have To. But You Ain't Gotta Tell Her That Damn It",23961549,an informer; someone who tells on or betrays others,insult,commenting,false,
snitch,28753944825,2010-10-26,"If you snitch on a snitch, what does that make you?",29150538,an informer; someone who tells on or betrays others,insult,commenting,false,
snitch,28753988280,2010-10-26,@aljonesthamc a super snitch,81500599,an informer; someone who tells on or betrays others,insult,casual_conversation,false,
snitch,28754139623,2010-10-26,RT @mrbez4ever: U ain't sick whore...lol...I'm snitching&lt;----snitch!!! LLS,32361512,an informer; someone who tells on or betrays others,insult,casual_conversation,false,
snitch,28754226313,2010-10-26,"Like Kant I Just ""Preview""The Picture&Move On. No BBM Make Me Accept It, Delete It, Then I Look Wild When I Say""O Nah I Never Got It"" Snitch",23961549,an informer; someone who tells on or betrays others,insult,commenting,false,
snitch,28754248854,2010-10-26,say peace wen u really leave cuz I'm done wif yo bitch ass an don't forget to snitch lik u always do,122847273,an informer; someone who tells on or betrays others,insult,commenting,false,
snitch,28754314296,2010-10-26,Hahaha snitch bout wut Hun? Ur the one that makes it be known not me. Jus quit.,81492427,an informer; someone who tells on or betrays others,insult,commenting,false,
snitch,28754682495,2010-10-26,#UWASCOOLUNTIL I FOUND OUT U WAS SINGIN 2 JUDGES LIKE DIS AMERICAN IDOL SNITCH ASS NIGGA,205054007,an informer; someone who tells on or betrays others,insult,commenting,false,
snitch,28754771423,2010-10-26,"""Anyhow, anyway, a snitch is born everyday; best thing to do is getcha money and stay out the way..."" -Jeezy",69193574,an informer; someone who tells on or betrays others,insult,commenting,false,
snitch,28897608303,2010-10-27,#DeathTo the snitch hating ass bxtches .. Your a complete waste of space,54973527,an informer; someone who tells on or betrays others,insult,commenting,false,
snitch,28897817830,2010-10-27,"@FrEaKoZOid16739 

why you steel my name ,snitch

TR KILLIONAIRE    is my na...(YouTube http://youtu.be/hnI4XS-SZ6s?a)",111979164,an informer; someone who tells on or betrays others,insult,casual_conversation,false,
snitch,28898059525,2010-10-27,my mom is a fkn snitch! eww -tuh*,111147742,an informer; someone who tells on or betrays others,insult,commenting,false,
snitch,28898164917,2010-10-27,Lassnight Brother Robert Said He Was Gon Snitch On Me! Soo I Already Texted Him && Said You Gon Be Madd At Me TODAY #snitchhhASS Lls,168016328,an informer; someone who tells on or betrays others,insult,commenting,false,
snitch,28898248358,2010-10-27,@SBaLLaH *cough* Snitch. Lol.,27901899,an informer; someone who tells on or betrays others,insult,casual_conversation,false,
snitch,28898568428,2010-10-27,@AltiDaBoss Will do. And after that I'll call your job and be a snitch! Lol!!! Jk!! :) I wouldn't do that.,63871745,an informer; someone who tells on or betrays others,insult,casual_conversation,false,
snitch,28898661544,2010-10-27,"Lol. “@SBaLLaH: I jus wanted to be tweet #20,001 -&gt; RT @AmorVsDinero: @SBaLLaH *cough* Snitch. Lol.”",27901899,an informer; someone who tells on or betrays others,insult,casual_conversation,false,
snitch,28898920569,2010-10-27,RT @southernfitted: @ali_missPYT a snitch yall!!,49022958,an informer; someone who tells on or betrays others,insult,casual_conversation,false,
snitch,28898977950,2010-10-27,Dang I just realized like 85% of my followers know my brothers on a personal level. Smh I'm glad we're as close as we are so u can't snitch!,140912213,an informer; someone who tells on or betrays others,insult,commenting,false,
snitch,28899119934,2010-10-27,@Ma5ter_Chief @southernfitted yall aint neva talkin bout me being a snitch tho!!!,49022958,an informer; someone who tells on or betrays others,insult,casual_conversation,false,
snitch,29132955066,2010-10-29,@waltloveridge old snitchy &gt;&gt;&gt; gronk &gt;&gt;&gt;skinny gronker snitch,33894689,an informer; someone who tells on or betrays others,insult,casual_conversation,false,
snitch,29133310569,2010-10-29,For the snitch who wana tell! Lmao! This one for u!  http://plixi.com/p/53674733,38831653,an informer; someone who tells on or betrays others,insult,commenting,false,
snitch,29133341140,2010-10-29,"Golden snitch or Olympic gymnast? Twitter, I need your help!!!",14299600,an informer; someone who tells on or betrays others,insult,commenting,false,
snitch,29133490932,2010-10-29,"LMFAO @Young_Joob ""The Game"" Said He Gone Snitch On U lol Like He Did 50",63520284,an informer; someone who tells on or betrays others,insult,casual_conversation,false,
snitch,29133661556,2010-10-29,@cowbiscuits be a snitch haha. we always have an ice cream van that blasts out its songs when its dark and raining... suspicious!,166285685,an informer; someone who tells on or betrays others,insult,casual_conversation,false,
snitch,29133761451,2010-10-29,"NIGGAS WHO DRY SNITCH ON NIGGAS TO THEIR BITCHES, USE TO GET BEAT ON THE BACK OF THE TRAIN & THEIR TRAPPER KEEPER THROWN ON THE TRACKS",27226422,an informer; someone who tells on or betrays others,insult,commenting,false,
snitch,29133770956,2010-10-29,WATCHING THE HOW TO BE A SNITCH SHOW RIGHT NOW!(FIRST48)#SNITCHTOWNUNIVERSITY,209779853,an informer; someone who tells on or betrays others,insult,commenting,false,
snitch,29133835935,2010-10-29,@KeyShaQuor And not only did he snitch he had it done at my son's pee-wee football game like a bitch!!,90744650,an informer; someone who tells on or betrays others,insult,casual_conversation,false,
snitch,29133983196,2010-10-29,@xyoxd a little snitch (stalker) told me that you were making an aqwmv. wow.,57452659,an informer; someone who tells on or betrays others,insult,casual_conversation,false,
snitch,29134021244,2010-10-29,RT @gigimaguire: @THEWATERWORLD lmao she mad cause you lied to her. Like you really was gonna snitch on him. ... http://tmi.me/2HwCv,33799269,an informer; someone who tells on or betrays others,insult,casual_conversation,false,
snitch,6238726057361408,2010-11-21,We found the snitch :) :),216568434,an informer; someone who tells on or betrays others,insult,commenting,false,
snitch,6238914322894848,2010-11-21,“@MizzMariahH: im gonna boss around @iDeepdown at work tomorrow. Haha.” I will snitch if I feel u abusing ur power.. Read the handbook,40389734,an informer; someone who tells on or betrays others,insult,casual_conversation,false,
snitch,6238981696004096,2010-11-21,Why did you RT? Do you know that the Resurrection Stone is inside the Snitch? RT @iamchristophe: @LoganPercyKent What do you mean?,51953019,an informer; someone who tells on or betrays others,insult,casual_conversation,false,
snitch,6239214073028608,2010-11-21,@smokierobinsonn yup but when u shop lift yo face is on camera. Sombody got killed on 98 n Olive today and prolly no one gon snitch..,120845598,an informer; someone who tells on or betrays others,insult,casual_conversation,false,
snitch,6239433145716736,2010-11-21,@iLov3pinkk u snitch!!! Lmao,189943901,an informer; someone who tells on or betrays others,insult,casual_conversation,false,
snitch,6241086926225408,2010-11-21,@MrJsmoove Somebody betta snitch,202670485,an informer; someone who tells on or betrays others,insult,casual_conversation,false,
snitch,6241147756216320,2010-11-21,@AyoB_ @oluwaAKT ..guy so na stab u dey??...(callin d dsa)..#snitch,169473307,an informer; someone who tells on or betrays others,insult,casual_conversation,false,
snitch,6241464837214208,2010-11-21,Trel is a snitch,24575980,an informer; someone who tells on or betrays others,insult,commenting,false,
snitch,6241643871084544,2010-11-21,Weather Snitch for iPhone App Review http://goo.gl/fb/FpxF3 http://j.mp/iTECH,85128669,an informer; someone who tells on or betrays others,insult,commenting,false,
snitch,6241852239904768,2010-11-21,Weather Snitch for iPhone App Review: One of the first things I fell in love with when I… http://goo.gl/fb/fuHEa,168116910,an informer; someone who tells on or betrays others,insult,commenting,false,
tardnation,10681821523,2010-03-18,@shaycarl Just checked out FaninEleven and WOW. Very nice. Also over 17k subs now! Good job TardNation.,36066415,"an offensive exclamatory or group-label formation built from ""retard""",insult,casual_conversation,false,Fandom/community-name use rather than insult.
tardnation,11324315105,2010-03-30,She's crossingRT @RachelStarPanda tardnation is broken. I'm going to the other place. http://twitgoo.com/m83gx,25986512,"an offensive exclamatory or group-label formation built from ""retard""",insult,article_sharing,false,
tardnation,16408426273,2010-06-17,"@shaycarl Sontard is a natural vlogger, I guess it runs in the blood. #tardnation",32402294,"an offensive exclamatory or group-label formation built from ""retard""",insult,casual_conversation,false,Fandom/community-name use rather than insult.
tardnation,16417034039,2010-06-17,The King of Tardnation: @thetomlarkin,14017022,"an offensive exclamatory or group-label formation built from ""retard""",insult,casual_conversation,false,
tardnation,16969998420,2010-06-24,How is it I know the Best Buy return policy better than the employees? #tardnation,91034741,"an offensive exclamatory or group-label formation built from ""retard""",insult,casual_conversation,false,Fandom/community-name use rather than insult.
tardnation,17519934684,2010-07-01,@shaycarl hey are you going to vidcon by yourself or are you bringing the whole tardnation with you? :),70626118,"an offensive exclamatory or group-label formation built from ""retard""",insult,casual_conversation,false,Fandom/community-name use rather than insult.
tardnation,21041773776,2010-08-13,what in the poo.....tardnation is a meteor shower....?,136865927,"an offensive exclamatory or group-label formation built from ""retard""",insult,casual_conversation,false,
tardnation,21458058742,2010-08-18,Welcome to #TardNation. Population: 6 ;D,152669814,"an offensive exclamatory or group-label formation built from ""retard""",insult,casual_conversation,false,Fandom/community-name use rather than insult.
tardnation,21496198878,2010-08-18,"Laurentardd is not a tard, but rather a genius that is stuck in #TardNation :)",152669814,"an offensive exclamatory or group-label formation built from ""retard""",insult,casual_conversation,false,Fandom/community-name use rather than insult.
tardnation,21595677076,2010-08-19,i love how half the people in #TardNation don't even know about it(;,14024452,"an offensive exclamatory or group-label formation built from ""retard""",insult,casual_conversation,false,Fandom/community-name use rather than insult.
tardnation,21595753015,2010-08-19,RT @rissatard: i love how half the people in #TardNation don't even know about it(;,152669814,"an offensive exclamatory or group-label formation built from ""retard""",insult,casual_conversation,false,Fandom/community-name use rather than insult.
tardnation,21595997996,2010-08-19,"@laurentardd , oh baw. D: NOW THAT I THINK ABOUT IT. We're the only two who really know about #TardNation D;",14024452,"an offensive exclamatory or group-label formation built from ""retard""",insult,casual_conversation,false,Fandom/community-name use rather than insult.
tardnation,21596203009,2010-08-19,"@laurentardd , oh okay. Well, ezratard, jessietard, and michelleytard don't know about #TardNation , but they know i added tard to their ...",14024452,"an offensive exclamatory or group-label formation built from ""retard""",insult,casual_conversation,false,Fandom/community-name use rather than insult.
tardnation,21596344349,2010-08-19,@rissatard lmfao. well tell them about #TardNation then x],152669814,"an offensive exclamatory or group-label formation built from ""retard""",insult,casual_conversation,false,Fandom/community-name use rather than insult.
tardnation,22360263904,2010-08-28,@rissatard! @James13rown Is Stealing #tardnation DDDDD;,152669814,"an offensive exclamatory or group-label formation built from ""retard""",insult,casual_conversation,false,Fandom/community-name use rather than insult.
tardnation,22360531318,2010-08-28,"@rissatard, i clicked on our #tardnation thing, and that guy had it on his tweets! Dx",152669814,"an offensive exclamatory or group-label formation built from ""retard""",insult,casual_conversation,false,Fandom/community-name use rather than insult.
tardnation,22922369261,2010-09-03,"@MissFagHag It's never slow in Tardnation ;) If anything, it gets more amusing when the lads are busy behind-the-scenes.",108280684,"an offensive exclamatory or group-label formation built from ""retard""",insult,casual_conversation,false,
tardnation,23163406370,2010-09-06,"soo; i haven't tweeted about #tardnation in awhile, so i decided to(:&lt;3",152669814,"an offensive exclamatory or group-label formation built from ""retard""",insult,casual_conversation,false,Fandom/community-name use rather than insult.
tardnation,25748833316,2010-09-28,Skitzz why the in tardnation are you on??? LMFAO - Berry,149249676,"an offensive exclamatory or group-label formation built from ""retard""",insult,casual_conversation,false,
tardnation,9435018224996352,2010-11-30,What in tardnation kind of a video was that? I'm utterly speechless. Deadass.,18202451,"an offensive exclamatory or group-label formation built from ""retard""",insult,casual_conversation,false,
tardnation,17652023876919296,2010-12-22,Lol tardnation.,157571589,"an offensive exclamatory or group-label formation built from ""retard""",insult,casual_conversation,false,
tool,7339777712,2010-01-03,New software: SQL Server Documentation Tool v. 7.2 http://www.prem1on.com/index.php?id=45806 in Internet/,47953523,"a foolish, obnoxious, or contemptible person",insult,technology_discussion,false,
tool,7339789080,2010-01-03,Tool - Schism - 02:07 PM visit www.RadioTAGr.com/WXDX to TAG this song,34982593,"a foolish, obnoxious, or contemptible person",insult,music_discussion,false,
tool,7339798099,2010-01-03,testing TTYtter. Seems userful bit still feels slightly awkward. Good to have a console tool though. http://is.gd/5KTFs,19539211,"a foolish, obnoxious, or contemptible person",insult,technology_discussion,false,
tool,7339800162,2010-01-03,Long Term Profitable e-Business Web Tool - even for the beginner http://tumblr.com/xhr57ixui,26302127,"a foolish, obnoxious, or contemptible person",insult,article_sharing,false,
tool,7339804849,2010-01-03,Why u must start to monetize your blog right now? because blog is a potential tool for collecting money in the inte... http://bit.ly/8GqWJ4,20877918,"a foolish, obnoxious, or contemptible person",insult,article_sharing,false,
tool,7339816623,2010-01-03,"eBay win millions of dollars out of their customers, and are not able to provide a simple tool to modify ALL your listings at the same time!",99130088,"a foolish, obnoxious, or contemptible person",insult,commenting,false,
tool,7339818361,2010-01-03,2010 prediction : a location based service/network will get the blame as the tool used by an attacker/criminal for some heinous crime,796135,"a foolish, obnoxious, or contemptible person",insult,technology_discussion,false,
tool,7339818513,2010-01-03,"@forzagrunn @LeslieCi ok, so obviously the from I tool the lyric was wrong, anyway I love that song very much!",35780651,"a foolish, obnoxious, or contemptible person",insult,music_discussion,false,
tool,7339828439,2010-01-03,Will ich gerne auch wissen RT @stang2k: Mit welchem Tool kann ich sehen wer mir followed und wer nicht aus meiner following liste?,54829649,"a foolish, obnoxious, or contemptible person",insult,casual_conversation,false,
tool,7339836812,2010-01-03,RT @TechCrunch Twitter and Me! Why It’s The Only Social Media Tool I Use. http://bit.ly/7Rtzsd,63897815,"a foolish, obnoxious, or contemptible person",insult,technology_discussion,false,
tool,7659876687,2010-01-12,@CapitolAvenue And what does your tool say?,34719927,"a foolish, obnoxious, or contemptible person",insult,casual_conversation,false,
tool,7659880454,2010-01-12,This tool gives me the number of followers i need to get cash #followers #tweet #tools http://bit.ly/19szMJ,62794300,"a foolish, obnoxious, or contemptible person",insult,advertising_spam,false,
tool,7659884213,2010-01-12,formspring.me - Well that tool… your gonna have fun with it. Cool (: Ask me anything http://tumblr.com/xg35giulk,101316265,"a foolish, obnoxious, or contemptible person",insult,article_sharing,false,
tool,7659896730,2010-01-12,Backupify.com is a nice (free until January 31) web-based tool that allows to back up your social media accounts.,21297638,"a foolish, obnoxious, or contemptible person",insult,commenting,false,
tool,7659896753,2010-01-12,Check out the best seo auto pilot tool ever invented ! http://www.bit.ly/ePvVo,84481034,"a foolish, obnoxious, or contemptible person",insult,technology_discussion,false,
tool,7659911117,2010-01-12,"@pemulis I don't call him anorexic, I just call him a major tool",15815984,"a foolish, obnoxious, or contemptible person",insult,criticism,false,
tool,7659913105,2010-01-12,"#affiliate A Fool-Proof, Money Making Machine. Tool to define most timely affiliate products. http://bit.ly/brafe",85384941,"a foolish, obnoxious, or contemptible person",insult,advertising_spam,false,
tool,7659913119,2010-01-12,#automation #tweettool This is the best tool so far. http://bit.ly/2mNbMv,85384941,"a foolish, obnoxious, or contemptible person",insult,technology_discussion,false,
tool,7659926612,2010-01-12,"I hate trending topics that are spelled wrong, like #sheprobablyahoe -- she('S) probably a garden tool? Awesome!!",6940612,"a foolish, obnoxious, or contemptible person",insult,criticism,false,
tool,7659931391,2010-01-12,"For The First Time Ever, You Can Get Instant Access To The Exact Keyword Research, Money Making Tool, http://bit.ly/4seGTh",86681897,"a foolish, obnoxious, or contemptible person",insult,technology_discussion,false,
tool,7826232913,2010-01-16,"Finally The Twitter Marketing Tool ""Hummingbird"" is affordable! Can't complain about $4.97http://tinyurl.com/yg7b3ty",83357766,"a foolish, obnoxious, or contemptible person",insult,technology_discussion,false,
tool,7826239650,2010-01-16,"For me, Gordon's ad was done in poor taste. It exploits other people's misfortunes as a campaign tool. #halalan #eleksyon",53629249,"a foolish, obnoxious, or contemptible person",insult,commenting,false,
tool,7826239762,2010-01-16,RT @dexterukaegbu: Toothpick is an essential tool within the household,23667932,"a foolish, obnoxious, or contemptible person",insult,casual_conversation,false,
tool,7826243809,2010-01-16,The first Tool for anyone that wants to make money selling ebooks or other info-products.,85462732,"a foolish, obnoxious, or contemptible person",insult,commenting,false,
tool,7826244224,2010-01-16,"NEW JOB: CAD   CAM Tool Room Team Leader   Lancashire: CAD CAM Tool Room Team Leader   x2013  Preston, Lanca... http://tinyurl.com/yl2agoc",67562906,"a foolish, obnoxious, or contemptible person",insult,article_sharing,false,
tool,7826244414,2010-01-16,EasyTweets is a perfect web based Twitter management tool. Try it Free for 30 days! - http://bit.ly/56TUua,103249103,"a foolish, obnoxious, or contemptible person",insult,article_sharing,false,
tool,7826274376,2010-01-16,Here's a very useful tool to manage your Twitter followers quick and fast... http://bit.ly/1pU7XJ,90661590,"a foolish, obnoxious, or contemptible person",insult,advertising_spam,false,
tool,7826282263,2010-01-16,"Keyword Research Tool
Go Beyond Research: Organize & Act!
Keyword Management Tool: Free Trial
http://www.supertekplus.com/seo/",17562145,"a foolish, obnoxious, or contemptible person",insult,technology_discussion,false,
tool,7826291726,2010-01-16,Check my video out -- How To Get More Traffic To Your Website Using This Twitter Tool http://www.youtube.com/watch?v=5BrTN9R-cOY,71443544,"a foolish, obnoxious, or contemptible person",insult,article_sharing,false,
tool,7923336730,2010-01-18,"This great tool gets me free traffic every day just for being on the Internet!  Receive 1,000 free ads: http://freetrafficbar.com/h/107303/",47109800,"a foolish, obnoxious, or contemptible person",insult,article_sharing,false,
tool,7923337677,2010-01-18,#PPC Ads can be A Successful Marketing Tool In a Slow Economy. Here's how - http://bit.ly/71aIr3,24663156,"a foolish, obnoxious, or contemptible person",insult,article_sharing,false,
tool,7923340208,2010-01-18,How to finally see through all the crap available and use a cash making tool with twitter that works! http://bit.ly/twiterking,60252433,"a foolish, obnoxious, or contemptible person",insult,article_sharing,false,
tool,7923351492,2010-01-18,@philiplaureano its a matter of time. I think ASTs will be our future tool for transformations.,15864159,"a foolish, obnoxious, or contemptible person",insult,casual_conversation,false,
tool,7923360676,2010-01-18,50 Ways To Use Twitter as a Job Search Tool http://bit.ly/747Sak,18463055,"a foolish, obnoxious, or contemptible person",insult,article_sharing,false,
tool,7923370511,2010-01-18,PEOPLE! i wasn't suggesting conan o'brian erred/i meant working stiffs trying the same negotiation tool beware. http://bit.ly/7x63K7,15367279,"a foolish, obnoxious, or contemptible person",insult,article_sharing,false,
tool,7923377630,2010-01-18,I use this Twitter Tool http://ping.fm/gqa4Y for all my clients and my account. When there are changes I have solutions.,55387864,"a foolish, obnoxious, or contemptible person",insult,article_sharing,false,
tool,7923377801,2010-01-18,the market place on face book looks like a new tool http://tweetphoto.com/9028276,49796915,"a foolish, obnoxious, or contemptible person",insult,article_sharing,false,
tool,7923385587,2010-01-18,@ValerieWaters The Val Slides are an amazing simple tool that everyone should have. I have to say that it was my favorite new tool in 2009.,103453272,"a foolish, obnoxious, or contemptible person",insult,casual_conversation,false,
tool,7923396437,2010-01-18,My body is my tool!,23877471,"a foolish, obnoxious, or contemptible person",insult,commenting,false,
tool,8389861053,2010-01-29,"Desperatly looking for a good freeware-tool for remixing music right now . . . don't need this ""split this into 5 equal parts"" sh*t . . .",92488633,"a foolish, obnoxious, or contemptible person",insult,commenting,false,
tool,8389862792,2010-01-29,"New Comment: Great online tool that tracks hits, listens, downloads and deals. http://bit.ly/8A5F6v",81847225,"a foolish, obnoxious, or contemptible person",insult,article_sharing,false,
tool,8389865344,2010-01-29,Wholemovement - Circle is most experiential educational tool http://www.wholemovement.com via www.diigo.com,57602185,"a foolish, obnoxious, or contemptible person",insult,article_sharing,false,
tool,8389877263,2010-01-30,The Ultimate tool kit for Clickbank Affiliates http://tinyurl.com/yjxndyb,88169464,"a foolish, obnoxious, or contemptible person",insult,article_sharing,false,
tool,8389879592,2010-01-30,How Healthy is Your Home? (Cool 3D Interactive Tool!) http://ow.ly/11Ibt #home #health,93827358,"a foolish, obnoxious, or contemptible person",insult,article_sharing,false,
tool,8389891972,2010-01-30,Detroit- tool cabinet and shelving unit oak (milford): large heavy tool cabinet with peg board inside and large 2 ... http://bit.ly/98xtwY,25048533,"a foolish, obnoxious, or contemptible person",insult,article_sharing,false,
tool,8389900030,2010-01-30,#opensources TestLink 1.9 Beta2: TestLink is a test management tool and execution tracking system with Web based a... http://bit.ly/d5NX6j,40374183,"a foolish, obnoxious, or contemptible person",insult,article_sharing,false,
tool,8389900851,2010-01-30,Addicted to Social Media posted: Youtube Music Video Discovery Tool! A Must Check Out! http://bit.ly/d8aka7,15472243,"a foolish, obnoxious, or contemptible person",insult,article_sharing,false,
tool,8389904358,2010-01-30,News: New SM Tool for iPhone @ Lois Backstage http://bbclatestnews.com/new-sm-tool-for-iphone-lois-backstage/,96193698,"a foolish, obnoxious, or contemptible person",insult,article_sharing,false,
tool,8389904770,2010-01-30,TestLink 1.9 Beta2: TestLink is a test management tool and execution tracking system with Web based and SOAP inter... http://bit.ly/9eyKdt,27060225,"a foolish, obnoxious, or contemptible person",insult,article_sharing,false,
tool,8489510883,2010-02-01,"Use this tool to submit your page to 12,000,000 ad sites instantly http://bit.ly/4yzbTP",103824599,"a foolish, obnoxious, or contemptible person",insult,article_sharing,false,
tool,8489514623,2010-02-01,"Use this tool to submit your page to 12,000,000 ad sites instantly http://bit.ly/4yzbTP http://bit.ly/bB47Ph",84500692,"a foolish, obnoxious, or contemptible person",insult,article_sharing,false,
tool,8489516531,2010-02-01,@apetcoff twitter is a gintelligensia tool,17048681,"a foolish, obnoxious, or contemptible person",insult,casual_conversation,false,
tool,8489520997,2010-02-01,Make Money Online With Affiliate Programs. | Internet Business ...: Affiliate marketing is a very popular tool to m...  http://if10.net/wkj,41224834,"a foolish, obnoxious, or contemptible person",insult,article_sharing,false,
tool,8489532514,2010-02-01,RT @Alyssa_Milano Him: u look hot. Why don't u ever wear that bra to sleep? Me: u look hot in your tool belt but I don't make u sleep in it.,14224283,"a foolish, obnoxious, or contemptible person",insult,casual_conversation,false,
tool,8489552029,2010-02-01,We all need more traffic! Get your traffic for free from Twitter. Check out this unique traffic generation tool! http://bit.ly/FMTBeta,95482926,"a foolish, obnoxious, or contemptible person",insult,article_sharing,false,
tool,8489569705,2010-02-01,This tool can save you hours of time and give you very practical and relevant data  http://ow.ly/TbXW,15757071,"a foolish, obnoxious, or contemptible person",insult,article_sharing,false,
tool,8489574085,2010-02-01,New Facebook feature can be exploited to be a cyber-bullying tool in the wrong hands. http://bit.ly/cdBgg3,41330967,"a foolish, obnoxious, or contemptible person",insult,article_sharing,false,
tool,8489579099,2010-02-01,Lol RT@Alyssa_Milano: Him:U look hot.Why don't u ever wear that bra to sleep? Me:U look hot in your tool belt but I don't make u sleep in it,37402261,"a foolish, obnoxious, or contemptible person",insult,casual_conversation,false,
tool,8850440789,2010-02-09,"http://thepowertweet.in, Twitter Marketing and Automation Tool. why are you spending too much time for twitter. automate your all tasks.",111530509,"a foolish, obnoxious, or contemptible person",insult,article_sharing,false,
tool,8850444938,2010-02-09,"Loving the Go MAD framework! If you need a good thinking tool for projects & coaching, try them http://bit.ly/1UzR3V",18699570,"a foolish, obnoxious, or contemptible person",insult,article_sharing,false,
tool,8850453620,2010-02-09,Networking sites becoming essential marketing tool http://bit.ly/9na6Py,11885802,"a foolish, obnoxious, or contemptible person",insult,article_sharing,false,
tool,8850467859,2010-02-09,"This FREE and POWERFUL Tool is amazing, its simple & FREE! Check us out! http://budurl.com/xws3",70960007,"a foolish, obnoxious, or contemptible person",insult,article_sharing,false,
tool,8850474009,2010-02-09,"mind over matter doesn't seem to be a good cure for toothache, looks like I could be resorting to the contents of my tool box!",19436101,"a foolish, obnoxious, or contemptible person",insult,commenting,false,
tool,8850475982,2010-02-09,Development of Web Based Monitoring tool by auverion: I am looking for an experienced and capable developer who ca... http://bit.ly/ax4wFQ,24457463,"a foolish, obnoxious, or contemptible person",insult,article_sharing,false,
tool,8850484381,2010-02-09,"I like the look of @bandize as a band management tool, but I think a freemium model would be SO much better. small bands won't pay $15/mth",16729915,"a foolish, obnoxious, or contemptible person",insult,casual_conversation,false,
tool,8850492403,2010-02-09,Please Somebody Follow me! I'm really trying to convince myself Twitter is a useful Tool.,23924037,"a foolish, obnoxious, or contemptible person",insult,commenting,false,
tool,8850493836,2010-02-09,Freelancer needed for: Development of Web Based Monitoring tool by auverion: I am looking for an experienced and capabl http://url4.eu/1Lsy9,48300774,"a foolish, obnoxious, or contemptible person",insult,article_sharing,false,
tool,8900582500,2010-02-10,How effective is Twitter as a branding tool?:  http://bit.ly/cm8aDs,16341076,"a foolish, obnoxious, or contemptible person",insult,article_sharing,false,
tool,8900593270,2010-02-10,"""If the only tool you have is a hammer,you tend to see every problem as a rail.""Abraham Maslow",92279212,"a foolish, obnoxious, or contemptible person",insult,commenting,false,
tool,8900599162,2010-02-10,"UPDATED - DBScribe for SQL Server: SQL documentation tool for SQL Server. Supports HTML, CHM and MSWord...  http://www.hotlib.com/13712",99606240,"a foolish, obnoxious, or contemptible person",insult,article_sharing,false,
tool,8900599373,2010-02-10,"RT @IntegralFusion: Business Intelligence Tool
http://www.integralfusion.co.za/PR/pressreleases/feb2010/south-african-product-developmen ...",112348565,"a foolish, obnoxious, or contemptible person",insult,article_sharing,false,
tool,8900600869,2010-02-10,"RT @biz_online: #happiness #freedom The Gift of Calm, a new online stress relief tool from Clare Consulting, helps ... http://bit.ly/bHIWbM",87888099,"a foolish, obnoxious, or contemptible person",insult,article_sharing,false,
tool,8900608414,2010-02-10,RT @IntegralFusion: We can help you in increasing your sales....Remote marketing office....a marketing tool by integral fusion....www.in ...,112348565,"a foolish, obnoxious, or contemptible person",insult,casual_conversation,false,
tool,8900609076,2010-02-10,This Free Tool Is a LIST EXPLODER.... http://tinyurl.com/ygx8ugz,54615430,"a foolish, obnoxious, or contemptible person",insult,article_sharing,false,
tool,8900622414,2010-02-10,bookmarked: Flash localization tool  |  #l10n http://icio.us/tc3eyd,16663689,"a foolish, obnoxious, or contemptible person",insult,article_sharing,false,
tool,8900622505,2010-02-10,@lowendahl I assume that you have tried Ayende's NHProfiler. Fantastic tool for detecting the problems you are describing...,40828767,"a foolish, obnoxious, or contemptible person",insult,casual_conversation,false,
tool,8900645115,2010-02-10,"BurnAware Free 3.0 Beta 3 /2.4.4 (Ad-supported): A lightweight, extremely powerful and easy to use burning tool http://bit.ly/675pJ9",57615111,"a foolish, obnoxious, or contemptible person",insult,article_sharing,false,
tool,9879799380,2010-03-02,Twitter-for-the-office tool Socialcast adds enterprise edition: Socialcast offers what's best described as Twitter... http://bit.ly/cLse6B,59923829,"a foolish, obnoxious, or contemptible person",insult,article_sharing,false,
tool,9879804868,2010-03-02,I feel enlightened... one more social networking tool to enhance my celebrity status,119070145,"a foolish, obnoxious, or contemptible person",insult,commenting,false,
tool,9879807784,2010-03-02,"www.vmnplus.com Interview:Christian Dupuis on  SpringSource Tool Suite: Christian Dupuis, Principal Engineer with ... http://bit.ly/agXv8Q",41205049,"a foolish, obnoxious, or contemptible person",insult,article_sharing,false,
tool,9879810564,2010-03-02,"Looking 2 get involved w/ making money online, this is a great tool 2 help you earn cash. Take Action! http://su.pr/2EGd7m",47331253,"a foolish, obnoxious, or contemptible person",insult,article_sharing,false,
tool,9879811885,2010-03-02,@TaderDoodles Check the local hardware store.  Ours carries pint size of every nearly tool out there.,14231584,"a foolish, obnoxious, or contemptible person",insult,casual_conversation,false,
tool,9879812406,2010-03-02,Vintage Synth Explorer's Awesome New Synth Finder Tool: Vintage Synth Explorer is not only one of... http://bit.ly/cdpNlY #music #musicians,62107706,"a foolish, obnoxious, or contemptible person",insult,article_sharing,false,
tool,9879815432,2010-03-02,Vintage Synth Explorer's Awesome New Synth Finder Tool: Vintage Synth Explorer is not only one of... http://bit.ly/badZce #music #musicians,19433396,"a foolish, obnoxious, or contemptible person",insult,article_sharing,false,
tool,9879818962,2010-03-02,Google Maps boss to Germans: 'We don't want to invade you': Offers nervy burghers Street View delete tool The man ... http://bit.ly/8YrUX2,68511737,"a foolish, obnoxious, or contemptible person",insult,article_sharing,false,
tool,9879822045,2010-03-02,I'm going to have to work FOREVER or marry well. Soon. RT @CdnBusinessMag: When will I die? Life expectancy tool http://tinyurl.com/3ykeg4,26557834,"a foolish, obnoxious, or contemptible person",insult,article_sharing,false,
tool,10368022644,2010-03-12,Postcard Mailer Marketing Tool - Cutting Edge Business Model! http://dlvr.it/BRK3,82852606,"a foolish, obnoxious, or contemptible person",insult,article_sharing,false,
tool,10368056331,2010-03-12,The most useful micro Blogging tool for Businesses - Injoos Flash http://is.gd/9BeNf (via @jvasishtha),14421030,"a foolish, obnoxious, or contemptible person",insult,article_sharing,false,
tool,10368067824,2010-03-12,#shareware #software NEW - LightShot screen capturing tool: Easy-to-use desktop tool for capturing sele...  http://www.hotlib.com/35776,47184560,"a foolish, obnoxious, or contemptible person",insult,article_sharing,false,
tool,10368068285,2010-03-12,NEW - LightShot screen capturing tool: Easy-to-use desktop tool for capturing selected area from the sc...  http://www.hotlib.com/35776,99606240,"a foolish, obnoxious, or contemptible person",insult,article_sharing,false,
tool,10368070514,2010-03-12,RT @reuters: FCC releases Internet speed test tool  http://bit.ly/dmi5oj  Does UK Gov give us one of these?,109541065,"a foolish, obnoxious, or contemptible person",insult,article_sharing,false,
tool,10368074979,2010-03-12,Thanks Commbank for your Weekend-trading branch-locating tool! Helped me find the branch in Newcastle that I'll be visiting tomorrow!,14506011,"a foolish, obnoxious, or contemptible person",insult,commenting,false,
tool,10368078953,2010-03-12,RT @AJEnglish: China accuses US of using human rights as a political tool to attack other co... http://aje.me/d56J8p,11449812,"a foolish, obnoxious, or contemptible person",insult,article_sharing,false,
tool,10368079044,2010-03-12,Tool Time Friday | Japanese Popup Translater Free Traffic Tips http://su.pr/1IB9tL,15740645,"a foolish, obnoxious, or contemptible person",insult,article_sharing,false,
tool,10368083138,2010-03-12,IntelliSense is just a very tamizh way of saying Intelligence.  IDE tool name #fail .,15586485,"a foolish, obnoxious, or contemptible person",insult,commenting,false,
tool,10368091089,2010-03-12,#utmash Universal Tool UT-A85830 1/4″npt 0.2 Oz 40scfm Inline Air Tool Oilers http://goo.gl/fb/Xr8F,121977659,"a foolish, obnoxious, or contemptible person",insult,article_sharing,false,
tool,10545325935,2010-03-16,@jeskSTEREOS You've got some pretty good friends in @KristenMJohnson & @DevinaSTEREOS if their willing to follow this delusional tool.. :P,67449362,"a foolish, obnoxious, or contemptible person",insult,casual_conversation,false,
tool,10545328397,2010-03-16,@cherifinesse yo man is a total tool if he aint treat u like a goddess....Id be leavn u rose petals to a hot tube filled wit fancy beads,37782846,"a foolish, obnoxious, or contemptible person",insult,casual_conversation,false,
tool,10545330720,2010-03-16,typing @mckevin_mcleroy 's speech. because im a tool and need money.,95218750,"a foolish, obnoxious, or contemptible person",insult,casual_conversation,false,
tool,10545359551,2010-03-16,"Bare-Tool DEWALT DW056B 18-Volt Cordless Impact Driver (Tool Only, No Battery) (Misc.) newly tagged ""accessories"" http://ff.im/-hzLsz",58463276,"a foolish, obnoxious, or contemptible person",insult,article_sharing,false,
tool,10545360088,2010-03-16,the tool @peacock mentionned for managing your finances http://www.mint.com/ #journat @prsarahevans  (#journchat live at...,35476723,"a foolish, obnoxious, or contemptible person",insult,article_sharing,false,
tool,10545374162,2010-03-16,Dying my hair red with @StephyHamz . Cause i'm a tool like @likethemoviesnj says :p,24489711,"a foolish, obnoxious, or contemptible person",insult,casual_conversation,false,
tool,10545387189,2010-03-16,"Commit 341906 by mjd: Commit #341906 by Matthew Davidson at 00:43
Field Tool: /modules/fieldtool/plugins/fieldtool... http://bit.ly/8Y1F6C",41107337,"a foolish, obnoxious, or contemptible person",insult,article_sharing,false,
tool,10545399427,2010-03-16,RT @uxfeeds: Microsoft SketchFlow | UI Prototyping Tool | User Interface Design | UI Web Design | User Interface Prototyping | http://ur ...,71821461,"a foolish, obnoxious, or contemptible person",insult,article_sharing,false,
tool,10545413088,2010-03-16,WoW: Random Raid Tool ? A Good or Bad Idea? at Ten Ton Hammer: http://wp.me/pJDX5-2n,42193184,"a foolish, obnoxious, or contemptible person",insult,article_sharing,false,
tool,10545416154,2010-03-16,@jclenzi My question is...how did you come across this lovely tool of modern medicine?,7777322,"a foolish, obnoxious, or contemptible person",insult,casual_conversation,false,
tool,10933433438,2010-03-23,"Insight into BDO Seidman's award-winning flexibility strategy, ""No Mere Perk: Flex-Work as a Strategic Tool."" http://bit.ly/bYpLEF #worklife",16459994,"a foolish, obnoxious, or contemptible person",insult,article_sharing,false,
tool,10933434772,2010-03-23,YouTube - Moments of Relaxation 1: Moments of Relaxation is a video tool that helps with stress management. It com... http://bit.ly/ceSXGG,65686356,"a foolish, obnoxious, or contemptible person",insult,article_sharing,false,
tool,10933436145,2010-03-23,This JavaFX integration may get my son back to Java from AC3! RT @IanSkerrett: Demo of JavaFX authoring tool buit with JavaFX #eclipsecon.,18766698,"a foolish, obnoxious, or contemptible person",insult,casual_conversation,false,
tool,10933437271,2010-03-23,JavaFX authoring tool demo at #eclipsecon sure looks a lot like Flash Catalyst. Integrated with Eclipse IDE for code editing & live updates.,15923240,"a foolish, obnoxious, or contemptible person",insult,commenting,false,
tool,10933440980,2010-03-23,Realbeauty.com's New Makeover Tool Shows How A Few Changes Quickly Enhance A ... http://bit.ly/dvDZSK,66881860,"a foolish, obnoxious, or contemptible person",insult,article_sharing,false,
tool,10933442215,2010-03-23,'hol up ! cool out ! before i pull the tool out !',24826844,"a foolish, obnoxious, or contemptible person",insult,commenting,false,
tool,10933444145,2010-03-23,"RT @therealstraw: ""Loading up the Pro Tool$"" ~Let$ Get It!!",11244462,"a foolish, obnoxious, or contemptible person",insult,casual_conversation,false,
tool,10933444540,2010-03-23,RT @WeddingWire: Have you started working on your guest list? Our tool allows you to create several events ~http://ow.ly/1pU3W,91631427,"a foolish, obnoxious, or contemptible person",insult,article_sharing,false,
tool,10933446859,2010-03-23,A.Y. McDonald cuts its cutting-tool spend. New industrial vending case study: http://www.apexindustrial.com/images/casestudy/AYMcDonald.pdf,21402276,"a foolish, obnoxious, or contemptible person",insult,article_sharing,false,
tool,10933450060,2010-03-23,"Dr Dobbs - Web Development Renewed: But it's a productivity tool for complex, mostly enterprise-class applications... http://bit.ly/b8UGUt",17224105,"a foolish, obnoxious, or contemptible person",insult,article_sharing,false,
tool,10945402531,2010-03-23,I gotta try out this #skipfish web app assessment tool from google. Almost enough to get me to work on my holiday,18826503,"a foolish, obnoxious, or contemptible person",insult,commenting,false,
tool,10945403204,2010-03-23,RT @dgupta5150: Great tool for #Twitter management.  You can micro target your audience http://ow.ly/1pHTN,15357915,"a foolish, obnoxious, or contemptible person",insult,article_sharing,false,
tool,10945421668,2010-03-23,RT @OhSheida: excuses are just bricks in the house of failure. hahaha Tool Academy has some lowkey life lessons.,26616486,"a foolish, obnoxious, or contemptible person",insult,casual_conversation,false,
tool,10945428896,2010-03-23,Social shopping tool helps drive 15% increase in sales at a skincare site http://bit.ly/9J363Q,85193638,"a foolish, obnoxious, or contemptible person",insult,article_sharing,false,
tool,10945449272,2010-03-23,Watch: Tool Academy Season 03 Episode 01 Communication http://eztvlinks.com/tool-academy-season-03-episode-01-communication/,83752268,"a foolish, obnoxious, or contemptible person",insult,article_sharing,false,
tool,10945449891,2010-03-23,Allied 142 pieace tool kit | coneder.info - Lucas Caliva http://bit.ly/bUyRmw,23621718,"a foolish, obnoxious, or contemptible person",insult,article_sharing,false,
tool,10945450708,2010-03-23,RT @thelampnyc: How many people use another tool besides Facebook to update your FB status? Noticing those tools/services integrating pa ...,34607715,"a foolish, obnoxious, or contemptible person",insult,casual_conversation,false,
tool,10945452143,2010-03-23,Watch: Tool Academy Season 03 Episode 02 Fidelity http://eztvlinks.com/tool-academy-season-03-episode-02-fidelity/,83752268,"a foolish, obnoxious, or contemptible person",insult,article_sharing,false,
tool,10945453786,2010-03-23,Legal Social Network Is the Newest Free Marketing Tool on SEOLawFirm.com http://bit.ly/a7wVTg,80560300,"a foolish, obnoxious, or contemptible person",insult,article_sharing,false,
tool,10945454059,2010-03-23,Watch: Tool Academy Season 03 Episode 06 Trust http://eztvlinks.com/tool-academy-season-03-episode-06-trust/,83752268,"a foolish, obnoxious, or contemptible person",insult,article_sharing,false,
tool,10947735962,2010-03-23,Experience a Peacemaking Circle: a tool for building trust and ...: Emphasis on this relationship building stage. ... http://bit.ly/98NOQd,92161134,"a foolish, obnoxious, or contemptible person",insult,article_sharing,false,
tool,10947736315,2010-03-23,p2g Blog: #MediaDailyNews: MTV #Integrates Foursquare’s #Gaming #Tool: MTV Networks said it… http://goo.gl/fb/b6hT,60696250,"a foolish, obnoxious, or contemptible person",insult,article_sharing,false,
tool,10947737440,2010-03-23,RT @ericgal: How to Transform Your Web Site Into a Sales Tool http://ow.ly/1o8p0,17438734,"a foolish, obnoxious, or contemptible person",insult,article_sharing,false,
tool,10947772641,2010-03-23,ActivEngage's New ActivConnect Tool Bar Keeps Consumers on Auto Dealer Websites while Connecting to Dealer Social Media http://shar.es/mgftZ,15972078,"a foolish, obnoxious, or contemptible person",insult,article_sharing,false,
tool,10947774287,2010-03-23,16-Piece Deluxe Watch Opener Tool Kit Repair Pin Remover http://bit.ly/bZ8dGd,74841055,"a foolish, obnoxious, or contemptible person",insult,article_sharing,false,
tool,10947784972,2010-03-23,New blog post: Technical Analysis Software ' Invaluable Tool For The Busy Trader http://bit.ly/cTtWnv,20447690,"a foolish, obnoxious, or contemptible person",insult,article_sharing,false,
tool,10947789925,2010-03-23,Tool - Schism http://bit.ly/dgGkv9,815680,"a foolish, obnoxious, or contemptible person",insult,music_discussion,false,
tool,10947796151,2010-03-23,"@EllisMate that guy hates u so much, but is still listening to u, what a  fucking tool",52814554,"a foolish, obnoxious, or contemptible person",insult,casual_conversation,false,
tool,10947798906,2010-03-23,Taking a little longer to get the search in description tool working properly.  Self-imposed deadline to release it... http://bit.ly/aOKKW9,23840895,"a foolish, obnoxious, or contemptible person",insult,article_sharing,false,
tool,10947811289,2010-03-23,"Next up is RoomClerk, a room/resource booking tool. #watcamp",30654110,"a foolish, obnoxious, or contemptible person",insult,commenting,false,
tool,11495424690,2010-04-02,Cheap prices Leatherman 831102 Super Tool-300 Multitool with Premium Sheath: Price : Too low to disp... http://twurl.nl/tlyabd Cheap prices,103233995,"a foolish, obnoxious, or contemptible person",insult,article_sharing,false,
tool,11495424809,2010-04-02,Cheap prices Leatherman 831102 Super Tool-300 Multitool with Premium Sheath: Price : Too low to disp... http://twurl.nl/lywu12 Cheap prices,21841155,"a foolish, obnoxious, or contemptible person",insult,article_sharing,false,
tool,11495425916,2010-04-02,Cheap prices Leatherman 831102 Super Tool-300 Multitool with Premium Sheath: Price : Too low to disp... http://twurl.nl/6vx30n Cheap prices,104345580,"a foolish, obnoxious, or contemptible person",insult,article_sharing,false,
tool,11495426797,2010-04-02,Cheap prices Leatherman 831102 Super Tool-300 Multitool with Premium Sheath: Price : Too low to disp... http://twurl.nl/dbswte Cheap prices,103136876,"a foolish, obnoxious, or contemptible person",insult,article_sharing,false,
tool,11495427072,2010-04-02,Cheap prices Leatherman 831102 Super Tool-300 Multitool with Premium Sheath: Price : Too low to disp... http://twurl.nl/is5upg Cheap prices,103408193,"a foolish, obnoxious, or contemptible person",insult,article_sharing,false,
tool,11495432035,2010-04-02,Has a great deal of respect for Clay and Joe at #infusionsoft for their amazing customer service! Great tool for ADVANCED email marketing.,31153365,"a foolish, obnoxious, or contemptible person",insult,commenting,false,
tool,11495435558,2010-04-02,"Virginia Media: Social Media: A tool, not THE tool http://bit.ly/a4HKHW",15776033,"a foolish, obnoxious, or contemptible person",insult,article_sharing,false,
tool,11495456201,2010-04-02,"@Sm0k3y_0410 Don't run away, ask God for a tool to fix it.......",28288378,"a foolish, obnoxious, or contemptible person",insult,casual_conversation,false,
tool,11495470231,2010-04-02,"@ReeseyPops Nope...it's being a maverick heffa rite now. I think the new ""pimp"" tool they added 4 the layout is causing a glitch...how r ya?",14825773,"a foolish, obnoxious, or contemptible person",insult,casual_conversation,false,
tool,11495470708,2010-04-02,"@aphexious i have the standard lino cutting tool & standard parts, you're welcome to borrow!",7747592,"a foolish, obnoxious, or contemptible person",insult,casual_conversation,false,
tool,11707159179,2010-04-06,#lastfm #love Prison Sex by Tool http://bit.ly/1npmQb,12596982,"a foolish, obnoxious, or contemptible person",insult,article_sharing,false,
tool,11707179920,2010-04-06,Tool videos on youtube.com /toolband.com,45361400,"a foolish, obnoxious, or contemptible person",insult,commenting,false,
tool,11707186120,2010-04-06,Technical sales engineer ( high performance tool steels ) - Oxford Un... http://jobsurl.com/1e4630,20050028,"a foolish, obnoxious, or contemptible person",insult,article_sharing,false,
tool,11707191023,2010-04-06,"Get more info about this Facebook Page Tool here: http://bit.ly/cBnt0v &lt;-- And this link actually works :) last night's was broken, sorry",110510471,"a foolish, obnoxious, or contemptible person",insult,article_sharing,false,
tool,11707200904,2010-04-06,Happy WIFE Day! Head over to http://beingwife.wordpress.com to vote for your favorite MIXING (Kitchen) tool! You know what my vote is!,20593205,"a foolish, obnoxious, or contemptible person",insult,article_sharing,false,
tool,11707214602,2010-04-06,@web20education and Edmodo is a great tool for teaching & playing with the under 13 kids #edchat,10182182,"a foolish, obnoxious, or contemptible person",insult,casual_conversation,false,
tool,11707218747,2010-04-06,@TheCyberJohn Did you use the license transfer tool to transfer all of your DLC from your old console? ^KS,59804598,"a foolish, obnoxious, or contemptible person",insult,casual_conversation,false,
tool,11707250511,2010-04-06,Please  check out thiscool NEW tool and help me build my business at lightning speed. I will give you feed back. http://timmyurl.com/y4jzc,125106975,"a foolish, obnoxious, or contemptible person",insult,article_sharing,false,
tool,11707252244,2010-04-06,"...remember, it's just a tool, not a symbol of everything right/wrong with the world (for the record, I enjoyed being able to watch bball...",15013130,"a foolish, obnoxious, or contemptible person",insult,commenting,false,
tool,12494463135,2010-04-20,"DOM Inspector - MDC - The DOM Inspector (also known as DOMi) is a developer tool used to inspect, browse, and edit ... http://ow.ly/177bij",23282663,"a foolish, obnoxious, or contemptible person",insult,article_sharing,false,
tool,12494471279,2010-04-20,"BuyLocal FoodHub – Do you use it?: Hi KCAA community,
I recently became aware of a really brilliant tool, FoodHub.... http://bit.ly/bnuIry",88604347,"a foolish, obnoxious, or contemptible person",insult,article_sharing,false,
tool,12494478566,2010-04-20,Welp- I'm off to do some more study...Gods save me from stone tool identification.  The rocks look all the same to me! #archaeology geekism,131420810,"a foolish, obnoxious, or contemptible person",insult,commenting,false,
tool,12494497172,2010-04-20,"Just got showed the tools used to work on Fibre optic cable. Tool to cut Fibre= $14,000. Tool to splice Fibre= $26,000.",22728996,"a foolish, obnoxious, or contemptible person",insult,commenting,false,
tool,12494502186,2010-04-20,A floating form is a tool to turn all your sites into capture sites- check out the form on my Facebook page. http://cli.gs/U7mTAZ,83907758,"a foolish, obnoxious, or contemptible person",insult,article_sharing,false,
tool,12494523945,2010-04-20,"@keithr34 @dboshea If you rub one out using bacon grease as a lubricant yr tool will smell like Bob Evans, and no one wants that",45455253,"a foolish, obnoxious, or contemptible person",insult,casual_conversation,false,
tool,12494529286,2010-04-20,"THE MOST POPULAR Real Estate Tool on the internet. If you like it, please tell your friends and reTweet http://ping.fm/ym2K6",64559010,"a foolish, obnoxious, or contemptible person",insult,article_sharing,false,
tool,12494538921,2010-04-20,#nowplaying tool ~ H.,104944556,"a foolish, obnoxious, or contemptible person",insult,commenting,false,
tool,12494539854,2010-04-20,PAINT TOOL SAI I KNOW YOUR WAYS AND I SHALL CONQUER,76064992,"a foolish, obnoxious, or contemptible person",insult,commenting,false,
tool,12494543853,2010-04-20,"Does anyone have ideas on documenting a counseling program using a curriculum mapping tool, such as Atlas?",42786134,"a foolish, obnoxious, or contemptible person",insult,commenting,false,
tool,13693093626,2010-05-09,The tool academy called looking for their missing member... I think I found him.,16277174,"a foolish, obnoxious, or contemptible person",insult,commenting,false,
tool,13693099379,2010-05-09,HOBBYBOY Complete Tool Set Made in Western Germany: $24.99 (0 Bids)End Date: Sunday May-16-2010 14:29:17 PDTBid no... http://bit.ly/94NpQF,77574915,"a foolish, obnoxious, or contemptible person",insult,article_sharing,false,
tool,13693120056,2010-05-09,Hot Deal!: Craftsman 118 pc. Dual Marked Mechanics Tool Set $80.99  at Sears http://j.mp/9BapXC,123969526,"a foolish, obnoxious, or contemptible person",insult,article_sharing,false,
tool,13693143153,2010-05-09,Homologate : homage tool #anagrampoetry,24493624,"a foolish, obnoxious, or contemptible person",insult,commenting,false,
tool,13693144930,2010-05-09,"The Agenda Behind Electronic Health Records The electronic health record is a tool - and yes, a stalking horse - for.. http://nyti.ms/aFoaLP",52456626,"a foolish, obnoxious, or contemptible person",insult,article_sharing,false,
tool,13693177575,2010-05-09,60% Commission For This Highly Converting Twitter Software.: Tweetomatic Profiteer: The Only Twitter Software Tool... http://bit.ly/9ytyop,18246699,"a foolish, obnoxious, or contemptible person",insult,article_sharing,false,
tool,13693190275,2010-05-09,Advertiser's alert its #1 most useful twitin' tool on the market!! bit.ly/6pAzw0,98454930,"a foolish, obnoxious, or contemptible person",insult,commenting,false,
tool,13693226127,2010-05-09,ad: Finally a project management tool that both your engineers AND your business people will like! Check out Planio http://j.mp/cG2jML,94845715,"a foolish, obnoxious, or contemptible person",insult,article_sharing,false,
tool,13693247696,2010-05-09,"Need4 YouTube Converter: Need4 YouTube Converter – is the ideal tool for downloading video from YouTube, Google an... http://bit.ly/cMA4mD",22964443,"a foolish, obnoxious, or contemptible person",insult,article_sharing,false,
tool,13693249245,2010-05-09,@sleblang I hate it when I sound like a complaining old man. So: flashbuilder is a great tool. Runs mutch smoother then the standard eclipse,20940483,"a foolish, obnoxious, or contemptible person",insult,casual_conversation,false,
tool,13746488482,2010-05-10,RT @Hobo_Web Internal Pagerank checker tool that works (and is fast) - http://bit.ly/drQKFB,39226263,"a foolish, obnoxious, or contemptible person",insult,article_sharing,false,
tool,13746492663,2010-05-10,Asbestos Exposure is serious! Asbestos Exposure Locator Tool show locations known to contain Asbestos in your area - http://short.ie/dppnyf,14728132,"a foolish, obnoxious, or contemptible person",insult,article_sharing,false,
tool,13746495857,2010-05-10,RT @KQED: Build a custom NPR podcast directory with this tool: http://ht.ly/1JbAF,1135581,"a foolish, obnoxious, or contemptible person",insult,article_sharing,false,
tool,13746501558,2010-05-10,"If you want to boost your follower count and get some serious twitter cred, check out this free tool! &gt;&gt; http://bit.ly/93VHcR",142410484,"a foolish, obnoxious, or contemptible person",insult,advertising_spam,false,
tool,13746506448,2010-05-10,I use this for my biz Free viral tool: http://itshrunk.com/65bc88,20722323,"a foolish, obnoxious, or contemptible person",insult,article_sharing,false,
tool,13746517431,2010-05-10,My plan for this evening: 1. Go to jesters. 2. Get absolutely tool-shedded. 3. Forget everything.,18568193,"a foolish, obnoxious, or contemptible person",insult,commenting,false,
tool,13746517827,2010-05-10,If you ever want to find some root causes 4 issues facing your biz consider a #Fishbone session with your team. The tool is a real eyeopener,7338472,"a foolish, obnoxious, or contemptible person",insult,commenting,false,
tool,13746522586,2010-05-10,RT @Hobo_Web: Internal Pagerank checker tool that works (and is fast) - http://bit.ly/drQKFB,142407951,"a foolish, obnoxious, or contemptible person",insult,article_sharing,false,
tool,13746527561,2010-05-10,"On sale at Amazon: Rubbermaid 5E28 Deluxe Tool Tower Rack with Casters, Holds 36 Tools http://snipurl.com/w4qkx",116684921,"a foolish, obnoxious, or contemptible person",insult,article_sharing,false,
tool,13764276891,2010-05-11,[Blog] Reinventing real estate search: Web tool highlights 'l... http://www.mls-real-estate.com/2010/05/10/reinventing-real-estate-search/,17938062,"a foolish, obnoxious, or contemptible person",insult,article_sharing,false,
tool,13764279520,2010-05-11,"Vancouver Adwords Course Tuesday May 11th, 2-5pm « Reachd Blog: Adwords is an unbelievable tool. If you don't know... http://bit.ly/cPFfR9",20735458,"a foolish, obnoxious, or contemptible person",insult,article_sharing,false,
tool,13764289685,2010-05-11,webprofiteer.webneur.com: Is there a free tool or services offered to trace your backlinks? http://bit.ly/bFTKp0,118613695,"a foolish, obnoxious, or contemptible person",insult,article_sharing,false,
tool,13764299061,2010-05-11,aaref.com / Arif blog post: Webcast: Understanding the Microsoft Offline Virtual Machine Servicing Tool (Level 300) http://bit.ly/aGxPCB,74224977,"a foolish, obnoxious, or contemptible person",insult,article_sharing,false,
tool,13764307053,2010-05-11,@trizzlesticks Word of mouth via parents is still a powerful tool then. Excellent (must chat to mums at son's Kinder LOL) #pblitchat,28313712,"a foolish, obnoxious, or contemptible person",insult,casual_conversation,false,
tool,13764308789,2010-05-11,$11.96 Victorinox Swiss Army Signature Pocket Tool (Sapphire)  http://www.dealslist.com/index.php?id=66876,88121718,"a foolish, obnoxious, or contemptible person",insult,article_sharing,false,
tool,13764311337,2010-05-11,RT RT @ChromeBrowser: The #SEO Tool That May Make You Switch to Google #Chrome http://www.seofacts.biz/?p=10394 [v... http://bit.ly/aM9Tet,39637767,"a foolish, obnoxious, or contemptible person",insult,article_sharing,false,
tool,13764362863,2010-05-11,"RT @madeleinebloom: Registered at @marcatomusician, a tool to organise all the stuff DIY musicians do apart from actually making music o ...",21312464,"a foolish, obnoxious, or contemptible person",insult,casual_conversation,false,
tool,13764362887,2010-05-11,Experts forecast that search engine optimization (SEO) will be the most used online marketing tool in the future.,15671604,"a foolish, obnoxious, or contemptible person",insult,commenting,false,
tool,13764376791,2010-05-11,RT @IntelligentEnt: Microsoft Unveils Spindex Social Networking Tool http://bit.ly/aiHMhD,17613208,"a foolish, obnoxious, or contemptible person",insult,article_sharing,false,
tool,15517846279,2010-06-05,#nowplaying Torment Tool - Black Gold Ecstasy on www.brutalexistenceradio.com #metal,120569780,"a foolish, obnoxious, or contemptible person",insult,commenting,false,
tool,15517853037,2010-06-05,Large Antique Vintage Farm Sickle Scythe Tool P. Carter USD 14.95 at www.twpr.info/r.php?i=1136667,146399808,"a foolish, obnoxious, or contemptible person",insult,commenting,false,
tool,15517861551,2010-06-05,"Every now & then I get a call and am reminded this thing is not just a handy tool for checking Twitter, it's also a P-H-O-N-E",92815307,"a foolish, obnoxious, or contemptible person",insult,commenting,false,
tool,15517879753,2010-06-05,"Twitter tool ""Twellow"" Twitter search directory and search engine  http://www.twellow.com/ #twitter",114087999,"a foolish, obnoxious, or contemptible person",insult,article_sharing,false,
tool,15517887782,2010-06-05,Coming soon: Collaborative writing tool & forums for fans to complete the abandoned STORY ARCS of so many characters: http://LostEndings.com,151464809,"a foolish, obnoxious, or contemptible person",insult,article_sharing,false,
tool,15517896793,2010-06-05,"@shaungroves Can you only imagine the excitement of those 17 kids when they find out they're sponsored! Thanks, Shaun, for being God's tool!",92451809,"a foolish, obnoxious, or contemptible person",insult,casual_conversation,false,
tool,15517905101,2010-06-05,@Amzz2 it's so annoying isn't it!! it came from the rip cow grave thing so i put that in my tool shed and now it's gone (Y),97979579,"a foolish, obnoxious, or contemptible person",insult,casual_conversation,false,
tool,15517966328,2010-06-05,"@fontscom Can you identify this font? http://bit.ly/aC4PHu I tried your search tool: http://bit.ly/9JKKUF, but no luck. Thanks in advance :}",11354262,"a foolish, obnoxious, or contemptible person",insult,article_sharing,false,
tool,15517994735,2010-06-05,New High Quality LCD Digital Multimeter Repaire Tool http://www.testequipmentauction.com/?p=149662,94465712,"a foolish, obnoxious, or contemptible person",insult,article_sharing,false,
tool,15518018714,2010-06-05,@AlanTheChemist Al what's the lastest music tool you're using to make songs..,30598150,"a foolish, obnoxious, or contemptible person",insult,casual_conversation,false,
tool,15842589452,2010-06-10,In order to get twitter followers use this free tool: http://addfollower.com,153791690,"a foolish, obnoxious, or contemptible person",insult,advertising_spam,false,
tool,15842595991,2010-06-10,Highway 1-35 Wrath Purifying the scum of the earth I was born to murder the world I’m a tool created by your... http://tumblr.com/xmhbatvr6,139918248,"a foolish, obnoxious, or contemptible person",insult,article_sharing,false,
tool,15842605469,2010-06-10,"Dear Universe, please return the small but crucially useful tool I seem to have put in a very safe place.",21384980,"a foolish, obnoxious, or contemptible person",insult,commenting,false,
tool,15842613075,2010-06-10,SEO Elite Software: a must-own tool for dramatically increasing your website presence http://cli.gs/YVURW,95167404,"a foolish, obnoxious, or contemptible person",insult,article_sharing,false,
tool,15842622291,2010-06-10,Stupid hand tool,22387242,"a foolish, obnoxious, or contemptible person",insult,commenting,false,
tool,15842634270,2010-06-10,AIO Tool Box 1.4 For All System http://bit.ly/cpI7ZA,121068349,"a foolish, obnoxious, or contemptible person",insult,article_sharing,false,
tool,15842651707,2010-06-10,"[Sell] Launch X431 Diagun: Features:
X-431 Diagun is a specially designed diagnostic tool for automotive technicia... http://bit.ly/d1VIcq",82034360,"a foolish, obnoxious, or contemptible person",insult,article_sharing,false,
tool,15842657597,2010-06-10,"Adwords tool for hostgator.com (Web Hosting Services, Reseller Hosting, and Dedicated Servers by ...)  http://bit.ly/9cJpfz",142371308,"a foolish, obnoxious, or contemptible person",insult,article_sharing,false,
tool,15842668359,2010-06-10,The best SEO/Keyword tool for your needs! http://bit.ly/bSIBKt,121418382,"a foolish, obnoxious, or contemptible person",insult,advertising_spam,false,
tool,15842673033,2010-06-10,Communication is an important tool!,18805903,"a foolish, obnoxious, or contemptible person",insult,commenting,false,
tool,17003905721,2010-06-25,Nick Falk talking about voice thread as a free (?) tool for classroom learning #etwinning #ngconf,15822832,"a foolish, obnoxious, or contemptible person",insult,commenting,false,
tool,17003920428,2010-06-25,S &amp; G Tool Aid 18920 Ratcheting Terminal Crimping Kit- 5 Piece http://bit.ly/bCMIX2,124090748,"a foolish, obnoxious, or contemptible person",insult,article_sharing,false,
tool,17003922063,2010-06-25,http://is.gd/d3mxs Video Tool http://is.gd/cW7dT,109485048,"a foolish, obnoxious, or contemptible person",insult,article_sharing,false,
tool,17003936781,2010-06-25,Video-Based Tutorial:Media Composer 5 Feature Showcase Part 2-Smart Tool http://digitalproducer.com/i.jsp?id=1132809,95523130,"a foolish, obnoxious, or contemptible person",insult,article_sharing,false,
tool,17003940816,2010-06-25,Video-Based Tutorial:Media Composer 5 Feature Showcase Part 2-Smart Tool http://digitalvideoediting.com/i.jsp?id=1132809,95530090,"a foolish, obnoxious, or contemptible person",insult,article_sharing,false,
tool,17003941532,2010-06-25,Video-Based Tutorial:Media Composer 5 Feature Showcase Part 2-Smart Tool http://broadcastnewsroom.com/i.jsp?id=1132809,95490894,"a foolish, obnoxious, or contemptible person",insult,article_sharing,false,
tool,17003945702,2010-06-25,Company News:Job Aspirin&#39;s Online Tool Aids Job Seekers  -Internet Startup Job Aspirin Offers  http://dmnnewswire.com/i.jsp?id=1135176,95957007,"a foolish, obnoxious, or contemptible person",insult,article_sharing,false,
tool,17003957691,2010-06-25,l knw for sure the little boy wonder will release the ultimate jailbreaking tool,101777798,"a foolish, obnoxious, or contemptible person",insult,commenting,false,
tool,17003960435,2010-06-25,Electronic Medical Records as a Research Tool: Evaluating Topiramate Use at a Headache Center http://bit.ly/bBlVLO,45659360,"a foolish, obnoxious, or contemptible person",insult,article_sharing,false,
tool,17003986694,2010-06-25,Recruiters - A job description is not a sales tool. http://bit.ly/bp5X23 #recruitment #advertising,40874631,"a foolish, obnoxious, or contemptible person",insult,article_sharing,false,
tool,17075900535,2010-06-26,"Just in... Intel Gift – Tool Pen and Maglite Case: Intel Gift – Tool Pen and Maglite Case

Features: It contains a... http://bit.ly/a2Kzno",113502781,"a foolish, obnoxious, or contemptible person",insult,article_sharing,false,
tool,17075912534,2010-06-26,@SEO_Tool Noticed your tweet. This fee traffic back links system just might interest you. http://bit.ly/cFjOBz?=mzm1,49113972,"a foolish, obnoxious, or contemptible person",insult,article_sharing,false,
tool,17075912928,2010-06-26,"David James""Ghana have better team than Germany, i dont know most of the German names"" how d'u know they have a better team then? Tool.",87570310,"a foolish, obnoxious, or contemptible person",insult,commenting,false,
tool,17075943173,2010-06-26,why does the ink tool make my whole laptop slow?,71483934,"a foolish, obnoxious, or contemptible person",insult,commenting,false,
tool,17075949569,2010-06-26,"Fundraising Tool Piryx Projects $4B In Online Political Donations For 2010 Election Cycle: Piryx, a...: Fundraisin... http://bit.ly/aWEoH1",124434656,"a foolish, obnoxious, or contemptible person",insult,article_sharing,false,
tool,17075951578,2010-06-26,"Fundraising Tool Piryx Projects $4B In Online Political Donations For 2010 Election Cycle: Piryx, a...: Fundraisin... http://bit.ly/dnOC8m",124430569,"a foolish, obnoxious, or contemptible person",insult,article_sharing,false,
tool,17075953275,2010-06-26,"Fundraising Tool Piryx Projects $4B In Online Political Donations For 2010 Election Cycle: Piryx, a...: Fundraisin... http://bit.ly/cMvdVR",124436398,"a foolish, obnoxious, or contemptible person",insult,article_sharing,false,
tool,17075957029,2010-06-26,"Fundraising Tool Piryx Projects $4B In Online Political Donations For 2010 Election Cycle: Piryx, a...: Fundraisin... http://bit.ly/9ozkq1",124514324,"a foolish, obnoxious, or contemptible person",insult,article_sharing,false,
tool,17075957535,2010-06-26,"Fundraising Tool Piryx Projects $4B In Online Political Donations For 2010 Election Cycle: Piryx, a...: Fundraisin... http://bit.ly/bhC1ju",136000548,"a foolish, obnoxious, or contemptible person",insult,article_sharing,false,
tool,17075959616,2010-06-26,"Fundraising Tool Piryx Projects $4B In Online Political Donations For 2010 Election Cycle: Piryx, a...: Fundraisin... http://bit.ly/aP4j9Q",135973641,"a foolish, obnoxious, or contemptible person",insult,article_sharing,false,
tool,17491980277,2010-07-01,#opensource #Google CL love it.. http://google-opensource.blogspot.com/2010/06/introducing-google-command-line-tool.... http://ht.ly/17XuNx,14243298,"a foolish, obnoxious, or contemptible person",insult,article_sharing,false,
tool,17492002897,2010-07-01,New Blog Post on Tea For Me you can find it here http://teaforme.info/java-wand-portable-single-serve-coffee-and-loose-tea-brewing-tool/,112332555,"a foolish, obnoxious, or contemptible person",insult,article_sharing,false,
tool,17492007584,2010-07-01,"Crystal Cruises announces new online tool to simplify check-in and pre-cruise operations, effective from July. #cruise",18761454,"a foolish, obnoxious, or contemptible person",insult,commenting,false,
tool,17492009216,2010-07-01,Get BC2 Server Admin Tool R15 Free for Android. Version 1.6.6 was just released.. http://androgg.com/REqG #android,145902003,"a foolish, obnoxious, or contemptible person",insult,article_sharing,false,
tool,17492024869,2010-07-01,NETRA - Near-Eye Tool for Refractive Assessment http://ibnlive.in.com/news/use-netra-check-your-eyes-using-mobile-phone/125717-11.html,36615411,"a foolish, obnoxious, or contemptible person",insult,article_sharing,false,
tool,17492028115,2010-07-01,"I hate going thru the tool box. Especially at night. There's a scythe, a saw, a garden scissor and other murderous items. Ahh the memories..",27358090,"a foolish, obnoxious, or contemptible person",insult,commenting,false,
tool,17492029636,2010-07-01,RT @BettyCrocker: Wanna win the ultimate veggie grilling tool? Enter the Adventures in Grilling #Sweepstakes for this week's prize! http ...,9454532,"a foolish, obnoxious, or contemptible person",insult,article_sharing,false,
tool,17492033382,2010-07-01,How existing organizations adapt to tech innovations. Longitudinal analysis with History crawl tool by M. Weber #sunbelt,32586216,"a foolish, obnoxious, or contemptible person",insult,commenting,false,
tool,17492041798,2010-07-01,RT @slashdot: New Tool Reveals Internet Passwords http://bit.ly/cgrjFM,10380302,"a foolish, obnoxious, or contemptible person",insult,article_sharing,false,
tool,17700035770,2010-07-04,Twiogle is a Twitter and Google search tool combined in one. - http://bit.ly/kryYD,80368388,"a foolish, obnoxious, or contemptible person",insult,article_sharing,false,
tool,17700067198,2010-07-04,Can the iPad be Used as An Effective Business Tool? http://dld.bz/jfeh,132954675,"a foolish, obnoxious, or contemptible person",insult,article_sharing,false,
tool,17700076942,2010-07-04,lifestylesfortoday WebPart for online News Updates: Is there any third party tool or web part for showing News Upd... http://bit.ly/cppXBp,50992125,"a foolish, obnoxious, or contemptible person",insult,article_sharing,false,
tool,17700116530,2010-07-04,Auto Parts In Brooks (OR) | Machine-Tool-Supply Div - Automobile Parts &amp; Supplies - http://advanceautopartshq.com/Fdr,156983068,"a foolish, obnoxious, or contemptible person",insult,article_sharing,false,
tool,17700117486,2010-07-04,SkimLinks launches affiliate marketing tool http://tinyurl.com/2btfrpv,114903146,"a foolish, obnoxious, or contemptible person",insult,article_sharing,false,
tool,17700126759,2010-07-04,Google Keyword Tool teencontrol.com (teencontrol.com)  http://bit.ly/appuoA,131995698,"a foolish, obnoxious, or contemptible person",insult,article_sharing,false,
tool,17700135509,2010-07-04,UPDATED - Attachment Alarm for Microsoft Outlook: This tool reminds you to insert an attachment in case...  http://www.hotlib.com/1648,99606240,"a foolish, obnoxious, or contemptible person",insult,article_sharing,false,
tool,17700142195,2010-07-04,Indie Band Success - Band Promo Tool. Big Commissions! Low Refunds! http://bit.ly/aOZuKU,133626499,"a foolish, obnoxious, or contemptible person",insult,article_sharing,false,
tool,17700149075,2010-07-04,"Power Tool: Safety Around Your Home: You may feel confident using power tools around your home, but safety should ... http://bit.ly/cAak2P",34760998,"a foolish, obnoxious, or contemptible person",insult,article_sharing,false,
tool,17700156072,2010-07-04,Tweetomatic Profiteer: The Only Twitter Software Tool Out There Which Taps Into The Massive Potential Of CB. http://sns.ly/Y8447,91698243,"a foolish, obnoxious, or contemptible person",insult,article_sharing,false,
tool,18668883117,2010-07-16,Nice tip on @YOUmoz - @Dani_Lea shows how using big brand twitter accounts can be a powerful linkbuilding tool: http://bit.ly/bbtzOM @SEOmoz,14385326,"a foolish, obnoxious, or contemptible person",insult,article_sharing,false,
tool,18668887640,2010-07-16,RT @secastro: Online #DNSSEC debugging tool now available: http://dnssec-debugger.verisignlabs.com/  Thanks for Duane Wessels!,138406946,"a foolish, obnoxious, or contemptible person",insult,article_sharing,false,
tool,18668888376,2010-07-16,It isnt until you follow websites and writers that you understand how amazing a tool twitter is....sheesh.,14790012,"a foolish, obnoxious, or contemptible person",insult,commenting,false,
tool,18668889102,2010-07-16,"Social Networks, The Newest Recruiting Tool http://bit.ly/bP8K3y",137709917,"a foolish, obnoxious, or contemptible person",insult,article_sharing,false,
tool,18668896239,2010-07-16,"@TheKJA Oh, and by the way: YOU'VE FUCKED UP THE LAYOUT ON YOUR BLOG AGAIN, DUMBASS. Tech much, tool? #McDune #blogFAIL",23203520,"a foolish, obnoxious, or contemptible person",insult,casual_conversation,false,
tool,18668902893,2010-07-16,"Keep your tools safe, secure & tidy with our huge range of tool chests, storage & garage shelving - http://tinyurl.com/2bayp7a",64679132,"a foolish, obnoxious, or contemptible person",insult,article_sharing,false,
tool,18668906097,2010-07-16,"While developing visual studio 2010 extensions, use the ""Reset the Microsoft Visual Studio 2010 Experimental instance"" tool ...",38142871,"a foolish, obnoxious, or contemptible person",insult,commenting,false,
tool,18668912267,2010-07-16,RT @cdspower: Ok i am getting frustrated by this so ... Accessibility is not defined by WCAG. WCAG is a tool to achieve accessibility  # ...,42424874,"a foolish, obnoxious, or contemptible person",insult,casual_conversation,false,
tool,18668943945,2010-07-16,Tool was awesome. Best show I've been to in a very very long time. Even though I was in an accident on the way there I had a great night.,29081219,"a foolish, obnoxious, or contemptible person",insult,commenting,false,
tool,18668964419,2010-07-16,http://gymso.com SEO A Blog Can be an Effective Tool for Promoting Online: With growing appeal... http://bit.ly/bx5Pek http://gymso.com SEO,62337175,"a foolish, obnoxious, or contemptible person",insult,article_sharing,false,
tool,19424261604,2010-07-24,Keyword Density Tool for hilarious-videos.com (hilarious-videos.com)  http://bit.ly/aDUA2Q,131995698,"a foolish, obnoxious, or contemptible person",insult,article_sharing,false,
tool,19424269633,2010-07-24,Nice. @texastribune steals story stealing tool from @propublica http://j.mp/bPCLnT,7865282,"a foolish, obnoxious, or contemptible person",insult,article_sharing,false,
tool,19424290586,2010-07-24,Market Samurai is the absolute necessary surgical tool a marketer or Blogger could not be without. It sent my blog top http://bit.ly/aZZrdA,15349018,"a foolish, obnoxious, or contemptible person",insult,article_sharing,false,
tool,19424291831,2010-07-24,The Idea Lottery – Fun Idea Generation Tool -- http://www.ideachampions.com/idea_lottery_new.shtml,41119709,"a foolish, obnoxious, or contemptible person",insult,article_sharing,false,
tool,19424320244,2010-07-24,"I forgot to #FollowFriday yesterday, so here's @GlanceNetworks - the coolest tool for viewing theirs or letting someone view your computer.",17099483,"a foolish, obnoxious, or contemptible person",insult,casual_conversation,false,
tool,19424322255,2010-07-24,Load data in MySql--By megadeals on Jul 24--Max Bid: $20: We need a script or tool to read data from text files an... http://bit.ly/aAt6Gv,96292529,"a foolish, obnoxious, or contemptible person",insult,article_sharing,false,
tool,19424353526,2010-07-24,"Tweepular is a great follow unfollow tool for those looking to increase their following/follows.
 - http://bit.ly/3q4XLp",86606975,"a foolish, obnoxious, or contemptible person",insult,article_sharing,false,
tool,19424363283,2010-07-24,@tataphotonplus can I know the social media monitoring tool used by you guys..if it can be disclosed :),36013172,"a foolish, obnoxious, or contemptible person",insult,casual_conversation,false,
tool,19424408058,2010-07-24,Get the Black Sky Radio Tool Bar! http://BlackSkyRadioTools.OurToolbar.com/ Keep up with your Zynga Games like Mafia Wars and Farmville!!,45981213,"a foolish, obnoxious, or contemptible person",insult,article_sharing,false,
tool,19424410231,2010-07-24,#nowplaying Pushit [Live] - Tool - [Salival [CD/DVD] No.03],80607226,"a foolish, obnoxious, or contemptible person",insult,commenting,false,
tool,20353044574,2010-08-05,@djmicheals It's actually da scene where Gibbs gives Vance da tool he's gnna use 2 scan ppls hands.. #NCIS,16345004,"a foolish, obnoxious, or contemptible person",insult,casual_conversation,false,
tool,20353055933,2010-08-05,12pc Wood Lathe Turning Tool Set Tools Vintage: Current Price: $ 9.99 Buy this item. This set of tools is in good ... http://bit.ly/9qL7cs,144573303,"a foolish, obnoxious, or contemptible person",insult,article_sharing,false,
tool,20353056827,2010-08-05,Video as a tool to enhance SEO http://fb.me/uMsKyMCA,162937110,"a foolish, obnoxious, or contemptible person",insult,article_sharing,false,
tool,20353078795,2010-08-05,: : Freewheel Tool Shimano Ug Cycle Freewheel Cog Remover £0.99 http://bit.ly/bj6zHx,108298014,"a foolish, obnoxious, or contemptible person",insult,article_sharing,false,
tool,20353083105,2010-08-05,Free Keyword tool for visibleassets.com (visibleassets.com)  http://bit.ly/b6eT3v,131995698,"a foolish, obnoxious, or contemptible person",insult,article_sharing,false,
tool,20353094282,2010-08-05,Would you folks use a Twitter tool that does this -&gt; http://bit.ly/dgyPXf,790000,"a foolish, obnoxious, or contemptible person",insult,article_sharing,false,
tool,20353099482,2010-08-05,News: Jewelry Pliers 5-pc. Mini Tool Set http://bit.ly/bqL5bh,135810795,"a foolish, obnoxious, or contemptible person",insult,article_sharing,false,
tool,20353102188,2010-08-05,Google Buys Java/Ajax Tool-Maker Instantiations http://tcrn.ch/d5VV5w,46536169,"a foolish, obnoxious, or contemptible person",insult,article_sharing,false,
tool,20353103648,2010-08-05,News: Amy Butler Lotus Tool Caddy - Blue http://bit.ly/9lkRHG,135810795,"a foolish, obnoxious, or contemptible person",insult,article_sharing,false,
tool,24483067804,2010-09-14,"listening to ""The Grudge lyrics - Tool - Lateralus"" ♫ http://blip.fm/~w62fs",9419742,"a foolish, obnoxious, or contemptible person",insult,article_sharing,false,
tool,24483069970,2010-09-14,"RT @theitskeptic: @CarlosCasanova Maybe semantics, but I don't see any tool playing a role in business alignment. Its in heads, in culture",31951383,"a foolish, obnoxious, or contemptible person",insult,casual_conversation,false,
tool,24483075812,2010-09-14,@spencerfry I always thought Get Satisfaction was just a nice cus support organization tool. The company interacts with it's customers in it,19028099,"a foolish, obnoxious, or contemptible person",insult,casual_conversation,false,
tool,24483076063,2010-09-14,"Having trouble getting your kids to read? check out this cool reading tool, recommended by Together Family Magazine - http://tiny.cc/u6j0f",170727540,"a foolish, obnoxious, or contemptible person",insult,article_sharing,false,
tool,24483090944,2010-09-14,"Time is a tool, not a crutch.",51250736,"a foolish, obnoxious, or contemptible person",insult,commenting,false,
tool,24483091238,2010-09-14,"RT @iheartquotes: We must use time as a tool, not as a crutch. ~ John F. Kennedy",94900180,"a foolish, obnoxious, or contemptible person",insult,casual_conversation,false,
tool,24483092254,2010-09-14,RT: @TechCrunch: Microsoft Outlook Management Tool Liaise Steps Out Of Beta - http://tcrn.ch/8Xr3hH by @leenarao,28301768,"a foolish, obnoxious, or contemptible person",insult,article_sharing,false,
tool,24483093737,2010-09-14,"We must use time as a tool, not as a crutch. ~ John F. Kennedy /via @1Luvee iheartquotes",49037224,"a foolish, obnoxious, or contemptible person",insult,casual_conversation,false,
tool,24483095332,2010-09-14,Raven Launches Email Marketing Tool with Support for @campaignmonitor and @mailchimp http://is.gd/fammR,24417114,"a foolish, obnoxious, or contemptible person",insult,article_sharing,false,
tool,24483101478,2010-09-14,"We must use time as a tool, not as a crutch. ~ John F. Kennedy",25197446,"a foolish, obnoxious, or contemptible person",insult,commenting,false,
tool,24600103495,2010-09-15,@Wil_Anderson HI! *waving like a tool* I missed your show and im fucking pissed. Hope it was really shit so i didnt miss much. =P HUG&gt;,27952087,"a foolish, obnoxious, or contemptible person",insult,casual_conversation,false,
tool,24600129738,2010-09-15,Square Of Opposition: The logical tool we all know and love on your shirt. http://bit.ly/dxSHIr,37322454,"a foolish, obnoxious, or contemptible person",insult,article_sharing,false,
tool,24600131872,2010-09-15,Google Keyword Tool partsfornissans.com (partsfornissans.com)  http://bit.ly/bSbBdN,142371308,"a foolish, obnoxious, or contemptible person",insult,article_sharing,false,
tool,24600137472,2010-09-15,A new project management tool http://plan.io/apps/,21093952,"a foolish, obnoxious, or contemptible person",insult,article_sharing,false,
tool,24600139414,2010-09-15,RT @TheNextRoom: @Claireberrybear @DavidZinyama It's a poor tool that blames it workman.« Lol ;),23680063,"a foolish, obnoxious, or contemptible person",insult,casual_conversation,false,
tool,24600149478,2010-09-15,Say that in english!!! RT @kaszie: Using a theoretical tool or framework to develop a coherent analytical ... http://tmi.me/1q2TL,128697342,"a foolish, obnoxious, or contemptible person",insult,article_sharing,false,
tool,24600158203,2010-09-15,Are you remodeling your house? Power Tool Sanders are going cheap in eBay. Try it. http://bit.ly/bldzcy,87327952,"a foolish, obnoxious, or contemptible person",insult,article_sharing,false,
tool,24600165025,2010-09-15,"Oh look, I'm using what the bulk of Tori's lessons taught me: how to use the shape tool on photoshop!",18913415,"a foolish, obnoxious, or contemptible person",insult,commenting,false,
tool,24600166475,2010-09-15,RT @BrianMatiash: POSTED: My screencast tutorial on using the Photomatix 4 #HDR Anti-Ghosting Tool. http://brianmatiash.com/b/pmx4ag Enj ...,119834563,"a foolish, obnoxious, or contemptible person",insult,article_sharing,false,
tool,24600186494,2010-09-15,Check out this new cool tool from the Josie King Foundation - the Patient Journal App. This is a free tool that... http://fb.me/JcwadTxH,128884885,"a foolish, obnoxious, or contemptible person",insult,article_sharing,false,
tool,24846796738,2010-09-18,Adwords tool for minute last http://bit.ly/adjEuL,185796538,"a foolish, obnoxious, or contemptible person",insult,article_sharing,false,
tool,24846836661,2010-09-18,"Day 2 of YARDSALE! Come snag every tool, part and accessory known to man @ &lt;wholesale prices! + antiques, clothing, home dec for the ladies!",94017503,"a foolish, obnoxious, or contemptible person",insult,casual_conversation,false,
tool,24846845497,2010-09-18,@inigofernando is a persnl wealth tool but not gr8 for budgets. Excellent for online connectivity 2 various funds crd cards. Www.perfios.com,64233448,"a foolish, obnoxious, or contemptible person",insult,casual_conversation,false,
tool,24846852106,2010-09-18,Cool Tool of the Week: Email Marketing Success Webcast: Email marketing is far and away one of the best bang for t... http://bit.ly/a9pWhY,23474948,"a foolish, obnoxious, or contemptible person",insult,article_sharing,false,
tool,24846867748,2010-09-18,"I'm sick of seeing the same old stupid blue profile theme on facebook! I got a custom one using
this tool &gt;&gt; http://lx.im/6i5L  (Ad)",122990272,"a foolish, obnoxious, or contemptible person",insult,article_sharing,false,
tool,24846883958,2010-09-18,How to Confidently Pick a Social Media Tool http://bit.ly/cInMEM,23557511,"a foolish, obnoxious, or contemptible person",insult,technology_discussion,false,
tool,24846899109,2010-09-18,#SEO Free Keyword tool for cooler water http://bit.ly/9MBpns,185809102,"a foolish, obnoxious, or contemptible person",insult,article_sharing,false,
tool,24846901936,2010-09-18,@prfelipeparente God bless pastor. I'm positive God wil make wonders! You're a powerful tool in God's hand!,147572177,"a foolish, obnoxious, or contemptible person",insult,casual_conversation,false,
tool,24846916137,2010-09-18,"Besides Skitch, any good screen capture tool for Mac? #edtech",14451639,"a foolish, obnoxious, or contemptible person",insult,commenting,false,
tool,26137417431,2010-10-02,"@crumbum52 wanted to attack this tool of a guy i liked last year, but other than that great lol",23643656,"a foolish, obnoxious, or contemptible person",insult,casual_conversation,false,
tool,26137445033,2010-10-02,The #Woodworking Channel:  Good hand-tool first projects? #Crafts http://bit.ly/de0SCi,167441837,"a foolish, obnoxious, or contemptible person",insult,article_sharing,false,
tool,26137459830,2010-10-02,Why on earth would that girl want 2 have another child w/ that complete & total tool? I can't stand that guy! Find someone else Kourtney K!,180956914,"a foolish, obnoxious, or contemptible person",insult,commenting,false,
tool,26137460248,2010-10-02,Back-to-School Season Spurs Sales of Special Needs Tool~Press Release | Autism Blogger http://bit.ly/a1gMJP #autism #specialneeds #SPD,102265039,"a foolish, obnoxious, or contemptible person",insult,article_sharing,false,
tool,26137463497,2010-10-02,"Open your big wings and radiate a great beautiful light, using your flesh and blood as a tool. Shine brightly.http://bit.ly/aWPKj3",193906707,"a foolish, obnoxious, or contemptible person",insult,article_sharing,false,
tool,26137469864,2010-10-02,KNOW your proportions!It's evident that his reproductive tool has not met the necessary height requirement to be admitted onto this R I D E,115812156,"a foolish, obnoxious, or contemptible person",insult,commenting,false,
tool,26137479231,2010-10-02,@ali_loraine Try this Twitter tool that comes in handy. http://adf.ly/7SBY?=mtq4,23323840,"a foolish, obnoxious, or contemptible person",insult,article_sharing,false,
tool,26137491964,2010-10-02,RT @hosspratt Check out this free tool for Real Estate Agents... I hear it is a Game Changer... http://www.freelivecalls.com,19216914,"a foolish, obnoxious, or contemptible person",insult,article_sharing,false,
tool,26137498477,2010-10-02,"BORN FREE | Garden Tool Organizer - A COURSE IN MIRACLES â€“â€œYou are free to believe what you choose, and what you... http://ow.ly/19fIjT",69873579,"a foolish, obnoxious, or contemptible person",insult,article_sharing,false,
tool,26137498706,2010-10-02,"BORN FREE | Garden Tool Organizer - A COURSE IN MIRACLES â€“â€œYou are free to believe what you choose, and what you... http://ow.ly/19fIjU",69879685,"a foolish, obnoxious, or contemptible person",insult,article_sharing,false,
tool,26474130649,2010-10-05,"@hotgazpacho I think google had a visualizer tool (""Codeswarm"" or somthing like that?) that was for just that",18153336,"a foolish, obnoxious, or contemptible person",insult,casual_conversation,false,
tool,26474131092,2010-10-05,@theteachinggame @monicamalpas77 absolutely. But if you never use the tech tool... then there is a problem. Blending is good.,14528703,"a foolish, obnoxious, or contemptible person",insult,casual_conversation,false,
tool,26474139112,2010-10-05,C/C++ Tool development vacancies - London Jobs London | Jobs in London UK http://goo.gl/OUKw,122728545,"a foolish, obnoxious, or contemptible person",insult,article_sharing,false,
tool,26474161603,2010-10-05,"Google Keyword Tool onesource.com (Global Business Information, Company Information | OneSource)  http://bit.ly/9HaD6u",131995698,"a foolish, obnoxious, or contemptible person",insult,article_sharing,false,
tool,26474178423,2010-10-05,Apple iphone skin and cases protect the fragile surface of this powerful communication tool http://f.ast.ly/U9vHL,196926557,"a foolish, obnoxious, or contemptible person",insult,article_sharing,false,
tool,26474181937,2010-10-05,Apple iphone skin and cases protect the fragile surface of this powerful communication tool http://goo.gl/fb/uK7Lq,46855867,"a foolish, obnoxious, or contemptible person",insult,article_sharing,false,
tool,26474191768,2010-10-05,Medical World News My New Fibro Tool: The TENS Unit: fibrogirlkate.wordpress.com - I’ve receive... http://bit.ly/c3QZb8 Medworldtoday.co.cc,170383620,"a foolish, obnoxious, or contemptible person",insult,article_sharing,false,
tool,26474206933,2010-10-05,Medical World News My New Fibro Tool: The TENS Unit: fibrogirlkate.wordpress.com - I’ve receive... http://bit.ly/cLeTUH Medworldtoday.co.cc,170383620,"a foolish, obnoxious, or contemptible person",insult,article_sharing,false,
tool,26474208720,2010-10-05,RT @LexisNexisPR: Lexis Advance for Solos is Innovative new online research tool built with/for solo practice lawyers.,20810363,"a foolish, obnoxious, or contemptible person",insult,casual_conversation,false,
tool,26474209150,2010-10-05,Prestashop import tool customisation by vixushr http://bit.ly/bQu4Xh,26457280,"a foolish, obnoxious, or contemptible person",insult,article_sharing,false,
tool,26872541884,2010-10-09,More Politicians Turn to Text Messaging Campaigns: Texting is gaining popularity as a campaigning tool because few... http://bit.ly/bRMeam,106335085,"a foolish, obnoxious, or contemptible person",insult,article_sharing,false,
tool,26872550145,2010-10-09,@GG_Malone they didn't send the tool to get the sim card out,145509138,"a foolish, obnoxious, or contemptible person",insult,casual_conversation,false,
tool,26872550654,2010-10-09,My mom is mean she says me being able too use a power tool is a dangerous thought,149315577,"a foolish, obnoxious, or contemptible person",insult,commenting,false,
tool,26872561934,2010-10-09,U clutchen the tool go head try to creep on me/im like a pillow I love when a nigga sleep on me,130037210,"a foolish, obnoxious, or contemptible person",insult,commenting,false,
tool,26872570749,2010-10-09,Click here http://p-stars.org/antiarp-6-0-1-and-patch-best-tool-for-anti-netcut-t730.html #sex #sperm #girl #amateur #sperm #foot #porno,154393971,"a foolish, obnoxious, or contemptible person",insult,article_sharing,false,
tool,26872573550,2010-10-09,Can I get a favor? Swing by http://gfn.me I checking my new twitter tool. No need to do anything once your there. Thanks a bunch!! You ROCK!,15438700,"a foolish, obnoxious, or contemptible person",insult,article_sharing,false,
tool,26872586162,2010-10-09,Some stupid lady made a reference to a Disney movie when she saw our ''Cinderella Pumkins''. What a fucking tool.,23582832,"a foolish, obnoxious, or contemptible person",insult,commenting,false,
tool,26872594521,2010-10-09,"Yes, but is DTSearch the best tool for culling and searching 45GB of PSTs? http://bit.ly/81x78V",56428906,"a foolish, obnoxious, or contemptible person",insult,article_sharing,false,
tool,26872595681,2010-10-09,"RT @schachin: Another nice piece of uselessness in the Google Keyword tool. If you sort, it removes all the ones I added that did have r ...",163240195,"a foolish, obnoxious, or contemptible person",insult,casual_conversation,false,
tool,26872596216,2010-10-09,"@SofiaVicious If I find them cheap, I get them at Michael's. Other wise I get lumber and use an angle grinder and dremel tool to shape them.",23137012,"a foolish, obnoxious, or contemptible person",insult,casual_conversation,false,
tool,29609840259,2010-11-03,@Luke_OfCydonia We're both too cool for no social life. ;) And good you understood it so I divant feel like a tool. :L Come hang out soon!&lt;3,163609596,"a foolish, obnoxious, or contemptible person",insult,casual_conversation,false,
tool,29609840619,2010-11-03,#socialmedia Social Networking As a Business Development Tool http://dlvr.it/7zXh0,199271877,"a foolish, obnoxious, or contemptible person",insult,article_sharing,false,
tool,29609847392,2010-11-03,"Today's Deal: #10: Mallory 532 26"" Cool Snow Tool Snow Brush - Colors may vary http://bit.ly/aY9Iaa",202188193,"a foolish, obnoxious, or contemptible person",insult,article_sharing,false,
tool,29609868151,2010-11-03,"@brennansmith18 i know you didn't dude you are one of the few friends who doesn't give shit for my teams, and i agree KG is tool don't worry",33044875,"a foolish, obnoxious, or contemptible person",insult,casual_conversation,false,
tool,29609872039,2010-11-03,@jmmedina I like to say #expressionblend is a designer tool for developers.  #devconnections Most designers I know won't touch it.,52833,"a foolish, obnoxious, or contemptible person",insult,casual_conversation,false,
tool,29609873824,2010-11-03,Merriam-Webster just made @zackface look like the biggest tool.,59637383,"a foolish, obnoxious, or contemptible person",insult,casual_conversation,false,
tool,29609888075,2010-11-03,@ndecrock Which tool are you using for that? I've stick with Fireworks for wireframing. #wireframing,4366111,"a foolish, obnoxious, or contemptible person",insult,casual_conversation,false,
tool,29609897194,2010-11-03,RT @petapixel: Soviet image editing tool from 1987: http://j.mp/a5RC0G,91371660,"a foolish, obnoxious, or contemptible person",insult,article_sharing,false,
tool,29609900025,2010-11-03,"RT @richgor: From Slate, a new, great storytelling tool for reporters. Sample story: http://n.pr/9KiUht ... the tool: http://slate.me/b3mDmT",20715095,"a foolish, obnoxious, or contemptible person",insult,article_sharing,false,
tool,29609905103,2010-11-03,"RT @johanoomen: Scary! ""Anti-Piracy Tool For Cinemas Will Recognize Emotions"" http://bit.ly/ctamWk #security #privacy",27020635,"a foolish, obnoxious, or contemptible person",insult,article_sharing,false,
tool,616178447810560,2010-11-05,my #ff for @elisatalk  for her great tweets and @fengoffice for such a great tool for practical project management,14180115,"a foolish, obnoxious, or contemptible person",insult,casual_conversation,false,
tool,616195736739840,2010-11-05,RT @the_f_effect: Lmao who am I kidding? But still I feel like a complete tool everytime someone says hi to me and I have no clue of whe ...,159337164,"a foolish, obnoxious, or contemptible person",insult,casual_conversation,false,
tool,616245640568832,2010-11-05,RT @theteacherjames: Absolutely brilliant Lyrics site. This tool is amazing!! http://bit.ly/bNgcAG #ESL #elt  via @russell1955,22755100,"a foolish, obnoxious, or contemptible person",insult,article_sharing,false,
tool,616285373210624,2010-11-05,"(BTW, um Better Touch Tool pra Windows seria muito bom. Three fingers swipe down e marca tudo como lido \o/)",2024491,"a foolish, obnoxious, or contemptible person",insult,commenting,false,
tool,616288237912064,2010-11-05,RT @outspokenmedia: NEW - SEO Audit Tool Comparison http://outspokenmedia.com/963f from @Rhea and @saffyre9,106730104,"a foolish, obnoxious, or contemptible person",insult,article_sharing,false,
tool,616289156464640,2010-11-05,RT @uscensusbureau: #Census data tool American FactFinder is getting a new look for 2011. Take a Virtual Tour: http://go.usa.gov/atg,16531478,"a foolish, obnoxious, or contemptible person",insult,article_sharing,false,
tool,616290645450753,2010-11-05,RT @jderekw: Looking into Jquery techniques to develop a nice and neat little ROI tool for @Prodaigo dot com,18191013,"a foolish, obnoxious, or contemptible person",insult,casual_conversation,false,
tool,616293971529728,2010-11-05,"The System Update Readiness Tool for Windows Vista, for Windows Server 2008, for Windows 7, and for Windows Server... http://ff.im/-teimk",12999422,"a foolish, obnoxious, or contemptible person",insult,article_sharing,false,
tool,616309045862400,2010-11-05,@BAALDICK I found http://www.siteguruji.com to be a good tool for SEO,163807434,"a foolish, obnoxious, or contemptible person",insult,article_sharing,false,
tool,616313374380032,2010-11-05,Facebook and Twitter hacker defends Firesheep tool http://bit.ly/cxxSvR,15776033,"a foolish, obnoxious, or contemptible person",insult,article_sharing,false,
tool,978589361119232,2010-11-06,Hacking Rapidshare Hack Tool Premium Account Unlimited http://goo.gl/fb/Oth7t,141892442,"a foolish, obnoxious, or contemptible person",insult,article_sharing,false,
tool,978620617072640,2010-11-06,RT @UNCNutrition: PACE - online eating disorders prevention and monitoring tool out of #UNC. http://www.pace.unc.edu,17278302,"a foolish, obnoxious, or contemptible person",insult,article_sharing,false,
tool,978678326493184,2010-11-06,"If you send tweets, you need this tool from sweet tweet - – http://ta.sweettweet.biz",136929711,"a foolish, obnoxious, or contemptible person",insult,article_sharing,false,
tool,979097928863744,2010-11-06,Free guide to marketing on Twitter plus a powerful tool to build your business. http://bit.ly/b29GwI,186709304,"a foolish, obnoxious, or contemptible person",insult,article_sharing,false,
tool,979122033524736,2010-11-06,ad: Finally a project management tool that both your engineers AND your business people will like! Check out Planio http://j.mp/aAbjmf,205207106,"a foolish, obnoxious, or contemptible person",insult,article_sharing,false,
tool,979151691456512,2010-11-06,"Thought that meant the truck Navigator, not a cleaning tool instead. Ain't that a kick in the head",51952236,"a foolish, obnoxious, or contemptible person",insult,commenting,false,
tool,979258100948992,2010-11-06,Jason Kyle : A new tool gives ReadingGlasses.com a better view of site performance - InternetRetailer.com http://uxp.in/20965821,196066296,"a foolish, obnoxious, or contemptible person",insult,article_sharing,false,
tool,979271673716737,2010-11-06,Finishing procedures for cloning ~350 desktops with FOG!!! Awesome tool,128925162,"a foolish, obnoxious, or contemptible person",insult,commenting,false,
tool,979325302079488,2010-11-06,#googlealerts are such a great tool.,47563665,"a foolish, obnoxious, or contemptible person",insult,commenting,false,
tool,1980305342726144,2010-11-09,This unique liquid capsule design provides people with a powerful and highly effective tool to assist in rapid w... http://bit.ly/c2V3Pr,112679817,"a foolish, obnoxious, or contemptible person",insult,article_sharing,false,
tool,1980337953439744,2010-11-09,350 work truck tool bed (Annapolis) - $5600  http://tinyurl.com/32copf4,209242277,"a foolish, obnoxious, or contemptible person",insult,article_sharing,false,
tool,1980463186976769,2010-11-09,MENA REGION: Effective Measure launches new online audience intelligence tool http://ow.ly/36IWj,212726819,"a foolish, obnoxious, or contemptible person",insult,article_sharing,false,
tool,1980481704820736,2010-11-09,MENA REGION: Effective Measure launches new online audience intelligence tool http://ht.ly/36IXR,105573228,"a foolish, obnoxious, or contemptible person",insult,article_sharing,false,
tool,1980488956780544,2010-11-09,"Knol-21th Century Publishing Tool, have a look here: http://goo.gl/UUEmZ and enjoy it ;-)",90749008,"a foolish, obnoxious, or contemptible person",insult,article_sharing,false,
tool,1980508040855552,2010-11-09,#win an Original Garden Weasel gardening tool! Follow @Garden_Weasel and RT to enter #contest #giveaway #gardens #gardening #sweepstakes,124292364,"a foolish, obnoxious, or contemptible person",insult,casual_conversation,false,
tool,1980524830662656,2010-11-09,Targeted Traffic Generator: Use Google Keyword Suggestion Tool http://t.co/fjbODdN,148372689,"a foolish, obnoxious, or contemptible person",insult,article_sharing,false,
tool,1980640438263808,2010-11-09,Small Business Web Tool: Video Publishing #content http://myfeedme.com/m/2104109,123840438,"a foolish, obnoxious, or contemptible person",insult,article_sharing,false,
tool,1980691889786880,2010-11-09,"Try http://JustUnfollow.com to find non-followers, simplest unfollow tool ever!",66518964,"a foolish, obnoxious, or contemptible person",insult,advertising_spam,false,
tool,1980821422481408,2010-11-09,Export Notes Contacts to Gmail: Export Notes Contacts to Gmail easily with NSF to Apps tool. Lotus Notes t... http://tinyurl.com/2a5sej7,41984634,"a foolish, obnoxious, or contemptible person",insult,article_sharing,false,
tool,4765668712910848,2010-11-17,RT @JerryIwanski: Do u know any #seniors struggling financially?New #financial tool just 4 them.FREE & NO obligation http://bit.ly/4QSFDL,34333379,"a foolish, obnoxious, or contemptible person",insult,article_sharing,false,
tool,4765685032943616,2010-11-17,CFDs – Trading With Margin: CFD method “Contract for Difference”. This tool is an brilliant path of trading in s... http://bit.ly/9OEgnW,190921857,"a foolish, obnoxious, or contemptible person",insult,article_sharing,false,
tool,4765686056353792,2010-11-17,Mapnificent shows you how far you can get on public transit http://ht.ly/39Ctr Global tool,77314206,"a foolish, obnoxious, or contemptible person",insult,article_sharing,false,
tool,4765689147555840,2010-11-17,"@LOCKandMANE We took your advice When we 3,000 followers well give away styling tool of winner's choice http://ow.ly/1sO1w Pass it on",79100774,"a foolish, obnoxious, or contemptible person",insult,advertising_spam,false,
tool,4765928801705984,2010-11-17,"It's the way students use the tool, not the tool itself, that delivers results http://bit.ly/bCLBey",62269973,"a foolish, obnoxious, or contemptible person",insult,article_sharing,false,
tool,4765958979715073,2010-11-17,"It's the way students use the tool, not the tool itself, that delivers results http://bit.ly/b7Rz8R",27298130,"a foolish, obnoxious, or contemptible person",insult,article_sharing,false,
tool,4765965644472320,2010-11-17,[My Blog]iso_tool ver 1.90 http://fc2.in/9URbNk,78112053,"a foolish, obnoxious, or contemptible person",insult,article_sharing,false,
tool,4765988004302848,2010-11-17,"@JoytheDrummer Yes, use that as a tool... I know u will. Learn as much as U can.. Research.. and Study, study, study!!!!!",24647623,"a foolish, obnoxious, or contemptible person",insult,casual_conversation,false,
tool,4766004626325504,2010-11-17,Fullerton Tool Co. in Saginaw to invest $2.7 million - http://fwix.com/a/166_633472a342,125541174,"a foolish, obnoxious, or contemptible person",insult,article_sharing,false,
tool,4766017607696384,2010-11-17,"Learn Java for Android Development: Javadoc Code Documentation: This quick lesson covers Javadoc, a helpful tool... http://bit.ly/9BToWs",110645490,"a foolish, obnoxious, or contemptible person",insult,article_sharing,false,
tool,6318595785097216,2010-11-21,@MuscleNerd I know I should wait for upgrading to 4.2 but can I upgrade to 4.1 with powenge tool and keep my unlock?,112293432,"a foolish, obnoxious, or contemptible person",insult,casual_conversation,false,
tool,6318714970443778,2010-11-21,So far the easiest unfollow tool -  I ♥ keeping my friends & followers lists clean and tidy with http://twerpscan.com,16727079,"a foolish, obnoxious, or contemptible person",insult,advertising_spam,false,
tool,6318963919167488,2010-11-21,"Yes, I do need a command-line tool for this.

$ neste -s telegrafbukta
13:26 - 34 - Universitetssykehuset -- 17m",12387282,"a foolish, obnoxious, or contemptible person",insult,commenting,false,
tool,6318970940432384,2010-11-21,New post: Autel MaxiScan MS300 CAN OBD-II Scan Tool http://bit.ly/cYNw5p,210842275,"a foolish, obnoxious, or contemptible person",insult,article_sharing,false,
tool,6319252621492224,2010-11-21,Keep getting asked what tool I use to setup and run my money making blogs? ==&gt; http://tiny.ly?c1X &lt;==Secrets out! RT @PatiKay,25549077,"a foolish, obnoxious, or contemptible person",insult,article_sharing,false,
tool,6319420607569920,2010-11-21,Tool for making money easy and quikly on clickbank. http://tinyurl.com/33mln3q,191546477,"a foolish, obnoxious, or contemptible person",insult,article_sharing,false,
tool,6319537314070528,2010-11-21,@briancray I found http://www.siteguruji.com to be a good tool for SEO,163807434,"a foolish, obnoxious, or contemptible person",insult,article_sharing,false,
tool,6319637004296192,2010-11-21,#paid Finally a project management tool that both your engineers AND your business people will like! Check out Planio http://j.mp/aEy9wR,41190332,"a foolish, obnoxious, or contemptible person",insult,article_sharing,false,
tool,6319696575995904,2010-11-21,Nuclear Blast http://bit.ly/ajygG1 our powerful new Submitter sends Ads to 48 Million Daily.Powerful Tool Will Generate An EXPLOSIVE Respons,73384583,"a foolish, obnoxious, or contemptible person",insult,article_sharing,false,
tool,6319839446564864,2010-11-21,Axminster multi tool: Buying Advice | Tool Reviews : Axminster multi tool  Stats : 8 Replies http://bit.ly/akjOPk,108121963,"a foolish, obnoxious, or contemptible person",insult,article_sharing,false,
tool,10017153625366528,2010-12-01,"Update - Freeware - CD Recovery Toolbox Free v1.1.17: CD Recovery Toolbox Free is a data recovery tool, designed... http://bit.ly/h6VzjU",50512311,"a foolish, obnoxious, or contemptible person",insult,article_sharing,false,
tool,10017162802499584,2010-12-01,"Always interested in search terms that lead to my blog: ""girls interactive tool palette""",19714153,"a foolish, obnoxious, or contemptible person",insult,commenting,false,
tool,10017197124493312,2010-12-01,ChevronWP7 Yanks Windows Phone Unlocking Tool#mobile #development http://bit.ly/dYk8XF,64549933,"a foolish, obnoxious, or contemptible person",insult,article_sharing,false,
tool,10017201469788162,2010-12-01,RT @Bestlaminate POWER TOOL #giveaway is back once we hit 2000 3 lucky winners Fw&RT #remodeling #flooring,85141033,"a foolish, obnoxious, or contemptible person",insult,casual_conversation,false,
tool,10017241831579648,2010-12-01,"Looking for feedback on my ""TAIP Framework for Educational Tool Assessment"". Please take a look & share a comment:  http://bit.ly/h6Itbn",19895837,"a foolish, obnoxious, or contemptible person",insult,article_sharing,false,
tool,10017274501009408,2010-12-01,"If you are looking for a great online tool to organize group meals, be sure to check out PerfectPotluck.com ~... http://fb.me/NaoYhHOv",15518328,"a foolish, obnoxious, or contemptible person",insult,article_sharing,false,
tool,10017301235503104,2010-12-01,Cision releases SEO pitch tool http://bit.ly/fGBpVj,76939653,"a foolish, obnoxious, or contemptible person",insult,article_sharing,false,
tool,10017364183617538,2010-12-01,"Twitter tool ""goTwitr.com"" The good tool in Twitter Automation  http://www.gotwitr.com/ #twitter",114087999,"a foolish, obnoxious, or contemptible person",insult,article_sharing,false,
tool,10017388741267456,2010-12-01,"via @VirtuosX: Greatest happiness is to have many friends from all over the world, and You're one of them Best Twitter Tool http://tinyurl.c",123158850,"a foolish, obnoxious, or contemptible person",insult,article_sharing,false,
tool,10017519997820928,2010-12-01,Just voted for Who Unfollowed Me  for Best Social Media Management Tool http://mash.to/2ImZn #MashableAwards,43350559,"a foolish, obnoxious, or contemptible person",insult,article_sharing,false,
tool,10193916682829824,2010-12-02,@lukasquanstrom A) Great tool B) @scottd44 isn't following me either. Totally shady :),14603605,"a foolish, obnoxious, or contemptible person",insult,casual_conversation,false,
tool,10193993472151552,2010-12-02,#DiscosInfaltables Lateralus - Tool,175255790,"a foolish, obnoxious, or contemptible person",insult,commenting,false,
tool,10194013386711040,2010-12-02,High Ranking in Google with Superb On-page Tool Now In Your Hands! http://www.NoRiskHomeBiz.com/?rd=uz0ZMP6t,25861198,"a foolish, obnoxious, or contemptible person",insult,article_sharing,false,
tool,10194033498398720,2010-12-02,"No longer a major player on the desktop, the media technology company plans a new cloud storage and sync tool fo... http://bit.ly/guGLdi",62465634,"a foolish, obnoxious, or contemptible person",insult,article_sharing,false,
tool,10194038523170816,2010-12-02,@Darkboi_LDB Maximize your Twitter Experience with this tool. Increase your sales! Be productive. http://adf.ly/BG6i?=mtu4,147397346,"a foolish, obnoxious, or contemptible person",insult,article_sharing,false,
tool,10194082676604928,2010-12-02,"""do not track"" tool for Web users http://dlvr.it/9YVqN Opera http://bit.ly/w1WIR Browsers http://bit.ly/LkAmi Free http://bit.ly/w1WIR",217450147,"a foolish, obnoxious, or contemptible person",insult,article_sharing,false,
tool,10194129338245120,2010-12-02,"Just watched Harry Potter, sure would love to stupefy that tool Ron Weasley right between the eyes.",42319762,"a foolish, obnoxious, or contemptible person",insult,commenting,false,
tool,10194155481333760,2010-12-02,@ScrivenerApp simply the best tool for anyone writing since the computer. And priced for struggling writers.,20970158,"a foolish, obnoxious, or contemptible person",insult,casual_conversation,false,
tool,10194177111367680,2010-12-02,RT @MS_ALLIE_BABY: A woman who uses sex as a manipulation tool is likely to receive games right back.,211662056,"a foolish, obnoxious, or contemptible person",insult,casual_conversation,false,
tool,12666612603682816,2010-12-09,Ohhh Sarah Palin you ARE a tool: http://me.lt/6k9Tq,2756751,"a foolish, obnoxious, or contemptible person",insult,article_sharing,false,
tool,12666626117730304,2010-12-09,#ho: prostitute #hoe: garden tool #TheresaDifference,151649815,"a foolish, obnoxious, or contemptible person",insult,commenting,false,
tool,12666638880997376,2010-12-09,Introducing Usana Health Sciences Leading Edge Presentation Tool:iPhone Application   http://dld.bz/9pPz,62671821,"a foolish, obnoxious, or contemptible person",insult,article_sharing,false,
tool,12666745617649664,2010-12-09,TOOL - H Listen:http://tinyurl.com/yzfacyj,78954170,"a foolish, obnoxious, or contemptible person",insult,article_sharing,false,
tool,12666756438953984,2010-12-09,The Marketing Strengths of Facebook- Facebook is a very unique marketing tool http://bit.ly/dNAcZh,28058347,"a foolish, obnoxious, or contemptible person",insult,article_sharing,false,
tool,12666831395364864,2010-12-09,@ReverendMojo Thanks for the RT helping @wotv run their test! How did you like the tool?,103118481,"a foolish, obnoxious, or contemptible person",insult,casual_conversation,false,
tool,12666832083222528,2010-12-09,Trying out Sai for some practice drawing tonight. :3 Seems I can't actually bind the ink pen tool to a hardware tablet button. :/,95187966,"a foolish, obnoxious, or contemptible person",insult,commenting,false,
tool,12666863171411968,2010-12-09,"Free Keyword Research Tool  Wordtracker Keyword Questions - Pretty cool tool I only just discovered today, helps you... http://ow.ly/1amLqN",86733692,"a foolish, obnoxious, or contemptible person",insult,technology_discussion,false,
tool,12666926442487808,2010-12-09,Google Adds New Filtering & Refinement Options To Keyword Tool http://bit.ly/dOE5Rp,108726384,"a foolish, obnoxious, or contemptible person",insult,article_sharing,false,
tool,12666942607327232,2010-12-09,#nowplaying Tool - The Grudge,19301605,"a foolish, obnoxious, or contemptible person",insult,commenting,false,
tool,13313033103216640,2010-12-10,"@TippiB its fixed! it's our dumb tool -- it defaults to A+, the damned optimist.",3357831,"a foolish, obnoxious, or contemptible person",insult,casual_conversation,false,
tool,13313034135015424,2010-12-10,"Check out this ""Baby Spring Showers"" layout we just created using our CYOL tool.  You can now select this layout... http://fb.me/wfgaNTGG",111426355,"a foolish, obnoxious, or contemptible person",insult,article_sharing,false,
tool,13313067400036352,2010-12-10,"RT @tomjohnson: Never mind about that webinar invite -- dimdim, the webinar tool, has an ""unscheduled outage"" and is down. Oh well.",22121389,"a foolish, obnoxious, or contemptible person",insult,casual_conversation,false,
tool,13313080016506880,2010-12-10,How safe is your #electrical #system? See how #Siemen’s #Intelli-Arc Diagnostic Tool can tell you! http://bit.ly/fB1ETm,90542658,"a foolish, obnoxious, or contemptible person",insult,article_sharing,false,
tool,13313101243883520,2010-12-10,Victorinox 56905 Swiss Army SwissTool Pocket Tool $59 at JR.com: JR.com has the Victorinox 56905 Swiss Army Swis... http://bit.ly/eXe1I6,126754693,"a foolish, obnoxious, or contemptible person",insult,article_sharing,false,
tool,13313109104009218,2010-12-10,Setting up my new Reverbnation Profile....what a great tool for artists!,115127928,"a foolish, obnoxious, or contemptible person",insult,commenting,false,
tool,13313176615522304,2010-12-10,RT @MyTech4U: #win an Original Garden Weasel gardening tool! Follow @Garden_Weasel and RT to enter #contest #giveaway #gardens #gardenin ...,222277835,"a foolish, obnoxious, or contemptible person",insult,casual_conversation,false,
tool,13313206147612672,2010-12-10,Stock Trading Success Stories – A Great Tool For Daily Stock Trading: by Travel Aficionado Stock Trading ... http://bit.ly/id39G9 #books,47867236,"a foolish, obnoxious, or contemptible person",insult,article_sharing,false,
tool,13313207967944704,2010-12-10,Stock Trading Success Stories – A Great Tool For Daily Stock Trading: by HowardLake Stock Trading Success... http://bit.ly/gLScvX #books,47867236,"a foolish, obnoxious, or contemptible person",insult,article_sharing,false,
tool,13313241539153920,2010-12-10,The Marketing Strengths of Facebook- Facebook is a very unique marketing tool =&gt; http://j9w.org/AAJLY,176947088,"a foolish, obnoxious, or contemptible person",insult,article_sharing,false,
tool,17959328371703808,2010-12-23,Free Duplicates Remover for Outlook: Outlook Duplicates Remover tool to complete remove duplicates items from Outlook http://bit.ly/hgljEt,116756739,"a foolish, obnoxious, or contemptible person",insult,article_sharing,false,
tool,17959336395411456,2010-12-23,Z3X BOX Samsung. 2G tool 3.4.0075 Second part of XmaS update http://goo.gl/fb/YHtv9,79133715,"a foolish, obnoxious, or contemptible person",insult,article_sharing,false,
tool,17959390296412160,2010-12-23,Varieties Of Show System And Presentation To Banner Bunting: Display system could be described as a tool or inst... http://bit.ly/g8U7X4,229865289,"a foolish, obnoxious, or contemptible person",insult,article_sharing,false,
tool,17959390959116288,2010-12-23,The Branding Power of Brooklyn: The region's authenticity has been an attractive marketing tool for small bu... http://bit.ly/hFkySd #fb,159290098,"a foolish, obnoxious, or contemptible person",insult,article_sharing,false,
tool,17959409435017216,2010-12-23,@itsrajnish Take a look at TeamLab http://teamlab.com - it's a free tool for PM & biz collaboration,158701404,"a foolish, obnoxious, or contemptible person",insult,article_sharing,false,
tool,17959433959112704,2010-12-23,Implementare Facebook Registration Tool in PHP -  http://t.co/SnXwgI9,76272937,"a foolish, obnoxious, or contemptible person",insult,article_sharing,false,
tool,17959515764817920,2010-12-23,@bubsycm GOOD tool!,95693196,"a foolish, obnoxious, or contemptible person",insult,casual_conversation,false,
tool,17959539752050692,2010-12-23,"Traffic Travis SEO Tool, Wordle, Keyword Research, Archaeologist ...: Traffic Travis SEO Tool, Wordle, Keyword R... http://bit.ly/dF40gp",136527233,"a foolish, obnoxious, or contemptible person",insult,technology_discussion,false,
tool,17959552167182336,2010-12-23,Apple Rolls Out Self-Serve Tool For iAds http://t.co/BmDVHGX via @adage,16441758,"a foolish, obnoxious, or contemptible person",insult,article_sharing,false,
tool,17959558446063616,2010-12-23,"RT @artezonline: The new @PayPalCA app for Android contains a ""donate to charity"" tool powered by Artez: http://ow.ly/3tHgb ^ks",64440788,"a foolish, obnoxious, or contemptible person",insult,article_sharing,false,
tool,18070152331403264,2010-12-23,New Web Performance Tool Now Available for Designers and ... http://ow.ly/1aAjcA,121686177,"a foolish, obnoxious, or contemptible person",insult,article_sharing,false,
tool,18070178529026048,2010-12-23,A Tool for Adoption Activism: Model Open Records Legislation http://nblo.gs/cbArB,18339964,"a foolish, obnoxious, or contemptible person",insult,article_sharing,false,
tool,18070225782050816,2010-12-23,"RT @howardweaver: Journalism is a tool. It can be and has been used in the service of numberless ideologies, selfish interests and benev ...",740203,"a foolish, obnoxious, or contemptible person",insult,casual_conversation,false,
tool,18070352835911680,2010-12-23,@butterfly2729 Drive Thousands of Traffic from Twitter Even Without Followers !!! #1 Automated Twitter Marketing Tool  http://bit.ly/g4e2vF,224511174,"a foolish, obnoxious, or contemptible person",insult,technology_discussion,false,
tool,18070397316501504,2010-12-23,"Visit mississaugahardware.com for great deals on Dewalt, Bosch, Milwaukee, Festool and Makita tools.
Makita free tool promo - 2 days left",229974543,"a foolish, obnoxious, or contemptible person",insult,commenting,false,
tool,18070442799534080,2010-12-23,"Wow, second string popped this week. Does anyone have that tool to restring guitars?",38710646,"a foolish, obnoxious, or contemptible person",insult,commenting,false,
tool,18070599939129344,2010-12-23,RT @MSSpringboard: App-V: Why it should be the most important tool in your virtualization tool belt http://cot.ag/dPKMBc ^AT,48673778,"a foolish, obnoxious, or contemptible person",insult,article_sharing,false,
tool,18070724447043584,2010-12-23,@igi0r Drive Thousands of Traffic from Twitter Even Without Followers !!! #1 Automated Twitter Marketing Tool  http://bit.ly/g4e2vF,225413374,"a foolish, obnoxious, or contemptible person",insult,technology_discussion,false,
tool,18070780873019392,2010-12-23,"Hah. My wife and I both despise him. He's a total tool. ""YEAHHH!"" RT @MattMira: ""Storage Wars"" is oddly addictive. Also I hate that guy Dave",16429334,"a foolish, obnoxious, or contemptible person",insult,casual_conversation,false,
tool,18070839651999744,2010-12-23,RT @Acrobat: Find out why @BryanMHaines calls #Acrobat Pro’s Shared Review ability a “great collaboration tool” at http://bit.ly/fRne2E,117912491,"a foolish, obnoxious, or contemptible person",insult,article_sharing,false,
tool,18502151923826688,2010-12-25,http://www.sports-y.com/aksks-military-grade-windage-elevation-sight-tool-md-tool0312-reviews/ AK/SKS Military #AK/SKS #Elevation #Grade,227219791,"a foolish, obnoxious, or contemptible person",insult,article_sharing,false,
tool,18502155317022720,2010-12-25,This is the most awesome Twitter automated promotion and marketing tool out there!http://tiny.ly/PkDE,204941551,"a foolish, obnoxious, or contemptible person",insult,article_sharing,false,
tool,18502211612971008,2010-12-25,Aluminum trailer tongue tool box horse jet ski boat rv http://dlvr.it/C3yCn,161503214,"a foolish, obnoxious, or contemptible person",insult,article_sharing,false,
tool,18502227169648640,2010-12-25,Sharing Buttons: Your Social Media eCommerce Marketing Tool: They make sure their posts offer readers value through relevant consumer...,121975040,"a foolish, obnoxious, or contemptible person",insult,commenting,false,
tool,18502273961295872,2010-12-25,@PAONCO and being able to use SM as a communication tool for the Army would be awesome.,19356396,"a foolish, obnoxious, or contemptible person",insult,casual_conversation,false,
tool,18502298829324288,2010-12-25,Did early Christmas gift opening with @arogersphotos - she got me a sweet 21-piece kitchen tool/caddy set (which helps us both). I love her.,14257071,"a foolish, obnoxious, or contemptible person",insult,casual_conversation,false,
tool,18502341502173184,2010-12-25,all new #wordpress #plugins and I liked #facebook registration tool #awesome #php #wp link for plugins http://goo.gl/1D1p7,81778494,"a foolish, obnoxious, or contemptible person",insult,article_sharing,false,
tool,18502621115453440,2010-12-25,THANK YOU DISKPART command in Win7 recovery tool! I've saved my computer! +10 to nerd-dom,23170588,"a foolish, obnoxious, or contemptible person",insult,commenting,false,
tool,18502666409746432,2010-12-25,@deepidhaliwall I found http://www.siteguruji.com to be a good tool for SEO,163807434,"a foolish, obnoxious, or contemptible person",insult,article_sharing,false,
tool,18502671405158400,2010-12-25,Local Internet marketing helps with attorney marketing as a local business marketing tool  http://buz.tw/rifSd,95670854,"a foolish, obnoxious, or contemptible person",insult,article_sharing,false,
tool,19087555223887872,2010-12-26,Article Rewrite Tool http://tinyurl.com/2a8qkoj,95449887,"a foolish, obnoxious, or contemptible person",insult,article_sharing,false,
tool,19087555706228736,2010-12-26,#7: Silverline 633753 Wall Anchor Setting Tool http://dlvr.it/C81zc,143035421,"a foolish, obnoxious, or contemptible person",insult,article_sharing,false,
tool,19087621254811648,2010-12-26,View this before you use the Redsn0w JB Tool -- WARNING NEW Untethered 4.2.1 Jailbreak http://t.co/gqxn5QW (Via @DinoD7),139464271,"a foolish, obnoxious, or contemptible person",insult,article_sharing,false,
tool,19087644726140928,2010-12-26,Update blog How to rebuild cordless tool battery packs: How to rebuild cordless tool battery pack... http://bit.ly/ecOMFV cordless drill,147353380,"a foolish, obnoxious, or contemptible person",insult,article_sharing,false,
tool,19087667455066112,2010-12-26,Great ACN Network Marketing tool. Adds credibility to a already credible company! http://www.d2dt2m.com,44406306,"a foolish, obnoxious, or contemptible person",insult,article_sharing,false,
tool,19087756076523520,2010-12-26,Avenir Roll-Up Tool Kit http://goo.gl/fb/oodDQ,223900641,"a foolish, obnoxious, or contemptible person",insult,article_sharing,false,
tool,19087819888656384,2010-12-26,Rosetta Stone As an Immersion Teaching Tool http://dlvr.it/C8256,11677572,"a foolish, obnoxious, or contemptible person",insult,article_sharing,false,
tool,19087918815518720,2010-12-26,Article Marketing – A Great Tool for Your Online Business http://bit.ly/gy5C1W,86367673,"a foolish, obnoxious, or contemptible person",insult,article_sharing,false,
tool,19087992870141952,2010-12-26,"Cryocup Ice Massage Therapy Tool Review Best Price: Cryocup Ice Massage Therapy Tool treats strains, sprains, mu... http://bit.ly/he0i1X",35688024,"a foolish, obnoxious, or contemptible person",insult,article_sharing,false,
tool,19087993495101440,2010-12-26,"Cryocup Ice Massage Therapy Tool Review Best Price: Cryocup Ice Massage Therapy Tool treats strains, sprains, mu... http://bit.ly/hrJ9D3",41522275,"a foolish, obnoxious, or contemptible person",insult,article_sharing,false,
tool,19444954078117888,2010-12-27,Just posting on YouTube is NOT ENOUGH anymore! Discover ultimate tool  driving video marketing  to NEW HIGHS. http://bit.ly/gwI1mK,73315333,"a foolish, obnoxious, or contemptible person",insult,article_sharing,false,
tool,19444996977459200,2010-12-27,"""Viral Twitter Profits"" A new tool that allows you to offer discounts/free gifts in exchange for tons of followers, visit http://dld.bz/8mYg",220106050,"a foolish, obnoxious, or contemptible person",insult,advertising_spam,false,
tool,19445014362853376,2010-12-27,"Best Cell Phone Mobile Spy Software Remotely Read SMS, Check Call & Track GPS Location &gt;&gt; http://bit.ly/eCrQul spying  tool app monitor",222443924,"a foolish, obnoxious, or contemptible person",insult,article_sharing,false,
tool,19445048261218304,2010-12-27,"@Jazminatorz Ohhh the first thing I did is I add a action for it,cut them using the polygon lasso tool and go to Filter&gt;&gt;Blur&gt;&gt;Surface Blur",191410124,"a foolish, obnoxious, or contemptible person",insult,casual_conversation,false,
tool,19445154477776896,2010-12-27,Update: Making a Tool List and Checking it Twice http://j.mp/g5gh9n,147353380,"a foolish, obnoxious, or contemptible person",insult,article_sharing,false,
tool,19445159603208192,2010-12-27,"@gregpettit Disk recovery tool. If you've got something better, bring it on!",35745942,"a foolish, obnoxious, or contemptible person",insult,casual_conversation,false,
tool,19445185058447360,2010-12-27,Calibre E-book Reader is Offline Tool of Choice.,23596246,"a foolish, obnoxious, or contemptible person",insult,commenting,false,
tool,19445288389320704,2010-12-27,@ericjohansen quit trying to make your son a wuss. He needs a TOOL shirt. Or Cinderella! Bam!,51305472,"a foolish, obnoxious, or contemptible person",insult,casual_conversation,false,
tool,19445292147412992,2010-12-27,Words that Empower is a tool in your bag of practices to induce happiness but ultimately connect with your joy. http://fb.me/R6HcLSkC,91420309,"a foolish, obnoxious, or contemptible person",insult,article_sharing,false,
tool,19445422430883840,2010-12-27,"#follow @DJSEIF Please check out my favorite, web-based Twitter Tool &gt;&gt; http://bit.ly/TweetDeck4Chrome",222786790,"a foolish, obnoxious, or contemptible person",insult,article_sharing,false,
tweeker,7847156571,2010-01-17,"everybody thats a artist, friend of a artist, singer, tweeker, hoodrat, roach, whatever follow @lildirty334 & @_A_G they hot ass producers",97034659,"a jittery, drug-affected person, often associated with meth use",insult,casual_conversation,false,
tweeker,7850590993,2010-01-17,This man is tweekin hella hard. Oh my lord. What makes people want to act like that?! Total tweeker! Ugh!,30694961,"a jittery, drug-affected person, often associated with meth use",insult,criticism,false,
tweeker,7854139881,2010-01-17,"@tiffleroux trying to get a hit or score another tweeker bud I guess (yo), anything to get a virtual hug....ha ha , loneliness sucks ;)",23692885,"a jittery, drug-affected person, often associated with meth use",insult,casual_conversation,false,
tweeker,7857341573,2010-01-17,I am unconditionally and irrevocably a Twilight Tweeker...,105723859,"a jittery, drug-affected person, often associated with meth use",insult,criticism,false,
tweeker,7860665414,2010-01-17,@QuanaDaBeauty Smoked/Drank/Passed Out.. && Now I'm Up On Some Can't Sleep Tweeker Type Sh*t!! 0_o,36377470,"a jittery, drug-affected person, often associated with meth use",insult,self_description,false,
tweeker,7866185045,2010-01-17,@Tina_Colada_81 good thing U got twitter huh. Sheit twitter=tweeker 24/7,23832307,"a jittery, drug-affected person, often associated with meth use",insult,humor,false,
tweeker,7866280517,2010-01-17,Haha!! RT @SacNightLife: @Tina_Colada_81 good thing U got twitter huh. Sheit twitter=tweeker 24/7,27840791,"a jittery, drug-affected person, often associated with meth use",insult,humor,false,
tweeker,7870849025,2010-01-17,"- Woke up, went to smoke a cig on the porch to notice e were robbed last night. Fucking tweeker neighbors!",80544972,"a jittery, drug-affected person, often associated with meth use",insult,commenting,false,
tweeker,7870890455,2010-01-17,"- Woke up, went to smoke a cig on the porch to notice we were robbed last night. Fucking tweeker neighbors!",80544972,"a jittery, drug-affected person, often associated with meth use",insult,commenting,false,
tweeker,7878411922,2010-01-17,My son is on hella meds cuz he has trouble breathing and allergies and he looks straight TwEeKeR right now! Lol poor baby!!,99789807,"a jittery, drug-affected person, often associated with meth use",insult,humor,false,
tweeker,7920711912,2010-01-18,@AleeG89 calling me a tweeker? lmao i just seen the comment lol ur evil lol,36457939,"a jittery, drug-affected person, often associated with meth use",insult,commenting,false,
tweeker,7930735884,2010-01-19,My prophyte is truly a certified tweeker! Gotta love her...  http://tweetphoto.com/9050599,95847548,"a jittery, drug-affected person, often associated with meth use",insult,criticism,false,
tweeker,7931727455,2010-01-19,@theoctopussi u watching a tweeker movie? lol,95243298,"a jittery, drug-affected person, often associated with meth use",insult,television_reference,false,
tweeker,7932282753,2010-01-19,Some Tweeker just came to my door trying to sell magazines. Said he was trying to get over a fear of public speaking but he wouldn't shut up,20751797,"a jittery, drug-affected person, often associated with meth use",insult,commenting,false,
tweeker,7932470175,2010-01-19,"RT @imakigi: ""ya bitch is a tweeker cuuuuuz"" &lt;~lmafo",24424568,"a jittery, drug-affected person, often associated with meth use",insult,casual_conversation,false,
tweeker,7936191824,2010-01-19,"RT @cloud9slo: No, tweeker, no.... Run along now..",102149160,"a jittery, drug-affected person, often associated with meth use",insult,casual_conversation,false,
tweeker,7936604098,2010-01-19,@OmgItsMermaid tweeker ass hoe. Lol,48285587,"a jittery, drug-affected person, often associated with meth use",insult,humor,false,
tweeker,7938084473,2010-01-19,Ugh laying n bed trying to go to bed. Feel like a damn tweeker,32295623,"a jittery, drug-affected person, often associated with meth use",insult,self_description,false,
tweeker,7941870488,2010-01-19,On TWEEKER Mode... Hypothetically Of Course,38947393,"a jittery, drug-affected person, often associated with meth use",insult,criticism,false,
tweeker,7949422332,2010-01-19,Damn... I still haven't had any sleep yet! I feel like im livin a tweeker's lifestyle! Lol,87471372,"a jittery, drug-affected person, often associated with meth use",insult,self_description,false,
tweeker,7959126305,2010-01-19,I am a twitter tweeker haha that's what my friend says,97718211,"a jittery, drug-affected person, often associated with meth use",insult,humor,false,
tweeker,7959665712,2010-01-19,Shit my hands are up and ready Im sitting in my office ready to scream......LMAO feel like a tweeker hiding under my desk SMFH ALL DAY,51827274,"a jittery, drug-affected person, often associated with meth use",insult,humor,false,
tweeker,7965008449,2010-01-19,One energy drink and im already shaking. Does that make me a tweeker?,77339620,"a jittery, drug-affected person, often associated with meth use",insult,criticism,false,
tweeker,7969025755,2010-01-20,"@allentrick allen, your a tweeker.",63043807,"a jittery, drug-affected person, often associated with meth use",insult,commenting,false,
tweeker,7972115676,2010-01-20,"Lets make a deal here, i will pray for waka if you will let me move in with you & your tweeker frinds.",68849499,"a jittery, drug-affected person, often associated with meth use",insult,criticism,false,
tweeker,7977991226,2010-01-20,Just had another tweeker tell me about a storage locker they lost... tweekers must lose an average of 3 storage lockers a year.,85979363,"a jittery, drug-affected person, often associated with meth use",insult,criticism,false,
tweeker,7983137080,2010-01-20,@DerickMarkA join the club tweeker... haha... jk... why u up?,100172167,"a jittery, drug-affected person, often associated with meth use",insult,humor,false,
tweeker,7992958712,2010-01-20,Just remember paybacks a bitch. The next time you dont want to handle a tweeker. you better hope I'm not your partener!,27767447,"a jittery, drug-affected person, often associated with meth use",insult,criticism,false,
tweeker,8004791549,2010-01-20,"Why i gotta keep all my shit, my kids shit and anything of value locked up in my own god damn house. Its like i gotta a tweeker pad.",59676866,"a jittery, drug-affected person, often associated with meth use",insult,criticism,false,
tweeker,8006622650,2010-01-21,Hey @ogochocinco tweeker ( #OchoCincoOnUstream live › http://ustre.am/4sHM),83409567,"a jittery, drug-affected person, often associated with meth use",insult,humor,false,
tweeker,8010193155,2010-01-21,Omg! Biggest fucking tweeker next to us at the bar! Like big time tweeker! Sick!,26997767,"a jittery, drug-affected person, often associated with meth use",insult,criticism,false,
tweeker,8010892243,2010-01-21,"@JaceChannel5 haha.  tweeker!!! LMAO. hilarious you are, Jace! ;-D",75364460,"a jittery, drug-affected person, often associated with meth use",insult,humor,false,
tweeker,8011688695,2010-01-21,That white trash tweeker that got escorted out by security was crazy! lol,74060938,"a jittery, drug-affected person, often associated with meth use",insult,humor,false,
tweeker,8396752627,2010-01-30,RT @mind_arson: Tweeker Cholos are funny.,31378785,"a jittery, drug-affected person, often associated with meth use",insult,casual_conversation,false,
tweeker,8399483374,2010-01-30,"My sis calls me a twitter tweeker, if that's me I wonder what tha ppl that spend their whole day on here are called",89336553,"a jittery, drug-affected person, often associated with meth use",insult,criticism,false,
tweeker,8399991357,2010-01-30,RT @bebeunwritten: @Iamcomedy But if he gets murdered by a crystal meth tweeker.... who cares guess he's shyt out of luck..,79651317,"a jittery, drug-affected person, often associated with meth use",insult,casual_conversation,false,
tweeker,8400036807,2010-01-30,"But if he has been murdered by a crystal meth tweeker, then we are shit out of luck.",5879862,"a jittery, drug-affected person, often associated with meth use",insult,criticism,false,
tweeker,8400038431,2010-01-30,RT @GrimTweets: RT: But if he gets murdered by a crystal meth tweeker.... who cares guess he's shyt out... http://bit.ly/7hbn5g #GrimTweets,79651317,"a jittery, drug-affected person, often associated with meth use",insult,casual_conversation,false,
tweeker,8402674092,2010-01-30,omg im just a tweeker!!,70591498,"a jittery, drug-affected person, often associated with meth use",insult,criticism,false,
tweeker,8405390210,2010-01-30,"Did I really just called a tweeker by my best friendd ?! Ha bitch ! Lol #nowplaying- ""The world's greatest"" -- R. Kelly",94690517,"a jittery, drug-affected person, often associated with meth use",insult,humor,false,
tweeker,8407426658,2010-01-30,@virginiachhath Some fuckin tweeker just fuckin knocked on our bedroom window. Trying to get in. He was asking who was inside.,37154456,"a jittery, drug-affected person, often associated with meth use",insult,casual_conversation,false,
tweeker,8410454675,2010-01-30,lol tweeker,89809985,"a jittery, drug-affected person, often associated with meth use",insult,humor,false,
tweeker,8424661534,2010-01-30,Tweeker! RT @lisacongdon: Total hyper dude on something in the store right now.,19940741,"a jittery, drug-affected person, often associated with meth use",insult,casual_conversation,false,
tweeker,9751171002,2010-02-27,@tonictwentyone oh and why dint u txt back u tweeker,85414555,"a jittery, drug-affected person, often associated with meth use",insult,casual_conversation,false,
tweeker,9754143403,2010-02-28,Lady in here is a tweeker. Feel bad for the nail techician- she's trying like hell!,17469298,"a jittery, drug-affected person, often associated with meth use",insult,criticism,false,
tweeker,9754442190,2010-02-28,So many mushrooms. This is a tweeker town,72896331,"a jittery, drug-affected person, often associated with meth use",insult,criticism,false,
tweeker,9756816947,2010-02-28,Did u say Twitter or Tweeker meeting?,51934583,"a jittery, drug-affected person, often associated with meth use",insult,criticism,false,
tweeker,9757806710,2010-02-28,Wish I was with my troopers @ pacha!! Let me know what the tweeker playsss!!,32169221,"a jittery, drug-affected person, often associated with meth use",insult,casual_conversation,false,
tweeker,9759735123,2010-02-28,Lol so we have tea and sam was acting like a tweeker cuz she wntd more my mom naws on ribs cuz she cn chew them hahaha,19755423,"a jittery, drug-affected person, often associated with meth use",insult,humor,false,
tweeker,9763899006,2010-02-28,"""If you're a tweeker and you know it, then your jaw will surely show it. If you're a tweeker and you know it arrarrarrrr!""",14529820,"a jittery, drug-affected person, often associated with meth use",insult,criticism,false,
tweeker,9763933395,2010-02-28,@TizJ I guess! Lol #tweeker,35974193,"a jittery, drug-affected person, often associated with meth use",insult,humor,false,
tweeker,9764235209,2010-02-28,RT @Raydiance1: @TizJ I guess! Lol #tweeker,27356693,"a jittery, drug-affected person, often associated with meth use",insult,humor,false,
tweeker,9765670435,2010-02-28,Tweeker hold on let men try that again,40485816,"a jittery, drug-affected person, often associated with meth use",insult,criticism,false,
tweeker,10485956806,2010-03-14,"@hartluck LMAO @ ""sometimes I wish I was a tweeker"" hahahahahahahahaha",63220235,"a jittery, drug-affected person, often associated with meth use",insult,humor,false,
tweeker,10491820575,2010-03-15,RT @hartluck: The new man cave is gonna be on point!!!  Sometimes I wish I was a tweeker.- NNNOOOOO!,35160765,"a jittery, drug-affected person, often associated with meth use",insult,casual_conversation,false,
tweeker,10500811119,2010-03-15,@jussjizzle WHAT IS A TWEEKER.!!!!!!??? lol,43780376,"a jittery, drug-affected person, often associated with meth use",insult,humor,false,
tweeker,10500893944,2010-03-15,RT @jussjizzle RT @jelishka @jussjizzle WHAT IS A TWEEKER.!!!?? lol&lt;-- @StaceyELLeZ&lt;&lt;MY NAME BETTER BE RIGHT THER CUZ YU WANT ME 2 EXPLAIN!,60258986,"a jittery, drug-affected person, often associated with meth use",insult,humor,false,
tweeker,10500972937,2010-03-15,@jussjizzle JUST BECAUSE YU AHVE SEX DNT MEAN YU NOT GOOD OR A TWEEKER MR BRENT,60258986,"a jittery, drug-affected person, often associated with meth use",insult,casual_conversation,false,
tweeker,10501020463,2010-03-15,@jelishka  LEEKA A TWEEKER IS SIMLPY A WHORE!,60258986,"a jittery, drug-affected person, often associated with meth use",insult,casual_conversation,false,
tweeker,10501309578,2010-03-15,@keziahgoodshit make. A twitter. Tweeker.,56546502,"a jittery, drug-affected person, often associated with meth use",insult,casual_conversation,false,
tweeker,10508286899,2010-03-15,"I felt sorry for their assistants...having to fucking obey all of their tweeker moods...""come and get me now!""",33961759,"a jittery, drug-affected person, often associated with meth use",insult,criticism,false,
tweeker,10508920556,2010-03-15,Man took the longest nap ever 2day nw I'm up like a muhfukin tweeker!!! Known I gotta get up early as fuck!!!,45780656,"a jittery, drug-affected person, often associated with meth use",insult,criticism,false,
tweeker,10509456695,2010-03-15,I LOVE HIM LIKE LIKE A TWEEKER NEEDS HIS CRACK,63911418,"a jittery, drug-affected person, often associated with meth use",insult,criticism,false,
tweeker,11177353941,2010-03-28,Hay this is Aaliyah me and Gabby are chilling at my house.Gabby is being a tweeker LOL,77879609,"a jittery, drug-affected person, often associated with meth use",insult,humor,false,
tweeker,11178553444,2010-03-28,Knoxville'd - Knoxville'd - Knoxville'd - Wow the dj looks like a tweeker johnny knoxville: Wow the dj looks like ... http://bit.ly/aNblBG,45717043,"a jittery, drug-affected person, often associated with meth use",insult,criticism,false,
tweeker,11181070985,2010-03-28,@Rain_AH hez sed u brought him a tweeker 2 da room & she was feelin him,79259160,"a jittery, drug-affected person, often associated with meth use",insult,casual_conversation,false,
tweeker,11181807867,2010-03-28,idk y these fuckin girls think they can get fuckin smart like get the fuck outta here u a fuckin tweeker the whole campus fuck,105059801,"a jittery, drug-affected person, often associated with meth use",insult,criticism,false,
tweeker,11183256300,2010-03-28,RE.marijuana wow cool tail tweeker: or maybe kids want out of this fucked up world.How about we make pot as hard t... http://bit.ly/danKPh,14695452,"a jittery, drug-affected person, often associated with meth use",insult,criticism,false,
tweeker,11184279414,2010-03-28,Drank 2 Rockstars cuz they were the price of one... Now I'm wired like a tweeker lol I need to smoke a blunt,20882960,"a jittery, drug-affected person, often associated with meth use",insult,humor,false,
tweeker,11185026337,2010-03-28,Re: RE.marijuana wow cool tail tweeker: Those kids can choose - or be parented - to deal with feeling bad in good ... http://bit.ly/9mGU1S,14695452,"a jittery, drug-affected person, often associated with meth use",insult,criticism,false,
tweeker,11190737644,2010-03-28,@LiingALiiciious lol tweeker,89809985,"a jittery, drug-affected person, often associated with meth use",insult,humor,false,
tweeker,11200318183,2010-03-28,Lol #tweeker hahahahaha,40811580,"a jittery, drug-affected person, often associated with meth use",insult,humor,false,
tweeker,11200593593,2010-03-28,@Swaggaboyben hahahahahaha the tweeker table!!!,40811580,"a jittery, drug-affected person, often associated with meth use",insult,humor,false,
tweeker,11837961075,2010-04-08,If your in your 40's and you are homeless and a tweeker. Fuck you.,22878765,"a jittery, drug-affected person, often associated with meth use",insult,criticism,false,
tweeker,11842290548,2010-04-08,At the stop light watching tweeker mom & family cross the street.. Poor kids smh,15484989,"a jittery, drug-affected person, often associated with meth use",insult,criticism,false,
tweeker,11849070022,2010-04-08,I wouldn't be opposed to tweeker bashing. Anyone want in? Aye,79568788,"a jittery, drug-affected person, often associated with meth use",insult,criticism,false,
tweeker,11851050266,2010-04-09,@callmeikg what u doin tweeker??,24424568,"a jittery, drug-affected person, often associated with meth use",insult,casual_conversation,false,
tweeker,11852899383,2010-04-09,"this zodiac fact jawn just said imma tweeker, im done smfh... lol",37380213,"a jittery, drug-affected person, often associated with meth use",insult,humor,false,
tweeker,11859192446,2010-04-09,I look like a tweeker sitting outside alone with shades haha,29661768,"a jittery, drug-affected person, often associated with meth use",insult,humor,false,
tweeker,11859591563,2010-04-09,Fuck you tweeker kid. Fuck you dumb fuckin wanna be gangsters. Fuck all of you,79568788,"a jittery, drug-affected person, often associated with meth use",insult,criticism,false,
tweeker,11862426882,2010-04-09,@siobhanyy tweeker... Ahhaha at first I put tweeter,21443794,"a jittery, drug-affected person, often associated with meth use",insult,humor,false,
tweeker,11863241145,2010-04-09,#tweeter #tweeker #twinkle things that you can find @ your local liquor store....,116093623,"a jittery, drug-affected person, often associated with meth use",insult,casual_conversation,false,
tweeker,11872493936,2010-04-09,CANT SLEEP IM UP CLEANIN LIKE A TWEEKER WTF!STRESSED OUT SO MUCH TO DO!NOT ENOUGH TIME!,120443013,"a jittery, drug-affected person, often associated with meth use",insult,criticism,false,
tweeker,11916229643,2010-04-10,Awhh I shouldn't of had that Redline now I feel like a tweeker!!! Lol I hate feeling all nervous and uneasy :/ blahhh!,42698615,"a jittery, drug-affected person, often associated with meth use",insult,humor,false,
tweeker,11916287805,2010-04-10,@yourmomspanties  WOW you went hard!  lol  I just said he looks like a Tweeker,22401555,"a jittery, drug-affected person, often associated with meth use",insult,humor,false,
tweeker,11916390407,2010-04-10,"@yourmomspanties  Tweeker is a Meth user....hard core drug, Crystal meth",22401555,"a jittery, drug-affected person, often associated with meth use",insult,casual_conversation,false,
tweeker,11916411195,2010-04-10,RT @BryJetoun Js pierced my own ear .. 2x now I got 14 piercingss :)....tweeker! u still going to cdale next week,73042927,"a jittery, drug-affected person, often associated with meth use",insult,casual_conversation,false,
tweeker,11916488515,2010-04-10,"@yourmomspanties  i call people a tweeker all the time, i also use it as a verb  lol",22401555,"a jittery, drug-affected person, often associated with meth use",insult,humor,false,
tweeker,11919226459,2010-04-10,tweeting like a tweeker,112565244,"a jittery, drug-affected person, often associated with meth use",insult,criticism,false,
tweeker,11923298096,2010-04-10,"@JessRox18 I know, ur 2 smart 4 that shit. I think the same thing when I see the tweeker skanks I went 2 school w/ its annoying. Lol",26357199,"a jittery, drug-affected person, often associated with meth use",insult,humor,false,
tweeker,11923720808,2010-04-10,@Tweeker_Alishay Welcome!,46823597,"a jittery, drug-affected person, often associated with meth use",insult,casual_conversation,false,
tweeker,11924639768,2010-04-10,Twaller (tweeker-baller): blue collared white trash that thinks they're dressed all fly but really got everything on sale at Ross.,24306276,"a jittery, drug-affected person, often associated with meth use",insult,criticism,false,
tweeker,11925768059,2010-04-10,Hate this stupid town haha. Tweeker stole my lighter. :/,74257645,"a jittery, drug-affected person, often associated with meth use",insult,humor,false,
tweeker,12176809886,2010-04-14,"Does smoking crack only on the weekends make you a crack head or a tweeker
King Keso",33353956,"a jittery, drug-affected person, often associated with meth use",insult,criticism,false,
tweeker,12176904313,2010-04-14,"@DomDiva88 lol lmao u shout out lol as long as u kno u a stalker lol jk .., tell all ya tweeker friends to follow me on Twitter",37249810,"a jittery, drug-affected person, often associated with meth use",insult,humor,true,Irony audit: Explicit `lol jk` marks tweeker use as joking.
tweeker,12178505492,2010-04-14,this dude acts like a total tweeker,53607719,"a jittery, drug-affected person, often associated with meth use",insult,criticism,false,
tweeker,12184401860,2010-04-14,"Ice cream, red bull, smokes, and children's tylenol....some days my trips to the corner store give off the impression that I'm a tweeker.",5262391,"a jittery, drug-affected person, often associated with meth use",insult,criticism,false,
tweeker,12187929342,2010-04-14,Huh ? That's @yo_val or @FreShBoSs23  RT @jay_lop13: dr's appt tomoorw noo school for me(: inn spanish class ! @serinalove is a #tweeker,65338266,"a jittery, drug-affected person, often associated with meth use",insult,casual_conversation,false,
tweeker,12196281542,2010-04-15,Starbucks is the tweeker capitol of the world,44787440,"a jittery, drug-affected person, often associated with meth use",insult,criticism,false,
tweeker,12196631704,2010-04-15,@ErykahElle_H Get your Tweeker game up! Put that iPhone to work!,132385320,"a jittery, drug-affected person, often associated with meth use",insult,casual_conversation,false,
tweeker,12198897487,2010-04-15,Its not even 730 and some tweeker broad is spazz dancing to sabbath. its gonna be a great wednesday with the wizard at elis. i can tell.,16291072,"a jittery, drug-affected person, often associated with meth use",insult,criticism,false,
tweeker,12201798689,2010-04-15,"Alot of ppl don't know...but I been ""payin dues"" since 2004!!  That tweeker need to get a clue! #Hater",22071418,"a jittery, drug-affected person, often associated with meth use",insult,criticism,false,
tweeker,12202005533,2010-04-15,RT @GinNjuice24: Damn I got 3000 tweets! I am addicted &gt;...tweeker..lol,109607555,"a jittery, drug-affected person, often associated with meth use",insult,humor,false,
tweeker,12503071863,2010-04-20,"@lonelyguard24 tell me about it man, I'm a pop a couple more at like 4am n ride it till 9 :/ what a fuckin tweeker, lol",64257976,"a jittery, drug-affected person, often associated with meth use",insult,humor,false,
tweeker,12503457890,2010-04-20,Ough br tau.. Brarti Facebooker: facebookan sambil boker jg donk.. Ck ck ck RT @davidbayu tweeker (tweeteran sambil boker),43665381,"a jittery, drug-affected person, often associated with meth use",insult,casual_conversation,false,
tweeker,12504549230,2010-04-20,@garbowsky oh yeah i grew up in like sanbernardino/fontana ugh it's like tweeker central there but worth it because i LOVE bakers,28918979,"a jittery, drug-affected person, often associated with meth use",insult,casual_conversation,false,
tweeker,12505116087,2010-04-20,"Ok well gd nite cheeks. Have fun tweeker lol
*GiZmO*",132094826,"a jittery, drug-affected person, often associated with meth use",insult,humor,false,
tweeker,12510590257,2010-04-20,RT @imanine: Tweedur(tweeteran sambil tidur)RT @davidbayu: Tweeker (tweeteran sambil boker),66172515,"a jittery, drug-affected person, often associated with meth use",insult,casual_conversation,false,
tweeker,12516321558,2010-04-20,"tweeker go to ur 10 impointment wit big dady d lolz all day
.",100870737,"a jittery, drug-affected person, often associated with meth use",insult,humor,false,
tweeker,12524928543,2010-04-20,Some boulder tweeker threw their kid out of a moving car? Hmmm,30811716,"a jittery, drug-affected person, often associated with meth use",insult,criticism,false,
tweeker,12528423124,2010-04-20,Thank god only pot heads have a holiday. Can you imagine a tweeker day?,19805586,"a jittery, drug-affected person, often associated with meth use",insult,criticism,false,
tweeker,12532291918,2010-04-20,tweeker-.-,62686192,"a jittery, drug-affected person, often associated with meth use",insult,criticism,false,
tweeker,12538605929,2010-04-20,"@Lopsi really? Impressive! Lorraine Kristel ""meth"" anthony: the tweeker stripper. Life od a legend.",20501555,"a jittery, drug-affected person, often associated with meth use",insult,casual_conversation,false,
tweeker,12686374543,2010-04-23,"Four Locos. 'Tweeker Frans'. Myst. Fock yeshhhh "")",21920495,"a jittery, drug-affected person, often associated with meth use",insult,criticism,false,
tweeker,12689666350,2010-04-23,Lol its ok he is a beginner tweeker lol tweeter,87930521,"a jittery, drug-affected person, often associated with meth use",insult,humor,false,
tweeker,12702118579,2010-04-23,@TooCoolLin wassup wit u tweeker,83399936,"a jittery, drug-affected person, often associated with meth use",insult,casual_conversation,false,
tweeker,12710776963,2010-04-23,@danny_diamonds that is on some grimey tweeker status. Hahahaha a charger,41717081,"a jittery, drug-affected person, often associated with meth use",insult,humor,false,
tweeker,12713348468,2010-04-23,@5strchick10 tiana u a TWEEKER,136333146,"a jittery, drug-affected person, often associated with meth use",insult,casual_conversation,false,
tweeker,12713531444,2010-04-23,"@5strchick10 bye girl datz ya job
TIANA A TWEEKER",136333146,"a jittery, drug-affected person, often associated with meth use",insult,casual_conversation,false,
tweeker,12713643925,2010-04-23,@5strchick10  BITCH U A FUCIN TWEEKER,136333146,"a jittery, drug-affected person, often associated with meth use",insult,casual_conversation,false,
tweeker,12714092058,2010-04-23,@5strchick10 tweeker i dnt like u stop textin me tweek go tweek sumwhere else like i dnt bang wit tweekerz,136333146,"a jittery, drug-affected person, often associated with meth use",insult,casual_conversation,false,
tweeker,12714194107,2010-04-23,Facebook is being a tweeker toooday D:,126711387,"a jittery, drug-affected person, often associated with meth use",insult,criticism,false,
tweeker,12714436453,2010-04-23,Whoot whoot!! RT @MissL0vely143: Super nice out..yay!! (claps hands) hehe..Making my way 2 meet up with my tweeker a.k.a @LMG_2official ;-),52961570,"a jittery, drug-affected person, often associated with meth use",insult,casual_conversation,false,
tweeker,12909303368,2010-04-26,Riding the bus. Watching a tweeker try to figure out a camera,43296660,"a jittery, drug-affected person, often associated with meth use",insult,criticism,false,
tweeker,12914091096,2010-04-27,#ipromise the tweeker list is accurate lol,92201411,"a jittery, drug-affected person, often associated with meth use",insult,humor,false,
tweeker,12914302165,2010-04-27,RT @FeekMirLeem #ipromise the tweeker list is accurate lol&lt; #idontbelieve u let me see lol,80164568,"a jittery, drug-affected person, often associated with meth use",insult,humor,false,
tweeker,12920135792,2010-04-27,tweeker sheep are way more scary looking than tweeker humans,75383763,"a jittery, drug-affected person, often associated with meth use",insult,criticism,false,
tweeker,12920466911,2010-04-27,"Kandi is on sumthin
I mean tweeker status she talkin abt how she gona act wen she gets sent to the mental hospital her nd Chris",129714615,"a jittery, drug-affected person, often associated with meth use",insult,criticism,false,
tweeker,12926420105,2010-04-27,"All late bc I don't know how to work Morgans friend marissas black berry.. "" just bc she's white trash doesn't mean she's a tweeker!""",22219188,"a jittery, drug-affected person, often associated with meth use",insult,criticism,false,
tweeker,12927892426,2010-04-27,@gMACinBOO ha cause your tweets are sounding like tweeker tweets,25777578,"a jittery, drug-affected person, often associated with meth use",insult,casual_conversation,false,
tweeker,12934724112,2010-04-27,after 1:46am westcoast time twitter turns n 2 tweeker palace .... so yall got one minute 2 jump ship or stay tweetin and admit u need rehab,25861105,"a jittery, drug-affected person, often associated with meth use",insult,criticism,false,
tweeker,12935171369,2010-04-27,"@Sharlynnnnn ooooh, ahhh no worries lol i suck too, stanley's wunn tweeker on dat game lol, did u play wit stanley before ;p",121669411,"a jittery, drug-affected person, often associated with meth use",insult,humor,false,
tweeker,12935531738,2010-04-27,@BritRick09 lol. Ur a tweeker! Haha. I want quiznos I have midnight hunger,40990320,"a jittery, drug-affected person, often associated with meth use",insult,humor,false,
tweeker,13468135176,2010-05-06,"I love my life,my girls & my hubby. Over 4 yrs no meth or tweeker ""friends"". But sometimes I miss that life. Maybe it's the freedom I had???",34314815,"a jittery, drug-affected person, often associated with meth use",insult,criticism,false,
tweeker,13468429744,2010-05-06,aww shit i gotta go Lil brian done woke up and he crying again wat im goin to do poor thng motherhood is tough GN TWEEKER=(,35646978,"a jittery, drug-affected person, often associated with meth use",insult,criticism,false,
tweeker,13483388684,2010-05-06,@jayCHEEKs tweeker,87384153,"a jittery, drug-affected person, often associated with meth use",insult,casual_conversation,false,
tweeker,13485532965,2010-05-06,"""its 830am... Why the fuck are you ravening it you fucking tweeker"" - my cousin lmao. --- its a panda thing. I do the most random sh*t.",22603129,"a jittery, drug-affected person, often associated with meth use",insult,humor,false,
tweeker,13494343342,2010-05-06,@divadrea247 tweeker getting shots of caffeine smh lol,32816117,"a jittery, drug-affected person, often associated with meth use",insult,humor,false,
tweeker,13501859058,2010-05-06,not alot going on i just signed up 2 b a tweeker isnt it the same thing,140926075,"a jittery, drug-affected person, often associated with meth use",insult,criticism,false,
tweeker,13502887491,2010-05-06,"I wish I had my camera wit me so I can show yall this tweeker. The trippy thing is, she looks about 19.",96875748,"a jittery, drug-affected person, often associated with meth use",insult,criticism,false,
tweeker,13503488497,2010-05-06,@MizzLadyBrown @HUMaterialGirl @ArianeMonet Sausage! Lmao ..... Ariane a tweeker for that,35166244,"a jittery, drug-affected person, often associated with meth use",insult,humor,false,
tweeker,13505077459,2010-05-06,@CuriousaboutU yeah I am a facebooke tweeker lol,31423632,"a jittery, drug-affected person, often associated with meth use",insult,humor,false,
tweeker,13505926611,2010-05-06,Pounding a red bull now better not backfire on my ass later... I gotta b tweeker status to help some of these crazy folks!,96513779,"a jittery, drug-affected person, often associated with meth use",insult,criticism,false,
tweeker,13511141741,2010-05-06,I feel like a tweeker.. WTF haven't slept since 10am.. Bodies crashing but I cannot fall asleeep! Help!,128062432,"a jittery, drug-affected person, often associated with meth use",insult,criticism,false,
tweeker,13515897697,2010-05-06,Take it 4rm tha best don't EVER smoke out a tweeker they still ur lighter and try 2 smoke all ur bud thas y they (cont) http://tl.gd/167lop,54337779,"a jittery, drug-affected person, often associated with meth use",insult,criticism,false,
tweeker,13516000939,2010-05-06,"@AR3SB Word from the best, don't even hang out wit a tweeker smh.",84483444,"a jittery, drug-affected person, often associated with meth use",insult,casual_conversation,false,
tweeker,13525327853,2010-05-07,Tweeker :P,100534207,"a jittery, drug-affected person, often associated with meth use",insult,criticism,false,
tweeker,13557785017,2010-05-07,Tweeker,64167218,"a jittery, drug-affected person, often associated with meth use",insult,criticism,false,
tweeker,13562373576,2010-05-07,I've officially written off my tweeker neighbor as a hoarder. My mistake. I apologize.,70333829,"a jittery, drug-affected person, often associated with meth use",insult,criticism,false,
tweeker,13562814081,2010-05-07,@peteschuessler It's cause you're a tweeker. Go to sleep.,45416242,"a jittery, drug-affected person, often associated with meth use",insult,casual_conversation,false,
tweeker,13566442781,2010-05-07,@AOLStudios yeah she was tweeker thin for that movie. I like plump Ricci like in Buffalo 66.,27090732,"a jittery, drug-affected person, often associated with meth use",insult,casual_conversation,false,
tweeker,13569129841,2010-05-07,@_vaneese hose your dam self down.. You tweeker,45784411,"a jittery, drug-affected person, often associated with meth use",insult,casual_conversation,false,
tweeker,13577983597,2010-05-08,Riding the elevator with a tweeker is very entertaining,27190153,"a jittery, drug-affected person, often associated with meth use",insult,criticism,false,
tweeker,13578705121,2010-05-08,"I wish there was a way to get tweeker guy to stop harassing me. He is awake so much, yet totally useless as a human being.",13219202,"a jittery, drug-affected person, often associated with meth use",insult,criticism,false,
tweeker,13578995915,2010-05-08,RT @AK_mandie: @kels53084 professional tweeker!&lt;thats the only way to be...if you do it you gotta do it right lol,22391445,"a jittery, drug-affected person, often associated with meth use",insult,humor,false,
tweeker,13582362833,2010-05-08,Chakas game wit jesse he called me a tweeker for being on twitter lol,119149542,"a jittery, drug-affected person, often associated with meth use",insult,humor,false,
tweeker,13585547961,2010-05-08,@spume Ha!  Cuz this dang tweeker juice soaked me at 10AM and has now become totally raunchy ;)  but yes #theJuiceWithSkinsIsGonnaGitYa!,14127891,"a jittery, drug-affected person, often associated with meth use",insult,casual_conversation,false,
tweeker,14006333678,2010-05-15,@GabrielleNiC0LE okayyy u are OFFICIALLY myFave tweeker..I mean TWEET BUDDY ahaha.ur shit stay havin me weak!!,132187025,"a jittery, drug-affected person, often associated with meth use",insult,humor,false,
tweeker,14007218154,2010-05-15,#FF @meche1 the bestes prettiest tweeker in all the land.…,34666154,"a jittery, drug-affected person, often associated with meth use",insult,casual_conversation,false,
tweeker,14011220464,2010-05-15,sucks to be you tweeker,37038179,"a jittery, drug-affected person, often associated with meth use",insult,criticism,false,
tweeker,14012005043,2010-05-15,Clay Buckholtz looks like a tweeker!,41105923,"a jittery, drug-affected person, often associated with meth use",insult,criticism,false,
tweeker,14024586772,2010-05-15,Night night Tweeker land! Work at 6 am :/ &lt;3,93529065,"a jittery, drug-affected person, often associated with meth use",insult,criticism,false,
tweeker,14026365857,2010-05-15,"Weird tweeker dude pacing in front of the liqour store, an I need some OJ!",133940568,"a jittery, drug-affected person, often associated with meth use",insult,criticism,false,
tweeker,14026610754,2010-05-15,"@thaDURRTY mmmm intresting dats koo lol glad u had a nice day yea blahish is like w,e lol u freakin tweeker lmao",81933231,"a jittery, drug-affected person, often associated with meth use",insult,humor,false,
tweeker,14026899532,2010-05-15,@thaDURRTY yes tweeker dork lmao,81933231,"a jittery, drug-affected person, often associated with meth use",insult,humor,false,
tweeker,14035722438,2010-05-15,....5:57am &i'm still wide awake__ #tweeker,136598432,"a jittery, drug-affected person, often associated with meth use",insult,criticism,false,
tweeker,14036492085,2010-05-15,Is it just me or did this dude Spencer Pratt take a bad X Pill or something.  He's a tweeker.  Check out: http://bit.ly/95G8OM Via TMZ.COM,22539955,"a jittery, drug-affected person, often associated with meth use",insult,criticism,false,
tweeker,14203710219,2010-05-18,"Also, this guy needs to stfu. I've been listening to his tweeker rambling for 4 hours now. He's wearing me out. NA- look into it, dude.",14533504,"a jittery, drug-affected person, often associated with meth use",insult,criticism,false,
tweeker,14205680603,2010-05-18,U top tweeker in the city bitch #thatswhyyoursingle,127712911,"a jittery, drug-affected person, often associated with meth use",insult,criticism,false,
tweeker,14210476709,2010-05-18,Why is that hot dude with a gross tweeker on intervention???? Oh yeah cause of his meth addiction :(,66738473,"a jittery, drug-affected person, often associated with meth use",insult,criticism,false,
tweeker,14214540216,2010-05-18,@MONSTERMARYx3 is it multi tasking? Or jus a tweeker hahaha jk :),144445467,"a jittery, drug-affected person, often associated with meth use",insult,humor,true,Irony audit: `hahaha jk` makes the tweeker label overtly playful.
tweeker,14215248693,2010-05-18,Never drink a energy drink after 9 o&#39;clock...i shouldve known better my body cant take caffine i feel like a freaking tweeker lol,122493299,"a jittery, drug-affected person, often associated with meth use",insult,humor,false,
tweeker,14222796500,2010-05-18,tweeker....,28918905,"a jittery, drug-affected person, often associated with meth use",insult,criticism,false,
tweeker,14228966960,2010-05-18,@RiversCuomo Then you would realize you don't respect shit. What kind of shit name is weezer more like met tweeker!,125727879,"a jittery, drug-affected person, often associated with meth use",insult,casual_conversation,false,
tweeker,14231919470,2010-05-18,Tweeker status.. Lol! Jk!RT @Mike_G_UNRATED: Just watched another movie. Not tired on to the next.,63799533,"a jittery, drug-affected person, often associated with meth use",insult,humor,true,Irony audit: `Lol! Jk!` explicitly signals joking use.
tweeker,14236041176,2010-05-18,Ur name was on the tweeker list lmao!!! #thatswhyyoursingle,44036182,"a jittery, drug-affected person, often associated with meth use",insult,humor,false,
tweeker,15744850626,2010-06-09,uhh the fucking tweeker bullshit!,23672720,"a jittery, drug-affected person, often associated with meth use",insult,criticism,false,
tweeker,15750457359,2010-06-09,"@_trueTOlife_ hahahaha nooooo waayyyy am I even touchin the Tally Ho tweeker list, let alone top 5",26675161,"a jittery, drug-affected person, often associated with meth use",insult,humor,false,
tweeker,15753120135,2010-06-09,Lakers are making me look like a god dam tweeker!!!! Hahahah this is why I love basketball,128048884,"a jittery, drug-affected person, often associated with meth use",insult,humor,false,
tweeker,15757671204,2010-06-09,Just sold my boss dd-6 to the craziest tweeker....It was awesome!,36465436,"a jittery, drug-affected person, often associated with meth use",insult,criticism,false,
tweeker,15762930033,2010-06-09,WAT D0 YU D0 WHEN YUR MAN/GiRL iZ A TWEEkER??(not me or mine)BUt SERi0USly,47481049,"a jittery, drug-affected person, often associated with meth use",insult,criticism,false,
tweeker,15762935252,2010-06-09,@shotgunxsarah and we also have our crazed tweeker dance too xD,39580747,"a jittery, drug-affected person, often associated with meth use",insult,casual_conversation,false,
tweeker,15763290478,2010-06-09,@BEllAfKNRUdE not at all lol and i would tell ur friend to leave the tweeker,56641660,"a jittery, drug-affected person, often associated with meth use",insult,humor,false,
tweeker,15763557880,2010-06-09,Tweeker twitterr wtf niggaaa!,91180173,"a jittery, drug-affected person, often associated with meth use",insult,criticism,false,
tweeker,15767115474,2010-06-09,Why did my phone just have a tweeker moment ?!,106891268,"a jittery, drug-affected person, often associated with meth use",insult,criticism,false,
tweeker,15774259907,2010-06-09,@EverRose Tweeker?,126691894,"a jittery, drug-affected person, often associated with meth use",insult,casual_conversation,false,
tweeker,16562942272,2010-06-19,"#ihate 4loko&#39;s, Straighttt tweeker juiceee &gt;.&lt;",99448516,"a jittery, drug-affected person, often associated with meth use",insult,criticism,false,
tweeker,16564818315,2010-06-19,Tweeker.,128793883,"a jittery, drug-affected person, often associated with meth use",insult,criticism,false,
tweeker,16566848880,2010-06-19,"RT @Squirrels in the county #Sam. He not running, he lookin at me like I'm not suppose to be here. Lol! &lt;jus like Tweeker- me&Asia squirrel!",66481818,"a jittery, drug-affected person, often associated with meth use",insult,humor,false,
tweeker,16574218009,2010-06-19,"Dear Tweeker sister, You bug one of my friends again, and we're gonna have problems.",25602610,"a jittery, drug-affected person, often associated with meth use",insult,criticism,false,
tweeker,16579972015,2010-06-20,"But if he's been murdered by a crystal meth tweeker,   Then were shit out of luck.",102675030,"a jittery, drug-affected person, often associated with meth use",insult,criticism,false,
tweeker,16591957086,2010-06-20,"I just found an amazing volunteer site that operates out of chicago. hello outside socialization [and resume tweeker, lol].",61080825,"a jittery, drug-affected person, often associated with meth use",insult,humor,false,
tweeker,16592242334,2010-06-20,Sooo @ashbabes424 just asked me if my dad was a wrestler! N she say I'm the tweeker..siiikeeee,23554218,"a jittery, drug-affected person, often associated with meth use",insult,casual_conversation,false,
tweeker,16608875534,2010-06-20,FUKEN CANT SLEEP IM JUST CLEAN LOL LIKE A TWEEKER WOULD LOL,120443013,"a jittery, drug-affected person, often associated with meth use",insult,humor,false,
tweeker,16610159984,2010-06-20,Wth !! I'm on tweeker hours why can't I sleep!,91266314,"a jittery, drug-affected person, often associated with meth use",insult,criticism,false,
tweeker,18106146260,2010-07-09,Ok tweeker lol jk,116650151,"a jittery, drug-affected person, often associated with meth use",insult,humor,false,
tweeker,18106710511,2010-07-09,@beecallahan is a crystal meth tweeker.,152823868,"a jittery, drug-affected person, often associated with meth use",insult,casual_conversation,false,
tweeker,18108060677,2010-07-09,Twitter/Tweeker!lmao.?,68926876,"a jittery, drug-affected person, often associated with meth use",insult,humor,false,
tweeker,18109111156,2010-07-09,You foos haven't blazed it huh haha  RT @d_potatoe @George_Storm2 tweeker jaja,132425301,"a jittery, drug-affected person, often associated with meth use",insult,humor,false,
tweeker,18111419624,2010-07-09,RT @eliroxu: Fml :/ past 4:20 n still up .. Mayb I nerd another drink .. Okkay! :)(I'm all tweeker status right now hahah),22647426,"a jittery, drug-affected person, often associated with meth use",insult,humor,false,
tweeker,18125465582,2010-07-09,@Chefdaiquan u a fuckin twitter tweeker lol u and her!!!,160806223,"a jittery, drug-affected person, often associated with meth use",insult,humor,false,
tweeker,18125678231,2010-07-09,What happend to real actors? I think I pissed off a thousand twilight tweeker fans when I told them it sucked! Go watch tru blood,62665638,"a jittery, drug-affected person, often associated with meth use",insult,criticism,false,
tweeker,18133867056,2010-07-09,"""@SexiiShay89: @PlusBaby no I wasn't! u tweeker, u been actin brand new fam""&lt;wow can you say uma teach you how to stunt",35802709,"a jittery, drug-affected person, often associated with meth use",insult,casual_conversation,false,
tweeker,18138375565,2010-07-09,Hey bitch Better bring ya ass tomorrow or I'll become ur newest tweeker,159405922,"a jittery, drug-affected person, often associated with meth use",insult,criticism,false,
tweeker,18140573772,2010-07-09,"@LaMoeMoe the damn nerve of this girl, 6am she was barely going to sleep damn tweeker",58708802,"a jittery, drug-affected person, often associated with meth use",insult,casual_conversation,false,
tweeker,18316846164,2010-07-12,@JuliiieLove: your a twitter tweeker....,161788588,"a jittery, drug-affected person, often associated with meth use",insult,casual_conversation,false,
tweeker,18318832192,2010-07-12,TWEEKER???,159904111,"a jittery, drug-affected person, often associated with meth use",insult,criticism,false,
tweeker,18325507806,2010-07-12,@thatguyrocco fuck yea. Tweeker ass dirty shit,54533635,"a jittery, drug-affected person, often associated with meth use",insult,casual_conversation,false,
tweeker,18325640128,2010-07-12,"This guy is clearly a tweeker. he's geeked up right now. close ur eyes some, I can see ur thoughts. #standupatelrey",77851503,"a jittery, drug-affected person, often associated with meth use",insult,criticism,false,
tweeker,18337258615,2010-07-12,@heylyssa hahah i will hahaha maybe go stay awake like the tweeker you are ;D hahah idk!!! jk ha! ily friend!,22741719,"a jittery, drug-affected person, often associated with meth use",insult,humor,true,Irony audit: Repeated laughter plus jk makes the label teasing/nonliteral.
tweeker,18341879089,2010-07-12,If your a tweeker and still awake go download all of @djexodus mixes at www.beezo.net/DJ/djexodus,60171996,"a jittery, drug-affected person, often associated with meth use",insult,commenting,false,
tweeker,18341914356,2010-07-12,Ya what he said. RT @djrichardandrew: If your a tweeker and still awake go download all of @djexodus mixes at www.beezo.net/DJ/djexodus,25740983,"a jittery, drug-affected person, often associated with meth use",insult,commenting,false,
tweeker,18342576599,2010-07-12,---&gt; dopeness RT @djrichardandrew: If your a tweeker and still awake go download all of @djexodus mixes at www.beezo.net/DJ/djexodus,38135691,"a jittery, drug-affected person, often associated with meth use",insult,commenting,false,
tweeker,18345107285,2010-07-12,@JOJOFASHO11 you too tweeker,106256343,"a jittery, drug-affected person, often associated with meth use",insult,casual_conversation,false,
tweeker,19218258764,2010-07-22,@Thisbitch559 isnt a old geezer hes a tweeker get it right stupud cuban! Hahaha,149737520,"a jittery, drug-affected person, often associated with meth use",insult,humor,false,
tweeker,19219856760,2010-07-22,The coach for the nats looks like a tweeker lol,61948641,"a jittery, drug-affected person, often associated with meth use",insult,humor,false,
tweeker,19220339889,2010-07-22,"faq that no tweeker bitches for me, no thanx...lol @theHeartlessB",19784825,"a jittery, drug-affected person, often associated with meth use",insult,humor,false,
tweeker,19223898070,2010-07-22,"@TWEEKER_7 Peor que eso, for sure.",7643702,"a jittery, drug-affected person, often associated with meth use",insult,casual_conversation,false,
tweeker,19230496056,2010-07-22,Lol oh cool what kind did you get? Is it a good phone not like the tweeker one you had.lol,104716164,"a jittery, drug-affected person, often associated with meth use",insult,humor,false,
tweeker,19231865102,2010-07-22,@CONTROV3RSY haha! I shud! But naw...probably sum stoopid tweeker...I've had more than a few up in here!,23730830,"a jittery, drug-affected person, often associated with meth use",insult,humor,false,
tweeker,19234964059,2010-07-22,babe yur a tweeker&lt;3,67369168,"a jittery, drug-affected person, often associated with meth use",insult,criticism,false,
tweeker,19236252834,2010-07-22,dude ur a tweeker! RT: @MichelleSupreme: Nyqqqqqqquil :p lol,81512766,"a jittery, drug-affected person, often associated with meth use",insult,humor,false,
tweeker,19236368183,2010-07-22,she needa go to rehab! RT: @_carol24: dude she takes tht shit to sleep! druggie RT @Nancy_23: dude ur a tweeker! RT: @MichelleSupreme,81512766,"a jittery, drug-affected person, often associated with meth use",insult,casual_conversation,false,
tweeker,19241877165,2010-07-22,Tweeker Snails Prove That Amphetamines Are The Ultimate Memory-Enhancer http://tinyurl.com/36tueao #mmot #mmj #HTGB,79655100,"a jittery, drug-affected person, often associated with meth use",insult,criticism,false,
tweeker,19646805991,2010-07-27,@uhYAP I meant tweeker lmao,87384153,"a jittery, drug-affected person, often associated with meth use",insult,humor,false,
tweeker,19648396642,2010-07-27,@Fiferthedragon Dam tweeker lmao jk,99613856,"a jittery, drug-affected person, often associated with meth use",insult,humor,true,Irony audit: `lmao jk` is explicit joking framing.
tweeker,19652104991,2010-07-27,(U a tweeker or what? LOL)RT @RickG909: @RaqC GOOOOOODMORNING RAQC!..... HAVENT SLEPT AT ALL....,19751480,"a jittery, drug-affected person, often associated with meth use",insult,humor,false,
tweeker,19669970163,2010-07-27,One of my co-workers is walking around asking 4 a horse tranquilizer.....#wth #tweeker,117207834,"a jittery, drug-affected person, often associated with meth use",insult,criticism,false,
tweeker,19673472452,2010-07-27,@jcGerow whatever tweeker,26437168,"a jittery, drug-affected person, often associated with meth use",insult,casual_conversation,false,
tweeker,19685948287,2010-07-27,"There is something lodged in my eye.. I don't know why or how, but my face is leaking like a faucet and my I look like a tweeker.",14371288,"a jittery, drug-affected person, often associated with meth use",insult,criticism,false,
tweeker,19694156283,2010-07-27,Blood sugar got low at work. :( felt like a tweeker so they let me leave!,24718485,"a jittery, drug-affected person, often associated with meth use",insult,criticism,false,
tweeker,19700712680,2010-07-28,Irratic girl/ tweeker in target fuck a duck??,61106537,"a jittery, drug-affected person, often associated with meth use",insult,criticism,false,
tweeker,19706485535,2010-07-28,Just talked to a shirtless tweeker about having a chemistry class down by the river and making a bomb,85432408,"a jittery, drug-affected person, often associated with meth use",insult,criticism,false,
tweeker,19707460096,2010-07-28,U may be right lol RT @TheLisaMac: @shae_k tweeker :-),23561133,"a jittery, drug-affected person, often associated with meth use",insult,humor,false,
tweeker,20359424794,2010-08-05,i never beeeeen a TWEEKER,92083544,"a jittery, drug-affected person, often associated with meth use",insult,criticism,false,
tweeker,20366780198,2010-08-05,@spencerpratt can u say tweeker  ?,28192964,"a jittery, drug-affected person, often associated with meth use",insult,casual_conversation,false,
tweeker,20368353553,2010-08-05,"Cat Vicious finally has a place to call home. His name is now Tweeker, of course. Ah... Have fun there, buddy. (:",61052190,"a jittery, drug-affected person, often associated with meth use",insult,criticism,false,
tweeker,20369071674,2010-08-05,A Tech Without A Tweeker Is Like A Day Without SunShine!,119014873,"a jittery, drug-affected person, often associated with meth use",insult,criticism,false,
tweeker,20371559668,2010-08-05,"@GhettoBlastr lmao, your a tweeker .",107971384,"a jittery, drug-affected person, often associated with meth use",insult,commenting,false,
tweeker,20371619461,2010-08-05,"so are you! lol RT @DesiiGee @GhettoBlastr lmao, your a tweeker .",82213190,"a jittery, drug-affected person, often associated with meth use",insult,commenting,false,
tweeker,20372774573,2010-08-05,@BreezyDGAF tweeker!,98190760,"a jittery, drug-affected person, often associated with meth use",insult,casual_conversation,false,
tweeker,20383707117,2010-08-05,Cant sleep up n awake tlkn bout shit now tweeker shit rite now lol,132322258,"a jittery, drug-affected person, often associated with meth use",insult,humor,false,
tweeker,20393429600,2010-08-05,@JacLaurita He is def creepy. Tweeker is all that comes to mind when I see him on screen.,172376504,"a jittery, drug-affected person, often associated with meth use",insult,casual_conversation,false,
tweeker,20393495600,2010-08-05,@iM_iLLY89 Haha hi tweeker!!!,134351622,"a jittery, drug-affected person, often associated with meth use",insult,humor,false,
tweeker,21645997168,2010-08-20,@PEL0N805 tweeker haha,165510639,"a jittery, drug-affected person, often associated with meth use",insult,humor,false,
tweeker,21647214683,2010-08-20,U a effin tweeker!!!!!!!,95847548,"a jittery, drug-affected person, often associated with meth use",insult,criticism,false,
tweeker,21652975515,2010-08-20,Wtf this nigga wanna wanna call me and say let's kick it at 3am wtf that's tweeker status lmfao,72051887,"a jittery, drug-affected person, often associated with meth use",insult,criticism,false,
tweeker,21658905145,2010-08-20,@_KayyBee Damn i feel likee a tweeker beinn up ritee now,103179238,"a jittery, drug-affected person, often associated with meth use",insult,casual_conversation,false,
tweeker,21665529490,2010-08-20,@kylieireland I bet Tweeker Kitty enjoyed the trip outside!  I had a kitty that I did the same thing with too,27719776,"a jittery, drug-affected person, often associated with meth use",insult,casual_conversation,false,
tweeker,21669722680,2010-08-20,Tweeker! Lol RT @manykham: #ihatethat I am always so damn paranoid!,28363370,"a jittery, drug-affected person, often associated with meth use",insult,humor,false,
tweeker,21674404241,2010-08-20,"Bitch im tweekter wtff yu thoughtt ,?aha tweeker ; tweeter for tha 1's who don't gett it .",73495342,"a jittery, drug-affected person, often associated with meth use",insult,criticism,false,
tweeker,21674617665,2010-08-20,@LifeAsKim u the tweeker lol I was thirsty n decided to check ma phone n seen yo tweet ha,176107079,"a jittery, drug-affected person, often associated with meth use",insult,humor,false,
tweeker,21675099657,2010-08-20,@YoungFrank1901 I'm a early bird tweeker lol I mean tweeter...made it a routine G.. Yep #COWBOYS all day rite hur!!!,42766365,"a jittery, drug-affected person, often associated with meth use",insult,humor,false,
tweeker,21678593941,2010-08-20,She'd have a shot at attractive if she wasn't a tweeker.,647233,"a jittery, drug-affected person, often associated with meth use",insult,criticism,false,
tweeker,22898675048,2010-09-03,@callmenuves such a head that one. she has tweeker written all over her. lol,180876504,"a jittery, drug-affected person, often associated with meth use",insult,humor,false,
tweeker,22907274587,2010-09-03,RT @RiLLa_Mane: my dumb ass aint pack no pants.. and its cold as fuck outside! Tweeker,149265491,"a jittery, drug-affected person, often associated with meth use",insult,casual_conversation,false,
tweeker,22912951865,2010-09-03,home from school and the shaking stopped i must have looked like a tweeker shaking so much! lol!,140238476,"a jittery, drug-affected person, often associated with meth use",insult,humor,false,
tweeker,22915349917,2010-09-03,teh huge explosion i heard this morning was teh tweeker's truck... he was starting it and the engine blue up... buckets...,41919420,"a jittery, drug-affected person, often associated with meth use",insult,criticism,false,
tweeker,22916261586,2010-09-03,never cuff a tweeker #lessonlearned,161831382,"a jittery, drug-affected person, often associated with meth use",insult,criticism,false,
tweeker,22916463234,2010-09-03,@Maks264  lmao if any body is the tweeker here its ugh ugh you...,144723813,"a jittery, drug-affected person, often associated with meth use",insult,humor,false,
tweeker,22917976028,2010-09-03,@Maks264  hahahaha nope because i barely got the internet back bitch so fuck you ahahahahahaa tweeker&gt;;D,144723813,"a jittery, drug-affected person, often associated with meth use",insult,humor,false,
tweeker,22920804878,2010-09-03,RT @NibbleMyNani_: yu fukkn tweeker...tht pic funny as shit lol,29340140,"a jittery, drug-affected person, often associated with meth use",insult,humor,false,
tweeker,22922592882,2010-09-03,@BigMeechCrystal roommate is a tweeker lmao Lockhavan be tripping,66705724,"a jittery, drug-affected person, often associated with meth use",insult,humor,false,
tweeker,22926474360,2010-09-03,"first time on this tweeker,ooop's twitter thing,and i dont know much about it,soo what next ?",186602243,"a jittery, drug-affected person, often associated with meth use",insult,criticism,false,
tweeker,24064810769,2010-09-10,"Hello world. I guess I am officially a ""Twitter"". Better than a tweeker! haha",188979695,"a jittery, drug-affected person, often associated with meth use",insult,humor,false,
tweeker,24076817389,2010-09-10,@Makmamee lol tweeker?...y'all say tweeker?aha,58635005,"a jittery, drug-affected person, often associated with meth use",insult,humor,false,
tweeker,24080160079,2010-09-10,She looks like a tweeker :/,112555956,"a jittery, drug-affected person, often associated with meth use",insult,criticism,false,
tweeker,24080494320,2010-09-10,Gave me an anxiety attack!! Thinkin a tweeker was tryin 2 jack me shit!! LMAO,26137387,"a jittery, drug-affected person, often associated with meth use",insult,humor,false,
tweeker,24089991611,2010-09-10,Mandilon--&gt;Ahah daaame fucking up maria! Aha well nelson im just talking to andreaa on the phone. Your a fucking tweeker! Laughoutloud.,158600738,"a jittery, drug-affected person, often associated with meth use",insult,criticism,false,
tweeker,24103808713,2010-09-10,@DW_CoronaGirl crazy azz tweeker phone!,32428210,"a jittery, drug-affected person, often associated with meth use",insult,casual_conversation,false,
tweeker,24115685441,2010-09-10,fuckin tweeker,176304469,"a jittery, drug-affected person, often associated with meth use",insult,criticism,false,
tweeker,24120992883,2010-09-10,#onethingyeshouldknow his gurlfrend isn't a tweeker,47325621,"a jittery, drug-affected person, often associated with meth use",insult,criticism,false,
tweeker,24121284029,2010-09-10,Tweeker RT @_CaRiiNa_: Hello 2 my new followers :) have a wonderful day every1..tweekin on my coffee cleaning n then gettin ready 4 scho,22384800,"a jittery, drug-affected person, often associated with meth use",insult,self_description,false,Darwin audit: self_description
tweeker,24124600271,2010-09-10,"dis bitch a tweeker in my class, she readin out loud bt she twitch after ery sentence...c'mon stop readin bruh",29298151,"a jittery, drug-affected person, often associated with meth use",insult,criticism,false,
tweeker,24161770369,2010-09-11,@_davidjay That's a lot of tweekin tweeker!,16458327,"a jittery, drug-affected person, often associated with meth use",insult,casual_conversation,false,
tweeker,24166531710,2010-09-11,"Text from my Brother: ""Mom thinks that their neighbor is a ""twitter"" cause she's on drugs.....Dad said, I think you meant to say tweeker""",17030594,"a jittery, drug-affected person, often associated with meth use",insult,criticism,false,
tweeker,24168350297,2010-09-11,I think I'm behind a tweeker at Walmart. She's wearing sunglasses and has a basket full of lil debbie cakes and make up.,183044578,"a jittery, drug-affected person, often associated with meth use",insult,criticism,false,
tweeker,24171543856,2010-09-11,"@issago what's up stranger, it's been a minute, I'm online, a new tweet tweeker haha.. Hit me back whenever, hope your well, peace!",142212803,"a jittery, drug-affected person, often associated with meth use",insult,humor,false,
tweeker,24171798292,2010-09-11,#phillyslang tweeker(sex crazed female ),34726041,"a jittery, drug-affected person, often associated with meth use",insult,criticism,false,
tweeker,24181568013,2010-09-11,Why am i still up like im stuck on tweeker mode or something?!? SMH,72208749,"a jittery, drug-affected person, often associated with meth use",insult,criticism,false,
tweeker,24183563254,2010-09-11,"Now Wonderland.Val Kilmer plays an arrogant prick. (The arrogant prick,John Holmes) Bosworth is unconvincing as a tweeker,giant forehead.",25539826,"a jittery, drug-affected person, often associated with meth use",insult,criticism,false,
tweeker,24184440468,2010-09-11,@BillyRoper ya I'm like a fukin spliffsmokin tweeker!!,119248963,"a jittery, drug-affected person, often associated with meth use",insult,casual_conversation,false,
tweeker,24184578615,2010-09-11,At denny's like a tweeker with @OmgAnnalie :),98284363,"a jittery, drug-affected person, often associated with meth use",insult,casual_conversation,false,
tweeker,24691396586,2010-09-16,I feel like a tweeker after taking my slimquick! Haha,27831945,"a jittery, drug-affected person, often associated with meth use",insult,humor,false,
tweeker,24696186815,2010-09-16,@thelongsilence tweeker!,23385792,"a jittery, drug-affected person, often associated with meth use",insult,casual_conversation,false,
tweeker,24696683697,2010-09-16,"Is there a tweeker arnd here thats taken a vacuum apart,cleaned it,put it back together?I need u 2 fix my vacuum since u no ur way w/ it lol",75294204,"a jittery, drug-affected person, often associated with meth use",insult,humor,false,
tweeker,24713135570,2010-09-17,U no wen u a tweeker.......fill in da rest twitters,189267243,"a jittery, drug-affected person, often associated with meth use",insult,criticism,false,
tweeker,24727917703,2010-09-17,"Twitter, if you don't stop blocking my tweets from the search engine, I swear to God you should rename to ""TWEEKER"" instead!",98482398,"a jittery, drug-affected person, often associated with meth use",insult,criticism,false,
tweeker,24729740730,2010-09-17,Super cleaning like if I was a tweeker hehehe,190535992,"a jittery, drug-affected person, often associated with meth use",insult,self_description,false,Darwin audit: self_description
tweeker,24731472843,2010-09-17,Weres @JNiceMartin23 ? havent heard from that tweeker all day .,70621080,"a jittery, drug-affected person, often associated with meth use",insult,casual_conversation,false,
tweeker,24732018073,2010-09-17,Fuck your bitch ass sister. Tweeker ass bitch!,31339913,"a jittery, drug-affected person, often associated with meth use",insult,criticism,false,
tweeker,24733218054,2010-09-17,Damn....lil mama a tweeker... : ) lmao...,108369305,"a jittery, drug-affected person, often associated with meth use",insult,humor,false,
tweeker,25804488267,2010-09-28,Well.. ...Some Meth tweeker broke in my truck and stole my Cd player really!?! Is it 1994? Who does that. Geezihateualot LOL :*,164280697,"a jittery, drug-affected person, often associated with meth use",insult,humor,false,
tweeker,25804527435,2010-09-28,..Well.. ...Some Meth tweeker broke in my truck and stole my Cd player really!?! Is it 1994? Who does that. Geezihateualot LOL :*,164274016,"a jittery, drug-affected person, often associated with meth use",insult,humor,false,
tweeker,25805205632,2010-09-28,....Well.. ...Some Meth tweeker broke in my truck and stole my Cd player really!?! Is it 1994? Who does that. Geezihateualot LOL :* :-),164280697,"a jittery, drug-affected person, often associated with meth use",insult,humor,false,
tweeker,25805868855,2010-09-28,Well.. ....Well.. ...Some Meth tweeker broke in my truck and stole my Cd player really!?! Is it 1994? Who does that. Geezihateualot LOL :...,164274016,"a jittery, drug-affected person, often associated with meth use",insult,humor,false,
tweeker,25806658859,2010-09-28,..Well.. ....Well.. ...Some Meth tweeker broke in my truck and stole my Cd player really!?! Is it 1994? Who does that. Geezihateualot LOL...,164277098,"a jittery, drug-affected person, often associated with meth use",insult,humor,false,
tweeker,25807321054,2010-09-28,Hm.. ..Well.. ....Well.. ...Some Meth tweeker broke in my truck and stole my Cd player really!?! Is it 1994? Who does that. Geezihateualo...,164282940,"a jittery, drug-affected person, often associated with meth use",insult,criticism,false,
tweeker,25807821248,2010-09-28,..Hm.. ..Well.. ....Well.. ...Some Meth tweeker broke in my truck and stole my Cd player really!?! Is it 1994? Who does that. Geezihateua...,164280697,"a jittery, drug-affected person, often associated with meth use",insult,criticism,false,
tweeker,25808429049,2010-09-28,....Hm.. ..Well.. ....Well.. ...Some Meth tweeker broke in my truck and stole my Cd player really!?! Is it 1994? Who does that. Geezihate...,164219273,"a jittery, drug-affected person, often associated with meth use",insult,criticism,false,
tweeker,25815475378,2010-09-28,R U f'in serious right now? u couldn't have opened that bag of onions in the kitchen rather than the office?WTF is wrong wit this tweeker?!,29403741,"a jittery, drug-affected person, often associated with meth use",insult,criticism,false,
tweeker,25815484257,2010-09-28,@SugarJones Tweeker,16387689,"a jittery, drug-affected person, often associated with meth use",insult,casual_conversation,false,
tweeker,26907096826,2010-10-10,"RT @BlakkDymond   @jeremih I hope u not a tweeker-""Who Me?""YES U!Tryna sleep w/ @ihatekatstacks Cuz she'll expose U!U Ready???&lt;~lmao",96686446,"a jittery, drug-affected person, often associated with meth use",insult,humor,false,
tweeker,26909703950,2010-10-10,@TienesCMarie now I'm on tweeker where you at,42181939,"a jittery, drug-affected person, often associated with meth use",insult,casual_conversation,false,
tweeker,26914611984,2010-10-10,"Text from my brother ""She has 4 fingers on one hand and shes a tweeker"" haha he isn't lying",26622171,"a jittery, drug-affected person, often associated with meth use",insult,humor,false,
tweeker,26915796247,2010-10-10,@HERPIL0T tweeker ya boy a tweeker! We stillover here!,185094878,"a jittery, drug-affected person, often associated with meth use",insult,casual_conversation,false,
tweeker,26920442609,2010-10-10,Man fuckin round wot my nigga Earl I'm fucked up oh boy baby tonight the dj got us falling in love again lol I'm off this tweeker shit,26691868,"a jittery, drug-affected person, often associated with meth use",insult,humor,false,
tweeker,26924481606,2010-10-10,@KEatOnMcGuRk Creep on ya like a tweeker a son of a bitch creeper...fuck your face inch it in deeper hahaaaaaa,144946811,"a jittery, drug-affected person, often associated with meth use",insult,humor,false,
tweeker,26926683193,2010-10-10,Just met the craziest tweeker in my life at chevron. He wanted to fight me because I wouldnt shake his hand. Another reason I hate Ontario,17533958,"a jittery, drug-affected person, often associated with meth use",insult,criticism,false,
tweeker,26928609733,2010-10-10,This Nigga is a tweeker!!! He said let me use your phone nd when he gave it back he made like 1000 calls to different ppl!!! Lmfao,98190760,"a jittery, drug-affected person, often associated with meth use",insult,criticism,false,
tweeker,26939001781,2010-10-10,Wtf awake watching good morning america..tweeker status..nooo,184681846,"a jittery, drug-affected person, often associated with meth use",insult,criticism,false,
tweeker,26949413617,2010-10-10,@robdelaney But did he spend it on TWEEKER blend from @CafeCorazon ? Haha!,33658894,"a jittery, drug-affected person, often associated with meth use",insult,humor,false,
tweeker,26985622537,2010-10-11,"I was just called a tweeker? Hahaha, wtf?",42095520,"a jittery, drug-affected person, often associated with meth use",insult,humor,false,
tweeker,26988218265,2010-10-11,Miss my BlackBerry... Where are you cell phone! Come home! I keep checking my house phone for messages like its my cell phone. #tweeker,174375781,"a jittery, drug-affected person, often associated with meth use",insult,criticism,false,
tweeker,26991419436,2010-10-11,@Heav4allmankind  want stop bein a tweeker#udrawn,185073532,"a jittery, drug-affected person, often associated with meth use",insult,casual_conversation,false,
tweeker,26992274483,2010-10-11,"done beleve me until after its over and done with. #&gt;:( this weekend ima be quick, tweeker status. swear.",159540851,"a jittery, drug-affected person, often associated with meth use",insult,criticism,false,
tweeker,26992487020,2010-10-11,"5hr power nap, I'm gonna be up like a tweeker smh lol",19507228,"a jittery, drug-affected person, often associated with meth use",insult,humor,false,
tweeker,27002195143,2010-10-11,@nationalno ctfu factz she kant b a tweeker tho,169621011,"a jittery, drug-affected person, often associated with meth use",insult,casual_conversation,false,
tweeker,27010127786,2010-10-11,"""You don't have to load the nine"" *white nerdy tweeker voice*",52302096,"a jittery, drug-affected person, often associated with meth use",insult,criticism,false,
tweeker,27038682933,2010-10-11,OMG ailene is a freaking tweeker !,165950428,"a jittery, drug-affected person, often associated with meth use",insult,criticism,false,
tweeker,27055863289,2010-10-11,"Oh, I took a cab in Phoenix yestrday that was driven by a tweeker couple--two teeth between them and a lot of theories.",21718006,"a jittery, drug-affected person, often associated with meth use",insult,criticism,false,
tweeker,27055933828,2010-10-11,"RT @marcmaron: Oh, I took a cab in Phoenix yestrday that was driven by a tweeker couple--two teeth between them and a lot of theories.",14675945,"a jittery, drug-affected person, often associated with meth use",insult,casual_conversation,false,
tweeker,27370354852,2010-10-14,@gojoooe Congrats. Not bad for a Tweeker.,40103582,"a jittery, drug-affected person, often associated with meth use",insult,casual_conversation,false,
tweeker,27371946741,2010-10-14,This guy just does lines all day! #tweeker  ? http://plixi.com/p/50627927,75313002,"a jittery, drug-affected person, often associated with meth use",insult,criticism,false,
tweeker,27372382648,2010-10-14,Lol u freakin idiot! RT @djKlooney: This guy just does lines all day! #tweeker  ? http://plixi.com/p/50627927,77892627,"a jittery, drug-affected person, often associated with meth use",insult,humor,false,
tweeker,27373309630,2010-10-14,Hahaha ur an idiot! RT @djKlooney: This guy just does lines all day! #tweeker  ? http://plixi.com/p/50627927,46971318,"a jittery, drug-affected person, often associated with meth use",insult,humor,false,
tweeker,27374153827,2010-10-14,Tweeker alert !!,57802810,"a jittery, drug-affected person, often associated with meth use",insult,criticism,false,
tweeker,27375614218,2010-10-14,Tweeker suck,116276931,"a jittery, drug-affected person, often associated with meth use",insult,criticism,false,
tweeker,27381454659,2010-10-14,Just gave my business card to a tweeker- saggy clammy skin and all. Wow. Someone adopt me for the weekend. Shits ridiculous. Lol,175141218,"a jittery, drug-affected person, often associated with meth use",insult,humor,false,
tweeker,27381517866,2010-10-14,Never smoke when u knw u a tweeker,74169254,"a jittery, drug-affected person, often associated with meth use",insult,criticism,false,
tweeker,27386002180,2010-10-14,@TheGr8st_MCsorry but barcrack is all talk and no action just like a tweeker,102493794,"a jittery, drug-affected person, often associated with meth use",insult,casual_conversation,false,
tweeker,27389606697,2010-10-15,RT @Ms_Breezy_: Ice T's ponytails be on point #svu #tweeker hahaho,176152427,"a jittery, drug-affected person, often associated with meth use",insult,humor,false,
tweeker,27416122595,2010-10-15,"CVS Pharmacy ws just hit w/ a $75million fine b/c it didnt monitor meth ingredient sales - insert Iowa, Plattsmeth, & tweeker jokes here",23560784,"a jittery, drug-affected person, often associated with meth use",insult,criticism,false,
tweeker,27417756798,2010-10-15,"So im outside smokng a cigg,on the phone&some white tweeker ass guy comes up riding a bike&goes ""Hello"" im like wssup&kept tlkn on the phone",101850091,"a jittery, drug-affected person, often associated with meth use",insult,criticism,false,
tweeker,27418285003,2010-10-15,@_MiXEDBEAUTy_ METH !! TACOS !!!? WHAT !!! THA !! FUCK !!! LOL THATS A TWEEKER !! MEAL !!!,194373882,"a jittery, drug-affected person, often associated with meth use",insult,humor,false,
tweeker,27418798010,2010-10-15,RT @MR7FO7 @_MiXEDBEAUTy_ METH !! TACOS !!!? WHAT !!! THA !! FUCK !!! LOL THATS A TWEEKER !! MEAL !!! ((lol we jus actn up lol)),70058306,"a jittery, drug-affected person, often associated with meth use",insult,humor,false,
tweeker,27422531017,2010-10-15,"@NorCalChika I'm feeling like a tweeker cause I can't sleep, and your looking at titties! No fair.  LoL",31258403,"a jittery, drug-affected person, often associated with meth use",insult,self_description,false,
tweeker,27422743244,2010-10-15,@_Ms_Chun_  #fail you keep tweeker hours like me.,31258403,"a jittery, drug-affected person, often associated with meth use",insult,casual_conversation,false,
tweeker,27424797322,2010-10-15,@Jo3fr3sh needs to go to sleep already! #tweeker lmao! Jk!,131963154,"a jittery, drug-affected person, often associated with meth use",insult,humor,true,Irony audit: `lmao! Jk!` makes `#tweeker` clearly ironic/teasing.
tweeker,27428016767,2010-10-15,"Im just sum girl dat cant sleep... but you sir, are a TWEEKER FREAKER! *hands over the Nyquil* Here... sip, sip, pass.",84757074,"a jittery, drug-affected person, often associated with meth use",insult,criticism,false,
tweeker,27437118155,2010-10-15,@thatbitchsolo tweeker aha.,184539554,"a jittery, drug-affected person, often associated with meth use",insult,casual_conversation,false,
tweeker,27445786971,2010-10-15,"RT @BluSkyLove3: RT @MZLadyNef: I tweaked soo hard this mornin and u surpirsed, ur a natural born tweeker! Lol---lol shut up",77851551,"a jittery, drug-affected person, often associated with meth use",insult,humor,false,
tweeker,27555893751,2010-10-16,REAL TWEEKER STATUS IN THE BAY! LOL RT @bcbrittbrat No sleeping for me... at the car wash...;),90442289,"a jittery, drug-affected person, often associated with meth use",insult,humor,false,
tweeker,27558794806,2010-10-16,Tweeker! RT @chrisroxxemm I can't feel my faceeeee,63637294,"a jittery, drug-affected person, often associated with meth use",insult,casual_conversation,false,
tweeker,27566763081,2010-10-16,U know u kissed that #tweeker #FRONTIN,167318375,"a jittery, drug-affected person, often associated with meth use",insult,criticism,false,
tweeker,27568457594,2010-10-16,@MeekMill #frontin like u aint kiss that tweeker lol,164341194,"a jittery, drug-affected person, often associated with meth use",insult,humor,false,
tweeker,27575891891,2010-10-16,@isa_rokz lol relax eat a tweeker burrito lol,202513862,"a jittery, drug-affected person, often associated with meth use",insult,humor,false,
tweeker,27576092657,2010-10-16,"Free beer from Siggi, ex session guitarist, now skateboarding tweeker & good bar companion. (@ Amsterdam) http://4sq.com/d4r6uE",5846562,"a jittery, drug-affected person, often associated with meth use",insult,casual_conversation,false,
tweeker,27608950860,2010-10-17,Gannna&#39;Knock outt Night EveryOnee:D ha And Lil&#39;Tweeker ha lol,176896098,"a jittery, drug-affected person, often associated with meth use",insult,humor,false,
tweeker,27611131389,2010-10-17,@Heav4allmankind how you lOvE her ovaweightass &and you 1 of the main ones grindin her tweeker ass up?,185073532,"a jittery, drug-affected person, often associated with meth use",insult,casual_conversation,false,
tweeker,27611545143,2010-10-17,RT @Quady_yolaMac: @Heav4allmankind how you lOvE her ovaweightass &and you 1 of the main ones grindin her tweeker ass up?,86637737,"a jittery, drug-affected person, often associated with meth use",insult,casual_conversation,false,
tweeker,27616313201,2010-10-17,"hahah my mom said ""your always on twitter your like a tweeker !"" haha ilove her!",151287503,"a jittery, drug-affected person, often associated with meth use",insult,humor,false,
tweeker,27618672241,2010-10-17,I'm totally twitching like a tweeker because of my coffee intake :D: http://yearbook.com/a/obsei,17897279,"a jittery, drug-affected person, often associated with meth use",insult,self_description,false,Darwin audit: self_description
tweeker,27620462099,2010-10-17,"wow and im the ""tweeker"" lmao",55160836,"a jittery, drug-affected person, often associated with meth use",insult,humor,false,
tweeker,27621069573,2010-10-17,Thiss broad on 4th kind is on a good one I sware she's a tweeker,70071429,"a jittery, drug-affected person, often associated with meth use",insult,criticism,false,
tweeker,27621925123,2010-10-17,@VALLEY_VIXEN lol thanx.... she always up hella late like a tweeker she takes after her mom,34552329,"a jittery, drug-affected person, often associated with meth use",insult,humor,false,
tweeker,27625822097,2010-10-17,@xavierrocks56 go to sleeeeep fucken tweeker ass kid!!! lol,191286790,"a jittery, drug-affected person, often associated with meth use",insult,humor,false,
tweeker,27633793517,2010-10-17,"Jordans a tweeker!
#justsayin",184886716,"a jittery, drug-affected person, often associated with meth use",insult,criticism,false,
tweeker,27635028269,2010-10-17,@Getcrunkcayla how am I a tweeker.?,71867075,"a jittery, drug-affected person, often associated with meth use",insult,casual_conversation,false,
tweeker,27643065942,2010-10-17,"im actually a social drinker. Alcoholics NEED it. I mean at least im not a tweeker, shes just unfair",130400077,"a jittery, drug-affected person, often associated with meth use",insult,criticism,false,
tweeker,27645778081,2010-10-17,Fuck -----------------------------Eric Holder he's a tweeker----he want crank legal,31408853,"a jittery, drug-affected person, often associated with meth use",insult,criticism,false,
tweeker,27649642356,2010-10-17,So there is a big tweeker at beachlers...its so scary how people act when there on drugs...geezz,108456190,"a jittery, drug-affected person, often associated with meth use",insult,criticism,false,
tweeker,27688752577,2010-10-18,“@sonithaknee: Hi @imOHSOsaucy88. I'm being a tweeker at 3 in the morning. :D” lmao this girl I was planting (cont) http://tl.gd/6hg6m2,58568769,"a jittery, drug-affected person, often associated with meth use",insult,humor,false,
tweeker,27697890172,2010-10-18,Tweeker!(:,159967601,"a jittery, drug-affected person, often associated with meth use",insult,criticism,false,
tweeker,27704454026,2010-10-18,@oStyleso Aww thanks for the shout out amigo and btw i'm not a drunkie :(. And your the original super tweeker lol,155070613,"a jittery, drug-affected person, often associated with meth use",insult,humor,false,
tweeker,27706607740,2010-10-18,"Nothin i guess shes not that bad but she just buggs me cause everything we been through and shes a tweeker
XoXo",148074646,"a jittery, drug-affected person, often associated with meth use",insult,criticism,false,
tweeker,27707735520,2010-10-18,tweeker status!: 'iSamSaBa: Night time is really the best time to work. All the ideas are there to be yours because everyone else is asleep',189705537,"a jittery, drug-affected person, often associated with meth use",insult,criticism,false,
tweeker,27711331035,2010-10-18,This is to my so call homie herb keep on talking about me cuz ur just making me famous n im not a tweeker no more n i dont give a fuck wut …,77325237,"a jittery, drug-affected person, often associated with meth use",insult,criticism,false,
tweeker,27727899024,2010-10-18,@lyaloniedoll Na work is closed all day tomorrow so I can afford to be up like a tweeker lol,189636830,"a jittery, drug-affected person, often associated with meth use",insult,humor,false,
tweeker,27732877243,2010-10-18,Was blessed with the news of no tweeker and no boss due to illness... Should I be this happy.,107305699,"a jittery, drug-affected person, often associated with meth use",insult,criticism,false,
tweeker,27737479000,2010-10-18,"RT @AlwaysTittyana: Tweeker On The Bus"") *1O141O*",139498933,"a jittery, drug-affected person, often associated with meth use",insult,casual_conversation,false,
tweeker,27742572949,2010-10-18,Let me find out u was smokin goin down a one way street...... And tha boys gt cho ass TWEEKER LOL,74765607,"a jittery, drug-affected person, often associated with meth use",insult,humor,false,
tweeker,27904967482,2010-10-20,I am soooo delirious!!!!!!!! My tiredness turned me into a drunk tweeker-like zombie.,72962190,"a jittery, drug-affected person, often associated with meth use",insult,criticism,false,
tweeker,27905814588,2010-10-20,MT @hardknoxfirst: Way to go Lawrence! Nothing like making a liar twitch like a meth tweeker on national television. #thelastword @lawrence,147129545,"a jittery, drug-affected person, often associated with meth use",insult,casual_conversation,false,
tweeker,27906676146,2010-10-20,@BEASteewhy lol ilook like a fucking tweeker Lmao .,64888653,"a jittery, drug-affected person, often associated with meth use",insult,humor,false,
tweeker,27908013679,2010-10-20,@ohcordova crazzzy ass tweeker :),58529315,"a jittery, drug-affected person, often associated with meth use",insult,casual_conversation,false,
tweeker,27911357237,2010-10-20,@tweeker_face Goodnight. (:,105989530,"a jittery, drug-affected person, often associated with meth use",insult,casual_conversation,false,
tweeker,27948428337,2010-10-20,I'm a TWEEKER TWITTER!,160917018,"a jittery, drug-affected person, often associated with meth use",insult,criticism,false,
tweeker,27948447617,2010-10-20,RT @Bieberacheiver: I'm a TWEEKER TWITTER!,156873593,"a jittery, drug-affected person, often associated with meth use",insult,casual_conversation,false,
tweeker,27951341510,2010-10-20,#yoursingle because u a tweeker n we all know.,30814341,"a jittery, drug-affected person, often associated with meth use",insult,criticism,false,
tweeker,27954968187,2010-10-20,Chasing a tweeker KR-style!,178531269,"a jittery, drug-affected person, often associated with meth use",insult,criticism,false,
tweeker,27956665452,2010-10-20,"Growing up I was a super tweeker. Everywhere I went I had a syringe in my arm, a gun in my hand, and a hoodrat on my weiner.",122543929,"a jittery, drug-affected person, often associated with meth use",insult,criticism,false,
tweeker,28057633854,2010-10-21,@LaD0lceVita lol tweeker!,29562776,"a jittery, drug-affected person, often associated with meth use",insult,humor,false,
tweeker,28063824887,2010-10-21,@5tevenw as long as it wasn't tweeker problems,160102036,"a jittery, drug-affected person, often associated with meth use",insult,casual_conversation,false,
tweeker,28072772728,2010-10-21,fucking tweeker fuck me and dylan where gunna beat that niggehs crazy ass &gt;:l oh party at my house tmrrw no tweekers  allowed allowed &gt;:[,177108985,"a jittery, drug-affected person, often associated with meth use",insult,criticism,false,
tweeker,28358762136,2010-10-22,@_YellaBone1 really enjoyed our convo..lls..I'm tweeker!!,71963463,"a jittery, drug-affected person, often associated with meth use",insult,casual_conversation,false,
tweeker,28359851590,2010-10-22,@mrboro haha..estas adicto al tweeker! Ya somos 2!,18277011,"a jittery, drug-affected person, often associated with meth use",insult,humor,false,
tweeker,28360757942,2010-10-22,@seahawkfan012 having fun with your tweeker friends,132980337,"a jittery, drug-affected person, often associated with meth use",insult,casual_conversation,false,
tweeker,28367460288,2010-10-22,@flawless_pashii doe mek d #tweeker dem #draw yuh out,108463956,"a jittery, drug-affected person, often associated with meth use",insult,casual_conversation,false,
tweeker,28367970534,2010-10-22,Tweeker mission to SD...,33808098,"a jittery, drug-affected person, often associated with meth use",insult,criticism,false,
tweeker,28368184359,2010-10-22,I'm watching the #BGC and I'm pretty sure christina's GF is a tweeker!! Lol,33831963,"a jittery, drug-affected person, often associated with meth use",insult,humor,false,
tweeker,28372822947,2010-10-22,@PROPHITPAN word. Keep grindn like a tweeker grinds his teeth,191506177,"a jittery, drug-affected person, often associated with meth use",insult,casual_conversation,false,
tweeker,28598166706,2010-10-24,"""Ya know that I'm a tweeker, right?"" - ME
""You were born that way."" - GRANDMA
I love ...: http://yearbook.com/a/p4hyn",65704954,"a jittery, drug-affected person, often associated with meth use",insult,humor,false,Darwin audit: humor
tweeker,28615216765,2010-10-24,"@PieKillinKara haha u feel me? Dude stole $300, and it's not even worth beating his ass cuz he's a tweeker haha",30664375,"a jittery, drug-affected person, often associated with meth use",insult,humor,false,
tweeker,28620698763,2010-10-24,"Just say a ""OT"" (orignal tweeker) haha man, druggie's these day's.",112597961,"a jittery, drug-affected person, often associated with meth use",insult,humor,false,
tweeker,28628794696,2010-10-24,"Smokin weed wit mom&a tweeker in myshed,drank alil crownroyal(ewwww!).on youtube,hella bored.thinkin.HAIL SATAN!!! BELIAL!BEHEMOTH!ASMODEUS!",201185541,"a jittery, drug-affected person, often associated with meth use",insult,criticism,false,
tweeker,28644487081,2010-10-25,The old Justin Timberlake #fine.... not sure what he looks like now...might look like a crystal meth tweeker,34081784,"a jittery, drug-affected person, often associated with meth use",insult,criticism,false,
tweeker,28649322364,2010-10-25,ugh so planning on staying up til my flight so imma pull a tweeker move and occupy my bizzy self,60833813,"a jittery, drug-affected person, often associated with meth use",insult,criticism,false,
tweeker,28657607550,2010-10-25,@DWill215 @Ron215 timeout.. u didnt smoke off a tweeker?? did u??,118564920,"a jittery, drug-affected person, often associated with meth use",insult,casual_conversation,false,
tweeker,28658565001,2010-10-25,Jay Cutler acted like a straight up tweeker in his interview after the game.. Wth,123661466,"a jittery, drug-affected person, often associated with meth use",insult,criticism,false,
tweeker,28661390593,2010-10-25,Straight up pulling a tweeker n neon haha,50774761,"a jittery, drug-affected person, often associated with meth use",insult,humor,false,
tweeker,28662274049,2010-10-25,somebody's a tweeker,194413475,"a jittery, drug-affected person, often associated with meth use",insult,criticism,false,
tweeker,29184901726,2010-10-30,@DeepinURtonsils ummm...think 'tweeker' is something none of us wanna be. ;),16469395,"a jittery, drug-affected person, often associated with meth use",insult,casual_conversation,false,
tweeker,29191421968,2010-10-30,"If you're a TWEEKER... that's how we refer to TWITTER,  here at the Juice. http://fb.me/DdROcCPT",134848761,"a jittery, drug-affected person, often associated with meth use",insult,criticism,false,
tweeker,29196869352,2010-10-30,@DeneenMari is also a tweeker I mite add,32595039,"a jittery, drug-affected person, often associated with meth use",insult,casual_conversation,false,
tweeker,29207082933,2010-10-30,@GibsUnrated Nahh Dude I Know . I Dont Wanna Be No Tweeker Or Anything. Haa Lol(x,160283021,"a jittery, drug-affected person, often associated with meth use",insult,humor,false,
tweeker,29215615830,2010-10-30,"Dad:look at her.Tweeker.And him.oh, her. Good lord its some ugly people out here. Kids look grown. Grown folks look like they bout to dieLOL",16578499,"a jittery, drug-affected person, often associated with meth use",insult,humor,false,
tweeker,29223443965,2010-10-30,"At sundowner with my mom:)
so ill text u later tweeker tweets :D ahaa",182157977,"a jittery, drug-affected person, often associated with meth use",insult,criticism,false,
tweeker,29232731349,2010-10-31,@Cess415 bahahaha! tweet tweeker!!!! lmfao!ur so funny! enjoy the game...cuz i know i am!***sound familiar?!LoL,37400701,"a jittery, drug-affected person, often associated with meth use",insult,humor,false,
tweeker,29251149662,2010-10-31,@ayeedrianisill omg go to sleep tweeker!,78528854,"a jittery, drug-affected person, often associated with meth use",insult,casual_conversation,false,
tweeker,29256767664,2010-10-31,i dnt fuk wit her cause she fukin them #Tweeker,29343210,"a jittery, drug-affected person, often associated with meth use",insult,criticism,false,
tweeker,29258706400,2010-10-31,@monica_v25 shut the fuck up you tweeker!,154343286,"a jittery, drug-affected person, often associated with meth use",insult,casual_conversation,false,
tweeker,3934297438298112,2010-11-14,"@tweeker_face seriously, november weather has been great. (:",105989530,"a jittery, drug-affected person, often associated with meth use",insult,casual_conversation,false,
tweeker,3935752488484864,2010-11-14,"@tweeker_face I knowww, (: it's perfect.",105989530,"a jittery, drug-affected person, often associated with meth use",insult,casual_conversation,false,
tweeker,3938863546368000,2010-11-14,"@Tweeker_face oooh, ooh. I have one for youu.",105989530,"a jittery, drug-affected person, often associated with meth use",insult,casual_conversation,false,
tweeker,3941953418821632,2010-11-14,Holy shit! RT @tony_hamlin Random truck stop tweeker just told Joe Riley that he'd cut his throat for having dreads.,79304137,"a jittery, drug-affected person, often associated with meth use",insult,casual_conversation,false,
tweeker,3942408211406848,2010-11-14,@dtalydia I KNOW LAST TIME I TOOK 2 OF THE EXTRA STREGNTH 5 HOURS ENERGY SHOTS NOT KNOWIN AHA..I WAS TWEEKER STATUS,98776621,"a jittery, drug-affected person, often associated with meth use",insult,casual_conversation,false,
tweeker,3943704712716288,2010-11-14,@ENVYAri stfu lol u tweeker u all paralyzed in yo sleep and shit lol,35077314,"a jittery, drug-affected person, often associated with meth use",insult,humor,false,
tweeker,3946446239830016,2010-11-14,@tweeker_face grr. later this afternoon. ):,105989530,"a jittery, drug-affected person, often associated with meth use",insult,casual_conversation,false,
tweeker,3949031000637440,2010-11-14,@tweeker_face si. I'll be coming backk soon though.,105989530,"a jittery, drug-affected person, often associated with meth use",insult,casual_conversation,false,
tweeker,3954721106698241,2010-11-14,@tweeker_face really? you're so sweet.,105989530,"a jittery, drug-affected person, often associated with meth use",insult,casual_conversation,false,
tweeker,3961097837084672,2010-11-15,"@tweeker_face haha, you're cute. And I! Really liked your hair curly. (:",105989530,"a jittery, drug-affected person, often associated with meth use",insult,humor,false,
tweeker,6225155130916864,2010-11-21,Hey thats me!!!:) RT @tweeker_face: So i'm just gonna change my twitter name for a daay cause yeah. this is for you @IvanLivesFree69! LOL.,42095520,"a jittery, drug-affected person, often associated with meth use",insult,humor,false,
tweeker,6227047756070912,2010-11-21,#OneOfMyFollowers is suffering from insufficient phone energy! Tweeker!,77165626,"a jittery, drug-affected person, often associated with meth use",insult,criticism,false,
tweeker,6237409415008256,2010-11-21,"""awesome. Our bus drivers a tweeker."" @coteatracy",15452361,"a jittery, drug-affected person, often associated with meth use",insult,casual_conversation,false,
tweeker,6238177840861184,2010-11-21,@juggalotrent then realized we'd either get shot or end up in jail and did nothing. That tweeker blew it on dope anyway not worth it ya know,30664375,"a jittery, drug-affected person, often associated with meth use",insult,casual_conversation,false,
tweeker,6239175258935296,2010-11-21,@DIM_thaSkalar...Lol it's about that time like NOW!! so I'mma tweeker you tomorrow,35816978,"a jittery, drug-affected person, often associated with meth use",insult,humor,false,
tweeker,6239286525431808,2010-11-21,Alright tweeker goodnight!!,35816978,"a jittery, drug-affected person, often associated with meth use",insult,criticism,false,
tweeker,6250864272474112,2010-11-21,"URBAN TWEEKER TRIBE; las vegas sector;my co owner today said to me ""listen i am on day 3.5 and "" thats all i heard before i thought of UTT",214436390,"a jittery, drug-affected person, often associated with meth use",insult,criticism,false,
tweeker,6264021594415104,2010-11-21,#ShitTalkinqHour yeahh @chrisbeeCreme iss suchaa tweeker ; o lmaoo niqquh prolly hasnt sleptt since #FreekNBass x ),84102305,"a jittery, drug-affected person, often associated with meth use",insult,humor,false,
tweeker,6278233255313408,2010-11-21,@JennaMarieTFT aha even though he sounds like a crazy tweeker with his magical baby stuff xD,96282822,"a jittery, drug-affected person, often associated with meth use",insult,casual_conversation,false,
tweeker,6278853433495552,2010-11-21,@JennaMarieTFT omg he seriously sounds like a crazy tweeker,96282822,"a jittery, drug-affected person, often associated with meth use",insult,casual_conversation,false,
tweeker,11850630016536576,2010-12-06,The lawyer looks like a tweeker(:,110887943,"a jittery, drug-affected person, often associated with meth use",insult,criticism,false,
tweeker,11860950881669120,2010-12-06,Wow What A Tweeker. #BurntOutBitch,194750796,"a jittery, drug-affected person, often associated with meth use",insult,criticism,false,
tweeker,11869769389051904,2010-12-06,Drinks and bud are always on me but only if u still a tweeker nothin better than a good laugh at some elses expense...ironic cuz I'm paying,88324574,"a jittery, drug-affected person, often associated with meth use",insult,criticism,false,
tweeker,11886583129051136,2010-12-06,In class with my tweeker :D,215382659,"a jittery, drug-affected person, often associated with meth use",insult,criticism,false,
tweeker,11887748227006464,2010-12-06,"Bumpingg wiz khalifa in class :D #toodownn, ny tweeker song to me iss im sprungg : t-pain lmaoo (;",215382659,"a jittery, drug-affected person, often associated with meth use",insult,humor,false,
tweeker,11890224397287424,2010-12-06,Costco Pizza was scorchin hot! Fuckin cheese stuck to my lip hot as hell! Now I look like a tweeker and shit... @LadyBug602 you wrong fo ...,21805870,"a jittery, drug-affected person, often associated with meth use",insult,casual_conversation,false,
tweeker,11916014577000448,2010-12-06,@meegiemarie good! Probably sum tweeker who's tryin to get jareds attention & some how she found u & @ghostmisguided,23673885,"a jittery, drug-affected person, often associated with meth use",insult,casual_conversation,false,
tweeker,11923639016366080,2010-12-06,This man is totally a tweeker!,151622420,"a jittery, drug-affected person, often associated with meth use",insult,criticism,false,
tweeker,11934916598038528,2010-12-07,Haha im such a tweeker right? Lol I'd fuck that tight bitch twice,220631024,"a jittery, drug-affected person, often associated with meth use",insult,humor,false,
tweeker,11935734889971712,2010-12-07,sitting next to tweeker lady on bus.  She's unusual- she's EATING. Of course it's candy.  I know to keep my distance. #tweetersontweekers,34743340,"a jittery, drug-affected person, often associated with meth use",insult,criticism,false,
tweeker,12232363857674240,2010-12-07,#random Some tweeker just walked by shadow boxing himself!!! Haha #OnlyInASmallTown,152804523,"a jittery, drug-affected person, often associated with meth use",insult,humor,false,
tweeker,12233886532636672,2010-12-07,"At the Everglades Alligator Farm, waiting for gator feeding time. I sure wish the tweeker who broke into my car back in PHX was here!",95382124,"a jittery, drug-affected person, often associated with meth use",insult,criticism,false,
tweeker,12239499392192512,2010-12-07,#808 --  your the coolest tweeker i kno!  hightimes --we have the best [stuck] times ever! need to do somethin outside the #HAM household (:,46969393,"a jittery, drug-affected person, often associated with meth use",insult,criticism,false,
tweeker,12242810770038784,2010-12-07,Babies with tweeker eyes scare me.,144327847,"a jittery, drug-affected person, often associated with meth use",insult,criticism,false,
tweeker,12248145555623936,2010-12-07,That's some tweeker shit @ilyjaniee,189102887,"a jittery, drug-affected person, often associated with meth use",insult,casual_conversation,false,
tweeker,12248456475189248,2010-12-07,@truee_229 what's some tweeker shit?,154648379,"a jittery, drug-affected person, often associated with meth use",insult,casual_conversation,false,
tweeker,12251215119257600,2010-12-07,#264 So laid back! So funny! BIGGEST TWEEKER! haha but much love glad we kick it like we do you def. one of the bro's now!,54442957,"a jittery, drug-affected person, often associated with meth use",insult,humor,false,
tweeker,12251818704769024,2010-12-07,I LOVE MY TWEEKER(MiCHaEl)!&lt;3,215382659,"a jittery, drug-affected person, often associated with meth use",insult,criticism,false,
tweeker,12263310980288512,2010-12-07,"Dad - get on that tweeker and start a campaign! yeh, I think he meant twitter :L",105171272,"a jittery, drug-affected person, often associated with meth use",insult,criticism,false,
tweeker,12274726424551424,2010-12-07,"You're right, you're not a hoe...just give me the name of the last guy you slept with #lemmeguess you can't #tweeker",218008768,"a jittery, drug-affected person, often associated with meth use",insult,criticism,false,
tweeker,19553554951835648,2010-12-28,@calebfairly or he was a tweeker...,18679680,"a jittery, drug-affected person, often associated with meth use",insult,casual_conversation,false,
tweeker,19587018497466368,2010-12-28,"I wonder if there is a quarterback that doesn't have the ""tweeker eyes"" when he is reading a defense.",39644395,"a jittery, drug-affected person, often associated with meth use",insult,criticism,false,
tweeker,19593214113611776,2010-12-28,"After a short (""utterly useless"") Facebook tutorial from my sister, my dad gave up and said ""Fine, I'll just join Tweeker."" AHAHAHAHA!!!!",43485888,"a jittery, drug-affected person, often associated with meth use",insult,humor,false,
tweeker,19594377756151808,2010-12-28,Twitter twatter tweeker trippa,224485828,"a jittery, drug-affected person, often associated with meth use",insult,criticism,false,
tweeker,19597511706550272,2010-12-28,Hitler was a tweeker not a tweeter lol,43761780,"a jittery, drug-affected person, often associated with meth use",insult,humor,false,
tweeker,19633802481500160,2010-12-28,"Psycho Stan! Haha, me-""do you have ADD?"" Stan- "" Supposedly!!"" Hahahahaha #tweeker http://yfrog.com/h32pkrj",77803514,"a jittery, drug-affected person, often associated with meth use",insult,humor,false,
tweeker,19634123177984000,2010-12-28,"RT @JordaanBluuuhd: Psycho Stan! Haha, me-""do you have ADD?"" Stan- "" Supposedly!!"" Hahahahaha #tweeker http://yfrog.com/h32pkrj",116888734,"a jittery, drug-affected person, often associated with meth use",insult,humor,false,
tweeker,19637769177407488,2010-12-28,My madré is a tweeker D; she just got up right now & turned the hall light on. Then she just walked around looking into each room.,170948370,"a jittery, drug-affected person, often associated with meth use",insult,criticism,false,
tweeker,19642145359011840,2010-12-28,TongTwi(s)tter: The twin tweets on twitpic her teen tits of tweeties. Tween tweeker and tweetie teaks her tiny tits of twink and tweet it.,222704512,"a jittery, drug-affected person, often associated with meth use",insult,criticism,false,
tweeker,19645200896892928,2010-12-28,"@tweeker_face hello,?",105989530,"a jittery, drug-affected person, often associated with meth use",insult,casual_conversation,false,
tweeker,21151251483852800,2011-01-01,Ditto!:) happy new year crakhead! RT @tweeker_face: #high,42095520,"a jittery, drug-affected person, often associated with meth use",insult,casual_conversation,false,
tweeker,21154773688393728,2011-01-01,Happy New Years Twitter Tweeker!,126474652,"a jittery, drug-affected person, often associated with meth use",insult,criticism,false,
tweeker,21162687417290752,2011-01-01,"I feel like such a tweeker, im wide awake & numb. :C",219110627,"a jittery, drug-affected person, often associated with meth use",insult,criticism,false,
tweeker,21164846426886144,2011-01-01,Omg nigga I feel like a fkn tweeker on this pill like I don't even knoo,78134895,"a jittery, drug-affected person, often associated with meth use",insult,criticism,false,
tweeker,21186926824394752,2011-01-01,@ayYOjoccy is a tweeker ;D,192094628,"a jittery, drug-affected person, often associated with meth use",insult,casual_conversation,false,
tweeker,21264091817443328,2011-01-01,Fukk all u tweeker fags!!,229685541,"a jittery, drug-affected person, often associated with meth use",insult,criticism,false,
tweeker,21266386470838272,2011-01-01,#tweeker kiss ass tweeter haha ilove my great imagination lol,180284304,"a jittery, drug-affected person, often associated with meth use",insult,humor,false,
tweeker,21292623666880512,2011-01-01,who came up with the word tweeker,28704298,"a jittery, drug-affected person, often associated with meth use",insult,criticism,false,
tweeker,21333752969957376,2011-01-01,@LilHbGetHerWet oh okay your not . Your jus' my mother fuckin' tweeker ! q: lol.,148550973,"a jittery, drug-affected person, often associated with meth use",insult,humor,false,
tweeker,21338074533330944,2011-01-01,@thereallimleem yeah....homie look like a tweeker,78782405,"a jittery, drug-affected person, often associated with meth use",insult,criticism,false,Darwin audit: criticism
