word,id,date,text,author_id,term_meaning,term_category,usage_context,is_ironic,annotation_notes
roofie,7546062160,2010-01-09,The only thing i remembered from that night was you telling me you were gonna roofie me and the color of my vommit,58416118,an illicit sedative drug used to incapacitate someone,manipulation,self_description,false,Manual override -> self_description
roofie,7546758888,2010-01-09,"@TayoYayo hey man, I'm looking to roofie us all and recreate the hangover",15042427,an illicit sedative drug used to incapacitate someone,manipulation,humor,false,Manual override -> humor
roofie,7547398515,2010-01-09,R u married? No. Do u want a latvian beer? No thx i don't want ur roofie colada!,21169769,an illicit sedative drug used to incapacitate someone,manipulation,humor,false,Manual override -> humor
roofie,7547488804,2010-01-09,"Haha at the spot.. Some guy buys me champagne and My friend reggie secretly pours it out behind a couch.. ""That nigga wuz gunna roofie u""",38602662,an illicit sedative drug used to incapacitate someone,manipulation,storytelling,false,Manual override -> storytelling
roofie,7547526297,2010-01-09,"Overheard: ""don't roofie me, bro!""",4459441,an illicit sedative drug used to incapacitate someone,manipulation,casual_conversation,false,Manual override -> casual_conversation
roofie,7548684212,2010-01-09,Girl has agreed to second tweetup. No I did not slip her a roofie.,4534291,an illicit sedative drug used to incapacitate someone,manipulation,casual_conversation,false,Manual override -> casual_conversation
roofie,7548750462,2010-01-09,"RT @jimcollins: Girl has agreed to second tweetup. No I did not slip her a roofie.  // did you tell her about your ""past""",16190478,an illicit sedative drug used to incapacitate someone,manipulation,casual_conversation,false,Manual override -> casual_conversation
roofie,7550539707,2010-01-09,Just told someone not to slip a roofie in my drink. Lol,15854716,an illicit sedative drug used to incapacitate someone,manipulation,casual_conversation,false,Manual override -> casual_conversation
roofie,7551414581,2010-01-09,"@funnebone it's easier to slip a roofie into nachos, didn't ya know?",39064613,an illicit sedative drug used to incapacitate someone,manipulation,humor,false,Manual override -> humor
roofie,7552391068,2010-01-09,@Patspice ha ha but i guess it works the same way as a roofie. . My clothes would come off just as fast for the man!,59001174,an illicit sedative drug used to incapacitate someone,manipulation,humor,false,Manual override -> humor
roofie,7857866938,2010-01-17,Slip me a roofie,9115332,an illicit sedative drug used to incapacitate someone,manipulation,casual_conversation,false,Manual override -> casual_conversation
roofie,7858433328,2010-01-17,@KingGill Aww Roofie. Sat nights have never been the same since Iguana huh?,26187132,an illicit sedative drug used to incapacitate someone,manipulation,casual_conversation,false,Manual override -> casual_conversation
roofie,7858605899,2010-01-17,"@AClockworkToad Your ""roofie"" aint got nothing on what @WhitTweets is trippin' on.",15948360,an illicit sedative drug used to incapacitate someone,manipulation,casual_conversation,false,Manual override -> casual_conversation
roofie,7859381602,2010-01-17,I miss da studio I hope it miss me bk.I mke love 2 da beat & I fk da track.Got da ACOUSTICS JUICY so no need 2 rape em I can lose da roofie,75296299,an illicit sedative drug used to incapacitate someone,manipulation,music_discussion,false,Manual override -> music_discussion
roofie,7860204867,2010-01-17,@roofie2 Hi there - question what is your name?? Sounds a bit odd to call you roofie!!,79877074,an illicit sedative drug used to incapacitate someone,manipulation,casual_conversation,false,Manual override -> casual_conversation
roofie,7862716886,2010-01-17,"Kudos to @Probablydrunk for party, nibbles and 'roofie' spiked Gummi Cola Bottles :)",14966106,an illicit sedative drug used to incapacitate someone,manipulation,humor,false,Manual override -> humor
roofie,7868560586,2010-01-17,@Nita_1315: Random: i luv my friends but if u give me a ROOFIE were gonna have the best fight ever! Ass Kicking! After watchin THE HANGOVER!,28007887,an illicit sedative drug used to incapacitate someone,manipulation,casual_conversation,false,Manual override -> casual_conversation
roofie,7871000277,2010-01-17,@roofie2 Hi Roofie!! How r u? It is the Dallas Cowboys vs Minnesota Vikings! Cowboys gotta win! Big game for them!!...,78797381,an illicit sedative drug used to incapacitate someone,manipulation,casual_conversation,false,Manual override -> casual_conversation
roofie,7871319864,2010-01-17,@roofie2 Yes big fan... Thanks Roofie(Ruthie) Go Boys!!,78797381,an illicit sedative drug used to incapacitate someone,manipulation,casual_conversation,false,Manual override -> casual_conversation
roofie,7872591241,2010-01-17,ITS TIMES LIKE THESE THAT I WISH MY DAD WERE HERE. I think I drank 2 much last night ... Or somebody gave me a roofie!,36450252,an illicit sedative drug used to incapacitate someone,manipulation,self_description,false,Manual override -> self_description
roofie,8135502166,2010-01-24,"@litlgrey: Seems to me the Repubs will punch you in the face & hold you down at knifepoint, but the Dems give you a roofie. End result same.",16086877,an illicit sedative drug used to incapacitate someone,manipulation,criticism,false,Manual override -> criticism
roofie,8136162019,2010-01-24,"Ok I jus did something else, I put eye makeup remover all over my face thinkin it was toner WTF FML right now did sum1 slip me a roofie",24122706,an illicit sedative drug used to incapacitate someone,manipulation,self_description,false,Manual override -> self_description
roofie,8136813644,2010-01-24,Sonya is going to roofie @joevondon,16197055,an illicit sedative drug used to incapacitate someone,manipulation,casual_conversation,false,Manual override -> casual_conversation
roofie,8139380257,2010-01-24,@jessstini dont roofie yourself @sdizzbabes dont make ne bad late nite decisions @itsallaboutl take care of your girls!,24053894,an illicit sedative drug used to incapacitate someone,manipulation,casual_conversation,false,Manual override -> casual_conversation
roofie,8140553589,2010-01-24,"@mishyyyyy ""and instead we got invited to a roofie(sp!?) party""",25002998,an illicit sedative drug used to incapacitate someone,manipulation,casual_conversation,false,Manual override -> casual_conversation
roofie,8141602684,2010-01-24,@aiadriano How do YOU know he won't remember? Did you give him a roofie?,16555246,an illicit sedative drug used to incapacitate someone,manipulation,casual_conversation,false,Manual override -> casual_conversation
roofie,8141926043,2010-01-24,"@normalguyguide Yeah. Just think: each red cup represents a chick who knows what a roofie tastes like. Yay, rapies.",23834426,an illicit sedative drug used to incapacitate someone,manipulation,criticism,false,Manual override -> criticism
roofie,8155386896,2010-01-24,RT @PISTOLPETE1019: &lt;--still drunk «~ ME TOO MAN ..UR FACEBOOK FAN TRIED SLIPPIN U A ROOFIE,41503545,an illicit sedative drug used to incapacitate someone,manipulation,casual_conversation,false,Manual override -> casual_conversation
roofie,8156782067,2010-01-24,@SiKByTcH haaaa I did not do that!!!  I don't need to roofie it. I get what I want «LoL»,51628709,an illicit sedative drug used to incapacitate someone,manipulation,casual_conversation,false,Manual override -> casual_conversation
roofie,8157609834,2010-01-24,@roofie2 Hi Roofie.. I am fine. Got home and had to thaw out my feet! They were freezing! How r u after ur healthy meal u had?,78797381,an illicit sedative drug used to incapacitate someone,manipulation,casual_conversation,false,Manual override -> casual_conversation
roofie,8224649695,2010-01-26,You slipped yourself a roofie...??? Lol RT @McFattyFat: Yo dis wine got me sein things in my dreams and I'm hotttttttt lol,99220502,an illicit sedative drug used to incapacitate someone,manipulation,humor,false,Manual override -> humor
roofie,8225917658,2010-01-26,"OH: What, did everyone get a free roofie in their drink tonight a Big Star?&lt;--------@imneverfull",20415487,an illicit sedative drug used to incapacitate someone,manipulation,commenting,false,Manual override -> commenting
roofie,8226951917,2010-01-26,"""I'm not some drunk sorority chick, you can't roofie me."" haha Damon has the best lines",46632146,an illicit sedative drug used to incapacitate someone,manipulation,television_reference,false,Manual override -> television_reference
roofie,8229505313,2010-01-26,http://twitpic.com/ztu5p - Coked out roofie.,28653614,an illicit sedative drug used to incapacitate someone,manipulation,article_sharing,false,Manual override -> article_sharing
roofie,8244010439,2010-01-26,"RT@ebutka @AlliePlisko btw, dont believe @themikewarra, i dont roofie girls. Lol/ thats a damn lie",62548360,an illicit sedative drug used to incapacitate someone,manipulation,casual_conversation,false,Manual override -> casual_conversation
roofie,8246763196,2010-01-26,"And the best way to get me to commit to anything is the ""no, I don't wanna, I'm gonna have a sandwich,"" approach. Oh I will roofie you, Mom!",13026512,an illicit sedative drug used to incapacitate someone,manipulation,humor,false,Manual override -> humor
roofie,8248043207,2010-01-26,Is it legal to roofie someone if you don't actually plan on sleeping with them?,14827187,an illicit sedative drug used to incapacitate someone,manipulation,commenting,false,Manual override -> commenting
roofie,8250994192,2010-01-26,@chosenaguila lol how u eat somethin an not know what it was ohh guuuuurl u betta hope they didn't slip u a roofie lol,49873553,an illicit sedative drug used to incapacitate someone,manipulation,casual_conversation,false,Manual override -> casual_conversation
roofie,8251248873,2010-01-26,@ASmith86 Guess its better than getting slipped a roofie. *shrug*,26618156,an illicit sedative drug used to incapacitate someone,manipulation,commenting,false,Manual override -> commenting
roofie,8251617373,2010-01-26,@lady_virago Roofie?  Yikes...did you take advanage of him!?,36870588,an illicit sedative drug used to incapacitate someone,manipulation,casual_conversation,false,
roofie,8708565389,2010-02-06,"need to slip my wife a roofie so i can turn on the PS3... stuck watching ghost shows. thus, the tweeting",16641307,an illicit sedative drug used to incapacitate someone,manipulation,television_reference,false,Manual override -> television_reference
roofie,8711486363,2010-02-06,"Its called the roofie colada!! RT @kesi_p: http://twitpic.com/11mjsk - My bartender is the best. Idk WAT this is, but this bih is hittin!",22722353,an illicit sedative drug used to incapacitate someone,manipulation,article_sharing,false,
roofie,8711715681,2010-02-06,@C3rtifi3dFr3sh who gave u a roofie?,27118529,an illicit sedative drug used to incapacitate someone,manipulation,casual_conversation,false,
roofie,8713309730,2010-02-06,"Yo, you better be following my rar rar Roofie-licious @RuthieDateRape :D Cause she'll make you feel all funny &happy :D",33124793,an illicit sedative drug used to incapacitate someone,manipulation,casual_conversation,false,
roofie,8714197902,2010-02-06,@JJones20 i have a great excuse..... i was ROOFIE'D LOL,23506067,an illicit sedative drug used to incapacitate someone,manipulation,humor,false,
roofie,8714524433,2010-02-06,#FromMyObservation #UknowIwannaFuck  when I PUT the roofie in YOUR drink..,111204209,an illicit sedative drug used to incapacitate someone,manipulation,commenting,false,
roofie,8718358163,2010-02-06,@roofie2 hay roofie how are you i saw laurel was up twittering late i bet she will be knacked today,30672443,an illicit sedative drug used to incapacitate someone,manipulation,casual_conversation,false,
roofie,8723110284,2010-02-06,"@justjanxy YEAH, gimme a Roofie. & check yer lists, yer on a new one called NURSIES. & follow me here too-&gt; @uglywebsites WHERE'S MY KISS?",34354747,an illicit sedative drug used to incapacitate someone,manipulation,casual_conversation,false,
roofie,8725823312,2010-02-06,@FeFeDavis put a roofie in my jager bomb last night,70530520,an illicit sedative drug used to incapacitate someone,manipulation,casual_conversation,false,
roofie,8726016481,2010-02-06,RT @MALbwinners: Definitely had a roofie lastnight....SMH &lt; I've never seen u like that before my dude lol,45773749,an illicit sedative drug used to incapacitate someone,manipulation,humor,false,
roofie,9145776395,2010-02-15,Why is my dog so tired? Did someone slip her a roofie? Woofie? I have to go.,33212540,an illicit sedative drug used to incapacitate someone,manipulation,sexual_context,false,
roofie,9148216720,2010-02-15,@kanyzz43 u had a roofie,97034659,an illicit sedative drug used to incapacitate someone,manipulation,casual_conversation,false,
roofie,9148352685,2010-02-15,did she slip me a roofie or a downie last night #aftervdaythoughts,56480082,an illicit sedative drug used to incapacitate someone,manipulation,sexual_context,false,
roofie,9148364514,2010-02-15,Shoutout to my Valentine date slippin' me a roofie last night!! I didn't give the pussy up but I did sell my Siamese cat! #BackwardsAss,73680083,an illicit sedative drug used to incapacitate someone,manipulation,commenting,false,
roofie,9149364828,2010-02-15,"My phone changes ""kegger"" into ""Jeffers"". You wouldn't have to roofie me at a Jeffers. I'd happily oblige.",14710589,an illicit sedative drug used to incapacitate someone,manipulation,commenting,false,
roofie,9151422219,2010-02-15,Great. In a couple more minutes I'll just roofie myself.,26659596,an illicit sedative drug used to incapacitate someone,manipulation,commenting,false,
roofie,9153316158,2010-02-15,Ugh I'm just now waking up...thank goodness I don't have a headache...that roofie someone slipped me must be packed w/ B vitamins :),52342635,an illicit sedative drug used to incapacitate someone,manipulation,commenting,false,
roofie,9155085929,2010-02-15,I think somebody slipped me a roofie,42710836,an illicit sedative drug used to incapacitate someone,manipulation,commenting,false,
roofie,9155306465,2010-02-15,RT @RichFloQ I think somebody slipped me a roofie -- my bad,52837429,an illicit sedative drug used to incapacitate someone,manipulation,casual_conversation,false,
roofie,9157746211,2010-02-15,"If I had a roofie for every time I've been roofied... I'm sorry, what were we talking about?",14998587,an illicit sedative drug used to incapacitate someone,manipulation,commenting,false,
roofie,9409539137,2010-02-21,I think I'll have the tomato pasta with a side of fresh sheet rock and a crowbar.  She'll have the ranch salad and a roofie malt.,42443670,an illicit sedative drug used to incapacitate someone,manipulation,commenting,false,
roofie,9409945691,2010-02-21,"''Your just a groupie bitch, I don't need a roofie to get up in that butt, here's a list of bitches i fucked....''",63659752,an illicit sedative drug used to incapacitate someone,manipulation,commenting,false,
roofie,9412711557,2010-02-21,you can't roofie a bowl #smokeweedinstead,14529356,an illicit sedative drug used to incapacitate someone,manipulation,commenting,false,
roofie,9413441721,2010-02-21,Wow! RT @KidObamaYBE: State Patrol at my job talkin bout he sprinkle Roofie Dust on his Pizzas and then feed the (cont) http://tl.gd/aj13k,38468698,an illicit sedative drug used to incapacitate someone,manipulation,article_sharing,false,
roofie,9413578298,2010-02-21,@ma_babee hahaha! Youre @ a Safe Roofie free family friendly bar..lol,69241418,an illicit sedative drug used to incapacitate someone,manipulation,humor,false,
roofie,9413634760,2010-02-21,"""At the rate you're going we won't have to put a roofie in your drink, Erica"" -Jeremy",29641255,an illicit sedative drug used to incapacitate someone,manipulation,commenting,false,
roofie,9414515287,2010-02-21,Playing roofie guard at the club,63277566,an illicit sedative drug used to incapacitate someone,manipulation,humor,false,
roofie,9417045222,2010-02-21,@catdsilver I slipped you a roofie. Your lower half should be feeling sore in a few minutes,70893105,an illicit sedative drug used to incapacitate someone,manipulation,casual_conversation,false,
roofie,9421633562,2010-02-21,"Seriously, I would have f**ked  Alan up for slipping the roofie Jägermeister.",17469640,an illicit sedative drug used to incapacitate someone,manipulation,commenting,false,
roofie,9421753013,2010-02-21,"@dothehotpants Don't ever leave your drinks. And if you do, throw some roofie pills in em, so the thieves can think twice next time.",17469590,an illicit sedative drug used to incapacitate someone,manipulation,casual_conversation,false,
roofie,9716138720,2010-02-27,#somewhererightnow somebody is slippin somebody a roofie lmaoo,28428794,an illicit sedative drug used to incapacitate someone,manipulation,commenting,false,
roofie,9717157163,2010-02-27,"You can't let sobriety get the best of you. We have a 12 step program, we just do it backwards. Go roofie yourself and we'll see you Monday.",22753098,an illicit sedative drug used to incapacitate someone,manipulation,commenting,false,
roofie,9718081597,2010-02-27,Operation 'roofie' is about to begin.....,26790335,an illicit sedative drug used to incapacitate someone,manipulation,commenting,false,
roofie,9718140589,2010-02-27,@JarradLawson coke won't do a damn thing lol you need a roofie coke just numbs you out and it only last 15-30 min,63138586,an illicit sedative drug used to incapacitate someone,manipulation,humor,false,
roofie,9718314046,2010-02-27,@suptoivo I think @iamDavidMarsh shoulda slipped a roofie in her icecream,60823059,an illicit sedative drug used to incapacitate someone,manipulation,casual_conversation,false,
roofie,9719255501,2010-02-27,Who da hell slipped a roofie in this girl drink @ah_leeceeRunway,86754536,an illicit sedative drug used to incapacitate someone,manipulation,casual_conversation,false,
roofie,9719308703,2010-02-27,@Lovemionline @LaBrujaNYC LMAO or say you have a roofie and you wish you had a drink to put it in,23178008,an illicit sedative drug used to incapacitate someone,manipulation,casual_conversation,false,
roofie,9719559916,2010-02-27,Wtf ant lol RT @BlueMagic_WTF: Operation 'roofie' is about to begin.....,37038199,an illicit sedative drug used to incapacitate someone,manipulation,humor,false,
roofie,9721647028,2010-02-27,WATS A ROOFIE?? WELL WATEVER IT IS SUMBODY PUT IT IN MY DRINK..WATS A ROOFIE??,85739924,an illicit sedative drug used to incapacitate someone,manipulation,commenting,false,
roofie,9722014744,2010-02-27,I have a real love hate thing going on with my mattress apparently. I'm gonna' slip myself a roofie and see how it goes,114652672,an illicit sedative drug used to incapacitate someone,manipulation,commenting,false,
roofie,10654010171,2010-03-18,I hope someone slips a roofie in my drinks tonight.,118195000,an illicit sedative drug used to incapacitate someone,manipulation,self_description,false,Manual override -> self_description
roofie,10654987248,2010-03-18,is playing roofie roulette with @juiceboxfarley right now. #fb,31130291,an illicit sedative drug used to incapacitate someone,manipulation,casual_conversation,false,
roofie,10655440136,2010-03-18,I think you're a stupid fourteen year old girl. You took a roofie from a priest. XD,48152930,an illicit sedative drug used to incapacitate someone,manipulation,commenting,false,
roofie,10657427156,2010-03-18,Why bff they only sold youu have a roofie or what lol.,101993782,an illicit sedative drug used to incapacitate someone,manipulation,humor,false,
roofie,10659056618,2010-03-18,@WhitneyCummings How else are boys going to know who to roofie.,61314694,an illicit sedative drug used to incapacitate someone,manipulation,casual_conversation,false,
roofie,10661127246,2010-03-18,Remember on the A-Team it was considered cute & funny to slip B.A.  a roofie? #itscalleddaterapethesedays,21737845,an illicit sedative drug used to incapacitate someone,manipulation,commenting,false,
roofie,10662181413,2010-03-18,Hope u feel better chica! RT @JENNAboo_ I think someone putta roofie up in my drink yooooooo ntb,74053864,an illicit sedative drug used to incapacitate someone,manipulation,casual_conversation,false,
roofie,10662768130,2010-03-18,If ONE more drunk muhfugga try to talk to me... Ima throw an roofie in his drink,73680083,an illicit sedative drug used to incapacitate someone,manipulation,humor,false,
roofie,10664431591,2010-03-18,RT @MsReyda: If ONE more drunk muhfugga try to talk to me... Ima throw an roofie in his drink~ SDHU! LMFAO,82460904,an illicit sedative drug used to incapacitate someone,manipulation,humor,false,
roofie,10666245745,2010-03-18,Great night for sure. Progress? i wish. Dude got stabbed which sucks for him. Roofie needs a boost!,28653614,an illicit sedative drug used to incapacitate someone,manipulation,commenting,false,
roofie,11247479968,2010-03-29,Somebody slip me a roofie. I can't sleep.,31042337,an illicit sedative drug used to incapacitate someone,manipulation,sexual_context,false,
roofie,11249471797,2010-03-29,@Cookiesweetcr Vodka and roofie Coladas are my speciality.,14135581,an illicit sedative drug used to incapacitate someone,manipulation,humor,false,
roofie,11253212333,2010-03-29,RT @dntsaytoomuch: i think somebody slipped me a roofie mickie or date rape drug or all 3 in my drink(s) last (cont) http://tl.gd/lqv9a,81436009,an illicit sedative drug used to incapacitate someone,manipulation,article_sharing,false,
roofie,11254241070,2010-03-29,RT @NeeNeeLewinsky At work!!! Wtf the room started spinning!!! (Someone slipped yu a ROOFIE),31359352,an illicit sedative drug used to incapacitate someone,manipulation,humor,false,
roofie,11254871251,2010-03-29,"@afrotoe so true, id do almost anything for a roofie. lol",36421617,an illicit sedative drug used to incapacitate someone,manipulation,humor,false,
roofie,11258785905,2010-03-29,I put roofie's in cheyenne's gum.... Even though she'd fuck me willingly.,81892511,an illicit sedative drug used to incapacitate someone,manipulation,commenting,false,
roofie,11259352126,2010-03-29,"@Natrino wait, we're married? Did you roofie me?",2898121,an illicit sedative drug used to incapacitate someone,manipulation,casual_conversation,false,
roofie,11259928170,2010-03-29,I tried to roofie Jack last night. It didn't work!!!,115545116,an illicit sedative drug used to incapacitate someone,manipulation,commenting,false,
roofie,11260349227,2010-03-29,"""You took a roofie from a priest.""  Thank you to The Second City! http://www.youtube.com/watch?v=lwnFE_NpMsE&feature=player_embedded",15381476,an illicit sedative drug used to incapacitate someone,manipulation,article_sharing,false,
roofie,11263094167,2010-03-29,"""I think David Copperfield slipped me a roofie...""",14074332,an illicit sedative drug used to incapacitate someone,manipulation,commenting,false,
roofie,11565498509,2010-04-04,@ForeverMeBish for u I have a very special roofie packed a way. To ensure you won't be able to testify against me.,14770205,an illicit sedative drug used to incapacitate someone,manipulation,casual_conversation,false,
roofie,11566050746,2010-04-04,@KingGill Nahh you're the best @ riding the wave roofie,26187132,an illicit sedative drug used to incapacitate someone,manipulation,casual_conversation,false,
roofie,11566817466,2010-04-04,"the thought of a 'Roofie Colada' is disgusting, but you gotta admit it's a freaking hilarious name. props Family Guy.",62650972,an illicit sedative drug used to incapacitate someone,manipulation,humor,false,
roofie,11568641518,2010-04-04,Me and @DannyBuchholzz are gonna roofie (insert name here) hehehe..,125169352,an illicit sedative drug used to incapacitate someone,manipulation,casual_conversation,false,
roofie,11569803845,2010-04-04,@trevorramage in medicine hat there is. But he's not employed with the mall and his specialty candy is roofie-sprinkles.,14135996,an illicit sedative drug used to incapacitate someone,manipulation,casual_conversation,false,
roofie,11571718823,2010-04-04,@SweetEmotion_86 what's a roofie?,26790335,an illicit sedative drug used to incapacitate someone,manipulation,casual_conversation,false,
roofie,11572447297,2010-04-04,@viettran07 you need rapies? I got you. Make a roofie colada,58035499,an illicit sedative drug used to incapacitate someone,manipulation,humor,false,
roofie,11574173094,2010-04-04,@sjswain hahahahahahahahahahahahaha omg i was really fucked up.. i think someone slipped me a roofie that night lol,95264788,an illicit sedative drug used to incapacitate someone,manipulation,humor,false,
roofie,11576214046,2010-04-04,"The next time someone tells me ""don't let anyone roofie my drink"" I'm dropping an Altoids into it...",11034522,an illicit sedative drug used to incapacitate someone,manipulation,commenting,false,
roofie,11577164155,2010-04-04,"Stripper Quote - ""Tonight feels like a roofie night"" lmao",32667432,an illicit sedative drug used to incapacitate someone,manipulation,commenting,false,
roofie,11828112538,2010-04-08,"@areefuhstanklin yes, but she's going with the ""what? it happens sometimes! A guy gets you drunk, slips you a roofie and BAM!!THPECTACULAR!""",17146784,an illicit sedative drug used to incapacitate someone,manipulation,humor,false,
roofie,11828316051,2010-04-08,"@LianaClinton That's the crown jewel of reality date rape shows! Then The Amazing Roofie, GHB Brother, America's Got Rohypnol",35864104,an illicit sedative drug used to incapacitate someone,manipulation,casual_conversation,false,
roofie,11829746913,2010-04-08,"And the way u wrote this, ur not one of em! Lol RT @Belindaearp: Banyak bule d roofie beb @loliipopp hehehehe :D",50647208,an illicit sedative drug used to incapacitate someone,manipulation,humor,false,
roofie,11830893203,2010-04-08,Maybe it's the hum of the engine or the rumble of the road but I pass out whenever the van is moving. Like I got slipped a delicious Roofie,17751021,an illicit sedative drug used to incapacitate someone,manipulation,commenting,false,
roofie,11831517805,2010-04-08,It's 10:24 a.m. and my kids JUST woke up. Maybe I'll give them only ONE roofie tonight.,62975545,an illicit sedative drug used to incapacitate someone,manipulation,commenting,false,
roofie,11835563934,2010-04-08,@ashleymcosta  how much are roofie tickets again?,16667707,an illicit sedative drug used to incapacitate someone,manipulation,casual_conversation,false,
roofie,11836015513,2010-04-08,I generally try not to roofie people when I&#39;m in a committed relationship.,22455325,an illicit sedative drug used to incapacitate someone,manipulation,commenting,false,
roofie,11839292879,2010-04-08,Dissolving the percocet in apple juice works like a charm to cut the nausea... but I feel like I'm slipping myself a roofie.,86254212,an illicit sedative drug used to incapacitate someone,manipulation,commenting,false,
roofie,11840549146,2010-04-08,"@shunkerdork I'm still not letting you roofie me, Shunny.",127284073,an illicit sedative drug used to incapacitate someone,manipulation,casual_conversation,false,
roofie,11844483221,2010-04-08,At maxis with @vina_love and @Franesque. Trying to roofie fran hahahhahah,37923028,an illicit sedative drug used to incapacitate someone,manipulation,humor,false,
roofie,12376733028,2010-04-18,"""you're 14. You just took a roofie from a priest.""",15958969,an illicit sedative drug used to incapacitate someone,manipulation,television_reference,false,Manual override -> television_reference
roofie,12379486354,2010-04-18,"""Ha he May have tried to roofie you guys...wat deh""",38341631,an illicit sedative drug used to incapacitate someone,manipulation,commenting,false,
roofie,12382051929,2010-04-18,"Someone put a roofie in my drink, please!",29911118,an illicit sedative drug used to incapacitate someone,manipulation,commenting,false,
roofie,12383707371,2010-04-18,I'm over being the non smoker left watching your drinks.  Buy me a cocktail or get the wrong roofie dosage from a stranger bitches.,33249160,an illicit sedative drug used to incapacitate someone,manipulation,commenting,false,
roofie,12386189685,2010-04-18,@ShannonTwins OMG you're at a club? Get out! You go girls. Roofie colodas all around !,99224552,an illicit sedative drug used to incapacitate someone,manipulation,humor,false,
roofie,12386224185,2010-04-18,Wiccan Update! It's Roofie Tea!,52346858,an illicit sedative drug used to incapacitate someone,manipulation,commenting,false,
roofie,12386859259,2010-04-18,"""I'm not some drunk sorority chick, you can't roofie me"" -Damon Salvatore, The  Vampire Diaries(l love him! lol)",54938812,an illicit sedative drug used to incapacitate someone,manipulation,humor,false,
roofie,12387144936,2010-04-18,@TotallySketch it's A. I spiked your apple juice.....I was wondering where my roofie went...crap.,95617578,an illicit sedative drug used to incapacitate someone,manipulation,casual_conversation,false,
roofie,12391369303,2010-04-18,I shouldve slipped myself a roofie earlier. 3 am and im still anxious and sick. WHY. /via @sixtwelve you ok?,80504969,an illicit sedative drug used to incapacitate someone,manipulation,casual_conversation,false,
roofie,12396540533,2010-04-18,#mrtweet I recommend @roofie2 because... roofie makes me laugh soo much!,19183155,an illicit sedative drug used to incapacitate someone,manipulation,casual_conversation,false,
roofie,12622920003,2010-04-22,I think you're 14 and you're an idiot. You took a roofie from a priest.  Look at your life.  Look at your choices. #RomeoandJuliet,24603956,an illicit sedative drug used to incapacitate someone,manipulation,commenting,false,
roofie,12627412893,2010-04-22,imma slip my phone a roofie cuz its actin like it dont wanna be touched o_O #coonshit,33669868,an illicit sedative drug used to incapacitate someone,manipulation,commenting,false,
roofie,12632443337,2010-04-22,In honor of Earth Day I'm going to roofie an ocelot and take it to the Viper Room. Don't wait up.,18935127,an illicit sedative drug used to incapacitate someone,manipulation,commenting,false,
roofie,12637070600,2010-04-22,"If i roofie someone, i go directly to jail.   I do not pass go.   If an NFL star does it, they don't get paid for 6 days?   Really?",14884409,an illicit sedative drug used to incapacitate someone,manipulation,commenting,false,
roofie,12640894047,2010-04-22,"You've said "" I dont buy my own drinks "" #bitchyouaintshit and ur gonna get a roofie ..",37016676,an illicit sedative drug used to incapacitate someone,manipulation,commenting,false,
roofie,12640952990,2010-04-22,"RT @datruth247 You've said "" I dont buy my own drinks "" #bitchyouaintshit and ur gonna get a roofie ..---LMAO!",25942249,an illicit sedative drug used to incapacitate someone,manipulation,casual_conversation,false,
roofie,12644912556,2010-04-22,@1VACutie drinkin one of Quagmire's (from Family Guy) Roofie Coladas smh,79835808,an illicit sedative drug used to incapacitate someone,manipulation,humor,false,
roofie,12645768857,2010-04-22,@KingGill Shut up Roofie!,26187132,an illicit sedative drug used to incapacitate someone,manipulation,casual_conversation,false,
roofie,12646068183,2010-04-22,LMBO we are going to have to roofie this one lmbo!! @DarianMurray @delira11 @HauteCoutureDiv,14539174,an illicit sedative drug used to incapacitate someone,manipulation,casual_conversation,false,
roofie,12649252810,2010-04-22,Lil wayne talkin captain hook and roofie O hahaha,134669967,an illicit sedative drug used to incapacitate someone,manipulation,humor,false,
roofie,12841158311,2010-04-25,@MvelaseP lol roofie from a priest? Did he slip it in the Jesus Juice? (thanks MJ for that one),40039313,an illicit sedative drug used to incapacitate someone,manipulation,humor,false,
roofie,12842947219,2010-04-25,Mpum_mpum: @MvelaseP lol roofie from a priest? Did he slip it in the Jesus...: Mpum_mpum: @MvelaseP lol roofie ... http://bit.ly/anHAKz #MJ,52999582,an illicit sedative drug used to incapacitate someone,manipulation,article_sharing,false,
roofie,12844093769,2010-04-25,"Seducing my ex with coffee and tacos. Shhh, I'm gonna roofie the tacos.",4404141,an illicit sedative drug used to incapacitate someone,manipulation,commenting,false,
roofie,12846355583,2010-04-25,"i cant remember nething, y are my clothes off RT @MariahLoveJoi: It was me RT @GI_JAINE: i think somebody slipped @Dr_Reed a roofie! lmao",114353498,an illicit sedative drug used to incapacitate someone,manipulation,casual_conversation,false,
roofie,12846559273,2010-04-25,"@JenniferMZ YOU KNOW WHEN THIS HAPPENED. YOU DON'T REMEMBER BECAUSE I ROOFIE'D YOU, BUT YOU KNOW.",34518362,an illicit sedative drug used to incapacitate someone,manipulation,casual_conversation,false,
roofie,12847701242,2010-04-25,"RT @infin1te: I slipped this chick a roofie and had sex with her while the dj was playin ""Gimme Dat"" by Webbie ...#ThugLIFEmusic==&gt;&gt;LMAO",74591958,an illicit sedative drug used to incapacitate someone,manipulation,casual_conversation,false,
roofie,12848883699,2010-04-25,"#SometimesItsBetter to watch a dude in the club when he go get you a drink. dont try that roofie shit ova here ""Its Sugar"" #WeDontBelieveYou",25946392,an illicit sedative drug used to incapacitate someone,manipulation,humor,false,
roofie,12855116650,2010-04-26,I THNIK MY DADDY SLIPPED MY MAMA A ROOFIE ... 12 MONTHS LATER I WAS BORN,50450247,an illicit sedative drug used to incapacitate someone,manipulation,commenting,false,
roofie,12856968453,2010-04-26,OMFG....Sue slipping Figgins a roofie.....classic!!,113539624,an illicit sedative drug used to incapacitate someone,manipulation,commenting,false,
roofie,12858381413,2010-04-26,U need to incapacitate your oppenent....slip him a roofie..works for me :),18362335,an illicit sedative drug used to incapacitate someone,manipulation,commenting,false,
roofie,13217337476,2010-05-02,@chariseepooh none tonight. I feel like ass... do you suppose the Boots guy slipped me a roofie? Haha!,25708100,an illicit sedative drug used to incapacitate someone,manipulation,humor,false,
roofie,13217683724,2010-05-02,@Original_Jack did he serve you a roofie colada?,15130494,an illicit sedative drug used to incapacitate someone,manipulation,humor,false,
roofie,13221940308,2010-05-02,@unfamiluarr it was a good night. but I wouldnt expect you to remember it because I gave you a roofie.,95326726,an illicit sedative drug used to incapacitate someone,manipulation,casual_conversation,false,
roofie,13224430646,2010-05-02,RT @ricaroo1: BET not NOBODY slip me a ROOFIE while I'm GONE !! Lmfao #classicquote @EricaMootry,39428367,an illicit sedative drug used to incapacitate someone,manipulation,sexual_context,false,
roofie,13224839344,2010-05-02,You can't wear a tracksuit into a bar and expect me to believe you aren't there to roofie someone.,24727893,an illicit sedative drug used to incapacitate someone,manipulation,commenting,false,
roofie,13226524334,2010-05-02,6 shots later & Chase is nursing a tall glass of water. One of the shots came from a random stranger at the bar! Roofie-free!,15404203,an illicit sedative drug used to incapacitate someone,manipulation,commenting,false,
roofie,13226798921,2010-05-02,My dad doesn't want to drink ever again because apparently someone slipped him a roofie,17714633,an illicit sedative drug used to incapacitate someone,manipulation,commenting,false,
roofie,13237414057,2010-05-02,Why am I not asleep? Did someone try give me a roofie and accidentally give me meth? Again?!,8612742,an illicit sedative drug used to incapacitate someone,manipulation,commenting,false,
roofie,13239191640,2010-05-02,RT @infin1te: If I was with you when someone put the roofie in your drink... it was me.. &gt;.&gt; Damn I knew it!! http://myloc.me/6DcSi,58863066,an illicit sedative drug used to incapacitate someone,manipulation,article_sharing,false,
roofie,13239969313,2010-05-02,@awkwardturtle_ but i would completely wine and dine and maybe slip matt smith a roofie.,17643170,an illicit sedative drug used to incapacitate someone,manipulation,humor,false,
roofie,14125297619,2010-05-16,"it's so funny, they like, go to vegas and get roofie'd and can't remember anything of the night before xD",118273595,an illicit sedative drug used to incapacitate someone,manipulation,television_reference,false,Manual override -> television_reference
roofie,14125301070,2010-05-16,@YaCaptainSpeakn yeaa ihavnt drank it since then.. I'm too scared it's like a liqued roofie for me,108353332,an illicit sedative drug used to incapacitate someone,manipulation,casual_conversation,false,
roofie,14126187597,2010-05-16,@walkinggingerly Did you roofie yourself again? I wouldn't trust you to make yourself a drink from now on.,7239342,an illicit sedative drug used to incapacitate someone,manipulation,casual_conversation,false,
roofie,14135533450,2010-05-17,@carcheetos haha the roofie thing was priceless...as well as your twitter name on the screen,73040020,an illicit sedative drug used to incapacitate someone,manipulation,humor,false,
roofie,14137095502,2010-05-17,"Its called a roofie-colada. RT @JennsDrunk I wish the mind came with a ""delete"" option.",119217895,an illicit sedative drug used to incapacitate someone,manipulation,humor,false,
roofie,14141443711,2010-05-17,"This fool at the table think they put a roofie(sp) in her drink!!lmbo....!! ""liqour ain't never made me feel like this"" she's a #lightweight",118903445,an illicit sedative drug used to incapacitate someone,manipulation,commenting,false,
roofie,14142213627,2010-05-17,Q:roofie or laxative ? xDD A:Roofie? cause if i shit myself I wont be conscious.... http://formspring.me/LupusMonster/q/556749093,36798789,an illicit sedative drug used to incapacitate someone,manipulation,article_sharing,false,
roofie,14143273358,2010-05-17,And a roofie! Lol RT @BARBARAENT: Go to work... Lol. Someone out there needs a drink  RT @lavadaversatile : (cont) http://tl.gd/1b7emg,66595553,an illicit sedative drug used to incapacitate someone,manipulation,article_sharing,false,
roofie,14144798097,2010-05-17,Shut the hell up Roofie RT @KingGill:Tonight sucked I didn't like those ppl I was wit tonight I'm goin to towson to find new ppl to hang wit,26187132,an illicit sedative drug used to incapacitate someone,manipulation,casual_conversation,false,
roofie,14146196345,2010-05-17,i hope i never live in a world where i can't make roofie colada jokes.,15362801,an illicit sedative drug used to incapacitate someone,manipulation,humor,false,
roofie,15387357310,2010-06-04,@leplumagegris I think roofie Tuesday is officially a thing.,93213372,an illicit sedative drug used to incapacitate someone,manipulation,casual_conversation,false,
roofie,15388252929,2010-06-04,"Lmfao. RT @PanaChuck: @G_clef I will always say it was consensual, u dont even have to put a roofie in my drink",44294369,an illicit sedative drug used to incapacitate someone,manipulation,casual_conversation,false,
roofie,15389218645,2010-06-04,I just got sleepy again!  What is the deal... Did you slip me a roofie?,12343612,an illicit sedative drug used to incapacitate someone,manipulation,sexual_context,false,
roofie,15392323925,2010-06-04,"At a bar with the Yankees. Should I roofie Jeter's drink so they lose tomorrow? If only A-Rod was here, the decision would be easier...",21131353,an illicit sedative drug used to incapacitate someone,manipulation,commenting,false,
roofie,15392857967,2010-06-04,"Drunk broad: ""don't roofie my drink"" Me: ""u betta get da f*^% outta my face """,29533823,an illicit sedative drug used to incapacitate someone,manipulation,humor,false,
roofie,15393366892,2010-06-04,@eyflyguy AHAHAHA...A ROOFiE...SHADDUPP;HELL BE GOOD;HE WiLL DEFiNATELY BE ALRiGHT;iLL MAKE SURE HE FEELS AS SECURE AS iCAN MAKE HiM FEEL;A,43049186,an illicit sedative drug used to incapacitate someone,manipulation,humor,false,
roofie,15393704298,2010-06-04,RT @flyygirltiff: @1_800_COREE my babe & then my cousins meetin me out there./// you bout to roofie yo dude,61686801,an illicit sedative drug used to incapacitate someone,manipulation,casual_conversation,false,
roofie,15394708049,2010-06-04,@ViVOSiMPLiFiED I'm talking about it..maybe even get a roofie #hangover lol,25928621,an illicit sedative drug used to incapacitate someone,manipulation,humor,false,
roofie,15395520087,2010-06-04,"No one wants to go to SF tomorrow?? You all act like I'm trying to roofie you. I mean I am trying to roofie you, but don't act so offended.",137549912,an illicit sedative drug used to incapacitate someone,manipulation,commenting,false,
roofie,15397972654,2010-06-04,"@atheistx I could come roofie you, if you'd like. I'd probably take advantage of you though. Like sneak in a quick cuddle.",137549912,an illicit sedative drug used to incapacitate someone,manipulation,casual_conversation,false,
roofie,15423234049,2010-06-04,RT @dannieboyTV why do i feel hungover and i didnt sip anything last night but water &lt;&lt; SOMEBODY SLIPPED YOU A ROOFIE!! :- ),69019971,an illicit sedative drug used to incapacitate someone,manipulation,casual_conversation,false,
roofie,15425981068,2010-06-04,@CaptOutstanding Very funny. @dam0ne4 Quagmire makes roofie coladas. Haha,88968826,an illicit sedative drug used to incapacitate someone,manipulation,humor,false,
roofie,15426692335,2010-06-04,RT @Mr__803: Think that bitch at happy hour slip me a roofie // nobody wanna rape you,27528058,an illicit sedative drug used to incapacitate someone,manipulation,sexual_context,false,
roofie,15426975095,2010-06-04,I thought the roofie colada thing was hilarious. AND it's accurate.,88968826,an illicit sedative drug used to incapacitate someone,manipulation,humor,false,
roofie,15428556703,2010-06-04,wow today I feel like someone slipped me a roofie...,27693549,an illicit sedative drug used to incapacitate someone,manipulation,commenting,false,
roofie,15428830897,2010-06-04,@WindowWardsGirl hesitant? what do you think i'm going to roofie you?,126652672,an illicit sedative drug used to incapacitate someone,manipulation,casual_conversation,false,
roofie,15428853437,2010-06-04,"@QuackityQ *smh* no I wasn't festive last night, so it had to be a roofie",27693549,an illicit sedative drug used to incapacitate someone,manipulation,casual_conversation,false,
roofie,15429459616,2010-06-04,RT @BlueFielder Everything is very 'fragile' today - treat your trades like a first date $$ &lt;-- is there a roofie for the market?,34017726,an illicit sedative drug used to incapacitate someone,manipulation,casual_conversation,false,
roofie,15429540564,2010-06-04,a roofie @rflores19 led to a dirty sanchez @danielsaescri which then led to her being follado @monicapcb,59031599,an illicit sedative drug used to incapacitate someone,manipulation,casual_conversation,false,
roofie,15429589648,2010-06-04,RT @Wingman2030: - is there a roofie for the market?  // Just talk dirty to it.,17249855,an illicit sedative drug used to incapacitate someone,manipulation,casual_conversation,false,
roofie,15807747303,2010-06-09,@Nataliedahl Roofie cocktail coming up,34229870,an illicit sedative drug used to incapacitate someone,manipulation,casual_conversation,false,
roofie,15811219943,2010-06-10,@Chrisgarland1 well some one hasn't given me my roofie cocktail yet #canthelpmyself,41112267,an illicit sedative drug used to incapacitate someone,manipulation,casual_conversation,false,
roofie,15811477761,2010-06-10,#liesmentell no she didn't take a roofie before we had sex,24743099,an illicit sedative drug used to incapacitate someone,manipulation,commenting,false,
roofie,15812353928,2010-06-10,Have you ever been so tired you don't even need to roofie yourself to fall asleep? That's how tired I am right now.,143516375,an illicit sedative drug used to incapacitate someone,manipulation,commenting,false,
roofie,15815106539,2010-06-10,Could someone dm me and tell me what a roofie is? thanks,80519345,an illicit sedative drug used to incapacitate someone,manipulation,commenting,false,
roofie,15820188789,2010-06-10,"#YouDidntWantMeUntil i slipped u a mickey, no better yet a roofie!! #gotchobutt AGAIN",41626780,an illicit sedative drug used to incapacitate someone,manipulation,commenting,false,
roofie,15820874958,2010-06-10,@danieltosh where's the dick fight? That's just some chick eating roofie laced cupcakes.,84652648,an illicit sedative drug used to incapacitate someone,manipulation,casual_conversation,false,
roofie,15820968888,2010-06-10,#LoopYouIn?? RT @iSTUDMUFFIN lol wats a roofie?,37735612,an illicit sedative drug used to incapacitate someone,manipulation,humor,false,
roofie,15822182268,2010-06-10,@mamakassi i knew it!  that's why i'm gonna slip you a roofie before i get tipsy so i can steal YOUR wallet!,31116405,an illicit sedative drug used to incapacitate someone,manipulation,casual_conversation,false,
roofie,15824480760,2010-06-10,@texasnate After the roofie kicks in,5560032,an illicit sedative drug used to incapacitate someone,manipulation,casual_conversation,false,
roofie,16055261010,2010-06-13,la puerta let's go!!!  I'm gonna roofie myself with tequila.,18212072,an illicit sedative drug used to incapacitate someone,manipulation,self_description,false,Manual override -> self_description
roofie,16055746028,2010-06-13,"Words from my dad on going out "" make sure no ni**a slip you a roofie""",44977607,an illicit sedative drug used to incapacitate someone,manipulation,commenting,false,
roofie,16057097636,2010-06-13,Drunk count Three! A guy trying to piggy back a chic to his room. . . Tried to hurry and get her there before the roofie wore off fell w/her,42163191,an illicit sedative drug used to incapacitate someone,manipulation,humor,false,
roofie,16074594147,2010-06-13,"I promise to Moses, someone slipped me a roofie last night.. And to whoever you are....... THANKS!! You saved me a ton of money on drinks!!",25612503,an illicit sedative drug used to incapacitate someone,manipulation,commenting,false,
roofie,16076730672,2010-06-13,@aht4005 @BatmanTheDuke you don't have to drink anymore once the roofie hits the system. You never seen the hangover?? Hahaha,51812830,an illicit sedative drug used to incapacitate someone,manipulation,humor,false,
roofie,16081946684,2010-06-13,RT @aqa5402010@osowalker besides my bro cant drink for shit. 2 beers and its like that nigga took a fuckin roofie. nigga be passed out...,84407905,an illicit sedative drug used to incapacitate someone,manipulation,casual_conversation,false,
roofie,16090267224,2010-06-13,Omg y did I wake up & find a tic tac roofie in my bed this mornin?! No lie! Lmao,72352545,an illicit sedative drug used to incapacitate someone,manipulation,commenting,false,
roofie,16091691611,2010-06-13,"Hehehe STFUUU!! RT @bree_mariiee: ""ive never considered buying a roofie until now""-@hrnyduh",95761936,an illicit sedative drug used to incapacitate someone,manipulation,casual_conversation,false,
roofie,16093327262,2010-06-13,@mollyheartssoap maybe someone slipped u a roofie or something....lol,124392742,an illicit sedative drug used to incapacitate someone,manipulation,humor,false,
roofie,16096480651,2010-06-13,"@KingGill Yes, yes u were roofie",26187132,an illicit sedative drug used to incapacitate someone,manipulation,casual_conversation,false,
roofie,16096577611,2010-06-13,"StateFarm needs a new rep for their commercials if ""trust"" is their angle cuz the current dude looks like he'd slip me a roofie.",24189198,an illicit sedative drug used to incapacitate someone,manipulation,sexual_context,false,
roofie,16096751307,2010-06-13,I'm at Hastings chillen and dey got this smoothie that's makin me feel higher feels like I have no roofie..,18930390,an illicit sedative drug used to incapacitate someone,manipulation,commenting,false,
roofie,16097389766,2010-06-13,lol I dont think @Frankenteen should go to any more bars because people are talking about slipping him a roofie. Look out! Its scary!,24471702,an illicit sedative drug used to incapacitate someone,manipulation,humor,false,
roofie,16099199954,2010-06-13,RT @black_steib: The monsoon is a fucking #roofie today. Shit!~lmbo! #roofied!,40922359,an illicit sedative drug used to incapacitate someone,manipulation,casual_conversation,false,
roofie,16099994899,2010-06-13,@toomany2choose mid afternoon is perfect for a vodka and roofie haze induced interlude with a tall vegan slut goddess. Its bliss defined.,22882211,an illicit sedative drug used to incapacitate someone,manipulation,casual_conversation,false,
roofie,16657958196,2010-06-21,Why is my therapist asking me out for drinks? She wants to roofie me and take my pants off. Hmmmm.,22882211,an illicit sedative drug used to incapacitate someone,manipulation,commenting,false,
roofie,16664308583,2010-06-21,it cool until they slipped her a roofie surroundings went dark she thinkin wat he do,49278708,an illicit sedative drug used to incapacitate someone,manipulation,commenting,false,
roofie,16664315804,2010-06-21,it cool until they slipped her a roofie surroundings went dark she thinkin wat he do me,49278708,an illicit sedative drug used to incapacitate someone,manipulation,commenting,false,
roofie,16665911443,2010-06-21,just got roofie cake from the hotel?,16470342,an illicit sedative drug used to incapacitate someone,manipulation,commenting,false,
roofie,16666930049,2010-06-21,Omfg Lord Forbid__RT @OnlyOneWEEZ: Tuhhhh... Fuckin fast lil bitch swear she grown!!! Watch when somebody slip her a fuckin roofie!,37377888,an illicit sedative drug used to incapacitate someone,manipulation,casual_conversation,false,
roofie,16667556750,2010-06-21,"""You taste good with red,"" Peter replied. ""You didn't just Roofie me, did you?""",36798789,an illicit sedative drug used to incapacitate someone,manipulation,commenting,false,
roofie,16674005254,2010-06-21,'Whats this a roofie..some kinda date drug?'... 'its a Mentos..they're the freshmaker' LMFAO!!!! 40 Year Old Virgin,23503921,an illicit sedative drug used to incapacitate someone,manipulation,commenting,false,
roofie,16678195648,2010-06-21,"@Justin_Decker u did a great job heckling yourself 2nite, breaking new ground @ the la jolla comedy store. roofie shavings.",17451597,an illicit sedative drug used to incapacitate someone,manipulation,casual_conversation,false,
roofie,16678270372,2010-06-21,@JenKirkman I'd roofie him and tie him to the overpass of the 405 - 101 junction in his underwear.,15682475,an illicit sedative drug used to incapacitate someone,manipulation,casual_conversation,false,
roofie,16681190314,2010-06-21,Drunk with @scottyblu n @kawannabear idk what i drank but some one slippped me a roofie lol,51917301,an illicit sedative drug used to incapacitate someone,manipulation,humor,false,
roofie,16734223904,2010-06-22,Exhausted. Can barely keep my eyes open. Did I accidentally slip that roofie in my own drink? #happyhour!,121641877,an illicit sedative drug used to incapacitate someone,manipulation,commenting,false,
roofie,16739876763,2010-06-22,"i wish i took a roofie and passed out on a roof in vegas, BEST TAN EVER !!!",53515900,an illicit sedative drug used to incapacitate someone,manipulation,commenting,false,
roofie,16740095260,2010-06-22,"RT @trigga_tynee i wish i took a roofie and passed out on a roof in vegas, BEST TAN EVER !!! &gt;&gt; lls!!!",88130215,an illicit sedative drug used to incapacitate someone,manipulation,casual_conversation,false,
roofie,16742172387,2010-06-22,It's 10 o'clock already?!? Who slipped a roofie in my water?!?,25238141,an illicit sedative drug used to incapacitate someone,manipulation,commenting,false,
roofie,16743719545,2010-06-22,"@MsAnneK yea, @jehmz definitely has a roofie with @dzoid11's name on it :)",34173763,an illicit sedative drug used to incapacitate someone,manipulation,casual_conversation,false,
roofie,16744573935,2010-06-22,@thevulkster if you like roofie colada!!!,81404844,an illicit sedative drug used to incapacitate someone,manipulation,humor,false,
roofie,16745488062,2010-06-22,Aww Roofie. I'm home but I'll be back this wknd for summer session so get ready !!!! :-) RT @KingGill @CarVin1 where u been I missed u,25524784,an illicit sedative drug used to incapacitate someone,manipulation,casual_conversation,false,
roofie,16755957282,2010-06-22,"@Mco0k11 haha damnn thats sus.. i think someone slipped me a roofie,, =x",99195093,an illicit sedative drug used to incapacitate someone,manipulation,humor,false,
roofie,16758850317,2010-06-22,Put a jetpack on paris hilton and slip a mega roofie in her mouth and see her magical adventure unfold,67541538,an illicit sedative drug used to incapacitate someone,manipulation,commenting,false,
roofie,16761851580,2010-06-22,"Might miss some shows, I didn't crap my pants tonight while playing, still recovering from roofie, sleep is all I want.",9719282,an illicit sedative drug used to incapacitate someone,manipulation,commenting,false,
roofie,17105421465,2010-06-26,"@nemesisgy yea man go n find urself a nice gay club, leh dem man slip u a roofie",146315316,an illicit sedative drug used to incapacitate someone,manipulation,humor,false,
roofie,17106936919,2010-06-26,Roofie rumor?? Ok lol RT @MERCYISM @FollowKym yes big time. Next Tuesday wanna do Rumor with me and East?,39904467,an illicit sedative drug used to incapacitate someone,manipulation,humor,false,
roofie,17114052631,2010-06-26,Look at your life. Look at your choices. You took a roofie from a priest.,17845066,an illicit sedative drug used to incapacitate someone,manipulation,commenting,false,
roofie,17115313295,2010-06-26,"OH: ""Jay DeMerit looks like the kind of guy who would roofie your drink. That is, he's really fucking hot.""",26564881,an illicit sedative drug used to incapacitate someone,manipulation,commenting,false,
roofie,17116273898,2010-06-26,@MiaEffinPia @dominique_ashli. Freak that...I'm slippin everyone a roofie...we on the hunt for strippers and cocaine lmao!!,58241270,an illicit sedative drug used to incapacitate someone,manipulation,casual_conversation,false,
roofie,17116528724,2010-06-26,RT @DunnieBunni: @MiaEffinPia @me Freak that...I'm slippin everyone a roofie...we on the hunt for strippers and cocaine lmao!! •yessssss!,90781983,an illicit sedative drug used to incapacitate someone,manipulation,humor,false,Manual override -> humor
roofie,17119176281,2010-06-26,I'm still fucked up from last night....I think I got upped a roofie like in The Hangover,54777002,an illicit sedative drug used to incapacitate someone,manipulation,commenting,false,
roofie,17119269612,2010-06-26,RT @LaniMarley: I'm still fucked up from last night....I think I got upped a roofie like in The Hangover -- x2,28136073,an illicit sedative drug used to incapacitate someone,manipulation,casual_conversation,false,
roofie,17119280862,2010-06-26,Smh scummmmy!!!...RT @LaniMarley: I'm still fucked up from last night....I think I got upped a roofie like in The Hangover,55471442,an illicit sedative drug used to incapacitate someone,manipulation,casual_conversation,false,
roofie,17119295399,2010-06-26,@e_sunny pretty sure it's roofie. At least that's how creighton spells it when he orders a couple cases to throw in the burgers at Corbett,157892764,an illicit sedative drug used to incapacitate someone,manipulation,casual_conversation,false,
roofie,17747928552,2010-07-04,Don't let people make you drinks. You end up in the type of situation I'm in right now where the roofie feels like its kicking in,18856458,an illicit sedative drug used to incapacitate someone,manipulation,commenting,false,
roofie,17754616440,2010-07-05,The X Files where there are evil Amish and Scully gets slipped a roofie is creepy but pretty great.,37367698,an illicit sedative drug used to incapacitate someone,manipulation,commenting,false,
roofie,17755249696,2010-07-05,"Translation: Desperate, Desperate, I am very Desperate. I mean come on! Your took a roofie from a priest.",34203436,an illicit sedative drug used to incapacitate someone,manipulation,commenting,false,
roofie,17758508269,2010-07-05,I'm pretty sure @djcoldcase gave me a tylenol pm or possibly a roofie.,71919998,an illicit sedative drug used to incapacitate someone,manipulation,casual_conversation,false,
roofie,17763115792,2010-07-05,"Hahaha ""if you roofie my beer ima kill you!""",139304382,an illicit sedative drug used to incapacitate someone,manipulation,humor,false,
roofie,17764976142,2010-07-05,"""Oh her friends don't even like her. You don't need to roofie her."" -- Never what you want someone to say about you!",21795901,an illicit sedative drug used to incapacitate someone,manipulation,commenting,false,
roofie,17770937956,2010-07-05,@beccas43 A chic that requests a roofie is a chic that knows how to party.,14379889,an illicit sedative drug used to incapacitate someone,manipulation,humor,false,
roofie,17771057710,2010-07-05,lmao @ request a roofie!! @beccas43,22571075,an illicit sedative drug used to incapacitate someone,manipulation,casual_conversation,false,
roofie,17773076454,2010-07-05,RT @MeSoRandy Is it wrong to roofie your husband? I just want him to go to sleep.,32655315,an illicit sedative drug used to incapacitate someone,manipulation,casual_conversation,false,
roofie,17773180313,2010-07-05,my hip hurts sooo bad I'm about to vicodin roofie myself to sleep.. I think I bruised my hip bone :-/,157805344,an illicit sedative drug used to incapacitate someone,manipulation,commenting,false,
roofie,18451020893,2010-07-13,Nope that's from the Johnnie roofie black I gave you last night. RT @anelrivers I started watching a bootlegg...fell asleep. no memory.,67778518,an illicit sedative drug used to incapacitate someone,manipulation,casual_conversation,false,
roofie,18454919501,2010-07-13,@earthtolissa MY GASKANK. MY DRUG DEALER WITH A ROOFIE ROOM. 8| LOLOL. twin him on our site kthx.,28889235,an illicit sedative drug used to incapacitate someone,manipulation,humor,false,
roofie,18456489414,2010-07-13,@teresadf you should get your dear dad a beer. (With a roofie in it.),21060304,an illicit sedative drug used to incapacitate someone,manipulation,casual_conversation,false,
roofie,18456804266,2010-07-13,Blame it on the roofie lol RT @Lucky_KillenEm: @arabmoney_88 LAWWDDYYY JESUS it wasnt me !! lmfaooo,73245993,an illicit sedative drug used to incapacitate someone,manipulation,humor,false,
roofie,18456907177,2010-07-13,Did you put a roofie...   #5wordsbeforesex,15352560,an illicit sedative drug used to incapacitate someone,manipulation,commenting,false,
roofie,18457645920,2010-07-13,How was your roofie colada? #5wordsbeforesex,39730241,an illicit sedative drug used to incapacitate someone,manipulation,humor,false,
roofie,18458443219,2010-07-13,"@mattl00k I do, but he can't afford to make roofie coladas for the whole North High volleyball team",39730241,an illicit sedative drug used to incapacitate someone,manipulation,humor,false,
roofie,18458724135,2010-07-13,*lays out naked* RT @iPlayMyClitar_: *gives @mzdommie a roofie so i can take advantage*,29373485,an illicit sedative drug used to incapacitate someone,manipulation,casual_conversation,false,
roofie,18460180343,2010-07-13,RT @sandrinistrivia How was your roofie colada? #5wordsbeforesex,25763311,an illicit sedative drug used to incapacitate someone,manipulation,humor,false,
roofie,18461737264,2010-07-13,@AiHadUatHello yay! And then I can roofie u and get u preggo :),20044093,an illicit sedative drug used to incapacitate someone,manipulation,casual_conversation,false,
roofie,18964498249,2010-07-20,u slipped me a roofie but i those shits dont have any affect on me,64945351,an illicit sedative drug used to incapacitate someone,manipulation,commenting,false,
roofie,18964552228,2010-07-20,"If I see you order a MGD 64, a Michlob Light, or any light beer for that matter I will slip you a roofie & drop you off at the village!",36026234,an illicit sedative drug used to incapacitate someone,manipulation,commenting,false,
roofie,18964999193,2010-07-20,"Coolest thing I've heard in a while, I think RT @clintshane @SeanCablinasian If y'all's show was a woman, I would totally roofie that bitch.",21934026,an illicit sedative drug used to incapacitate someone,manipulation,casual_conversation,false,
roofie,18965448086,2010-07-20,RT @skegee_girl13: @queenmimi13 don't u mix those drinks guh u'll be laid out sumwhere lol ( take a roofie with it! :D),5474952,an illicit sedative drug used to incapacitate someone,manipulation,humor,false,
roofie,18973095647,2010-07-20,@AlexAllTimeLow By giving someone a roofie right.,87829405,an illicit sedative drug used to incapacitate someone,manipulation,casual_conversation,false,
roofie,18984386584,2010-07-20,Fiddler on the roofie #worstbroadwayalbums,67001515,an illicit sedative drug used to incapacitate someone,manipulation,commenting,false,
roofie,18997035201,2010-07-20,I got banned from #lavalife for putting the phrase 'insert roofie here' on my profile. #singleforlife,141076097,an illicit sedative drug used to incapacitate someone,manipulation,commenting,false,
roofie,18997929273,2010-07-20,"i like it when
you slip me a roofie",44985133,an illicit sedative drug used to incapacitate someone,manipulation,sexual_context,false,
roofie,19002311302,2010-07-20,@JuJu_B10 be my guest but i may constantly roofie you and keep you as my pet penguin in my backyard FOREVER haaaa,45935820,an illicit sedative drug used to incapacitate someone,manipulation,humor,false,
roofie,19002974846,2010-07-20,Where can i buy a Roofie?,119956952,an illicit sedative drug used to incapacitate someone,manipulation,commenting,false,
roofie,20111546011,2010-08-02,I Hate It When Roofie&#039;ing Goes Wrong http://bit.ly/cayZVr #fail,27865062,an illicit sedative drug used to incapacitate someone,manipulation,article_sharing,false,
roofie,20111803051,2010-08-02,"So Joe said ""I wish I had a roofie for Marty's beer and then film the results"" and Marty says ""you don't need one""",14593866,an illicit sedative drug used to incapacitate someone,manipulation,commenting,false,
roofie,20119616443,2010-08-02,@Maxstaar can't wait to roofie your mom!!!,14201210,an illicit sedative drug used to incapacitate someone,manipulation,casual_conversation,false,
roofie,20119882903,2010-08-02,"@__Domo fuck that shiit u smokin, here take a roofie lmao",167172531,an illicit sedative drug used to incapacitate someone,manipulation,casual_conversation,false,
roofie,20120968728,2010-08-02,@CourtEQ sounds like she's drinking a roofie-colada,23551811,an illicit sedative drug used to incapacitate someone,manipulation,casual_conversation,false,
roofie,20121370989,2010-08-02,RT @QuinnyThePooh: #Thingsuglypeopledo roofie peoples drinks!// sumone did that to me twice,104724888,an illicit sedative drug used to incapacitate someone,manipulation,criticism,false,Manual override -> criticism
roofie,20121485446,2010-08-02,@michaelcaryd has to drug me up w/ Ambien to get me to sleep w/ him.  My goodnite Dr. Pepper con roofie! ! !,31201366,an illicit sedative drug used to incapacitate someone,manipulation,casual_conversation,false,
roofie,20122488363,2010-08-02,ima buy Kyuhyun some drinks then~ roofie colada. jk &lt;3 (maybe) RT @omonatheydidnt Kyuhyun Describes HIs Ideal Type! http://bit.ly/cNOZ6G,19772182,an illicit sedative drug used to incapacitate someone,manipulation,article_sharing,true,"Irony audit: Contains 'jk <3 (maybe)', explicitly framing the roofie-colada line as a joke."
roofie,20123783053,2010-08-02,"@IntenseAngela *Smirks, wiping the liquor from my mouth* Bourbon with a roofie.",169753160,an illicit sedative drug used to incapacitate someone,manipulation,casual_conversation,false,
roofie,20126884688,2010-08-02,@GodricChoiseu is that what you tell the girls before or after you roofie them,150414994,an illicit sedative drug used to incapacitate someone,manipulation,casual_conversation,false,
roofie,20150665621,2010-08-02,The waiter just put a roofie and a laxative in @RaleAyE drink so he can get him in the bathroom alone!,23320179,an illicit sedative drug used to incapacitate someone,manipulation,casual_conversation,false,
roofie,20154697275,2010-08-02,"Setting up Date Night with ""The Wife"" , trying to recreate a first date scenerio, does anyone have any hook ups for a roofie?",114018726,an illicit sedative drug used to incapacitate someone,manipulation,commenting,false,
roofie,20155762319,2010-08-02,Da eff you mean? You tried to roofie UNk up..ya lucky I aint start shootin... RT @504Rebel: @11wdnick :0 u can't trip meeeee *tears*,29978724,an illicit sedative drug used to incapacitate someone,manipulation,casual_conversation,false,
roofie,20169261562,2010-08-02,@jacobjunior7 haha it'll be like a week long game of who can roofie who first! SO excited for L.A!,168543983,an illicit sedative drug used to incapacitate someone,manipulation,humor,false,
roofie,20169352587,2010-08-02,#thingsuglypeopledo roofie bitches!,74614571,an illicit sedative drug used to incapacitate someone,manipulation,commenting,false,
roofie,20169358435,2010-08-02,das sum #hangover type stuff. musta had a roofie,104358376,an illicit sedative drug used to incapacitate someone,manipulation,commenting,false,
roofie,20169457424,2010-08-02,RT @TBMacD: @jacobjunior7 haha it'll be like a week long game of who can roofie who first! SO excited for L.A!,22704058,an illicit sedative drug used to incapacitate someone,manipulation,humor,false,
roofie,20949863758,2010-08-12,Dead ass! Lmao RT @ItsMsBuddafly: This fool just said 'he might try to put a roofie in my drink' 0_o. She's nuts...lol,22930335,an illicit sedative drug used to incapacitate someone,manipulation,humor,false,
roofie,20950094593,2010-08-12,@AngelaHelga peeeeerrrrrrrrrfect :) If you roofie a guy can we mix a little viagra in? Just to make it fun,35888311,an illicit sedative drug used to incapacitate someone,manipulation,casual_conversation,true,"Irony audit: Roofie plus viagra line is exaggerated dark humor, not literal intent."
roofie,20950541991,2010-08-12,"I'm going to bed, feel like somebody just slipped me a roofie. & bbm is trippin so bonne nuit.",32184155,an illicit sedative drug used to incapacitate someone,manipulation,commenting,false,
roofie,20952064600,2010-08-12,@angelahelga It puts the swiffer in the ass or else it gets the roofie again?,35888311,an illicit sedative drug used to incapacitate someone,manipulation,casual_conversation,false,
roofie,20952649879,2010-08-12,@JohnnyMagma I meant that in a good way like I'm still in disbelief. LOL And I had to stop reading after your Roofie joke. I Flatlined,142180045,an illicit sedative drug used to incapacitate someone,manipulation,humor,false,
roofie,20957504155,2010-08-12,Sounds like your gonna slip me a roofie hahah but ok :)RT @cbcbby2: @joyLjenyne  ALRIGHT IMMA MAKE U SOME OF MY SPECIAL DRINK LOL  KK THANKZ,85256480,an illicit sedative drug used to incapacitate someone,manipulation,sexual_context,false,
roofie,20960812337,2010-08-12,Who slipped Bam Margera a Roofie while in NZ? | Stuff.co.nz http://ht.ly/2owGW,34568498,an illicit sedative drug used to incapacitate someone,manipulation,article_sharing,false,
roofie,20966181831,2010-08-12,@ruthxxxo I just realised...the 'roofie' is a term for a knock-out drug people put in girls' alcoholic drinks. Hmm.,30854216,an illicit sedative drug used to incapacitate someone,manipulation,casual_conversation,false,
roofie,20970434992,2010-08-12,"RT @Nick_Nolte: Aw shit, is it Roofie Tuesday already?  I gotta get to a liquor store.",41118979,an illicit sedative drug used to incapacitate someone,manipulation,casual_conversation,false,
roofie,20976836074,2010-08-12,@senorcastro ill put a roofie in your mothers club soda and leave her ass on the green line ...,53477482,an illicit sedative drug used to incapacitate someone,manipulation,humor,false,
roofie,21133665165,2010-08-14,"Be alert on new roofie attack,they bomb in from the sky.",20829458,an illicit sedative drug used to incapacitate someone,manipulation,commenting,false,
roofie,21135685467,2010-08-14,“@TheRealYungBerg: How did I end up right here with u??”&lt;&lt;you slipped her a roofie,34795014,an illicit sedative drug used to incapacitate someone,manipulation,casual_conversation,false,
roofie,21144618371,2010-08-14,"""It's only half a roofie!""",66158096,an illicit sedative drug used to incapacitate someone,manipulation,commenting,false,
roofie,21146246299,2010-08-14,"Rum, coke, and roofie.",28913127,an illicit sedative drug used to incapacitate someone,manipulation,commenting,false,
roofie,21150884793,2010-08-14,But I will slip your #TL a roofie have it all wide open for my thoughts and opinions...then I'm in there got it under control,108177209,an illicit sedative drug used to incapacitate someone,manipulation,commenting,false,
roofie,21166660798,2010-08-14,"RT @NickolasBallard: Be alert on new roofie attack,they bomb in from the sky.",154901083,an illicit sedative drug used to incapacitate someone,manipulation,casual_conversation,false,
roofie,21167610452,2010-08-14,http://tweetphoto.com/38939678 @tightguy204 fucken told you fags you'd be playing roofie roulette...guess they both lost lol,87665232,an illicit sedative drug used to incapacitate someone,manipulation,article_sharing,false,
roofie,21168103046,2010-08-14,RT @Ninix393: I've been sleeping this entire car ride & can't seem to stay awake. O__o&lt;-- someone slipped you a roofie lmaooo,132287412,an illicit sedative drug used to incapacitate someone,manipulation,casual_conversation,false,
roofie,21168403571,2010-08-14,"@jackaay @tanveer ""A DOUBLE ROOFIE ALL THE WAY!""",17461976,an illicit sedative drug used to incapacitate someone,manipulation,casual_conversation,false,
roofie,21172190457,2010-08-14,"@DjDstrukt that, and/or a roofie. Right?",29308294,an illicit sedative drug used to incapacitate someone,manipulation,casual_conversation,false,
roofie,21763644128,2010-08-21,@King_ColinT yo I think that chick really did roofie me,28102608,an illicit sedative drug used to incapacitate someone,manipulation,casual_conversation,false,
roofie,21764153302,2010-08-21,"Don't forget everyone we will be gifting on our main page throughout the day and night to celebrate THX's 1 year birthday!
roofie",24161535,an illicit sedative drug used to incapacitate someone,manipulation,commenting,false,
roofie,21767621706,2010-08-21,"I made myself a roofie last night,.",129982334,an illicit sedative drug used to incapacitate someone,manipulation,commenting,false,
roofie,21767668750,2010-08-21,What's a roofie?,140259122,an illicit sedative drug used to incapacitate someone,manipulation,commenting,false,
roofie,21769066117,2010-08-21,@martin40oz Hell yeah. That couch is comfy as fuck. How was star and her roofie? Haha,41479184,an illicit sedative drug used to incapacitate someone,manipulation,humor,false,
roofie,21773660739,2010-08-21,"The State Farm ad with Stoner & his date rapey friends is a bit disturbing. Kidnap a girl, roofie sandwich, & a hot tub?",66014534,an illicit sedative drug used to incapacitate someone,manipulation,commenting,false,
roofie,21773868986,2010-08-21,"I'm looking for the kinda guy I could roofie, make a porn with, and him not be TOO mad in the morning.",39228451,an illicit sedative drug used to incapacitate someone,manipulation,commenting,false,
roofie,21776689880,2010-08-21,@longklaw haha!  Roofie yells that at Max all the time!,21053752,an illicit sedative drug used to incapacitate someone,manipulation,humor,false,
roofie,21779860590,2010-08-21,@QueenPen this ain't no ibuprofen! Is this a date-rape drug???? #Roofie lol,56246554,an illicit sedative drug used to incapacitate someone,manipulation,humor,false,Manual override -> humor
roofie,21782587148,2010-08-21,CHUM!  Bad bad things are going to happen to roofie guy.  #springbreaksharkattack,17024194,an illicit sedative drug used to incapacitate someone,manipulation,commenting,false,
roofie,22146301013,2010-08-26,@MisterJLacey Did somebody roofie you mate?,31031234,an illicit sedative drug used to incapacitate someone,manipulation,casual_conversation,false,
roofie,22147247816,2010-08-26,"@c_desantiago yes, I would DEFINITELY roofie his drink and take advantage of that hot piece of Australian meat! ;]",30831739,an illicit sedative drug used to incapacitate someone,manipulation,casual_conversation,false,
roofie,22148463567,2010-08-26,"@PensBoozeAnger Haha. Well, unless you hit me with a Roofie Colada......",62429948,an illicit sedative drug used to incapacitate someone,manipulation,humor,false,
roofie,22149576553,2010-08-26,@TeddySarang I'll slip her a roofie. Haha. :P,48083341,an illicit sedative drug used to incapacitate someone,manipulation,sexual_context,false,
roofie,22150499142,2010-08-26,@KevinBobby ima qive yhu a roofie so ii can make sure ii qet #lucky! yhu knww how much of a #cocktease yhu can be,180141911,an illicit sedative drug used to incapacitate someone,manipulation,casual_conversation,false,
roofie,22150801200,2010-08-26,She put a roofie in your drink bro it's OV now!!! RT @Reckless_TRUTH: why do i feel dizzy?,28463971,an illicit sedative drug used to incapacitate someone,manipulation,casual_conversation,false,
roofie,22151582386,2010-08-26,@not_CNN don't forget to fondle urself.. No use wasting a perfectly good roofie..,15048236,an illicit sedative drug used to incapacitate someone,manipulation,casual_conversation,false,
roofie,22152049172,2010-08-26,Thank you for roofie'ing me and taking advantage of me mentally @NasNav.,31313003,an illicit sedative drug used to incapacitate someone,manipulation,casual_conversation,false,
roofie,22152708461,2010-08-26,@kgoldilocks slip them a roofie lol,18249028,an illicit sedative drug used to incapacitate someone,manipulation,humor,false,
roofie,22156076965,2010-08-26,@x0babbiikx0 lol sorry I used my last roofie on u,24483717,an illicit sedative drug used to incapacitate someone,manipulation,humor,false,
roofie,22373368442,2010-08-28,"I just put a ""roofie"" in your drink
..#wordsthatleadtosex",18207898,an illicit sedative drug used to incapacitate someone,manipulation,commenting,false,
roofie,22374257887,2010-08-28,My eyes burn I'm so sleepy.....I'm about to pass out like I had a roofie sundae #ifeeldrugged,42985744,an illicit sedative drug used to incapacitate someone,manipulation,commenting,false,
roofie,22374539512,2010-08-28,"I'm gonna slip @ReLTMC a roofie 2nite and she gon wake up with a missing tooth, a baby, and a tiger n her bathroom.",158622383,an illicit sedative drug used to incapacitate someone,manipulation,casual_conversation,false,
roofie,22376210250,2010-08-28,Hangover = Great movie. Who wants to jägermeister + Vegas + roofie?,14972160,an illicit sedative drug used to incapacitate someone,manipulation,commenting,false,
roofie,22377281755,2010-08-28,"Was just offered a beer by a girl @ Kutztown U in PA. She wuz @ a frat house + said ""I didn't put a roofie in it.""",149020668,an illicit sedative drug used to incapacitate someone,manipulation,casual_conversation,false,
roofie,22379134254,2010-08-28,You took a roofie from a priest. Look at your life. Look at your choices.,17270576,an illicit sedative drug used to incapacitate someone,manipulation,commenting,false,
roofie,22380504552,2010-08-28,"@jordandelusa I bet , u guys grown alot closer now cuz the freedom , but time will go by fast :) and i slipped a roofie bahahahha",157835232,an illicit sedative drug used to incapacitate someone,manipulation,humor,false,
roofie,22382574934,2010-08-28,@BrownSugarVi Noted. So the roofie goes in the soda?,14972657,an illicit sedative drug used to incapacitate someone,manipulation,casual_conversation,false,
roofie,22382945286,2010-08-28,"One Christmas, Santa slipped me a roofie. And long story short, my ass knows how the reindeer got a red nose.",14972657,an illicit sedative drug used to incapacitate someone,manipulation,commenting,false,
roofie,22384647895,2010-08-28,i like it when you give me a roofie,22554992,an illicit sedative drug used to incapacitate someone,manipulation,commenting,false,
roofie,22485451273,2010-08-30,Roofie beer float anyone?,32390098,an illicit sedative drug used to incapacitate someone,manipulation,commenting,false,
roofie,22489870961,2010-08-30,@BChel they slipped a roofie in your shit lol,44508311,an illicit sedative drug used to incapacitate someone,manipulation,humor,false,
roofie,22494347326,2010-08-30,Uhhh...did Rohypnol exist in the 60s? Because I think somebody slipped Don Draper a roofie.,174115592,an illicit sedative drug used to incapacitate someone,manipulation,commenting,false,
roofie,22494980057,2010-08-30,Bringing your toddler on a flight? Do us all a favor: slip him a roofie. Or at least gag him. http://bit.ly/apqkyE,176594047,an illicit sedative drug used to incapacitate someone,manipulation,article_sharing,false,
roofie,22499832472,2010-08-30,ima slip a roofie in an insomniac's drink,148018103,an illicit sedative drug used to incapacitate someone,manipulation,commenting,false,
roofie,22501885586,2010-08-30,@SupaWettRacks roofie attic hoe,179779591,an illicit sedative drug used to incapacitate someone,manipulation,casual_conversation,false,
roofie,22504434993,2010-08-30,#fatchicksay @BluntStatement ate me out after I gave him a roofie colada,101155805,an illicit sedative drug used to incapacitate someone,manipulation,humor,false,
roofie,22504660553,2010-08-30,and u sat there and watched me do the shit RT @Rawk_steady #fatchicksay @BluntStatement ate me out after I gave him a roofie colada,93045860,an illicit sedative drug used to incapacitate someone,manipulation,humor,false,
roofie,22506227186,2010-08-30,"ridin dirty in lady gaga w/ @TMOOH (foamy roofie dranks in hand), niglet beatz, scenic drive, humble attitudes--&gt;legendary JM/KU performance",20828380,an illicit sedative drug used to incapacitate someone,manipulation,casual_conversation,false,
roofie,22508950644,2010-08-30,@StephStar23 slip ya nephew a roofie....he be aiight...won't remember a thing lol,25003719,an illicit sedative drug used to incapacitate someone,manipulation,humor,false,
roofie,22582303110,2010-08-31,“@JaySmithisFINE: I had sum #omegaoil last year...put it like this...thats one of the only thiNGS I remember...#breakowt”&lt;- Roofie maybe?,30372805,an illicit sedative drug used to incapacitate someone,manipulation,casual_conversation,false,
roofie,22583847432,2010-08-31,I think you're fourteen and you're an idiot...you took a roofie from a priest,29326411,an illicit sedative drug used to incapacitate someone,manipulation,commenting,false,
roofie,22585355187,2010-08-31,"PaintinG Like A MuthaFuggah,Roofies, Where My Roofie Partner At:D",175929567,an illicit sedative drug used to incapacitate someone,manipulation,commenting,false,
roofie,22585394916,2010-08-31,Why the fuck do my legs feel like I've been drinking?? o_0  somebody slipped a roofie in my orange juice!,31642789,an illicit sedative drug used to incapacitate someone,manipulation,commenting,false,
roofie,22586903676,2010-08-31,"@rap_breaks Simon,  on Friday Will Have Roofie Dinner Sounds Good...Will add SoMe Tips And Gloves With that:D",175929567,an illicit sedative drug used to incapacitate someone,manipulation,casual_conversation,false,
roofie,22589017917,2010-08-31,@Adammight ugh you should slip 'em a roofie,15585326,an illicit sedative drug used to incapacitate someone,manipulation,casual_conversation,false,
roofie,22613260575,2010-08-31,I could be dead right now lol dagger slipped me a roofie in my frosted flakes this morning. @theycallmebev,53437202,an illicit sedative drug used to incapacitate someone,manipulation,humor,false,
roofie,22614323857,2010-08-31,@Smellmo It's like grape flavour roofie lol,94441366,an illicit sedative drug used to incapacitate someone,manipulation,humor,false,
roofie,22623513031,2010-08-31,@thereyouarelisa just slip him a roofie in his glass o' milk :),23351994,an illicit sedative drug used to incapacitate someone,manipulation,humor,false,Manual override -> humor
roofie,22628589588,2010-08-31,Might have been the roofie i slipped you. What? You didnt know? RT @britisshameless Where the eff did this hangover come from?,81940198,an illicit sedative drug used to incapacitate someone,manipulation,casual_conversation,false,
roofie,24053557828,2010-09-09,#GhettoCollegeCourses how to slip a floorie(roofie) in her drink w/o her noticing 102,38313246,an illicit sedative drug used to incapacitate someone,manipulation,commenting,false,
roofie,24065224527,2010-09-10,"Jamey Johnson: ""I'll drink my own, thanks; you can keep that roofie in your pocket."" #SaavyHonkyTonker",78217775,an illicit sedative drug used to incapacitate someone,manipulation,commenting,false,
roofie,24069224874,2010-09-10,My mom just said don't put ur drink down or they will slip u a Mickey. I said a roofie? Lmaooo krazy,186706104,an illicit sedative drug used to incapacitate someone,manipulation,commenting,false,
roofie,24069853291,2010-09-10,@Whipjacker Because you smell so bad and for giving me a roofie!,128976065,an illicit sedative drug used to incapacitate someone,manipulation,casual_conversation,false,
roofie,24072505070,2010-09-10,@spandrade slip yourself a #roofie and let one/them take advantage of you. Win win for you.,25962378,an illicit sedative drug used to incapacitate someone,manipulation,casual_conversation,false,
roofie,24075174641,2010-09-10,@kristinetuna you took a roofie from a priest!,27454108,an illicit sedative drug used to incapacitate someone,manipulation,casual_conversation,false,
roofie,24080326549,2010-09-10,I wish someone would roofie my drink tonight,144053007,an illicit sedative drug used to incapacitate someone,manipulation,self_description,false,
roofie,24082490851,2010-09-10,"@trishakaispeaks thank you for the roofie smoothies... they'll be here next time you come over, in case you're sick.",21289436,an illicit sedative drug used to incapacitate someone,manipulation,casual_conversation,false,
roofie,24087642462,2010-09-10,"@NonAcquiescent lmfao. U sound like a rape victim, who was slipped a roofie.",81263358,an illicit sedative drug used to incapacitate someone,manipulation,casual_conversation,false,
roofie,24096156467,2010-09-10,I DO HOPE TO GET ON A PLANE TO THE NEW YORK SOON & GO RESOLVE THIS WITH IMAM ROOFIE. PRAY FOR ME. BAWITDABADABANGDANGDIGGYDIGGYDIGGY! Amen.,188880520,an illicit sedative drug used to incapacitate someone,manipulation,commenting,false,
roofie,24447526391,2010-09-14,#PickupLines Guaranteed to work:  Can you taste the roofie in that drink or do I need to add another?,182978771,an illicit sedative drug used to incapacitate someone,manipulation,commenting,false,
roofie,24455341922,2010-09-14,RT @RayMackaroni: @elloopoppett she prolly slipped a roofie in there haha« okay bye ray hahha,42194625,an illicit sedative drug used to incapacitate someone,manipulation,humor,false,
roofie,24465692837,2010-09-14,@lucyspet You're the only person I know who would have to roofie herself to get INTO underwear.,14514490,an illicit sedative drug used to incapacitate someone,manipulation,casual_conversation,false,
roofie,24472739482,2010-09-14,I went to sleep at 7:30pm & woke up at 7:30am. I must have been seriously tired or that was a roofie colada @avermont slipped me ;),9542882,an illicit sedative drug used to incapacitate someone,manipulation,humor,false,
roofie,24474781904,2010-09-14,i got the pretty girl to smile at me. i'm quite proud since i did so BEFORE slipping her the roofie.,27386592,an illicit sedative drug used to incapacitate someone,manipulation,commenting,false,
roofie,24480532709,2010-09-14,RT @Belindaearp: @711 sama @ShalinyAyu fueling up on coffee n snacks before watching @RequestTPM at Roofie!! :),33342135,an illicit sedative drug used to incapacitate someone,manipulation,casual_conversation,false,
roofie,24495465119,2010-09-14,Roofie RT @cleveroch: Where u at? RT @ShalinyAyu: Wishing my besties was here right now with me.. ☹ http://myloc.me/bYiiO,33342135,an illicit sedative drug used to incapacitate someone,manipulation,article_sharing,false,
roofie,24502285988,2010-09-14,That's the Roofie cocktail! RT @LadieLoka360: I think someone slipped something in my wine... i'm pretty convinced...,29810415,an illicit sedative drug used to incapacitate someone,manipulation,humor,false,
roofie,24502523599,2010-09-14,"@VGP94 not that hot? you'd totally give her a roofie, I bet!!! XDDDDDD",23789951,an illicit sedative drug used to incapacitate someone,manipulation,casual_conversation,false,
roofie,24504842976,2010-09-14,as she came out of her roofie induced coma he realized that his love for her was gone just like the evidence. #lastlinesofbadromancenovels,15140613,an illicit sedative drug used to incapacitate someone,manipulation,commenting,false,
roofie,24804546599,2010-09-18,guy on the bus jus gave me a big red. hope it doesnt have a roofie in it. haha,33652909,an illicit sedative drug used to incapacitate someone,manipulation,humor,false,
roofie,24806673944,2010-09-18,"#ZenoSayz  its 3 Condoms in a pack, 2 people to have sex, 1 Roofie to have u wake up next to someone and not know how u got there",109588614,an illicit sedative drug used to incapacitate someone,manipulation,commenting,false,
roofie,24809556404,2010-09-18,Is it roofie-tastic? RT @ryantologist @metricjulie bought me Fin du Monde to drink while I wait for her to do her show. Damn. What a catch!,182180362,an illicit sedative drug used to incapacitate someone,manipulation,casual_conversation,false,
roofie,24810078910,2010-09-18,"ok who needs help upgrading their casino vault? tell me what level your vault is and what pieces you need and how many! my mafia only
roofie",24161535,an illicit sedative drug used to incapacitate someone,manipulation,commenting,false,
roofie,24812105094,2010-09-18,"Wearing a jacket, having a roofie",120565904,an illicit sedative drug used to incapacitate someone,manipulation,commenting,false,
roofie,24813274902,2010-09-18,@ijustine you never know when you're going to find a roofie in your donut.,140279075,an illicit sedative drug used to incapacitate someone,manipulation,casual_conversation,false,
roofie,24814018243,2010-09-18,@onthetweet oy vey...she's had a headache for the last three months but i bought a roofie today! shh...don't tell her!,15679401,an illicit sedative drug used to incapacitate someone,manipulation,casual_conversation,false,
roofie,24815230936,2010-09-18,@imcapnawesome enjoy your roofie-colada. #brorape,91806460,an illicit sedative drug used to incapacitate someone,manipulation,casual_conversation,false,
roofie,24815434378,2010-09-18,I hate ur guts RT @Joy_Doe: @LEEsoFancy we're having a really great time getting wasted I hope u get slipped a roofie,149192376,an illicit sedative drug used to incapacitate someone,manipulation,casual_conversation,false,
roofie,24816416588,2010-09-18,"Anyone stuck in bankok because of lack of consumables. tell me what level you are and what you need! MUST BE IN MY MAFIA!!

roofie",24161535,an illicit sedative drug used to incapacitate someone,manipulation,commenting,false,
roofie,24991099651,2010-09-20,Fiddler on the Roofie #SadMusicals,1525391,an illicit sedative drug used to incapacitate someone,manipulation,commenting,false,
roofie,24991212075,2010-09-20,Tyrie is trying to roofie us! @HennyBrown1207,29494148,an illicit sedative drug used to incapacitate someone,manipulation,casual_conversation,false,
roofie,24993084548,2010-09-20,"@Priological I'm gonna slip a roofie in your thai food and get ""I &lt;3 illy"" tattood on u... U would never know!!!",20030676,an illicit sedative drug used to incapacitate someone,manipulation,casual_conversation,false,
roofie,24994862133,2010-09-20,@iMerk_Klass08 I'm about to Have one of those #HangOver with a Roofie type Incidents (#NoSouljaBoy) I would recommend anyone else do this!,150137433,an illicit sedative drug used to incapacitate someone,manipulation,casual_conversation,false,
roofie,24995754001,2010-09-20,"Bombs, Shots, Draws, Wells.. Dollar night here at the ATO house! Yes you heard me right bro. Only one dollar per roofie. #getsome",191556706,an illicit sedative drug used to incapacitate someone,manipulation,commenting,false,
roofie,24995979871,2010-09-20,@RedTheTrucker #whynottheskins?  How about they couldn't close with Lindsay Lohan and a bag of roofie-flavored cocaine?,16820414,an illicit sedative drug used to incapacitate someone,manipulation,casual_conversation,false,
roofie,24997915503,2010-09-20,@MapleLime Did you see my Vulcan roofie post to Tumblr earlier?,5885162,an illicit sedative drug used to incapacitate someone,manipulation,casual_conversation,false,
roofie,25000684441,2010-09-20,"Huuuu. Fine. We'll invite her to a rave, roofie her, then gang beat her up so she won't remember who did it.",59517702,an illicit sedative drug used to incapacitate someone,manipulation,commenting,false,
roofie,25006073257,2010-09-20,@ImTie_FuckYou You mean someone slipped you a roofie?,93123286,an illicit sedative drug used to incapacitate someone,manipulation,casual_conversation,false,Manual override -> casual_conversation
roofie,25007564098,2010-09-20,@MrsGilesFarmer 'Roofie' had things to do. What is it?,94205554,an illicit sedative drug used to incapacitate someone,manipulation,casual_conversation,false,
roofie,25834260203,2010-09-29,I want John Stamos to drug me...I don't even care if it's a roofie...,26674272,an illicit sedative drug used to incapacitate someone,manipulation,commenting,false,
roofie,25834690704,2010-09-29,LMFAO!!!!!!!!!!! RT @jordankgirl: I want John Stamos to drug me...I don't even care if it's a roofie...,25241553,an illicit sedative drug used to incapacitate someone,manipulation,casual_conversation,false,
roofie,25836130676,2010-09-29,Hop on da #stargangtrain or jump roofie your damn self,130564294,an illicit sedative drug used to incapacitate someone,manipulation,commenting,false,
roofie,25837256869,2010-09-29,dreaming of slipping a roofie into asian lady's drink. taking her debit card. and HITTIN' THEM UP STYLE.,19563321,an illicit sedative drug used to incapacitate someone,manipulation,commenting,false,
roofie,25838219900,2010-09-29,@wkoutqueen I want that dentist to roofie me...,26674272,an illicit sedative drug used to incapacitate someone,manipulation,casual_conversation,false,
roofie,25844531990,2010-09-29,"Assisti a ""Two and a Half Men: David Copperfield Slipped Me a Roofie"" s6ep14 http://j.mp/9AN9fc #orangotag",19923389,an illicit sedative drug used to incapacitate someone,manipulation,article_sharing,false,
roofie,25846933128,2010-09-29,oh its okay Roofie..,15725947,an illicit sedative drug used to incapacitate someone,manipulation,commenting,false,
roofie,25849321483,2010-09-29,Shit night. I should just roofie myself before work to ease the pain. I'll still feel vaguely violated but I won't remember why.,194475030,an illicit sedative drug used to incapacitate someone,manipulation,commenting,false,
roofie,25850387462,2010-09-29,@jtrouse oh thats old newsss. I felt like giving myself a roofie. :) orrr taking antibiotics and motrin with applesauce instead of a liquid.,21838359,an illicit sedative drug used to incapacitate someone,manipulation,casual_conversation,false,
roofie,25850700718,2010-09-29,@CristalBubblin she's gonna slip her a roofie. nobody can resist a roofie. lol,7791532,an illicit sedative drug used to incapacitate someone,manipulation,sexual_context,false,
roofie,26975613609,2010-10-10,"M: ""I dunno.  Roofie Coladas just sound like roofies to me.""",201021112,an illicit sedative drug used to incapacitate someone,manipulation,humor,false,
roofie,26976114322,2010-10-10,Graham is either in a food coma or I really did roofie the meatballs. He'll never know.,19005662,an illicit sedative drug used to incapacitate someone,manipulation,commenting,false,
roofie,26984871712,2010-10-11,The wait is OVER!! Download Your copy Of Roofie Of The Year Now!! http://www.datpiff.com/Dj_Infamous_B-LO_Rookie_Of_The_Year.m159105.html,130056811,an illicit sedative drug used to incapacitate someone,manipulation,article_sharing,false,
roofie,26984974779,2010-10-11,"@suzierobb – #Date & #Roofie – #Date, no you are not. #Roofie, probably not the best idea, though you never know. Might call and thank you.",177420823,an illicit sedative drug used to incapacitate someone,manipulation,casual_conversation,false,
roofie,26985030201,2010-10-11,@KatieFromMars your sole purpose in life is to find me cool online games to play. forget college or drunken roofie parties!,15332634,an illicit sedative drug used to incapacitate someone,manipulation,humor,false,
roofie,26986141871,2010-10-11,"@in_vin_ci_ble http://twitpic.com/2wjcaz - ""She's getting roofie'd as we speak""",29118796,an illicit sedative drug used to incapacitate someone,manipulation,article_sharing,false,
roofie,26986666500,2010-10-11,@TheJuanReyes hahahaha roofie'd... I learned a new word today,104688740,an illicit sedative drug used to incapacitate someone,manipulation,humor,false,
roofie,26988090647,2010-10-11,"@deadmau5 dude, someones totally going to roofie your caramel  macchiato. LOL test it first and make a roadie drink some.",47927456,an illicit sedative drug used to incapacitate someone,manipulation,humor,false,
roofie,27004452996,2010-10-11,Wanna roofie yourself?!  http://www.youtube.com/watch?v=X1foxOUJNSQ @bathboyscomedy #boombaby,80426151,an illicit sedative drug used to incapacitate someone,manipulation,article_sharing,false,
roofie,27011683357,2010-10-11,Think I got slipped a roofie! Should I feel like I'm on a roof? O_o,36295924,an illicit sedative drug used to incapacitate someone,manipulation,commenting,false,
roofie,28784499452,2010-10-26,"@jmbrick27 me and @odddv got tired of your taunting, so I slipped you a roofie. Sorry babe, had to be done.",14832196,an illicit sedative drug used to incapacitate someone,manipulation,casual_conversation,false,
roofie,28788107833,2010-10-26,"Every time I get a full night's sleep, I feel like someone slipped me a roofie",40390023,an illicit sedative drug used to incapacitate someone,manipulation,commenting,false,
roofie,28788941362,2010-10-26,"""back in MY day we'd slippem a roofie and call it love... U younger got these 4Loko's rapin folk with kool-aid"" #shameful",15491015,an illicit sedative drug used to incapacitate someone,manipulation,commenting,false,
roofie,28796584716,2010-10-26,@tiffanybor I second that. Feels like I had a bowl of Kelloggs Roofie Bran cereal for breakfast.,27667031,an illicit sedative drug used to incapacitate someone,manipulation,casual_conversation,false,
roofie,28813859685,2010-10-26,@oliverdumville rub me!!!! Scratch!!! Tickle!! Roofie!!!,191738618,an illicit sedative drug used to incapacitate someone,manipulation,casual_conversation,false,
roofie,28814388611,2010-10-26,Under @Keshmichelle snuggie and I'm getting sleepy..... Someone must have put a roofie in the fabric,32463622,an illicit sedative drug used to incapacitate someone,manipulation,casual_conversation,false,
roofie,28814795199,2010-10-26,Roofie Coladas and a Low Self-Esteem,45696280,an illicit sedative drug used to incapacitate someone,manipulation,humor,false,
roofie,28818545850,2010-10-26,"""You took a roofie from a priest. Look at your life. Look at your choices."" - SGF http://bit.ly/bFX4Wb",15494518,an illicit sedative drug used to incapacitate someone,manipulation,article_sharing,false,
roofie,28821376291,2010-10-26,@YazzyisSusie I think you drank a roofie to be honest.. Lmao,86775396,an illicit sedative drug used to incapacitate someone,manipulation,casual_conversation,false,
roofie,28822134028,2010-10-26,@NicRock21 Did a dirty cop slip you a roofie? LOL #notoutoftherealmofpossibility,20626873,an illicit sedative drug used to incapacitate someone,manipulation,humor,false,
roofie,29310325636,2010-10-31,@angns we've put her in the basement & has been barking & whining incessantly. It sucks! Shd have slipped her a roofie!  lol j/k (kinda) :-P,19597965,an illicit sedative drug used to incapacitate someone,manipulation,humor,true,"Irony audit: Contains 'lol j/k (kinda) :-P', making the roofie remark playful/nonliteral."
roofie,29310352317,2010-10-31,Metros with roofie. I'm going as snow White!,21873667,an illicit sedative drug used to incapacitate someone,manipulation,commenting,false,
roofie,29311392174,2010-10-31,"My roommate keeps throwing around the word ""roofie"". #DramaQueen",24041141,an illicit sedative drug used to incapacitate someone,manipulation,commenting,false,
roofie,29311917362,2010-10-31,"""It wasn't ecstacy, Allen!! It was roofie's"" #LMAO #TheHangover",132032877,an illicit sedative drug used to incapacitate someone,manipulation,commenting,false,
roofie,29314164544,2010-10-31,"""what what what are you doing?! Look at ur life, look at your choices, you took a roofie from a priest!"" lmao, i wanna watch those again &lt;3",56286670,an illicit sedative drug used to incapacitate someone,manipulation,commenting,false,
roofie,29315634229,2010-10-31,RT @Ms_HattieLane: I wanna send a shout out to whoever put the roofie in my drink last night. GO FUCK YOURSELF. I ... http://tmi.me/2LjTX,34347616,an illicit sedative drug used to incapacitate someone,manipulation,article_sharing,false,
roofie,29321955516,2010-10-31,@RayWJ what is a roofie loool,141353044,an illicit sedative drug used to incapacitate someone,manipulation,casual_conversation,false,
roofie,29322179689,2010-10-31,I'm gonna roofie a leprechaun and prove they exist!,184051252,an illicit sedative drug used to incapacitate someone,manipulation,commenting,false,
roofie,29322644817,2010-10-31,"dude got mad cause i don't drink, lol he said can't give you a roofie.LOL WTH!",46250674,an illicit sedative drug used to incapacitate someone,manipulation,casual_conversation,false,Manual override -> casual_conversation
roofie,29325451843,2010-11-01,Decided to just stay in and roofie the candy. LOL,24797902,an illicit sedative drug used to incapacitate someone,manipulation,humor,true,"Irony audit: Contains 'LOL' with playful 'roofie the candy' wording, clearly nonliteral."
roofie,29340861261,2010-11-01,"""Its not that hard to roofie somebody"" - @petersorensen3",67341985,an illicit sedative drug used to incapacitate someone,manipulation,casual_conversation,false,
roofie,29346358658,2010-11-01,Please roofie me..............,105661099,an illicit sedative drug used to incapacitate someone,manipulation,commenting,false,
roofie,29346419543,2010-11-01,"Haha RWJ FTW RT @RayWJ: I really hope I meet some fine ladies later tonight. Otherwise, I'll just have to give up and eat this roofie myself",140003084,an illicit sedative drug used to incapacitate someone,manipulation,humor,false,
roofie,29350204494,2010-11-01,"Happy birthday to Luke, Roofie, Rowdy & Bell celebrating in Noosa. http://fb.me/KEi9nnXC",39672303,an illicit sedative drug used to incapacitate someone,manipulation,article_sharing,false,
roofie,29360981655,2010-11-01,c14ism. How to survive a roofie and make a perfume bomb. http://su.pr/1KSa3n,25300916,an illicit sedative drug used to incapacitate someone,manipulation,article_sharing,false,
roofie,29368287158,2010-11-01,"@gat_attack I only roofie myself, tho last night I was flooried",143241605,an illicit sedative drug used to incapacitate someone,manipulation,casual_conversation,false,
roofie,29372687805,2010-11-01,"@Rojo_Camacho @tx_tuff @sirpantsornot hahahahahaha, that pic is hilarious!&lt;-I think somebody slipped me a roofie.God I hope it was Rhonda.",42740184,an illicit sedative drug used to incapacitate someone,manipulation,humor,false,
roofie,29373820905,2010-11-01,Roofie Foundation speaking on Drive Time BBC Radio York around 4.30 supporting Prof David Nutts research,50308877,an illicit sedative drug used to incapacitate someone,manipulation,commenting,false,
roofie,29374483796,2010-11-01,@JohnSentamu We treat victims of drink spiking & drug rape even worse. The Roofie Foundation has existed 15yrs & has never been funded!,50308877,an illicit sedative drug used to incapacitate someone,manipulation,casual_conversation,false,
roofie,29374752904,2010-11-01,@butt_pie You took a roofie from a priest...#sassygayfriend,22429061,an illicit sedative drug used to incapacitate someone,manipulation,casual_conversation,false,
roofie,2473278459355136,2010-11-10,"@_yeat the context wasn't, ""let's slip that old skater guy a roofie, steal his money, and buy some cigarettes"", was it?",22283317,an illicit sedative drug used to incapacitate someone,manipulation,casual_conversation,false,
roofie,2525716671365120,2010-11-11,"@DeejayEscobar lol, u should of took a floorie, not a roofie",26201994,an illicit sedative drug used to incapacitate someone,manipulation,humor,false,
roofie,2543758595858433,2010-11-11,New Post: Today's Train Wreck: HOW 'BOUT IF I ROOFIE IT FIRST? http://trainwrecktv.com/todays-train-wreck-how-bout-if-i-roofie-it-first/,103683341,an illicit sedative drug used to incapacitate someone,manipulation,article_sharing,false,
roofie,2552978129035264,2010-11-11,I'm listening to Two Pina Colidas thinking that all you need is one Roofie Colida lol,140491145,an illicit sedative drug used to incapacitate someone,manipulation,humor,false,
roofie,2556222620307456,2010-11-11,Lmao why roofie though? RT @MissDejah: #NICKNAMESINMYPHONE roofie chef @baringtonwheely,95679174,an illicit sedative drug used to incapacitate someone,manipulation,casual_conversation,false,
roofie,2567305691144192,2010-11-11,The lion sleeps tonight...but Cam Newton was charged with slipping him a roofie...,117623358,an illicit sedative drug used to incapacitate someone,manipulation,commenting,false,
roofie,2568270716608512,2010-11-11,Roofie Coolata? lol RT @mzbizness Y my long island taste like teqila?! O_o,32131652,an illicit sedative drug used to incapacitate someone,manipulation,humor,false,
roofie,2576065557958656,2010-11-11,"#nicknamesinmyphone Boyfrannn, Roflwaffle, Meatsack McCuntmuffin, AaaTITFUCKER, Roofie, Mexican, Sex Monster, Pubichair, Teeny, Chick butt.",85327979,an illicit sedative drug used to incapacitate someone,manipulation,commenting,false,
roofie,2582581124014080,2010-11-11,@ultraMegaDuckie meditated roofie as maybe,16048452,an illicit sedative drug used to incapacitate someone,manipulation,casual_conversation,false,
roofie,2926802758533120,2010-11-12,omg i am sofaking tired who put the roofie in my drink can't type anym,175487681,an illicit sedative drug used to incapacitate someone,manipulation,commenting,false,
roofie,2932090609860608,2010-11-12,@blakeshelton my wife says I can't get any until you tell her to kiss your country ass. Little does she know I slipped a roofie in her tea,43140871,an illicit sedative drug used to incapacitate someone,manipulation,casual_conversation,false,
roofie,2936514065465344,2010-11-12,@JROC_25 lol well somebody put a roofie in ya drink bruh,176715691,an illicit sedative drug used to incapacitate someone,manipulation,humor,false,
roofie,2940979476692992,2010-11-12,RT @drivenbyboredom: Let's hold hands and roofie eachother.,9764142,an illicit sedative drug used to incapacitate someone,manipulation,casual_conversation,false,
roofie,2948103875334144,2010-11-12,I think a mcdonalds employee slipped a roofie in my mcdouble bc I felt perfectly sober before I started eating it & now I feel like death!,137094197,an illicit sedative drug used to incapacitate someone,manipulation,commenting,false,
roofie,2950228424527872,2010-11-12,Ummm I think she crushed a roofie and sprinkled it on this sphaghetti she cooked. #creepytweet,27757204,an illicit sedative drug used to incapacitate someone,manipulation,commenting,false,
roofie,2950756202192896,2010-11-12,WTF someone put a roofie n mt drink I just drank one and I'm dizzy! Hmmm hold on now!!,29298602,an illicit sedative drug used to incapacitate someone,manipulation,humor,false,
roofie,2984926676787200,2010-11-12,"@savajava haha no, just trying to figure out what I'm doing with my life. And I'm pretty sure it's roofie",117974482,an illicit sedative drug used to incapacitate someone,manipulation,humor,false,
roofie,3017745599823872,2010-11-12,@necessarybeing tryna slip me a roofie in the club! Somebody help me! Lol,147789477,an illicit sedative drug used to incapacitate someone,manipulation,sexual_context,false,
roofie,3024345844686848,2010-11-12,"She's juicy, she's Lucy, definitely not moosey, she won't slip you a roofie, make sure you're not toothy. #ff @juicylucyjones",67379566,an illicit sedative drug used to incapacitate someone,manipulation,casual_conversation,false,
roofie,7270995052204033,2010-11-24,@The_Black_Jesus @howardsternfan and here I thought you dropped the roofie in the wrong drink tonight,37332151,an illicit sedative drug used to incapacitate someone,manipulation,casual_conversation,false,
roofie,7273397046214656,2010-11-24,@JoliverProducer lmao that bangarang shit frm hook wit robin williams n roofie o,40170037,an illicit sedative drug used to incapacitate someone,manipulation,casual_conversation,false,
roofie,7280524414427136,2010-11-24,@briisoccerchamp did l tell u had roofie sex ? :O,212339674,an illicit sedative drug used to incapacitate someone,manipulation,casual_conversation,false,
roofie,7285692132491264,2010-11-24,OH:  I'm down for a roofie! - @eddieg,20022180,an illicit sedative drug used to incapacitate someone,manipulation,casual_conversation,false,
roofie,7292432265777152,2010-11-24,"Where's Tate at?? Hard tellin' with the tequila, roofie, absinthe concoction they pour me everytime. (@ Turn One) http://4sq.com/9siv9B",210977696,an illicit sedative drug used to incapacitate someone,manipulation,article_sharing,false,
roofie,7294213225975809,2010-11-24,@minijeni26 he or she must have a low alcohol threshold or you slipped them a roofie',118578091,an illicit sedative drug used to incapacitate someone,manipulation,casual_conversation,false,
roofie,7295854901723136,2010-11-24,Lorenzo Romar looks like he would absolutely roofie your drink.,107796144,an illicit sedative drug used to incapacitate someone,manipulation,commenting,false,
roofie,7300520540643328,2010-11-24,"U need a roofie RT @IamTanasia: Imma Trynna Get, F*ckedd Up Like The Movie HangOver,",102982143,an illicit sedative drug used to incapacitate someone,manipulation,casual_conversation,false,
roofie,7305014984839168,2010-11-24,@KPSWORLD no just a roofie surprise which isn't much of a surprise anymore now that I've told you HA !,96597680,an illicit sedative drug used to incapacitate someone,manipulation,casual_conversation,false,
roofie,7307197692256256,2010-11-24,Still wanna party??? RT @MiSSLEX___ roofie* aka rohypnol RT@jokesNclothes Aka The Daterape Drug … tryna (cont) http://tl.gd/74kihn,28028532,an illicit sedative drug used to incapacitate someone,manipulation,article_sharing,false,Manual override -> article_sharing
roofie,10981736238288896,2010-12-04,Whaaat lol RT @BeMiBunni: U need to start not remembering stuff! Its #Vegas !!! *passes G a roofie* RT (cont) http://tl.gd/7a287r,22326257,an illicit sedative drug used to incapacitate someone,manipulation,article_sharing,false,
roofie,10985198883704832,2010-12-04,#somewheretonight someone is putting a roofie in a drink... that someone is me.,21266600,an illicit sedative drug used to incapacitate someone,manipulation,commenting,false,
roofie,11010971606712320,2010-12-04,i need some girl to roofie me and force me to pass out at like 1 am,68882871,an illicit sedative drug used to incapacitate someone,manipulation,commenting,false,
roofie,11013805223976960,2010-12-04,@annsbbelle along as you dnt roofie me we can get drunk at my house...,104724888,an illicit sedative drug used to incapacitate someone,manipulation,humor,false,
roofie,11031198113472512,2010-12-04,Did smbdy slip me a roofie? Lol,120172555,an illicit sedative drug used to incapacitate someone,manipulation,sexual_context,false,
roofie,11033817095610368,2010-12-04,You don't remember last nite? Lol RT @iGottaAttitude: Did smbdy slip me a roofie? Lol,30124303,an illicit sedative drug used to incapacitate someone,manipulation,sexual_context,false,
roofie,11035421555298304,2010-12-04,Damn I though you weren't gonna notice RT @iGottaAttitude: Did smbdy slip me a roofie? Lol,88731974,an illicit sedative drug used to incapacitate someone,manipulation,sexual_context,false,
roofie,11047767577198594,2010-12-04,"@VivaVeronica122 one roofie, two roofie, three roofie, four... picking her up off the bathroom floor?",179592848,an illicit sedative drug used to incapacitate someone,manipulation,casual_conversation,false,
roofie,11088811220017152,2010-12-04,"Unless my husband slipped me a roofie, I have no idea what is going on. SO pls ignore me if I get a little too out there today. WHackoness",50107478,an illicit sedative drug used to incapacitate someone,manipulation,commenting,false,
roofie,11111100229623808,2010-12-04,I love this one lol RT @jayleft: #somewheretonight someone is putting a roofie in a drink... that someone is me.,62647115,an illicit sedative drug used to incapacitate someone,manipulation,humor,true,Irony audit: Joke-format 'that someone is me' roofie line is overtly playful.
