word,id,date,text,author_id,term_meaning,term_category,usage_context,is_ironic,annotation_notes
dafuq,7451322158,2010-01-06,so i just remembered a dream i had where me and @ginaolivia were running around campus collecting envelopes of condoms... Dafuq?,80494635,"""the fuck?"" variant expressing confusion or disbelief",reaction,storytelling,false,Reaction review override: storytelling
dafuq,7472512674,2010-01-07,#OnlyAtLibra do they ask if u're pregnant while they search u #dafuq,62542800,"""the fuck?"" variant expressing confusion or disbelief",reaction,reaction,false,
dafuq,7572345394,2010-01-09,why did my GPS take me to the airport? ...im tryna go to the shop. #dafuq,30466872,"""the fuck?"" variant expressing confusion or disbelief",reaction,reaction,false,
dafuq,7575718877,2010-01-10,dafuq followers get it together,11041852,"""the fuck?"" variant expressing confusion or disbelief",reaction,criticism,false,Reaction review override: criticism
dafuq,7757239303,2010-01-14,RT @jonmarkevans: It's looking like Air Force's Troy Calhoun is Tennessee's new head football coach. Dafuq!? #VOLS,37907293,"""the fuck?"" variant expressing confusion or disbelief",reaction,sports_discussion,false,Reaction review override: sports_discussion
dafuq,8102491670,2010-01-23,SOooO this nigga stopped talkin to me in september nd idk why. and he gott the nerve to txt me juss now talkin bout he miss me #DaFuq?,92963481,"""the fuck?"" variant expressing confusion or disbelief",reaction,commenting,false,Reaction review override: commenting
dafuq,8387847767,2010-01-29,@LilyLyksChicken omg! you've never had an energy drink before!? wat dafuq!?! O_o!,84097059,"""the fuck?"" variant expressing confusion or disbelief",reaction,reaction,false,
dafuq,8794156098,2010-02-08,#dafuq is on drew brees face #likeshitboy?,76365104,"""the fuck?"" variant expressing confusion or disbelief",reaction,sports_discussion,false,
dafuq,8971470601,2010-02-11,"@iShowBoaT u kno I think I jus noticed that.. #daFuq ? Lol ""how much u pay 4 all that icing on dat CAKE???"" baha..",70812372,"""the fuck?"" variant expressing confusion or disbelief",reaction,humor,true,Reaction review override: humor | Irony audit: Playful incredulous humor signaled by Lol and baha.
dafuq,8988870480,2010-02-12,@neek12 dafuq you been at nigro? Haven't heard from yo ass all day,91885451,"""the fuck?"" variant expressing confusion or disbelief",reaction,casual_conversation,false,Reaction review override: casual_conversation
dafuq,9394164291,2010-02-20,nigga got on flip flops jeans and a northface.. #dafuq?! http://s2t.vg/jA5aWV,76365104,"""the fuck?"" variant expressing confusion or disbelief",reaction,reaction,false,
dafuq,9690777251,2010-02-26,RT @MiSZxKiKi: @Mr_Phenomenal_ Some Library Orientation session *pointless*&lt;&lt;&lt; #dafuq lmao,80580490,"""the fuck?"" variant expressing confusion or disbelief",reaction,humor,true,Irony audit: `#dafuq lmao` is explicitly joking disbelief.
dafuq,9695116415,2010-02-26,RT @brooklynangel: @Mr_Phenomenal_ nottt chuuu ! Lol #dafuq outta here lol,80580490,"""the fuck?"" variant expressing confusion or disbelief",reaction,humor,false,
dafuq,9713161958,2010-02-27,I keep attracting these old ass niggas. I'm talking like 30 and up. That shit is crazy as hell cause they swear I'm like 25 or older. dafuq?,22980342,"""the fuck?"" variant expressing confusion or disbelief",reaction,reaction,false,
dafuq,9733247501,2010-02-27,"I'm DEDINITELY ABOUT TO COOK SOME BREAKFAST IN THIS #MUG LMAO MEMBER PPL USE TO SAY THAT ""MUG"" THAT IS #DAFUQ",37016954,"""the fuck?"" variant expressing confusion or disbelief",reaction,humor,false,
dafuq,9907125092,2010-03-03,"@ARED91 and wat #DaFuq is ""quick status for iPhone"" sound like sum gay shid...",70812372,"""the fuck?"" variant expressing confusion or disbelief",reaction,reaction,false,
dafuq,10159453116,2010-03-08,@Hollywood750 wer #daFuq u been at the last 5 hours on twitter. U smut.,70812372,"""the fuck?"" variant expressing confusion or disbelief",reaction,reaction,false,
dafuq,10331677435,2010-03-11,"#textihate ""u tryna smoke?"" I'm down yo.""I aint got no bread tho"" #dafuq?! U asked me to smoke",87273710,"""the fuck?"" variant expressing confusion or disbelief",reaction,commenting,false,Reaction review override: commenting
dafuq,10549999640,2010-03-16,why is he on a bike #dafuq,35124509,"""the fuck?"" variant expressing confusion or disbelief",reaction,reaction,false,
dafuq,10556374995,2010-03-16,@mwhitener212 MASED! dafuq??? aw hail naw! There was mase! I remember get'n pushed then WE DIPPED!,43727343,"""the fuck?"" variant expressing confusion or disbelief",reaction,reaction,false,
dafuq,11329456268,2010-03-30,Couldn't wait until you got home though?! #dafuq http://tweetphoto.com/16458714,76365104,"""the fuck?"" variant expressing confusion or disbelief",reaction,reaction,false,Darwin audit: reaction
dafuq,11329472208,2010-03-30,Couldn't wait until you got home though?! #dafuq http://tweetphoto.com/16458749,76365104,"""the fuck?"" variant expressing confusion or disbelief",reaction,reaction,false,Darwin audit: reaction
dafuq,11342140812,2010-03-31,why am i actually enjoying this ke$ha song on shuffle. dafuq.,83982148,"""the fuck?"" variant expressing confusion or disbelief",reaction,reaction,false,
dafuq,11947846323,2010-04-10,PSA: it is NOT skirt/shorts/skort/tank top weather ... #dafuq,62542800,"""the fuck?"" variant expressing confusion or disbelief",reaction,reaction,false,
dafuq,11972309439,2010-04-11,"he say he dont kiss but im so fine he took dat off his list..s_x&&candy is dee best* why bitches tryna relate ta me, ii do me.dafuq!",130760918,"""the fuck?"" variant expressing confusion or disbelief",reaction,reaction,false,
dafuq,12084949725,2010-04-13,"@shockd70tr33 dunday, duesday, dendsday, dursday, diday.....daturday! dafuq is daturday?",30466872,"""the fuck?"" variant expressing confusion or disbelief",reaction,reaction,false,
dafuq,12230483058,2010-04-15,RT @TeddiGraham: #dafuq is a tortada? Lls{idk but dey look good as shyt,71178391,"""the fuck?"" variant expressing confusion or disbelief",reaction,reaction,false,
dafuq,12348514184,2010-04-17,#DAFuQ ! ALSO How Could I 4get  #FOLLOW @SKiZZYACTION Yeaaaaaaa Oo0o0o0o LETS DOoOoOo IT!!! lol,100809124,"""the fuck?"" variant expressing confusion or disbelief",reaction,humor,false,
dafuq,12366342472,2010-04-17,@jjkim12 hahaha ya i was like dafuq. they had to have put extra sound effects on that,63380229,"""the fuck?"" variant expressing confusion or disbelief",reaction,humor,true,Irony audit: `hahaha ... dafuq` marks playful nonliteral reaction.
dafuq,13045630290,2010-04-29,Wrinkle skincare! http://bit.ly/9pRSxw?DaFuQ,135485863,"""the fuck?"" variant expressing confusion or disbelief",reaction,advertising_spam,false,Reaction review override: advertising_spam
dafuq,13284258952,2010-05-03,"#youwillnever wear uggs with mini skirts...uhm, #dafuq?",111698358,"""the fuck?"" variant expressing confusion or disbelief",reaction,reaction,false,
dafuq,13459283529,2010-05-06,@BY3_dafuq_By Wasssssuppp,52666916,"""the fuck?"" variant expressing confusion or disbelief",reaction,casual_conversation,false,Reaction review override: casual_conversation
dafuq,13498262245,2010-05-06,LHH people all in they feelings on twitter about bowwow being gay... It aint my fault he took a dildo to the ass @iamfoe and @BY3_dafuq_BY,94588502,"""the fuck?"" variant expressing confusion or disbelief",reaction,casual_conversation,false,Reaction review override: casual_conversation
dafuq,13498512773,2010-05-06,Lhh bitch was u in the room? Get off his dick long enuff to c the truth and Im through.  @BY3_dafuq_BY,94588502,"""the fuck?"" variant expressing confusion or disbelief",reaction,casual_conversation,false,
dafuq,13498883296,2010-05-06,Glad i aint neva been a fan and bitch i aint neva broke matta fact did he pay ur ass to say that? @by3_dafuq_by u need a life #basicbitch,94588502,"""the fuck?"" variant expressing confusion or disbelief",reaction,casual_conversation,false,
dafuq,13499293436,2010-05-06,WTF are u a bow wow stalker? Take the dick out ur mouth and the cum out ur ears and hear me good FUCK U AND THAT GAY NIGGA @BY3_dafuq_by,94588502,"""the fuck?"" variant expressing confusion or disbelief",reaction,casual_conversation,false,
dafuq,13499480844,2010-05-06,@by3_dafuq_by u stupid cumbucket u started with me block me bitch i dont give a fuccc #basicbitch,94588502,"""the fuck?"" variant expressing confusion or disbelief",reaction,casual_conversation,false,
dafuq,13503658701,2010-05-06,"Ugh , just pissed me off tho like for nothing ! lol RT @BY3_dafuq_By: @princess_SHAY it be like dat cuz dey realize they were wrong",76527839,"""the fuck?"" variant expressing confusion or disbelief",reaction,casual_conversation,false,Reaction review override: casual_conversation
dafuq,13507015719,2010-05-06,@BY3_dafuq_By true that,111422869,"""the fuck?"" variant expressing confusion or disbelief",reaction,casual_conversation,false,Reaction review override: casual_conversation
dafuq,13792860779,2010-05-11,@BY3_dafuq_By thankz,52666916,"""the fuck?"" variant expressing confusion or disbelief",reaction,casual_conversation,false,Reaction review override: casual_conversation
dafuq,13798580204,2010-05-11,@BY3_dafuq_By supp,52666916,"""the fuck?"" variant expressing confusion or disbelief",reaction,casual_conversation,false,Reaction review override: casual_conversation
dafuq,13801658542,2010-05-11,Just now gettin a break. Dafuq is that about?,30466872,"""the fuck?"" variant expressing confusion or disbelief",reaction,reaction,false,
dafuq,13802609082,2010-05-11,@BY3_dafuq_By lol yupp,41292742,"""the fuck?"" variant expressing confusion or disbelief",reaction,casual_conversation,false,Reaction review override: casual_conversation
dafuq,13804379452,2010-05-11,BY3_dafuq_By    @PrincePremeO &lt;------ shouts to nigga he always get twitter poppin dis my virtual chestie lol,134161143,"""the fuck?"" variant expressing confusion or disbelief",reaction,casual_conversation,false,Reaction review override: casual_conversation
dafuq,13806248690,2010-05-11,@BY3_dafuq_By lol byee ! lol,82778773,"""the fuck?"" variant expressing confusion or disbelief",reaction,casual_conversation,false,Reaction review override: casual_conversation
dafuq,13808585127,2010-05-11,Follow @BY3_dafuq_by @BY3_dafuq_by @BY3_dafuq_by @BY3_dafuq_by he follow back & he funny aSS hell,93746761,"""the fuck?"" variant expressing confusion or disbelief",reaction,advertising_spam,false,Reaction review override: advertising_spam
dafuq,13934101765,2010-05-13,@BY3_dafuq_By wassup,94457348,"""the fuck?"" variant expressing confusion or disbelief",reaction,casual_conversation,false,Reaction review override: casual_conversation
dafuq,13943075471,2010-05-14,Mine too daFuq RT @yashaunya: #excusethefuckouttame twitter don't ever put my location on a tweet/#onlinepredator not mean anything to you?,94107086,"""the fuck?"" variant expressing confusion or disbelief",reaction,reaction,false,
dafuq,13944230691,2010-05-14,@BY3_dafuq_By i hope they do,87485834,"""the fuck?"" variant expressing confusion or disbelief",reaction,casual_conversation,false,Reaction review override: casual_conversation
dafuq,13944928183,2010-05-14,@BY3_dafuq_By its a site where u chat with people but u need a webcam and u gotta download it,87485834,"""the fuck?"" variant expressing confusion or disbelief",reaction,technology_discussion,false,Reaction review override: technology_discussion
dafuq,13945028755,2010-05-14,@BY3_dafuq_By http://www.oovoo.com/ and just click #download,87485834,"""the fuck?"" variant expressing confusion or disbelief",reaction,technology_discussion,false,Reaction review override: technology_discussion
dafuq,13945418842,2010-05-14,@BY3_dafuq_By no prob.,87485834,"""the fuck?"" variant expressing confusion or disbelief",reaction,casual_conversation,false,Reaction review override: casual_conversation
dafuq,13945589154,2010-05-14,@BY3_dafuq_By chill u hot lol,87485834,"""the fuck?"" variant expressing confusion or disbelief",reaction,compliment,false,Reaction review override: compliment
dafuq,13947037629,2010-05-14,lol wussup @BY3_dafuq_By *,82778773,"""the fuck?"" variant expressing confusion or disbelief",reaction,casual_conversation,false,Reaction review override: casual_conversation
dafuq,13947765112,2010-05-14,@BY3_dafuq_By soon ; ineed to make my way over there ! lol,82778773,"""the fuck?"" variant expressing confusion or disbelief",reaction,casual_conversation,false,
dafuq,13949909980,2010-05-14,@chelcie_michael i said the thing. like this a game that dont matter #dafuq yu betta get wit it. maybe he goin through something,60636112,"""the fuck?"" variant expressing confusion or disbelief",reaction,reaction,false,
dafuq,14197214876,2010-05-18,So we ain't updating MrTanPanda with Lakers scores? #DaFuq,70812372,"""the fuck?"" variant expressing confusion or disbelief",reaction,sports_discussion,false,Reaction review override: sports_discussion
dafuq,14209460513,2010-05-18,Um idk what she thought this was but I'm KRISS I don't talk to bitches that talk to other hoes! Dafuq... I'm the only boo girl bye,33078688,"""the fuck?"" variant expressing confusion or disbelief",reaction,reaction,false,
dafuq,14238020414,2010-05-18,"Hahahaha this bitch just came into bank of america askin if they have lockers, dafuq?",30466872,"""the fuck?"" variant expressing confusion or disbelief",reaction,storytelling,true,Reaction review override: storytelling | Irony audit: Hahahaha plus 'dafuq?' is clearly joking disbelief.
dafuq,14263655244,2010-05-19,BITCHES .. WHY WOULD YOU WHERE BOOTZ IN DA SUMMER? DAFUQ.. OUTTA SEASON,105355520,"""the fuck?"" variant expressing confusion or disbelief",reaction,reaction,false,
dafuq,14409354110,2010-05-21,LMFAO! RT @TeddiGraham: @T_Wash_8 #Dafuq?!? you have a muh fuckin BOA CONSTRICTOR on your neck! #FuckOuttaHere! we dont do snakes bubba lmao,90735156,"""the fuck?"" variant expressing confusion or disbelief",reaction,humor,true,Irony audit: LMFAO plus exaggerated snake reaction is overtly comic.
dafuq,14410953969,2010-05-21,#dafuq is this poot ass low budget movie on bet?,76365104,"""the fuck?"" variant expressing confusion or disbelief",reaction,television_reference,false,Reaction review override: television_reference
dafuq,14459217020,2010-05-21,Why #dafuq is bustin jeiber nominated for a bet award? smh,76365104,"""the fuck?"" variant expressing confusion or disbelief",reaction,celebrity_gossip,false,Reaction review override: celebrity_gossip
dafuq,14459671048,2010-05-21,Hahaha RT @tuckerlucas21: He black on the low RT @ShockD70tr33 Why #dafuq is bustin jeiber nominated for a bet award? smh,64189616,"""the fuck?"" variant expressing confusion or disbelief",reaction,humor,false,
dafuq,14459677106,2010-05-21,True usher siced him lol RT @tuckerlucas21: He black on the low RT @ShockD70tr33 Why #dafuq is bustin jeiber nominated for a bet award? smh,76365104,"""the fuck?"" variant expressing confusion or disbelief",reaction,humor,false,
dafuq,14460936111,2010-05-22,"#dafuq da man old said swagger
*FRiEND_ZONE*",35523491,"""the fuck?"" variant expressing confusion or disbelief",reaction,reaction,false,
dafuq,14541883061,2010-05-23,@rogerRABBIT_ isn't ya bday tommar nigga tommar as in monday the 24. #dafuq,35124509,"""the fuck?"" variant expressing confusion or disbelief",reaction,casual_conversation,false,Reaction review override: casual_conversation
dafuq,14706934640,2010-05-25,If you don't get #dafuq out the road  http://tweetphoto.com/23921218,102699486,"""the fuck?"" variant expressing confusion or disbelief",reaction,article_sharing,false,
dafuq,14737242126,2010-05-26,#DAFUQ IS THIS USB CORD!!! I CANT BE PHONELESS!!,32950536,"""the fuck?"" variant expressing confusion or disbelief",reaction,reaction,false,
dafuq,14738567765,2010-05-26,That postgame interview sound like a immigration checkpoint.. #DaFuq,70812372,"""the fuck?"" variant expressing confusion or disbelief",reaction,reaction,false,
dafuq,14744924506,2010-05-26,U never called me back #dafuq @UnlacedVintage lol,32271730,"""the fuck?"" variant expressing confusion or disbelief",reaction,casual_conversation,true,Reaction review override: casual_conversation | Irony audit: `#dafuq ... lol` is joking exasperation.
dafuq,14815649088,2010-05-27,@Epitome_Of_FLYY i was like O_o #dafuq she talkn bout lol nahhh aint got that,32950536,"""the fuck?"" variant expressing confusion or disbelief",reaction,humor,false,
dafuq,14874777470,2010-05-28,@BY3_dafuq_By helllo there !!,41850082,"""the fuck?"" variant expressing confusion or disbelief",reaction,casual_conversation,false,Reaction review override: casual_conversation
dafuq,14875735995,2010-05-28,@patg_vegazboyz_ damn not even an imy back #dafuq mmkay ''favorite'',33418167,"""the fuck?"" variant expressing confusion or disbelief",reaction,reaction,false,
dafuq,14882921602,2010-05-28,#wheniwasafreshman i had the POOOTEST #payasyougo cell phone -_- now i see lil kids with iphones in the 2nd grade #dafuq?!,76365104,"""the fuck?"" variant expressing confusion or disbelief",reaction,reaction,false,
dafuq,17067428998,2010-06-26,RT: @ShockD70tr33: What is that? RT @_vivalafashion: ishkabibbles ahh :) &lt;&lt; yeah dafuq is a ishkabibble?,30466872,"""the fuck?"" variant expressing confusion or disbelief",reaction,reaction,false,
dafuq,17218272440,2010-06-28,-_- Why is this nigga performin so much #dafuq??,32950536,"""the fuck?"" variant expressing confusion or disbelief",reaction,reaction,false,
dafuq,17940357534,2010-07-07,"How is it ""King James Nonsense"" when he ain't said 2 words to the media but every day its tha King James watch?? #dearmedia calm dafuq down",52476545,"""the fuck?"" variant expressing confusion or disbelief",reaction,reaction,false,
dafuq,17986503805,2010-07-07,dafuq is wrong wit me??? i've pissed 4 times in the past 2 hours #strange,30466872,"""the fuck?"" variant expressing confusion or disbelief",reaction,self_description,false,Reaction review override: self_description
dafuq,17989233946,2010-07-07,WTF is goin on in TwiitterLand today..#iMaPPalleD @thtisaLL somebodi got their griTs shittn into & iS wallin  #daFuQ,115199899,"""the fuck?"" variant expressing confusion or disbelief",reaction,reaction,false,
dafuq,19002654857,2010-07-20,Just seen't a grey mazda suv cop car #dafuq?!,76365104,"""the fuck?"" variant expressing confusion or disbelief",reaction,reaction,false,
dafuq,19003536474,2010-07-20,"Oh yeaa they out there, unidentified. #watchout RT @ShockD70tr33: Just seen't a grey mazda suv cop car #dafuq?!",125976054,"""the fuck?"" variant expressing confusion or disbelief",reaction,reaction,false,
dafuq,19046949700,2010-07-21,"DAFUQ, taymom owns a vibrator. she's only 16 for fuck's sake",58190291,"""the fuck?"" variant expressing confusion or disbelief",reaction,reaction,false,
dafuq,19349353640,2010-07-23,Everybody gettin emotional at work #dafuq,58237807,"""the fuck?"" variant expressing confusion or disbelief",reaction,work_school,false,Reaction review override: work_school
dafuq,19361393988,2010-07-23,RT @_brandnewcoupe Community service. &lt;&lt; dafuq did you do lol,91885451,"""the fuck?"" variant expressing confusion or disbelief",reaction,humor,false,
dafuq,19361579183,2010-07-23,Lmao. They offer free smells. Dafuq? http://twitpic.com/27y18z,28428693,"""the fuck?"" variant expressing confusion or disbelief",reaction,humor,true,Reaction review override: humor | Irony audit: Lmao plus 'Dafuq?' is humorous disbelief.
dafuq,19382415444,2010-07-24,..dis is not how i pland on spendn mah nite.#dafuq,29268017,"""the fuck?"" variant expressing confusion or disbelief",reaction,reaction,false,
dafuq,19383636771,2010-07-24,lmfao silly RT @KuttThroat: Since you feel the urge to hang up on me....you can talk to my voicemail... #DaFuq #RespectThaPhatty,50811468,"""the fuck?"" variant expressing confusion or disbelief",reaction,humor,false,
dafuq,19393414977,2010-07-24,"dafuq? he should die RT @iciavecmoi: What the actual fuck, Bieber on CSI????",58190291,"""the fuck?"" variant expressing confusion or disbelief",reaction,criticism,false,Darwin audit: criticism
dafuq,19589385570,2010-07-26,@GabrielSaporta DAFUQ are you doing in Minneapolis?,131921244,"""the fuck?"" variant expressing confusion or disbelief",reaction,reaction,false,
dafuq,19618915098,2010-07-27,RT @theEdaniEg: If you were my girl I would spend 5 stacks on your makeup bag.-#DaFuq  lol,32950536,"""the fuck?"" variant expressing confusion or disbelief",reaction,humor,true,Irony audit: `#DaFuq lol` is overt humorous incredulity.
dafuq,19768312977,2010-07-28,Man I'm Hot As Shyt At Work And Blown... Can T Wait To Get Off Dafuq,37487963,"""the fuck?"" variant expressing confusion or disbelief",reaction,work_school,false,
dafuq,19769805525,2010-07-28,Did you know that almonds have MOTH LARVA in them???!!! #DaFuq??!!,93658587,"""the fuck?"" variant expressing confusion or disbelief",reaction,reaction,false,
dafuq,19771810652,2010-07-28,I knew I hated them 4 a reason RT @pri4priya Did you know that almonds have MOTH LARVA in them???!!! #DaFuq??!!,63902322,"""the fuck?"" variant expressing confusion or disbelief",reaction,reaction,false,
dafuq,19822743542,2010-07-29,Day 9 - Whatever tickles your fancy - dafuq? http://tumblr.com/xypegzn0n,134524343,"""the fuck?"" variant expressing confusion or disbelief",reaction,reaction,false,
dafuq,19841558643,2010-07-29,STFU... R U HERE..? NO... OK... #DAFUQ?,104357378,"""the fuck?"" variant expressing confusion or disbelief",reaction,reaction,false,
dafuq,19960077185,2010-07-31,dafuq? my computer spazzed whenever I got a txt,150528792,"""the fuck?"" variant expressing confusion or disbelief",reaction,reaction,false,
dafuq,20086103362,2010-08-01,@bbymarc_untamed fuhking right bruh...baybay gon playy too...so we bout to Cut dafuq Up,32133275,"""the fuck?"" variant expressing confusion or disbelief",reaction,reaction,false,
dafuq,20151976609,2010-08-02,"For 14 whole days, the world was safe...now LiLo's out of prison. Dafuq!?!?",156369678,"""the fuck?"" variant expressing confusion or disbelief",reaction,news_reaction,false,Reaction review override: news_reaction
dafuq,20178541295,2010-08-03,@UpOn_Cloud9 ..otay.yea but i had to call up der nd get mah room baq cuz dey had put meh in da clusters. #dafuq,29268017,"""the fuck?"" variant expressing confusion or disbelief",reaction,reaction,false,
dafuq,20256154491,2010-08-03,..man i wish dez dumb ass niggas stop tryna go smack #dafuq,29268017,"""the fuck?"" variant expressing confusion or disbelief",reaction,reaction,false,
dafuq,20443633099,2010-08-06,"We're just amatuer lovers, with amatuer friends. I can tell you what you're thinking now. Before you think it, YOU CAN CALM DAFUQ DOWN BRO.",137526295,"""the fuck?"" variant expressing confusion or disbelief",reaction,reaction,false,
dafuq,20454351424,2010-08-06,#IfYouKnowMe you know I love dafuq outta some icecream..,32133275,"""the fuck?"" variant expressing confusion or disbelief",reaction,food_related,false,Darwin audit: food_related
dafuq,20455365565,2010-08-06,RT @DPiTTs_IsDope: #IfYouKnowMe you know I love dafuq outta some icecream..&lt;&lt;&lt; iKnow cus your ugly asx didn't even wanna share with me,174802821,"""the fuck?"" variant expressing confusion or disbelief",reaction,reaction,false,
dafuq,20481488079,2010-08-06,almost seeing kenny on south parks face and hearing his voice = fjgfhdbghbfdhg dafuq just happened? &gt;:O,28411242,"""the fuck?"" variant expressing confusion or disbelief",reaction,reaction,false,
dafuq,20503369153,2010-08-06,@Ash_Tizzie1 LMFAOO. fuck yeah. ;D +i cuss more than all of you on the phone o.- dafuq dude?,28411242,"""the fuck?"" variant expressing confusion or disbelief",reaction,humor,false,
dafuq,20506073170,2010-08-06,..neva will a laurel walmart employee stop meh n da mall cuz he recognize meh frm wrk #dafuq,29268017,"""the fuck?"" variant expressing confusion or disbelief",reaction,reaction,false,
dafuq,20549436542,2010-08-07,..dey got meh wrkn in da freezer 2day #dafuq !,29268017,"""the fuck?"" variant expressing confusion or disbelief",reaction,reaction,false,
dafuq,20581249983,2010-08-07,Really Cut dafuq Up lastnight on some shit,32133275,"""the fuck?"" variant expressing confusion or disbelief",reaction,commenting,false,Reaction review override: commenting
dafuq,21015197990,2010-08-12,@breebrimmer lol i was bout to flash dafuq out haha #ItBeLikeThatSometimes,32133275,"""the fuck?"" variant expressing confusion or disbelief",reaction,humor,false,
dafuq,21034062015,2010-08-13,@yelyahwilliams GKFJDGFDNGKNT YOU WHERE HEEEEERE? DAFUQ? I MISSED YOU? )):,28411242,"""the fuck?"" variant expressing confusion or disbelief",reaction,reaction,false,
dafuq,21112223906,2010-08-14,ASHLEY I'M IN CHATZY! DAFUQ? WHERE IS YOU?,28411242,"""the fuck?"" variant expressing confusion or disbelief",reaction,reaction,false,
dafuq,21207760508,2010-08-15,"WTF. theres more drama on twitter, then in my school. #dafuq .",68292079,"""the fuck?"" variant expressing confusion or disbelief",reaction,reaction,false,
dafuq,21241552743,2010-08-15,This ninja @YaBoyNeek was knocked dafuq out on the ride home last night haha,76365104,"""the fuck?"" variant expressing confusion or disbelief",reaction,humor,false,
dafuq,21500722979,2010-08-18,#unfollowexcuses you asked me to follow ur mom....O_0.. #DAFUQ,30818078,"""the fuck?"" variant expressing confusion or disbelief",reaction,reaction,false,
dafuq,22088980332,2010-08-25,"http://www.worldstarhiphop.com/videos/video.php?v=wshhIgv3Vk37upBN9Q6v ""you was lookin delicious nigga...delicious nigga!"" haha dafuq!?",30466872,"""the fuck?"" variant expressing confusion or disbelief",reaction,humor,true,Reaction review override: humor | Irony audit: haha dafuq!? is clear playful incredulity.
dafuq,22183722783,2010-08-26,LOL. I changed my dad's BG to Beau and he liked it :D also he went to the women's bathroom and brought me pads DAFUQ.,101291958,"""the fuck?"" variant expressing confusion or disbelief",reaction,storytelling,true,Reaction review override: storytelling | Irony audit: `LOL ... DAFUQ` is comic disbelief.
dafuq,22226158752,2010-08-27,@PoisonAndFire dafuq is a sissy burn dare?,25151432,"""the fuck?"" variant expressing confusion or disbelief",reaction,reaction,false,
dafuq,22761876951,2010-09-02,@LatencyOnEllenD HE'S LEAVING THE BAND? DAFUQ IS THIS?,67161560,"""the fuck?"" variant expressing confusion or disbelief",reaction,reaction,false,
dafuq,22762799770,2010-09-02,@_jaron LOL DAFUQ I DIDNT MEAN IT LIKE THAT LOL,67161560,"""the fuck?"" variant expressing confusion or disbelief",reaction,humor,false,
dafuq,22790060899,2010-09-02,RT @Charkie2018: Dafuq is wrong with TI & Tiny? !!&lt;-Exactly! Smh...,113558345,"""the fuck?"" variant expressing confusion or disbelief",reaction,reaction,false,
dafuq,23081239178,2010-09-05,Dis Bytch Said Now She Can Do Some Strange Things... Wea Dafuq Dey Do That,37487963,"""the fuck?"" variant expressing confusion or disbelief",reaction,reaction,false,
dafuq,23102282324,2010-09-06,@fly_styles778 Lookn Now Everybody Got That Reggie Dafuq Dey.Buyn That At..,37487963,"""the fuck?"" variant expressing confusion or disbelief",reaction,reaction,false,
dafuq,23877941375,2010-09-08,Full As Shyt...Mova Doin It Big This Summa Dafuq I Miss...Uhh,37487963,"""the fuck?"" variant expressing confusion or disbelief",reaction,reaction,false,
dafuq,23887025608,2010-09-08,"So super bright eyes (and I'm talking bright), I don't get it. Is it a Zorro mask? Sana black nalang. Is it a reverse raccoon eye? #DaFuq",38806710,"""the fuck?"" variant expressing confusion or disbelief",reaction,reaction,false,
dafuq,23919236779,2010-09-08,INTEGRATE LIKE REAL MEN DAMMIT. DAFUQ IS THIS SUMMATION SHIT.,154737230,"""the fuck?"" variant expressing confusion or disbelief",reaction,reaction,false,
dafuq,23936912984,2010-09-08,@G4L_BISH Not This Late Dafuq Lol,37487963,"""the fuck?"" variant expressing confusion or disbelief",reaction,humor,false,
dafuq,23940909613,2010-09-08,@VivaLaHomey LOLLLLLLL DAFUQ KINNA R.KELLY WETDREAM U HAVIN OVER THERE???,22895962,"""the fuck?"" variant expressing confusion or disbelief",reaction,humor,false,
dafuq,24043331047,2010-09-09,7 babies & 8 men #DaFuq I will longer watch this show...I feel like b*tchez just popping babies JUST TO GET ON THA SHOW smh,25022649,"""the fuck?"" variant expressing confusion or disbelief",reaction,reaction,false,
dafuq,24598201177,2010-09-15,True or false: a newborn baby cries with an accent. ...dafuq?!,25151432,"""the fuck?"" variant expressing confusion or disbelief",reaction,reaction,false,
dafuq,24600670163,2010-09-15,wait. what the hell. apparently there's this thing going on where YOU BID ON EBAY for @GabrielSaporta to follow you for a few months..dafuq?,131921244,"""the fuck?"" variant expressing confusion or disbelief",reaction,reaction,false,
dafuq,24600732186,2010-09-15,RT @TheSaportaCrew: wait. what the hell. apparently there's this thing going on where YOU BID ON EBAY for @GabrielSaporta to follow you  ...,29076222,"""the fuck?"" variant expressing confusion or disbelief",reaction,reaction,false,
dafuq,24635059339,2010-09-16,@SuPaC3 here *passes 3 nuggets* u happy now? but they b pissin me off 10 nuggets an 1 pack of sauce...dafuq lmao....,113426147,"""the fuck?"" variant expressing confusion or disbelief",reaction,humor,false,
dafuq,25754124868,2010-09-28,#Dafuq . why was nas there? that shit was pointless. smh,58237807,"""the fuck?"" variant expressing confusion or disbelief",reaction,reaction,false,
dafuq,25784419765,2010-09-28,Like what am I supposed to tell em. Umm hold on #dafuq,125976054,"""the fuck?"" variant expressing confusion or disbelief",reaction,reaction,false,
dafuq,25793464771,2010-09-28,If I aint @Swaggaboylos biggest fan. Idk who dafuq is. 410 till I die. Home of da greatest Mc/rapper/whatever you wanna call it.,133307985,"""the fuck?"" variant expressing confusion or disbelief",reaction,reaction,false,
dafuq,25809626475,2010-09-28,Ugh. I can't spell rn. dafuq.,191344705,"""the fuck?"" variant expressing confusion or disbelief",reaction,reaction,false,
dafuq,25819737246,2010-09-28,WAITWAITWAITWAIT. I *still* don't have intro to education this week? DAFUQ.,94913672,"""the fuck?"" variant expressing confusion or disbelief",reaction,reaction,false,
dafuq,25828741850,2010-09-28,@bkanunu lol eww hell no those types of people need help #dafuq lol,125976054,"""the fuck?"" variant expressing confusion or disbelief",reaction,humor,false,
dafuq,25846256548,2010-09-29,Bumpin this foxx before I pass dafuq out!,32133275,"""the fuck?"" variant expressing confusion or disbelief",reaction,reaction,false,
dafuq,25884725678,2010-09-29,Mark Ronson just came on MTV2. Just about to turn it over when Kyle Falconer appeared. DAFUQ?,72080135,"""the fuck?"" variant expressing confusion or disbelief",reaction,reaction,false,
dafuq,25910280653,2010-09-29,I just sneezed and my chewing gum in no longer in my mouth. Dafuq,119807575,"""the fuck?"" variant expressing confusion or disbelief",reaction,reaction,false,
dafuq,26677660606,2010-10-07,These bishes tryna be sexy hippies?? Dafuq??,22895962,"""the fuck?"" variant expressing confusion or disbelief",reaction,reaction,false,
dafuq,26687671085,2010-10-07,@abbylovesmusicc oh. D; dafuq lol forget it.,16723748,"""the fuck?"" variant expressing confusion or disbelief",reaction,humor,false,
dafuq,27078472152,2010-10-11,Wtf I get on fb & more effin pokes ugh I'm tired of hittin these x buttons damnitt. #stoppokingme #dafuq,125976054,"""the fuck?"" variant expressing confusion or disbelief",reaction,reaction,false,
dafuq,27098860491,2010-10-12,Stop bitchin! RT @_LadyB_: So not onli duz cable fuq up durin a storm but twitter too?? #daFuq,41534771,"""the fuck?"" variant expressing confusion or disbelief",reaction,reaction,false,
dafuq,27116241288,2010-10-12,@versatiledyme LOOOOOOOOOOOOOOOOOOOOOOOOOOOOOOOLLL @ WHY IT LOOK LIKE KRUSTY THE CLOWN SKEETED ON YO FACE THO?? DAFUQ?,22895962,"""the fuck?"" variant expressing confusion or disbelief",reaction,reaction,false,
dafuq,27116846919,2010-10-12,@versatiledyme WHY SHE TRYNA ROCK A CAMEL TOE 12 INCHES LONG DAFUQ??,22895962,"""the fuck?"" variant expressing confusion or disbelief",reaction,reaction,false,
dafuq,27118226303,2010-10-12,@versatiledyme LOOOOOOOOOOOOOOOOOOOOOOLLLLL EMEX RAPPIN BOUT HIS BONE DARTS & STOLEN GOATS DAFUQ??,22895962,"""the fuck?"" variant expressing confusion or disbelief",reaction,reaction,false,
dafuq,27123046912,2010-10-12,@versatiledyme LLOLLLLLLLOLLOOOOOLLL TAXISBAK WITHA SOUTHPOLE SLEEVELESS PUFFY N 1993 BOSS JEANS DAFUQ,22895962,"""the fuck?"" variant expressing confusion or disbelief",reaction,humor,false,
dafuq,27161905697,2010-10-12,Middle-aged dude walked up to me and said he liked my Star Wars shirt. Okay then. #DaFuq,57063024,"""the fuck?"" variant expressing confusion or disbelief",reaction,reaction,false,
dafuq,27167634810,2010-10-12,LLS Why is Gretzky bein spit so frequently in rhymez lately...dafuq lol??,22895962,"""the fuck?"" variant expressing confusion or disbelief",reaction,humor,false,
dafuq,27245299719,2010-10-13,Ha dis nigga jus said BOWWOW'S mixtape goes hard #dafuq dnt say dat shid out loud nigga... #luknsuspious,199686758,"""the fuck?"" variant expressing confusion or disbelief",reaction,reaction,false,
dafuq,27300687738,2010-10-14,Photo: WHO DAFUQ IS THIS SEXY MAN http://tumblr.com/x1glnzz1a,25151432,"""the fuck?"" variant expressing confusion or disbelief",reaction,reaction,false,
dafuq,27302882753,2010-10-14,"#myhomelesssignwouldsay ""#dafuq you lookin at? Now give me a dollar!""",125976054,"""the fuck?"" variant expressing confusion or disbelief",reaction,reaction,false,
dafuq,27303484400,2010-10-14,"RT @FunSizePinay #myhomelesssignwouldsay ""#dafuq you lookin at? Now give me a dollar!"" |LMFAO",56809590,"""the fuck?"" variant expressing confusion or disbelief",reaction,humor,false,
dafuq,27306516403,2010-10-14,@CoCoFlavaBaby Its late as hell ... #daFuq,94107086,"""the fuck?"" variant expressing confusion or disbelief",reaction,reaction,false,
dafuq,27307174394,2010-10-14,RT I knw right #SoBasic @LennyDubz Its late as hell ... #daFuq,74600027,"""the fuck?"" variant expressing confusion or disbelief",reaction,reaction,false,
dafuq,28667754496,2010-10-25,Who tha eff are you anywayyyyy dafuq,72812192,"""the fuck?"" variant expressing confusion or disbelief",reaction,reaction,false,
dafuq,28671471445,2010-10-25,Dafuq. My body hurts again. :/,132399926,"""the fuck?"" variant expressing confusion or disbelief",reaction,reaction,false,
dafuq,28686394379,2010-10-25,swear my bro's disappeared. dafuq,40060042,"""the fuck?"" variant expressing confusion or disbelief",reaction,reaction,false,
dafuq,28702210837,2010-10-25,@AmalHosh how #dafuQ did i miss her wedding uhh i love her. and i think ri-ri is a psycho fight starter aaaaand whattap @MariahKhan,125431658,"""the fuck?"" variant expressing confusion or disbelief",reaction,reaction,false,
dafuq,29349230030,2010-11-01,Drunk ass guy sleeping in my fucking bed and I have school in the morning/don't even know him. #dafuq?,161054149,"""the fuck?"" variant expressing confusion or disbelief",reaction,reaction,false,
dafuq,29354835820,2010-11-01,I couldn't find my shoes so I wasn't able to go to school. Then I went to sleep and my dad is like DAFUQ and sent me. Lawlawl 2 hour late,119807575,"""the fuck?"" variant expressing confusion or disbelief",reaction,storytelling,false,Reaction review override: storytelling
dafuq,29360630214,2010-11-01,"Just did senbud task, but haven't finished yet. Dafuq.",49871138,"""the fuck?"" variant expressing confusion or disbelief",reaction,reaction,false,
dafuq,1879480205316096,2010-11-09,..i spell it dafuq. LOL RT @earthlover56: I have 0 tweets again? Da fuuuccckkkkk!,24332087,"""the fuck?"" variant expressing confusion or disbelief",reaction,humor,false,
dafuq,1890927358513152,2010-11-09,"I'm not tired, #DAFUQ ~",77792645,"""the fuck?"" variant expressing confusion or disbelief",reaction,reaction,false,
dafuq,2214874004328448,2010-11-10,"@OnlyAnnie WTFuck? I typed awwww. Dafuq, iPod?",38984569,"""the fuck?"" variant expressing confusion or disbelief",reaction,reaction,false,
dafuq,2611524359168000,2010-11-11,@travisrclark ???????Dafuq did you do???,38984569,"""the fuck?"" variant expressing confusion or disbelief",reaction,reaction,false,
dafuq,2733257313484800,2010-11-11,DAFUQ. Romeo dont feel that? And nao he's dead. Dont shoot yerself you broad.,42140456,"""the fuck?"" variant expressing confusion or disbelief",reaction,reaction,false,
dafuq,2737217227198465,2010-11-11,We don't say the L word unless u kin #dafuq,42314830,"""the fuck?"" variant expressing confusion or disbelief",reaction,reaction,false,
dafuq,2818258679898112,2010-11-11,Lmfao i was like wtf is that then i was like ohhh RT @joannnguyen: dafuq.,46192224,"""the fuck?"" variant expressing confusion or disbelief",reaction,humor,false,
dafuq,2910815007014912,2010-11-12,@Glambert4life96 LMFAO DAFUQ is up with your picture?,38984569,"""the fuck?"" variant expressing confusion or disbelief",reaction,humor,false,
dafuq,2999476100792320,2010-11-12,dafuq haha I'm listening to I'll stand by you hahaha,43293760,"""the fuck?"" variant expressing confusion or disbelief",reaction,humor,false,
dafuq,3001541661298688,2010-11-12,@Zaffyrawr he kept saying WHAT IS AIR like dafuq,43293760,"""the fuck?"" variant expressing confusion or disbelief",reaction,reaction,false,
dafuq,3161063449174016,2010-11-12,#LOOL it's like saying an apple fell because of gravity #like #dafuq? #haha,25527910,"""the fuck?"" variant expressing confusion or disbelief",reaction,humor,false,
dafuq,3175294902992896,2010-11-12,I was told that I look nicer as in friendlyier with out my monroe lololol. Dafuq? I'm putting it back in.,26452926,"""the fuck?"" variant expressing confusion or disbelief",reaction,humor,false,
dafuq,3859167227944960,2010-11-14,"I hate it when people stare. seriously, dafuq you lookin at ..",74902741,"""the fuck?"" variant expressing confusion or disbelief",reaction,reaction,false,
dafuq,3886329855217664,2010-11-14,@JanasBitch DAFUQ is Cha Cha?! Only music videos but I want to start vlogging again :3 do you?,51771919,"""the fuck?"" variant expressing confusion or disbelief",reaction,reaction,false,
dafuq,3909664827768832,2010-11-14,DAFUQ IS AIDEN DOING IN THE BOTTOM TWO.,186927434,"""the fuck?"" variant expressing confusion or disbelief",reaction,reaction,false,
dafuq,4036331776778240,2010-11-15,@Crazy4Cook_AFL did you see my tweet about that? I was like DAFUQ,48168225,"""the fuck?"" variant expressing confusion or disbelief",reaction,reaction,false,
dafuq,4047672134602752,2010-11-15,Dafuq happened to OJ Da Juiceman?,76365104,"""the fuck?"" variant expressing confusion or disbelief",reaction,reaction,false,
dafuq,4090717987147776,2010-11-15,Video: wildflower-: DAFUQ http://tumblr.com/x9cq4pj9y,45677962,"""the fuck?"" variant expressing confusion or disbelief",reaction,reaction,false,
dafuq,4451779894837248,2010-11-16,dafuq. only have $42 left in my bank. i swear i'm supposed to have $70,52923977,"""the fuck?"" variant expressing confusion or disbelief",reaction,reaction,false,
dafuq,4509433044406272,2010-11-16,erk this is so true RT @taedell: lmao seriously this is the most stressful year ever i don't think i can take it anymore. dafuq i hate this,30196772,"""the fuck?"" variant expressing confusion or disbelief",reaction,humor,false,
dafuq,4574696351731712,2010-11-16,"DAFUQ. BEB, WHY ARE WE TALKING IN ENGLISH? HAHA :))",64446549,"""the fuck?"" variant expressing confusion or disbelief",reaction,humor,false,
dafuq,4626643326869504,2010-11-16,RT @I_Love_You_SIKE All the Business majors I know are depressed &lt;-- dafuq you tellin!!,91885451,"""the fuck?"" variant expressing confusion or disbelief",reaction,reaction,false,
dafuq,4645451483586560,2010-11-16,Here are these 2 ppl quarreling ..Girl: kiss my a$$ .. Woman :kiss you ass..That's y u so dumb & u vag beat out n down to ur knees.. #dafuq,115844873,"""the fuck?"" variant expressing confusion or disbelief",reaction,reaction,false,
dafuq,4645850756157440,2010-11-16,"so members of ma group tryna hit me up to c wat we gotta turn in today, damn wasnt yall in class last week #daFuq i def wasnt there!",106638819,"""the fuck?"" variant expressing confusion or disbelief",reaction,work_school,false,Reaction review override: work_school
dafuq,4734331280953344,2010-11-17,@ahoyrach DAFUQ-cute!!!!!!!! RT @OMGFactsCelebs: Jake Gyllenhaal got his first driving lesson from Paul Newman,59414595,"""the fuck?"" variant expressing confusion or disbelief",reaction,reaction,false,
dafuq,7126447768469506,2010-11-23,"Twitter, dafuq, I have more than 180 dm's. Can I has them back now please? ._.",98918007,"""the fuck?"" variant expressing confusion or disbelief",reaction,reaction,false,
dafuq,7240531885166592,2010-11-24,@ashbash814 well den wat daFuQ u Waiting For!!!!!???,46052605,"""the fuck?"" variant expressing confusion or disbelief",reaction,reaction,false,
dafuq,7254714173362176,2010-11-24,dafuq dude. lolol.,16723748,"""the fuck?"" variant expressing confusion or disbelief",reaction,humor,false,
dafuq,7265506738315264,2010-11-24,its already 10 oclock? dafuq'd the time go smh,30466872,"""the fuck?"" variant expressing confusion or disbelief",reaction,reaction,false,
dafuq,7281130868842496,2010-11-24,@GyalReese right! I hate when they try to give you 1 ketchup packet -_- dafuq am I supposed to do with this maria?!,76365104,"""the fuck?"" variant expressing confusion or disbelief",reaction,reaction,false,
dafuq,9316900190294016,2010-11-29,What the fuck did Glee do to Mr. Brightside? DAFUQ,30704577,"""the fuck?"" variant expressing confusion or disbelief",reaction,music_discussion,false,Reaction review override: music_discussion
dafuq,9367876632846336,2010-11-29,@Teezy_P #dafuq is that???,126830491,"""the fuck?"" variant expressing confusion or disbelief",reaction,reaction,false,
dafuq,9391601042329600,2010-11-29,@Doctorboner Dafuq?! Lol,30711552,"""the fuck?"" variant expressing confusion or disbelief",reaction,humor,false,
dafuq,9428085254389760,2010-11-30,"Fuckin' Tom Riddle. Dafuq is your issue, man?",29818291,"""the fuck?"" variant expressing confusion or disbelief",reaction,reaction,false,
dafuq,10003549341618176,2010-12-01,DAFUQ is takin' this nigga so goddamn long!?,38167915,"""the fuck?"" variant expressing confusion or disbelief",reaction,reaction,false,
dafuq,9871558868738050,2010-12-01,"yesterday, there were 7 fishies in my pond. Today there were only 4....DAFUQ?! this is wat happens when u got so many cats....the HORROR!",181758825,"""the fuck?"" variant expressing confusion or disbelief",reaction,reaction,false,
dafuq,10123847923671040,2010-12-02,Damn...pandora just turned on Thoia Thong by Kellz lmao #DaFuq,32950536,"""the fuck?"" variant expressing confusion or disbelief",reaction,humor,false,
dafuq,13910073369690112,2010-12-12,Dafuq just happened? I just woke up. 0_o,39227865,"""the fuck?"" variant expressing confusion or disbelief",reaction,reaction,false,
dafuq,13926655068217344,2010-12-12,"""Dafuq! LOL!"" ROCKED (via @errolROCKTO) http://rckd.us/TXd",163822369,"""the fuck?"" variant expressing confusion or disbelief",reaction,humor,false,
dafuq,14017504342970368,2010-12-12,I feel like i need a boyfriend. or a girlfriend. either. #dafuq xD,77137851,"""the fuck?"" variant expressing confusion or disbelief",reaction,reaction,false,
dafuq,14022062393790464,2010-12-12,I feel like i need a boyfriend. or a girlfriend. either. #dafuq xD http://bit.ly/gP2Q8b,17595030,"""the fuck?"" variant expressing confusion or disbelief",reaction,reaction,false,Darwin audit: reaction
dafuq,14042333737652224,2010-12-12,dafuq... un mail de youtube :O,36984252,"""the fuck?"" variant expressing confusion or disbelief",reaction,reaction,false,
dafuq,14106626092957696,2010-12-12,Its raining #dafuq,177436544,"""the fuck?"" variant expressing confusion or disbelief",reaction,reaction,false,
dafuq,14139762919084032,2010-12-13,i'm about to reach my 28000th tweet #dafuq,77137851,"""the fuck?"" variant expressing confusion or disbelief",reaction,reaction,false,
dafuq,14179881604620288,2010-12-13,Sooper head got a movie?! Dafuq!?,76365104,"""the fuck?"" variant expressing confusion or disbelief",reaction,reaction,false,
dafuq,14181601625776128,2010-12-13,Naw its my nigga Eddie Winslow haha RT @G2nice4u: RT @ShockD70tr33: Sooper head got a movie?! Dafuq!?-- starring shaq,76365104,"""the fuck?"" variant expressing confusion or disbelief",reaction,humor,false,
dafuq,14183418183024640,2010-12-13,@chrisaffair watching those Vevo videos of you guys introducing videos...dafuq is that Gaga song?It's apparently doesn't exist @seanpaffair,38984569,"""the fuck?"" variant expressing confusion or disbelief",reaction,music_discussion,false,Reaction review override: music_discussion
dafuq,15186084119977984,2010-12-15,NIGGER ASS ALL OVER MY DASH. #DAFUQ,54151682,"""the fuck?"" variant expressing confusion or disbelief",reaction,reaction,false,
dafuq,15187337671614464,2010-12-15,@McChustro indeed. An ass reblogging itself? #dafuq,39110568,"""the fuck?"" variant expressing confusion or disbelief",reaction,reaction,false,
dafuq,15212263598202880,2010-12-16,Outside. So colddd. & I almost fell. :o Dafuq.,62690814,"""the fuck?"" variant expressing confusion or disbelief",reaction,reaction,false,
dafuq,15274510395637760,2010-12-16,"RT @luddyesteezy: ""you old hag""- @kevezeee #dafuq",58414787,"""the fuck?"" variant expressing confusion or disbelief",reaction,reaction,false,
dafuq,15275277252825088,2010-12-16,@itztay23 #dafuq ! I don't have anything here I was expecting to come home and grub,91885451,"""the fuck?"" variant expressing confusion or disbelief",reaction,reaction,false,
dafuq,15318836932775936,2010-12-16,Dafuq is this ? http://9gag.com/gag/58757/,108552240,"""the fuck?"" variant expressing confusion or disbelief",reaction,reaction,false,
dafuq,15389568689770496,2010-12-16,Dafuq ._. Don't want to attend this meeting! UGH.,83477026,"""the fuck?"" variant expressing confusion or disbelief",reaction,reaction,false,
dafuq,15393242791026688,2010-12-16,@jessicavengnz i would have! im like DAFUQ!?!!? dear god i hope they dont cancel ;__;,25751742,"""the fuck?"" variant expressing confusion or disbelief",reaction,reaction,false,
dafuq,15488858430902272,2010-12-16,RT @digg_this22 yooooo #shoutout to the 804 people partyin it up today n tonight... got me jealous like shit. &lt;-- dafuq you tellin!,91885451,"""the fuck?"" variant expressing confusion or disbelief",reaction,reaction,false,
dafuq,15512640046501888,2010-12-16,Three guys jamming to Teenage Dream with the windows down in winter. #dafuq,182631030,"""the fuck?"" variant expressing confusion or disbelief",reaction,reaction,false,
dafuq,15520875407220736,2010-12-16,dafuq #facebook ? not working in PL,21760594,"""the fuck?"" variant expressing confusion or disbelief",reaction,technology_discussion,false,Reaction review override: technology_discussion
dafuq,15522794083196928,2010-12-16,"@Steve2Smoove dafuq? Why. It was working like 2 hrs ago, not even the pp is working -_-",29996020,"""the fuck?"" variant expressing confusion or disbelief",reaction,technology_discussion,false,Reaction review override: technology_discussion
dafuq,15539047271235584,2010-12-16,Oc transpo = shit fest. P.s. Possibility of another bus strike? DAFUQ,50219718,"""the fuck?"" variant expressing confusion or disbelief",reaction,reaction,false,
dafuq,15553906767560704,2010-12-16,Wow. One second he ignores my existence. The next he decides he actually wants to be around me? #dafuq #conflictingemotions #FUUUUUUU #Smile,179610049,"""the fuck?"" variant expressing confusion or disbelief",reaction,reaction,false,
dafuq,15569348978544640,2010-12-17,what dafuq is this.... http://twitpic.com/3gkyfe,86783302,"""the fuck?"" variant expressing confusion or disbelief",reaction,reaction,false,
dafuq,15600152114888704,2010-12-17,"log on to twitter and all i know, im using the new twitter. dafuq? i like the old one much more . gonna switch to the old twitter",126552185,"""the fuck?"" variant expressing confusion or disbelief",reaction,technology_discussion,false,Reaction review override: technology_discussion
dafuq,15603912937574400,2010-12-17,What. dafuq?,77137851,"""the fuck?"" variant expressing confusion or disbelief",reaction,reaction,false,
dafuq,15669558782201856,2010-12-17,@DYZQ Stallones face was like dafuq? I lol-ed everytime i see that part,28081309,"""the fuck?"" variant expressing confusion or disbelief",reaction,humor,false,
dafuq,17321115516928000,2010-12-21,THERE'S A BLACK GIRL THAT TANS AT MY SALON!? #dafuq,130015662,"""the fuck?"" variant expressing confusion or disbelief",reaction,reaction,false,
dafuq,17324060388106240,2010-12-21,He is wearing sperry topsiders. dafuq. okay asking him out.,151405495,"""the fuck?"" variant expressing confusion or disbelief",reaction,reaction,false,
dafuq,17397427757645824,2010-12-22,@ellelala dafuq! doesn't these assholes take a Christmas break or something.. :D ..my internet bill told me the same thing..,169846785,"""the fuck?"" variant expressing confusion or disbelief",reaction,reaction,false,
dafuq,17401214668902400,2010-12-22,Audio: fly-me-to-the-stars: DAFUQ? http://tumblr.com/xec13uq8zx,88113752,"""the fuck?"" variant expressing confusion or disbelief",reaction,reaction,false,
dafuq,17435465279873024,2010-12-22,hahahaahaha . @Mandee_Pandee asked me a question today that made me lol for like 10 minutes . and everyone was looking at me like o.o dafuq.,71153363,"""the fuck?"" variant expressing confusion or disbelief",reaction,humor,false,
dafuq,17492869283581952,2010-12-22,I'm still awake. Dafuq.,127115669,"""the fuck?"" variant expressing confusion or disbelief",reaction,reaction,false,
dafuq,17499938468397056,2010-12-22,I'm a beautiful hole. Dafuq.,172259470,"""the fuck?"" variant expressing confusion or disbelief",reaction,reaction,false,
dafuq,19061905138126848,2010-12-26,RT @unyque_: Why is angela simmons on my timeline #Dafuq,178314403,"""the fuck?"" variant expressing confusion or disbelief",reaction,reaction,false,
dafuq,19072300628312064,2010-12-26,Dafuq with this boxing day!,36667643,"""the fuck?"" variant expressing confusion or disbelief",reaction,reaction,false,
dafuq,19076541384228864,2010-12-26,Suando vodka at this moment. DAFUQ.,62329866,"""the fuck?"" variant expressing confusion or disbelief",reaction,reaction,false,
dafuq,19141315023343616,2010-12-26,dafuq is this http://www.youtube.com/watch?v=reRRAEVHq8E,44995327,"""the fuck?"" variant expressing confusion or disbelief",reaction,reaction,false,
dafuq,19183695495700480,2010-12-27,I Hate That Everytime When A Movie Comes On People Tweet Dha Same Quotes Can You Learn Something New #DAFUQ,48473981,"""the fuck?"" variant expressing confusion or disbelief",reaction,reaction,false,
dafuq,19193838182600704,2010-12-27,"gawd...what a terrible, terrible dream...&gt;.&lt;...dafuq,",169846785,"""the fuck?"" variant expressing confusion or disbelief",reaction,reaction,false,
dafuq,19206909064122368,2010-12-27,The laser thing made it on Gizmodo dafuq -_- | http://gizmo.do/fTViPH | #harimaumalaya,38632973,"""the fuck?"" variant expressing confusion or disbelief",reaction,reaction,false,
dafuq,19210791131545600,2010-12-27,dafuq is this omg why http://twitpic.com/3k2a4o,72762727,"""the fuck?"" variant expressing confusion or disbelief",reaction,reaction,false,
dafuq,19213999988019200,2010-12-27,1Malaysia Rocks! RT @AminAshaari: The laser thing made it on Gizmodo dafuq -_- | http://gizmo.do/fTViPH | #harimaumalaya,33393560,"""the fuck?"" variant expressing confusion or disbelief",reaction,reaction,false,
dafuq,19278342079385600,2010-12-27,"Dafuq! Stop blabbering bout that laser shit. We can do it! We will destroy dat harimau malaya in here, in GBK, #GarudaBelumKalah",42393142,"""the fuck?"" variant expressing confusion or disbelief",reaction,reaction,false,
dafuq,19545780062789632,2010-12-28,@SweetKirabella I think so. I'm listening to him right dafuq now,48168225,"""the fuck?"" variant expressing confusion or disbelief",reaction,reaction,false,
dafuq,19621179107053568,2010-12-28,"@ellelala @franklin_ks excuse and I'm sticking to it..but still, that guy is the killer?! really..dafuq?",169846785,"""the fuck?"" variant expressing confusion or disbelief",reaction,reaction,false,
dafuq,19628764073828352,2010-12-28,"Stop Asking to Buy my COOL GREYS bitch then CRY about the price.... Dafuq you didnt stay up all night for deez shits, And talm bout for 150",223696315,"""the fuck?"" variant expressing confusion or disbelief",reaction,reaction,false,
dafuq,19634347183177728,2010-12-28,"-a baby so she died in her sleep. I was like, ""dafuq.""",30718463,"""the fuck?"" variant expressing confusion or disbelief",reaction,reaction,false,
dafuq,19635381506936832,2010-12-28,HP 2 on HBO again. Dafuq are they on again,93367574,"""the fuck?"" variant expressing confusion or disbelief",reaction,reaction,false,
dafuq,19636231860125696,2010-12-28,@angelledarlingg dafuq is dat.,30023088,"""the fuck?"" variant expressing confusion or disbelief",reaction,reaction,false,
dafuq,19687121782579200,2010-12-28,It's 4:30 and I'm still awake. DAFUQ is wrong with me?!,86783302,"""the fuck?"" variant expressing confusion or disbelief",reaction,reaction,false,
dafuq,19798183299252224,2010-12-28,Olive oil has 1909 calories in one single cup. Dafuq?!,95462928,"""the fuck?"" variant expressing confusion or disbelief",reaction,reaction,false,
dang,9246594801,2010-02-17,Dang forgot all about class...,30108510,"mild exclamation of surprise, frustration, or emphasis",reaction,reaction,false,
dang,9246595052,2010-02-17,Dang you just made me extra hungry... I &hearts; them things!! RT @iKylaa eating fried pickles at hooters.mmmm good,75584346,"mild exclamation of surprise, frustration, or emphasis",reaction,food_related,false,
dang,9246596986,2010-02-17,@Mo_Betta @chany_boo well dang ! You can't have one w/o the other !,18086466,"mild exclamation of surprise, frustration, or emphasis",reaction,casual_conversation,false,
dang,9246599044,2010-02-17,@DonnieWsGirl32 Ohhhh hahaha my friend is telling me that i have to stick up for myself!! DANG THIS IS HARD!!!,32113544,"mild exclamation of surprise, frustration, or emphasis",reaction,casual_conversation,false,
dang,9246599276,2010-02-17,no luck about asking @joejonas if cleopatra was hot. dang.,29808482,"mild exclamation of surprise, frustration, or emphasis",reaction,casual_conversation,false,
dang,9246601761,2010-02-17,Dang it lol didn't get. My question answered by Joe Jonas but he was prolly getting like 34567533 tweets a minute.,24242589,"mild exclamation of surprise, frustration, or emphasis",reaction,humor,false,
dang,9246610044,2010-02-17,"@brandt2119 gurl black nail polish ima lil emo! Now im at wendy's FENNA GET THE WINGS GURL BUMPIN DAT ""LET ME N DAT DANG"" #BOW",43253684,"mild exclamation of surprise, frustration, or emphasis",reaction,music_discussion,false,Reaction review override: music_discussion
dang,9246616344,2010-02-17,I just woke up. dang.,18028619,"mild exclamation of surprise, frustration, or emphasis",reaction,reaction,false,
dang,9246626669,2010-02-17,@Jacquelyn88 I don't want nothin he is my friend I stick up for u when him and hector pick on u.. Dang I was just bein nice.. Lol..,25765391,"mild exclamation of surprise, frustration, or emphasis",reaction,casual_conversation,false,
dang,9246627076,2010-02-17,http://yfrog.com/1e6kvuj I'm in Topeka KS right now. You gotta pay to get through this state! Dang! FOLLOW ME ON MY JOURNEY TO THE WEST!,32960074,"mild exclamation of surprise, frustration, or emphasis",reaction,advertising_spam,false,Reaction review override: advertising_spam
dang,9307897505,2010-02-18,@FAM3city dang since when we fonked for that long you finally unblocked me LOL,32452682,"mild exclamation of surprise, frustration, or emphasis",reaction,casual_conversation,false,
dang,9307907054,2010-02-18,@Paparazzid0lley dang by who,22899580,"mild exclamation of surprise, frustration, or emphasis",reaction,casual_conversation,false,
dang,9307908872,2010-02-18,cant wait to my honey is off work..caking time!!Dang ben waiten all day..HURRY!,52838405,"mild exclamation of surprise, frustration, or emphasis",reaction,dating_context,false,Reaction review override: dating_context
dang,9307915407,2010-02-18,"Q:Dang mel i see you baggin, everybody want yo number... A:soooo now yu wanna tk to me  ?! http://formspring.me/melyssarobyn/q/191815926",61126700,"mild exclamation of surprise, frustration, or emphasis",reaction,casual_conversation,false,Reaction review override: casual_conversation
dang,9307918574,2010-02-18,RT @the_lovelynay: @lovely_nisha10 do u eat that every week dang! Lmao! No! Thank you lol,112636961,"mild exclamation of surprise, frustration, or emphasis",reaction,casual_conversation,false,
dang,9307919927,2010-02-18,@BMaringay dang u evil,49769770,"mild exclamation of surprise, frustration, or emphasis",reaction,casual_conversation,false,
dang,9307926963,2010-02-18,"Aight gotta admit, Its kinda good to be bak @ Skewl, Dang cnt believe I said dahts Lol",35183131,"mild exclamation of surprise, frustration, or emphasis",reaction,casual_conversation,false,
dang,9307927177,2010-02-18,how can ordering a sweatshirt be so dang hard?!?,20341792,"mild exclamation of surprise, frustration, or emphasis",reaction,reaction,false,
dang,9307930768,2010-02-18,Dang you don't even have to get out of your car at this oil change place you can pay from the vehicle. #sowestoakland,15446261,"mild exclamation of surprise, frustration, or emphasis",reaction,self_description,false,
dang,9307934484,2010-02-18,dang it @wilw now I gotta put on a few Maiden albums when I get home!,59663916,"mild exclamation of surprise, frustration, or emphasis",reaction,casual_conversation,false,
dang,9736273025,2010-02-27,@iruncali_gucci dang i hope they get out of there or if not i pray they survive...stay optimistic,73996632,"mild exclamation of surprise, frustration, or emphasis",reaction,casual_conversation,false,
dang,9736273631,2010-02-27,@nessiemacshawty awl ok dang to bad I can't make it but aight lol,57936731,"mild exclamation of surprise, frustration, or emphasis",reaction,casual_conversation,false,
dang,9736277376,2010-02-27,"""race to the altar?"" almost evry1 is about to get married or just got married.maybe there's some deadline or some ish.calm down guys..dang!",108825706,"mild exclamation of surprise, frustration, or emphasis",reaction,reaction,false,
dang,9736281384,2010-02-27,@yAlterEgo @RtedRsupeRstaR LMAO Rod is stupid but dang Phil u can take a step up from texting ur tweets,24630921,"mild exclamation of surprise, frustration, or emphasis",reaction,casual_conversation,false,
dang,9736286726,2010-02-27,"LMAO SHE IS 7! Dang get off her/lol Matter fact/Get off my couch! GO! RT @_simplykai: Mom, you can spell everything..like penguin! @YesPenny",70947235,"mild exclamation of surprise, frustration, or emphasis",reaction,casual_conversation,false,
dang,9736301127,2010-02-27,dang cant waitin 4 dsa party later on 2nyte @ my crib,30409647,"mild exclamation of surprise, frustration, or emphasis",reaction,casual_conversation,false,
dang,9736302102,2010-02-27,@Jgar584 http://tweetphoto.com/12623402 dang ur right http://myloc.me/4gaXm,40166406,"mild exclamation of surprise, frustration, or emphasis",reaction,article_sharing,false,
dang,9736306065,2010-02-27,@Tiff_ROC_Marie oooooohhhhhhh ok I member him sayin that I'm sittin her like dang this nucca said that lol,22533678,"mild exclamation of surprise, frustration, or emphasis",reaction,casual_conversation,false,
dang,9736306895,2010-02-27,RT @TRM3000: Dang I gotta get back watchin the news #PrayForChile #PrayForJapan,30034948,"mild exclamation of surprise, frustration, or emphasis",reaction,news_reaction,false,Reaction review override: news_reaction
dang,9736309189,2010-02-27,Dang i need a gym buddy i wish @theawegetsome was still on campus :(,34486453,"mild exclamation of surprise, frustration, or emphasis",reaction,casual_conversation,false,
dang,10095486622,2010-03-07,"dang, tottaly forgot to stop by dawns. =/ ill go tomorrow i guess. Haha that was hilarious",66393528,"mild exclamation of surprise, frustration, or emphasis",reaction,reaction,false,
dang,10095490377,2010-03-07,@CharHouston aw dang..u wud do me like that? smh haha,18081796,"mild exclamation of surprise, frustration, or emphasis",reaction,casual_conversation,false,
dang,10095496168,2010-03-07,Dang! I keep seein all my highschool peeps in castleton mall; hella suga-daddys out here wit they ladies#ainttrickinifugotit,98175299,"mild exclamation of surprise, frustration, or emphasis",reaction,reaction,false,
dang,10095502121,2010-03-07,mannnnn 2 months wit out lovin dang i need some,51143166,"mild exclamation of surprise, frustration, or emphasis",reaction,reaction,false,
dang,10095505889,2010-03-07,@SheSoAuthentic_ lol dang... Ill pay ur ticket for you. Lmao na I'm lyin,75130192,"mild exclamation of surprise, frustration, or emphasis",reaction,casual_conversation,false,
dang,10095509569,2010-03-07,@SASSYDIVA29 Dang hate i missed it...Darn track meets,43982937,"mild exclamation of surprise, frustration, or emphasis",reaction,casual_conversation,false,
dang,10095510248,2010-03-07,@IMANIisHLYWD dang.. where is it.. i never kno anything,35160637,"mild exclamation of surprise, frustration, or emphasis",reaction,casual_conversation,false,
dang,10095516083,2010-03-07,@TFletch81 dang u wasn't even followin me? Wat kinda cuz is u?,29712410,"mild exclamation of surprise, frustration, or emphasis",reaction,casual_conversation,false,
dang,10095517662,2010-03-07,@Deuce9lives -Dang! Amazing new songs. Very nice. Keep up the great music to our ears. :],31589895,"mild exclamation of surprise, frustration, or emphasis",reaction,compliment,false,Reaction review override: compliment
dang,10095519042,2010-03-07,Dang I still gotta file my taxes,30960150,"mild exclamation of surprise, frustration, or emphasis",reaction,reaction,false,
dang,10385488227,2010-03-12,Reason two why today is awesome- watching Beverly Hills Ninja with the best dang theater people ever!,26965798,"mild exclamation of surprise, frustration, or emphasis",reaction,reaction,false,
dang,10385494269,2010-03-12,"@HeatherDiMasi @mostserene dang, I am so missing out",14629939,"mild exclamation of surprise, frustration, or emphasis",reaction,casual_conversation,false,
dang,10385497272,2010-03-12,Been craving donuts all day so I bought some from Shipleys..get home and there's a bug on my donut!! Dang it!,26081013,"mild exclamation of surprise, frustration, or emphasis",reaction,reaction,false,
dang,10385497539,2010-03-12,Don't have to its and a beautiful smile #realtalk RT @MusiqMyPassion: U don't but dare 2 dream RT @LookAtThatPYT: Dang I have great lips,21829870,"mild exclamation of surprise, frustration, or emphasis",reaction,news_reaction,false,Reaction review override: news_reaction
dang,10385499311,2010-03-12,RT: @IAmJavaMama2010Know what sucks about all the water I drink ll day now? Having to pee ALL THE DANG TIME. yay for toxins leaving by...,81414598,"mild exclamation of surprise, frustration, or emphasis",reaction,self_description,false,Reaction review override: self_description
dang,10385519680,2010-03-12,I just got a dang ticket on campus.... #Smh not a good start too my day #Lordhelpme,37514875,"mild exclamation of surprise, frustration, or emphasis",reaction,self_description,false,
dang,10385529626,2010-03-12,"dang who would wanna kill wale? i mean, im a girl and even i dont!",16795734,"mild exclamation of surprise, frustration, or emphasis",reaction,reaction,false,
dang,10385530797,2010-03-12,@Lil_Howie oh ard .. Dang its dry today .. I might home lol,85073198,"mild exclamation of surprise, frustration, or emphasis",reaction,casual_conversation,false,
dang,10385536387,2010-03-12,Is it really only 1:06??!  Dang it.,7772732,"mild exclamation of surprise, frustration, or emphasis",reaction,reaction,false,
dang,10385538266,2010-03-12,@antoniacarter dang it must be good livin that life i wish i had a mom with all that $$$ from my daddy.,50329621,"mild exclamation of surprise, frustration, or emphasis",reaction,casual_conversation,false,
dang,11495023830,2010-04-02,"Dang Janet went to DR again. I hate when she does that ,",48529658,"mild exclamation of surprise, frustration, or emphasis",reaction,reaction,false,
dang,11495029584,2010-04-02,Dang cops r posted everywhere i guess imma be driving slow today,25171854,"mild exclamation of surprise, frustration, or emphasis",reaction,reaction,false,
dang,11495032969,2010-04-02,Icfw @Tru2Love taking her time like this! Dang we hungry!,128014889,"mild exclamation of surprise, frustration, or emphasis",reaction,casual_conversation,false,
dang,11495040641,2010-04-02,KUMBA!!! Dang these roller coasters got some wierd names,95061805,"mild exclamation of surprise, frustration, or emphasis",reaction,reaction,false,
dang,11495048624,2010-04-02,@Nyge3000 dang! You're so lucky!,101668899,"mild exclamation of surprise, frustration, or emphasis",reaction,casual_conversation,false,
dang,11495049666,2010-04-02,DANG Man Im STUCK Uptop Today..My Mother Packing For Our New House && Not Leaving Till Its Time To Leave Fa Good Which Is T0MARR0W:(,97722200,"mild exclamation of surprise, frustration, or emphasis",reaction,reaction,false,
dang,11495053193,2010-04-02,@TeeUghRehnTohn dang. I don't wanna see a hard one.,67941956,"mild exclamation of surprise, frustration, or emphasis",reaction,casual_conversation,false,
dang,11495061931,2010-04-02,"@OGOchoCinco Dang man, I thought you were talking about Coconut Grove... You gotta get back to the 305 immediately.",128272867,"mild exclamation of surprise, frustration, or emphasis",reaction,casual_conversation,false,
dang,11495063775,2010-04-02,"Dang I been quite for a minute, but its spring now so I'm goin tweet my heart out. Facebook ppl follow me @zhanelatron",57569424,"mild exclamation of surprise, frustration, or emphasis",reaction,casual_conversation,false,
dang,11495066418,2010-04-02,oh dang collarbones &lt;3,38574622,"mild exclamation of surprise, frustration, or emphasis",reaction,reaction,false,
dang,12131464302,2010-04-13,At Lancaster waitin on practice to start ! Dang i love small practices n its only 3 of us but wen SOMEONE is late yu cnt practice !,53334267,"mild exclamation of surprise, frustration, or emphasis",reaction,reaction,false,
dang,12131465008,2010-04-13,DANG DO PEOPLE PUT RIMS ON ERYTHING.....A BEAT UP TAURUS ON SOME THANGS......LOL AND A HONDA CIVIC.....MAN DEEZ MOFOS LMMFAO,131618157,"mild exclamation of surprise, frustration, or emphasis",reaction,humor,false,
dang,12131466126,2010-04-13,I HATE when yo Ex from a wile back end up lookin real BADD!! Dang! lol,28785067,"mild exclamation of surprise, frustration, or emphasis",reaction,humor,false,
dang,12131468010,2010-04-13,i'll be going to school lifeless. dang. why changmin?,36915443,"mild exclamation of surprise, frustration, or emphasis",reaction,reaction,false,
dang,12131468557,2010-04-13,"that 4 hr nap was EVErYTHING to me *insert GA minus tye tribbett* now i can stay up to study for this DING DANG stats exam, how r yall?",20681336,"mild exclamation of surprise, frustration, or emphasis",reaction,reaction,false,
dang,12131470428,2010-04-13,oofff to get stuff done... dang im starving tooo! hmmmm,39442480,"mild exclamation of surprise, frustration, or emphasis",reaction,reaction,false,
dang,12131470477,2010-04-13,"@liltwist dang , lucky. your with the love of my life @justinbieber &lt;3",62686192,"mild exclamation of surprise, frustration, or emphasis",reaction,casual_conversation,false,
dang,12131472099,2010-04-13,dang havent done formspring in a minute about to post,27477069,"mild exclamation of surprise, frustration, or emphasis",reaction,reaction,false,
dang,12131475175,2010-04-13,"Olive Garden 4 dinner..yummy! F**k, I meant 2 go get my nails done 2day..dang it. Whateva, food sounds like a better idea! Lol",28276825,"mild exclamation of surprise, frustration, or emphasis",reaction,food_related,false,Reaction review override: food_related
dang,12131479262,2010-04-13,Dang is cold out hurr in the NYC.,19756003,"mild exclamation of surprise, frustration, or emphasis",reaction,reaction,false,
dang,12631025981,2010-04-22,"RE: Accountability!!: ohyeahjaden:Dang, I've been so busy!!Accountability 4/20 - Slim in 6~ Ramp it Up!Accountabil...  http://bit.ly/bLIztt",114457361,"mild exclamation of surprise, frustration, or emphasis",reaction,article_sharing,false,Reaction review override: article_sharing
dang,12631051468,2010-04-22,@LynnCherylEde think i'm just gonna have to marry someone rich :-D dang should have done that when I was young #nickcleggsfault,18639267,"mild exclamation of surprise, frustration, or emphasis",reaction,casual_conversation,false,
dang,12631060871,2010-04-22,@TheKidTricks dang right I am its another reason why dey call me spartan..ha,29416941,"mild exclamation of surprise, frustration, or emphasis",reaction,casual_conversation,false,
dang,12631090456,2010-04-22,"Dang , I miss 2/1'09 , I miss floorball . :'(",55507613,"mild exclamation of surprise, frustration, or emphasis",reaction,reaction,false,
dang,12631093339,2010-04-22,"RT @SINCERE_38CLICK @BELLAGLIVE I had call you the otha day ...dang,  I didn't even know. .. hit me this afternoon !",51291478,"mild exclamation of surprise, frustration, or emphasis",reaction,casual_conversation,false,
dang,12631115462,2010-04-22,@hottgyalsamirah Lol i'm not. :) dang its been too long since i had alcohol.. I miss the jagger with cocaine lol bounce on the bloody walls!,114155552,"mild exclamation of surprise, frustration, or emphasis",reaction,casual_conversation,false,
dang,12631134266,2010-04-22,Good grumpy morning...I was sleeping so well last night until the dang phone rang. (:,7771822,"mild exclamation of surprise, frustration, or emphasis",reaction,reaction,false,
dang,12631152367,2010-04-22,@singxian yea girl..but dang u ruined my surprise-I was gonna announce my upcoming maury episode in church this sunday!!!,17570684,"mild exclamation of surprise, frustration, or emphasis",reaction,casual_conversation,false,
dang,12631200398,2010-04-22,#np Dang! Dang! Eyeshield 21 themesong,67886011,"mild exclamation of surprise, frustration, or emphasis",reaction,music_discussion,false,Reaction review override: music_discussion
dang,12631216159,2010-04-22,"RT @Fitriatamama
  
#np Dang! Dang! Eyeshield 21 themesong",84206348,"mild exclamation of surprise, frustration, or emphasis",reaction,music_discussion,false,Reaction review override: music_discussion
dang,12765903566,2010-04-24,"Where did Mama disappear to? I need tummy rubs, dang it! Ohhhh, bird! Grrrrrrrrrr.",84120235,"mild exclamation of surprise, frustration, or emphasis",reaction,reaction,false,
dang,12765911870,2010-04-24,Dang! Errbody hungover! Lol. Ni99az went n last nite! &gt;BossDime&lt;?,34736519,"mild exclamation of surprise, frustration, or emphasis",reaction,humor,false,
dang,12765926453,2010-04-24,@alaunafaith dang it! will u be in sunday school??,93747528,"mild exclamation of surprise, frustration, or emphasis",reaction,casual_conversation,false,
dang,12765939614,2010-04-24,@JadoreTianaB. Dang I can't get no love u sad face,39870520,"mild exclamation of surprise, frustration, or emphasis",reaction,casual_conversation,false,
dang,12765951187,2010-04-24,dang im still mad that the heat lost yesterday smh BOLD,104182655,"mild exclamation of surprise, frustration, or emphasis",reaction,reaction,false,
dang,12765952655,2010-04-24,"#Bears on the clock, dang-Raiders took the WR I was hoping Bears would pick.",13174192,"mild exclamation of surprise, frustration, or emphasis",reaction,sports_discussion,false,
dang,12765976093,2010-04-24,Gooood morning everyone! Wish I wasn't working so I can enjoy the amazing day!! Dang job! Have fun and don't forget to tip the waitress!,61601979,"mild exclamation of surprise, frustration, or emphasis",reaction,reaction,false,
dang,12765985064,2010-04-24,dang I woke up this morning and lost two followers awww shucks :(,32283725,"mild exclamation of surprise, frustration, or emphasis",reaction,reaction,false,
dang,12765999360,2010-04-24,i get to go to my bffs   bday party  today  im so   dang excited,127346045,"mild exclamation of surprise, frustration, or emphasis",reaction,reaction,false,
dang,12766015250,2010-04-24,RT @CoCoBingham: @mz_deangela @PhotogenicNUPE dang it don't seem like its been 6 years! Time flies.-----i know lol,57036161,"mild exclamation of surprise, frustration, or emphasis",reaction,casual_conversation,false,
dang,13797666966,2010-05-11,"RT @HereItComes: RT Boycott @McCain ,  @Budweiser,   #Arizona  and his ""dang""  fence: RT @thereisawayjose: Boycot... http://bit.ly/bUpIAe",21344248,"mild exclamation of surprise, frustration, or emphasis",reaction,article_sharing,false,
dang,13797676788,2010-05-11,Dang ..my wrap would have been crisp if it hadn't rained ..my hair too soft for this humidity,61661732,"mild exclamation of surprise, frustration, or emphasis",reaction,reaction,false,
dang,13797678716,2010-05-11,"Dang that was easy, just hooked up Windows 7 laptop to WinMobile 6.5 phone via bluetooth for 3G internet access.",19388070,"mild exclamation of surprise, frustration, or emphasis",reaction,technology_discussion,false,Reaction review override: technology_discussion
dang,13797692782,2010-05-11,@LiverKiller dang u r up already ? that jameson is good liquor !,46475276,"mild exclamation of surprise, frustration, or emphasis",reaction,casual_conversation,false,
dang,13797702117,2010-05-11,@ladie420 lol... dang wish i was out there.. ours is next month... can't wait =),83312677,"mild exclamation of surprise, frustration, or emphasis",reaction,casual_conversation,false,
dang,13797704278,2010-05-11,"RT @twaboutMCCAIN: twaboutMCCAIN&gt; RT  Boycott @McCain ,  @Budweiser,   #Arizona  and his ""dang""  fence http://bit.ly/bUpIAe",21344248,"mild exclamation of surprise, frustration, or emphasis",reaction,article_sharing,false,
dang,13797705944,2010-05-11,"it&#39;s finals week, then i&#39;m done for the summer! it&#39;s gonna be a dang good summer too!",30558983,"mild exclamation of surprise, frustration, or emphasis",reaction,reaction,false,
dang,13797708645,2010-05-11,@DindiFEVER thats what your mean ass get! & dang i cant get a personal good afternoon ol' rude ass! lmao jp *muah*,24987479,"mild exclamation of surprise, frustration, or emphasis",reaction,casual_conversation,false,
dang,13797712792,2010-05-11,"RT @lady_ej: @ChrisFlintTown Dang Halo Burger sounds good! I would start eating meat again for my fav Flint restaurants, lol!",18780050,"mild exclamation of surprise, frustration, or emphasis",reaction,food_related,false,Reaction review override: food_related
dang,13797713316,2010-05-11,I hate when ppl hold ONE thing against me. Excuse me for allowing my emotions to overtake me every now and then. Dang!,59043914,"mild exclamation of surprise, frustration, or emphasis",reaction,reaction,false,
dang,17820502972,2010-07-05,Dang Martin and Cheaters Marathon decisions decisions,39428625,"mild exclamation of surprise, frustration, or emphasis",reaction,reaction,false,
dang,17820503554,2010-07-05,"Omg! My dad need to stop it! He said ""Dang, I just forgot"" We're like what? He said ""I been on Vacation 4 1month, I only got 2 months left""",158372014,"mild exclamation of surprise, frustration, or emphasis",reaction,reaction,false,
dang,17820509306,2010-07-05,@Kells313 Dang. Is it nice?,131701372,"mild exclamation of surprise, frustration, or emphasis",reaction,casual_conversation,false,
dang,17820518055,2010-07-05,I was on the phone with my mom and she starts giggling and dang near dropped the phone because her boo daddy is fondling her #gag,81453678,"mild exclamation of surprise, frustration, or emphasis",reaction,reaction,false,
dang,17820522455,2010-07-05,"Dang it! I normally skip Sean Hannity Show. Had I known  @TheHermanCain  was subbing, I'd have tuned in.  #tcot",53512954,"mild exclamation of surprise, frustration, or emphasis",reaction,casual_conversation,false,
dang,17820555448,2010-07-05,@_Mezzyyyeffbaby dang feel better!,44380359,"mild exclamation of surprise, frustration, or emphasis",reaction,casual_conversation,false,
dang,17820560081,2010-07-05,"@papercranes_ aww dang , that would be messed up lmao",29426788,"mild exclamation of surprise, frustration, or emphasis",reaction,casual_conversation,false,
dang,17820572713,2010-07-05,Lmao... Ure my sist... Hate it wiv a passion RT @mzz_kafie: Dang! Still ringn in my ears!!! #whateva!! Hu invented d@ ... http://tmi.me/5Jp1,131434213,"mild exclamation of surprise, frustration, or emphasis",reaction,casual_conversation,false,
dang,17820573139,2010-07-05,Man this some BS the power went out in the movie theater. In the middle of air bender. Dang everyone wants their money back,73247828,"mild exclamation of surprise, frustration, or emphasis",reaction,reaction,false,
dang,17820576535,2010-07-05,"@Fatjan @redambition @crisanthe  dang, i guess i'll have to be the slightly less talented one _without_ the beehive",13848652,"mild exclamation of surprise, frustration, or emphasis",reaction,casual_conversation,false,
dang,18413112241,2010-07-13,dang! just read THE funniest tweet from #oneofmyfollowers,95342636,"mild exclamation of surprise, frustration, or emphasis",reaction,reaction,false,
dang,18413122432,2010-07-13,"@oreo_mercedes dang, not even I could beat that record, bravo, hahaa",161573672,"mild exclamation of surprise, frustration, or emphasis",reaction,casual_conversation,false,
dang,18413125421,2010-07-13,"lolol, dang. i don't really wanna go to this justin bieber concert this weekend  O.o wtf. I'd rather stay home alone all weekend hahah.",82799394,"mild exclamation of surprise, frustration, or emphasis",reaction,humor,false,
dang,18413127681,2010-07-13,Delayed response: Ashley should have sat her ass down somewhere! RT @MarissaEisME: Dang...that is a lot of hair! (cont) http://tl.gd/2fpa02,66874076,"mild exclamation of surprise, frustration, or emphasis",reaction,casual_conversation,false,
dang,18413127796,2010-07-13,@PPG_Prez LOLOLOL why u tellin erybody business? dang! lol let them have their fame!,121332074,"mild exclamation of surprise, frustration, or emphasis",reaction,casual_conversation,false,
dang,18413129066,2010-07-13,i kno ya'll saw the latest #freakyfact..dang minks...,110533560,"mild exclamation of surprise, frustration, or emphasis",reaction,reaction,false,
dang,18413130034,2010-07-13,"Dang, I fogot how cold this tamia cd was.",15949789,"mild exclamation of surprise, frustration, or emphasis",reaction,reaction,false,
dang,18413140035,2010-07-13,@ahleesheah dang that's crazy!,117633103,"mild exclamation of surprise, frustration, or emphasis",reaction,casual_conversation,false,
dang,18413141633,2010-07-13,RT @2BeUnstoppable: @candythegreat Can we NOT talk about ur obituary Glo...... lol dang,35954683,"mild exclamation of surprise, frustration, or emphasis",reaction,casual_conversation,false,
dang,19923751674,2010-07-30,Dang I Aint Have A PhotoShoot In Some Months *Calls My Modeling Agent*,128612061,"mild exclamation of surprise, frustration, or emphasis",reaction,reaction,false,
dang,19923753458,2010-07-30,I just want him for his Dang-A-Lang,85993448,"mild exclamation of surprise, frustration, or emphasis",reaction,reaction,false,
dang,19923754009,2010-07-30,"Dang it, Internet, I just want a list of all the Gorillaz music videos in release order. Why are you making it so hard for me to waste time?",16752797,"mild exclamation of surprise, frustration, or emphasis",reaction,reaction,false,
dang,19923793027,2010-07-30,"Fond farewell to ABC cameraman Minh Dang, hired in Vietnam to cover war w/ young P Jennings--w/ ABC ever since. Retires today after 45 yrs.",20283059,"mild exclamation of surprise, frustration, or emphasis",reaction,reaction,false,
dang,19923798359,2010-07-30,"Dang, i really need my nails done. Too bad i cant afford it right now :( #poorcollegestudent",161032645,"mild exclamation of surprise, frustration, or emphasis",reaction,reaction,false,
dang,19923806069,2010-07-30,@Simplyjazz87 lmao dang,31136371,"mild exclamation of surprise, frustration, or emphasis",reaction,casual_conversation,false,
dang,19923807475,2010-07-30,Oh dang. We're leaving now. i might just watch the dvd when i gdet home :DD,86159085,"mild exclamation of surprise, frustration, or emphasis",reaction,reaction,false,
dang,19923809493,2010-07-30,"how dang long does it take for girls to get ready !!?? shizzle nigga... i just throw a shirt on, scratch my sack and im ready to go",161174252,"mild exclamation of surprise, frustration, or emphasis",reaction,reaction,false,
dang,19923816278,2010-07-30,dang lmao RT @C_thesCorpio: @AB_DaJugganaut6 I said meet. Not treat lol,117504876,"mild exclamation of surprise, frustration, or emphasis",reaction,casual_conversation,false,
dang,19923822763,2010-07-30,Dang! I left my other industrial earrings in my boyfriends car and i really wanna change this one out!,83772536,"mild exclamation of surprise, frustration, or emphasis",reaction,reaction,false,
dang,21405458755,2010-08-17,RT @drumkeyz10 @614kingjames ay i got me another tat bro...ughhh dang on it lol,101893989,"mild exclamation of surprise, frustration, or emphasis",reaction,casual_conversation,false,
dang,21405473961,2010-08-17,"@andrewramos dang dude, it's only 10am. Isn't that a little early to be sketching?",13254502,"mild exclamation of surprise, frustration, or emphasis",reaction,casual_conversation,false,
dang,21405481092,2010-08-17,@DonnaK06 dang that sukcs! Hey we need to play phase ten again!,137898246,"mild exclamation of surprise, frustration, or emphasis",reaction,casual_conversation,false,
dang,21405483118,2010-08-17,I can't do this with these people today -_- i love my family but dang.,119992977,"mild exclamation of surprise, frustration, or emphasis",reaction,reaction,false,
dang,21405528126,2010-08-17,dang i woke up early again,175450188,"mild exclamation of surprise, frustration, or emphasis",reaction,reaction,false,
dang,21405537377,2010-08-17,Dang! K'Esha boyfriend not at the gas station today to pump the gas! He playin games. Lol,104650686,"mild exclamation of surprise, frustration, or emphasis",reaction,humor,false,
dang,21405538735,2010-08-17,Dang the fire truck almost kill me,58345434,"mild exclamation of surprise, frustration, or emphasis",reaction,reaction,false,
dang,21405547856,2010-08-17,@FrenchieGlobal thank you Frenchie for that insightful letter. Dang it was almost a Haiku! LOL,150334852,"mild exclamation of surprise, frustration, or emphasis",reaction,casual_conversation,false,
dang,21405550344,2010-08-17,@BryonTheGreat  @thecooky81 Dang yall making me super hungry and i'm in this dang oh line.....,170952741,"mild exclamation of surprise, frustration, or emphasis",reaction,casual_conversation,false,
dang,21405568413,2010-08-17,Dang i was trying not ask no one oh well makes me look like freshman i am but i rather ask than to be lost,114853254,"mild exclamation of surprise, frustration, or emphasis",reaction,reaction,false,
dang,22140342355,2010-08-26,As soon as I walk out my house I see @PrettyPoobz car parked on my block dang I miss that girl,58603836,"mild exclamation of surprise, frustration, or emphasis",reaction,casual_conversation,false,
dang,22140344270,2010-08-26,DANG.i got my followers back............. so sad... i am no longer at my goal of 0,23022442,"mild exclamation of surprise, frustration, or emphasis",reaction,reaction,false,
dang,22140351731,2010-08-26,"RT @ICIELYNN: lol damn i worked so hard for them 8,000 followers lol&gt;&gt; dang I wish I had 8000 followers lol",26925432,"mild exclamation of surprise, frustration, or emphasis",reaction,casual_conversation,false,
dang,22140352602,2010-08-26,Dang I even have a nice spot for the Sounders vs Monterrey game.  Thanks Dr. Lange! http://twitpic.com/2i71ir,15780660,"mild exclamation of surprise, frustration, or emphasis",reaction,sports_discussion,false,Reaction review override: sports_discussion
dang,22140361876,2010-08-26,Missin #RealWorld!!! Dang it!,31499503,"mild exclamation of surprise, frustration, or emphasis",reaction,reaction,false,
dang,22140368812,2010-08-26,@Dj_Obscene nah idk lol im going to buy a appartment cheap but dang nicer,126791182,"mild exclamation of surprise, frustration, or emphasis",reaction,casual_conversation,false,
dang,22140379668,2010-08-26,@Kesli88 aww dang :(,26145066,"mild exclamation of surprise, frustration, or emphasis",reaction,casual_conversation,false,
dang,22140381125,2010-08-26,@rayetee Dang bt u finished ahead of schedule so u were on point.,37825413,"mild exclamation of surprise, frustration, or emphasis",reaction,casual_conversation,false,
dang,22140384451,2010-08-26,when u wlkd in ---&gt;RT @the_origNAYtor: Dang When did applebees turn into the club!!!!,136030354,"mild exclamation of surprise, frustration, or emphasis",reaction,casual_conversation,false,
dang,22140385536,2010-08-26,Pearland RF needs to learn to cut the ball off and the whole team needs to just hold the dang ball. Gave the game away...,34812533,"mild exclamation of surprise, frustration, or emphasis",reaction,sports_discussion,false,Reaction review override: sports_discussion
dang,22297235577,2010-08-27,"@jwarminsky Anyone living south of Logan Circle isn't supposed to get ""Far Out vs. Hot Dang,"" right? Will link anyway http://bit.ly/dxpYKm",38232102,"mild exclamation of surprise, frustration, or emphasis",reaction,casual_conversation,false,
dang,22297256223,2010-08-27,Dang.. I try to be nice to you twitter folks. ;/,28003048,"mild exclamation of surprise, frustration, or emphasis",reaction,reaction,false,
dang,22297263168,2010-08-27,dang I woke up with sick lyrics in my head and now I forgot them :/,36254714,"mild exclamation of surprise, frustration, or emphasis",reaction,reaction,false,
dang,22297269516,2010-08-27,RT @EbateZ: The most important man in my life is coming tomorrowwww :)--&gt;dang I aint know the Lord was coming tomo ... http://tmi.me/OEjq,146283631,"mild exclamation of surprise, frustration, or emphasis",reaction,casual_conversation,false,
dang,22297270007,2010-08-27,So I think I screwed up......dang :[,116342368,"mild exclamation of surprise, frustration, or emphasis",reaction,reaction,false,
dang,22297284359,2010-08-27,@bkzflyygirl I only saw one & she was kinda far away. Dang can I just have a picture of my baby pls? Lol,28260761,"mild exclamation of surprise, frustration, or emphasis",reaction,casual_conversation,false,
dang,22297287225,2010-08-27,"@anaria dang. that's scary, makes sense someone could tamper with those machines....",14449093,"mild exclamation of surprise, frustration, or emphasis",reaction,casual_conversation,false,
dang,22297293787,2010-08-27,RT @DJBOP305: Dang @KrazyActor is ballin' http://tweetphoto.com/41736430 &lt;---oh please!,34340307,"mild exclamation of surprise, frustration, or emphasis",reaction,article_sharing,false,
dang,22297301739,2010-08-27,@Mr_Terrell so u really doing the dang thang thats whats up BT !!! wetthoughts.wordpress.com YALL READ IT !!!!,102224178,"mild exclamation of surprise, frustration, or emphasis",reaction,casual_conversation,false,
dang,25047346673,2010-09-20,"@thenameislala dang, hella fun without me. =/ lol. Next time I'll b there so we can shut it down together (again) haha.",46292864,"mild exclamation of surprise, frustration, or emphasis",reaction,casual_conversation,false,
dang,25047355286,2010-09-20,Dang I just realized it's 3am there. They should really head to bed :/,25768919,"mild exclamation of surprise, frustration, or emphasis",reaction,reaction,false,
dang,25047355436,2010-09-20,Didn't know my Cuzzo met/spoke to President @BarackObama. Dang!@icecoldjd1906 can't wait to hear all about that!! O.O I'm a lil jealousAF 2,49540485,"mild exclamation of surprise, frustration, or emphasis",reaction,casual_conversation,false,
dang,25047363766,2010-09-20,I can't stand when ppl be trying to be someone they're NOT...be urself dang everybody else is taken,26611014,"mild exclamation of surprise, frustration, or emphasis",reaction,reaction,false,
dang,25047364818,2010-09-20,@SEOOO dang hella throwback!,38269068,"mild exclamation of surprise, frustration, or emphasis",reaction,casual_conversation,false,
dang,25047365756,2010-09-20,dang i really dnt feel like goin all da way up there ugh,139785955,"mild exclamation of surprise, frustration, or emphasis",reaction,reaction,false,
dang,25047367684,2010-09-20,@marlathemartian dang lol,160338610,"mild exclamation of surprise, frustration, or emphasis",reaction,casual_conversation,false,
dang,25047369060,2010-09-20,@April_Fresh dang girl nice ass;),191885638,"mild exclamation of surprise, frustration, or emphasis",reaction,casual_conversation,false,
dang,25047388137,2010-09-20,@AccountingDawg farther than 8 yrds down field and more than 10th times a game... run. the. dang. ball...,16223562,"mild exclamation of surprise, frustration, or emphasis",reaction,casual_conversation,false,
dang,25047395432,2010-09-20,@RandyWattilete follow back pa qta dang sob...,171393789,"mild exclamation of surprise, frustration, or emphasis",reaction,casual_conversation,false,
dang,26954071239,2010-10-10,@SexxyLesha dang I missed u...I wanna kno y u weren't around,44740902,"mild exclamation of surprise, frustration, or emphasis",reaction,casual_conversation,false,
dang,26954093295,2010-10-10,"Rock-n-roll Seattle marathon sounds awesome cuz every mile mark, there's a live band! Think I'm going to do it, but dang,13.1 miles!? YIKES!",39446627,"mild exclamation of surprise, frustration, or emphasis",reaction,reaction,false,
dang,26954097116,2010-10-10,Dang alreadii a bad start.!!! #Colts alreadii in da red zone...!,59051000,"mild exclamation of surprise, frustration, or emphasis",reaction,reaction,false,
dang,26954098916,2010-10-10,"At 10:10, 10/10/10 nothing special happened. Dang.",81477961,"mild exclamation of surprise, frustration, or emphasis",reaction,reaction,false,
dang,26954106080,2010-10-10,@SexyAssRangers aww luckyy! :) & dang why not /:,101889574,"mild exclamation of surprise, frustration, or emphasis",reaction,casual_conversation,false,
dang,26954128797,2010-10-10,Really getting pissed off at the way service is goin well dang wen are yaw go put God first?!,111227736,"mild exclamation of surprise, frustration, or emphasis",reaction,reaction,false,
dang,26954133414,2010-10-10,@trkstrslashgeek dang u go disown me like dat after all we been through,130367736,"mild exclamation of surprise, frustration, or emphasis",reaction,casual_conversation,false,
dang,26954138359,2010-10-10,"follow me, 1...2...3...4...5...6...7...8...9...10...DANG!!! okay is it working? RT @Iudacris OHH NOO GOT HICCUPS",72991896,"mild exclamation of surprise, frustration, or emphasis",reaction,casual_conversation,false,
dang,26954164444,2010-10-10,@itskristenmarie dang. I'm not even with my dad to ask! :/,21116850,"mild exclamation of surprise, frustration, or emphasis",reaction,casual_conversation,false,
dang,26954186406,2010-10-10,"Dang Alabama went down to number 8 but thats on the AP, Ohio St. is of course number 1 with Oregon coming behind..oh boy!",85728753,"mild exclamation of surprise, frustration, or emphasis",reaction,reaction,false,
dang,28683195265,2010-10-25,"dang, i hate when i wake up late to do last minute work !",73811849,"mild exclamation of surprise, frustration, or emphasis",reaction,reaction,false,
dang,28683251786,2010-10-25,I've been up for 3 hours now. Dang tornado siren woke me up! I'm so tired but got to go to school :/,48811473,"mild exclamation of surprise, frustration, or emphasis",reaction,reaction,false,
dang,28683264052,2010-10-25,I gotta take my Baby Sneaker Shopping Today.....Dang Lil Boys are rough on shoes! SMH,33303189,"mild exclamation of surprise, frustration, or emphasis",reaction,reaction,false,
dang,28683333598,2010-10-25,Dang I'm tired if this early morning routine,149514124,"mild exclamation of surprise, frustration, or emphasis",reaction,reaction,false,
dang,28683349293,2010-10-25,@peggylover oke dang ✗),156493353,"mild exclamation of surprise, frustration, or emphasis",reaction,casual_conversation,false,
dang,28683373686,2010-10-25,RT @ETCALI: @N_YoDreamz I can't I'm up&lt;dang i wish i could go back to bed cuz i sure would i hate this weather,45493853,"mild exclamation of surprise, frustration, or emphasis",reaction,casual_conversation,false,
dang,28683393520,2010-10-25,"Woke up, realized it was Monday, wanted to roll over & pretend it was Saturday. Dang this having-to-go-to-work-&-pay-the-bills adult thing.",15918105,"mild exclamation of surprise, frustration, or emphasis",reaction,reaction,false,
dang,28683393561,2010-10-25,Dang! The fish are just jumping out of the water at KARS Park like crazy this morning!,28496167,"mild exclamation of surprise, frustration, or emphasis",reaction,reaction,false,
dang,28683409160,2010-10-25,Tornado Watch?? Ahhh hell...I'll do hurricanes but not a dang tornado!! #jamaicanTweet,26915981,"mild exclamation of surprise, frustration, or emphasis",reaction,reaction,false,
dang,28683418669,2010-10-25,"Dang, ATL! What's up with all this torrential rain?! #gladIworkfromHome! Owe!",22809322,"mild exclamation of surprise, frustration, or emphasis",reaction,reaction,false,
dang,29663333875,2010-11-04,am i next to u? *DANG* RT @intanquinn: Ohmygay.. The handsome guy is standing next to me ‎​​ƪ(♥ε♥)ʃ :p,68962819,"mild exclamation of surprise, frustration, or emphasis",reaction,casual_conversation,false,
dang,29663373908,2010-11-04,"@endangyuniarti uu cup2..td kita nyanyi lagu kesukaan lo dang.. *I will fly into your arms,And be with you,Til the end of time..hihiii",62788617,"mild exclamation of surprise, frustration, or emphasis",reaction,casual_conversation,false,
dang,29663383722,2010-11-04,I hate the locker room. It smells weird and I can never open my dang locker.,175283676,"mild exclamation of surprise, frustration, or emphasis",reaction,reaction,false,
dang,29663410534,2010-11-04,oh dang it he isnt. tomorrow weezy is free haha,18406846,"mild exclamation of surprise, frustration, or emphasis",reaction,reaction,false,
dang,29663414870,2010-11-04,@calitx01 dang u got an early appt....,175272925,"mild exclamation of surprise, frustration, or emphasis",reaction,casual_conversation,false,
dang,29663436064,2010-11-04,RT @LittlecBeadles: @godsgirl8494 http://twitpic.com/2q72ox - Dang my head was bigger than my body!!! bahaha,195464128,"mild exclamation of surprise, frustration, or emphasis",reaction,casual_conversation,false,
dang,29663437973,2010-11-04,Dang it james again,196933564,"mild exclamation of surprise, frustration, or emphasis",reaction,reaction,false,
dang,29663440106,2010-11-04,dang english is crucial I swear,51830374,"mild exclamation of surprise, frustration, or emphasis",reaction,reaction,false,
dang,29663450393,2010-11-04,"dang, address book got hijacked again! Going to have to do something drastic to stop that. Don't even know how that happened.",55284813,"mild exclamation of surprise, frustration, or emphasis",reaction,reaction,false,
dang,29663467493,2010-11-04,@Charlene_Yuuup dang you got gays like that Lol,211645524,"mild exclamation of surprise, frustration, or emphasis",reaction,casual_conversation,false,
dang,2749275880554497,2010-11-11,dang its like windy,162471156,"mild exclamation of surprise, frustration, or emphasis",reaction,reaction,false,
dang,2749277910601729,2010-11-11,@nyc4chanman dang lol niceee,110359407,"mild exclamation of surprise, frustration, or emphasis",reaction,casual_conversation,false,
dang,2749289377828864,2010-11-11,DAM!!!Storytime4thebest got me hooked on her stories(youtube)DANG man i WANT MORE(2 read lol(imma G(GEEK),112890016,"mild exclamation of surprise, frustration, or emphasis",reaction,humor,false,
dang,2749296973709313,2010-11-11,@misslay10 dang Wat did u do,40378962,"mild exclamation of surprise, frustration, or emphasis",reaction,casual_conversation,false,
dang,2749309774729216,2010-11-11,"Dang, i fergot to tweet in my last period. &gt;&lt; well I'm tweeting now. && I have a headache.....booo!",105997539,"mild exclamation of surprise, frustration, or emphasis",reaction,reaction,false,
dang,2749314287800320,2010-11-11,@RUDEBOY4900 dang i wish u wuld follow me back already smh !,43267747,"mild exclamation of surprise, frustration, or emphasis",reaction,casual_conversation,false,
dang,2749326254153729,2010-11-11,Head killin me. Dang shower curtain done fell on my head!!!,76214937,"mild exclamation of surprise, frustration, or emphasis",reaction,reaction,false,
dang,2749371976253441,2010-11-11,@DannythatGuy @Langamla @splakaveli @NiseyMiyake dang it ppl!! Dnt u think if I ws flirting wth some1 else I wld do that elsewhere??,95631207,"mild exclamation of surprise, frustration, or emphasis",reaction,casual_conversation,false,
dang,2749376833265664,2010-11-11,Dang...Arvest banks aren't closed today??? Sucks for thm! Sorry Nancy tht u work today?,25572520,"mild exclamation of surprise, frustration, or emphasis",reaction,reaction,false,
dang,2749385121206272,2010-11-11,Dang...Arvest banks aren't closed today??? Sucks for thm! Sorry Nancy tht u work today!,25572520,"mild exclamation of surprise, frustration, or emphasis",reaction,reaction,false,
dang,4255574841630721,2010-11-15,@lizzlefoshizzle Oh.. oh dang... AWESOME,19546523,"mild exclamation of surprise, frustration, or emphasis",reaction,casual_conversation,false,
dang,4255586656980992,2010-11-15,"RT @thestate: USC tix to SEC championship game are sold out: http://bit.ly/aUc0lV&lt;&lt;Dang, wish I could go!!",114354799,"mild exclamation of surprise, frustration, or emphasis",reaction,casual_conversation,false,
dang,4255589421023232,2010-11-15,Dang it! Where's my charger?,33919023,"mild exclamation of surprise, frustration, or emphasis",reaction,reaction,false,
dang,4255606600900608,2010-11-15,@Kandice_LaJuan dang you gonna have to teach me how to work that! I need to learn Avid too,109453514,"mild exclamation of surprise, frustration, or emphasis",reaction,casual_conversation,false,
dang,4255649785450497,2010-11-15,Dang why do I always miss u wen I'm on campus...#collegelyfe,199735322,"mild exclamation of surprise, frustration, or emphasis",reaction,reaction,false,
dang,4255652973117440,2010-11-15,"Dang it, I think I see a patch of Facebook on me... YES!  Face book is confirmed, it's growing on me!",14181258,"mild exclamation of surprise, frustration, or emphasis",reaction,reaction,false,
dang,4255699911573504,2010-11-15,"""@5nomenalDIVA: Dang..from these  #nevertrust tweets...basically ppl aint ish these days!! smh lol"" ikr got me thinking hard",185792141,"mild exclamation of surprise, frustration, or emphasis",reaction,casual_conversation,false,
dang,4255702105202688,2010-11-15,"@VampStreet ok, getting more homesick tho. And dang, I cant keep up with #nkotbsb tweets! Lol how u? Hey u have blackberry right?",45205725,"mild exclamation of surprise, frustration, or emphasis",reaction,casual_conversation,false,
dang,4255754349445121,2010-11-15,"""Dang, dude that's a tight ride!"" http://fb.me/O7WjuxP8",139605923,"mild exclamation of surprise, frustration, or emphasis",reaction,reaction,false,
dang,4255811308093442,2010-11-15,RT @WubsNet: I can't believe how much that dang Jacks Bros pic cheered me up. #GH #desperateforgoodstuff,176249539,"mild exclamation of surprise, frustration, or emphasis",reaction,casual_conversation,false,
dang,8189781477429249,2010-11-26,RT @RickeySmiley: Hey yall!! MY aunt pilot light is back on. SMH.&lt;~~~Dang! I prayed though!,27387438,"mild exclamation of surprise, frustration, or emphasis",reaction,casual_conversation,false,
dang,8189816655056896,2010-11-26,Lol right!! RT @milaniemami: RT @Mocha1408: Dang!  Gotta work both jobs !!=shake that money maker!,90054593,"mild exclamation of surprise, frustration, or emphasis",reaction,casual_conversation,false,
dang,8189916936671232,2010-11-26,@2nvision well dang what?,140006629,"mild exclamation of surprise, frustration, or emphasis",reaction,casual_conversation,false,
dang,8189958598692864,2010-11-26,dang today's only friday..,28504631,"mild exclamation of surprise, frustration, or emphasis",reaction,reaction,false,
dang,8190024050810881,2010-11-26,Why ppl wake up an dont brush dey #teeth... i mean u know mouth on fire when u get up dang #smh,199150887,"mild exclamation of surprise, frustration, or emphasis",reaction,reaction,false,
dang,8190038491791360,2010-11-26,@jaebaecrazi dang girl haha,133710932,"mild exclamation of surprise, frustration, or emphasis",reaction,casual_conversation,false,
dang,8190103528669184,2010-11-26,@noirviestyle lol well dang...I just want a comforter for my bed haha,24691570,"mild exclamation of surprise, frustration, or emphasis",reaction,casual_conversation,false,
dang,8190106078810112,2010-11-26,"Dang my back hurtn , got to work 2nite , yay me !! 
**Ms. Gorgeous**",91195556,"mild exclamation of surprise, frustration, or emphasis",reaction,reaction,false,
dang,8190113200738306,2010-11-26,@ntk_live I dnt think my grizzle is gna last any longa! Dang,112402720,"mild exclamation of surprise, frustration, or emphasis",reaction,casual_conversation,false,
dang,8190121404796928,2010-11-26,"@DiGi_Valentine I clicked your dang button, for NiGHTS! &lt;3 ...but you sir....*glare*",64456844,"mild exclamation of surprise, frustration, or emphasis",reaction,casual_conversation,false,
dang,9993308512198656,2010-12-01,Dang @ChizKid11 ankles are ashy AF lol they said he need canola oil lmfaooo,152048960,"mild exclamation of surprise, frustration, or emphasis",reaction,casual_conversation,false,
dang,9993309808230400,2010-12-01,"Dang- I had some important calls to make, but mum came home early and I know she'll be listening in -_- ugh...",100083297,"mild exclamation of surprise, frustration, or emphasis",reaction,reaction,false,
dang,9993317882265600,2010-12-01,@ArmyofONE963 Dang so that's two more semesters! Should see If you can get that waived somehow,32324648,"mild exclamation of surprise, frustration, or emphasis",reaction,casual_conversation,false,
dang,9993324349886464,2010-12-01,Don't feel bad Girl.I forgot it 2 :s @Partygirl75: Dang totally forgot to do the Advent Calendar with my lil one this morning....gonna h ...,26983425,"mild exclamation of surprise, frustration, or emphasis",reaction,casual_conversation,false,
dang,9993374627012608,2010-12-01,"dang wish I had a Twix, Hot Chips, Mountain Dew, and My Trina music right about now",48872435,"mild exclamation of surprise, frustration, or emphasis",reaction,reaction,false,
dang,9993437998743552,2010-12-01,"Dang ms.lowe ur class just to boring, its like nap time of the day",58405682,"mild exclamation of surprise, frustration, or emphasis",reaction,reaction,false,
dang,9993493258706944,2010-12-01,Dang cuzz came to class 32 min late to do a math test that is hard as crap..and the class is ova at 10 50 smh,94905286,"mild exclamation of surprise, frustration, or emphasis",reaction,reaction,false,
dang,9993542810210304,2010-12-01,"dang homes, its december :0",34009753,"mild exclamation of surprise, frustration, or emphasis",reaction,reaction,false,
dang,9993578839281664,2010-12-01,dang i just thought about it i will be 22 in 19 days smh i feel a lil old,38457100,"mild exclamation of surprise, frustration, or emphasis",reaction,reaction,false,
dang,9993595863965696,2010-12-01,Its all stored in my UN-attached garage dang it! now I have to drag it all through the snow. :(,16919015,"mild exclamation of surprise, frustration, or emphasis",reaction,reaction,false,
dang,15991919758811136,2010-12-18,@lanabxtchh Lol ikno.. buh oh dang thas where you live @,225963709,"mild exclamation of surprise, frustration, or emphasis",reaction,casual_conversation,false,
dang,15992005385527296,2010-12-18,"Yea LeBron! and 11-Strait wins!? Niceeeeeee Dang, I'm thinkin big for Miami! With 3 big stars this year, they gonna do gooood! :)",94675469,"mild exclamation of surprise, frustration, or emphasis",reaction,reaction,false,
dang,15992021852356608,2010-12-18,"Ahh,Dang.Might like him.",216873456,"mild exclamation of surprise, frustration, or emphasis",reaction,reaction,false,
dang,15992029343387648,2010-12-18,Today's rose: the werner dog outside the lcbo was so excited to see me that he peed Baha. Dang he was sooo cute. Made my day!,58701745,"mild exclamation of surprise, frustration, or emphasis",reaction,storytelling,false,Reaction review override: storytelling
dang,15992033076322306,2010-12-18,You did! RT @efrinsandez: @soulchildddd dang you forgot about me huh,135589546,"mild exclamation of surprise, frustration, or emphasis",reaction,casual_conversation,false,
dang,15992056090464256,2010-12-18,@MissJoia dang dats all bad I need to get to da doctor I got da back of a 60 year old man,170196450,"mild exclamation of surprise, frustration, or emphasis",reaction,casual_conversation,false,
dang,15992061727604736,2010-12-18,"dang maa, i just realized my choreo for Whip My Hair was sicc!! :D",27996081,"mild exclamation of surprise, frustration, or emphasis",reaction,reaction,false,
dang,15992098239025152,2010-12-18,@Reese_Cupzz Stop holdin on obama all the time dang. Status upon status.,208847699,"mild exclamation of surprise, frustration, or emphasis",reaction,casual_conversation,false,
dang,15992107055452160,2010-12-18,@daREALdarrel Dang. Wat u think? Vc is old.,129376164,"mild exclamation of surprise, frustration, or emphasis",reaction,casual_conversation,false,
dang,15992130258345984,2010-12-18,@WhiteBoyyHair dang... u lowkey hurt my feelings lol,182254657,"mild exclamation of surprise, frustration, or emphasis",reaction,casual_conversation,false,
dang,19069901415120896,2010-12-26,@JustBEyurself dang u gotta charge it to the game,161531570,"mild exclamation of surprise, frustration, or emphasis",reaction,casual_conversation,false,
dang,19069901729697792,2010-12-26,Dang! So we came to church hella late and NOONE is here. But they made sure to ask us if we got any offering! BLACK! #itbelikethatsometimes,34130905,"mild exclamation of surprise, frustration, or emphasis",reaction,reaction,false,
dang,19069973049638912,2010-12-26,Dang we was suppose to been at church lol,123048712,"mild exclamation of surprise, frustration, or emphasis",reaction,humor,false,
dang,19069974173712384,2010-12-26,dang i gotta gooo @yunhosbanana @sexyladyuuuh D:,167813852,"mild exclamation of surprise, frustration, or emphasis",reaction,casual_conversation,false,
dang,19070016322281472,2010-12-26,"@BriTT_dAT_ChiCk dang! Where im at, the new said we supposed to get 10 - 12"" smh",77939200,"mild exclamation of surprise, frustration, or emphasis",reaction,casual_conversation,false,
dang,19070044935815168,2010-12-26,Dang I got my iPod up high and I can still hear my mother and grandmother's convo #shhhhhh,208301757,"mild exclamation of surprise, frustration, or emphasis",reaction,reaction,false,
dang,19070054423339008,2010-12-26,dang everybody must be listening to the radio or something kuz everybody tweetn about the same dam song -___-,188492274,"mild exclamation of surprise, frustration, or emphasis",reaction,reaction,false,
dang,19070062325407744,2010-12-26,"Dang, @ellakorn is corrupting my ladybird.",14368515,"mild exclamation of surprise, frustration, or emphasis",reaction,commenting,false,Reaction review override: commenting
dang,19070067576676352,2010-12-26,Do the dang thing RT @CEOFLACOMME: RT @BitchinDisguise: @THEREALDJBENNYB took a sip of coquito that (cont) http://tl.gd/7nohpl,37598953,"mild exclamation of surprise, frustration, or emphasis",reaction,casual_conversation,false,
dang,19070107732934656,2010-12-26,"Dang , I just hate the smell of cigarettes",202835458,"mild exclamation of surprise, frustration, or emphasis",reaction,reaction,false,
dang,20099766872449024,2010-12-29,I.guess its not meant for me to read the dang newspaper today,58494519,"mild exclamation of surprise, frustration, or emphasis",reaction,reaction,false,
dang,20099886007459840,2010-12-29,Dang Phineas and Ferb dnt come on til' 830,134142347,"mild exclamation of surprise, frustration, or emphasis",reaction,reaction,false,
dang,20099900163231744,2010-12-29,@JeffsNation dang I missed it :(,16519783,"mild exclamation of surprise, frustration, or emphasis",reaction,casual_conversation,false,
dang,20099902340079616,2010-12-29,RT @IMSTAIN: Ya Talkin Bout Some Lil Petty Stalkin Tho...When Ya Got Some Following Ya...Holla At Me- LOL haha dang u got those?!,21854339,"mild exclamation of surprise, frustration, or emphasis",reaction,casual_conversation,false,
dang,20099920421724160,2010-12-29,@TallSonAsh dang ugh,30038869,"mild exclamation of surprise, frustration, or emphasis",reaction,casual_conversation,false,
dang,20100121395990528,2010-12-29,Dang is boosie still in prison??,138124588,"mild exclamation of surprise, frustration, or emphasis",reaction,reaction,false,
dang,20100447758974976,2010-12-29,Dang. Lindy&Diane are scary.... Gee!! They both went offline at the same time. @.@,143875164,"mild exclamation of surprise, frustration, or emphasis",reaction,casual_conversation,false,
dang,20100465953869824,2010-12-29,I heard NYC got a blizzard but dang... Seeing is believing!,18908348,"mild exclamation of surprise, frustration, or emphasis",reaction,reaction,false,
dang,20100673739689984,2010-12-29,Dang so apperently everyone on my #TM is sleep,202065056,"mild exclamation of surprise, frustration, or emphasis",reaction,reaction,false,
dang,20100703670243328,2010-12-29,why is car called car ? why is why called why ? why is called called called? why is is called is? it just is......dang,231678336,"mild exclamation of surprise, frustration, or emphasis",reaction,reaction,false,
gag,7432933121,2010-01-06,My Theme Song for 2010 MM# Bitch You'll GAG- Ms Jay Karan Pendarvis...this son makes my soul smile =),98233513,"to retch, choke, or react with disgust or nausea",reaction,music_discussion,false,
gag,7432936003,2010-01-06,My dad comes up with the worst sight gag puns.,18466841,"to retch, choke, or react with disgust or nausea",reaction,reaction,false,
gag,7432936712,2010-01-06,Guess what time it is? Gag Reel time! Woo! Yay for J2 moments :D &lt;3,98188133,"to retch, choke, or react with disgust or nausea",reaction,humor,false,
gag,7432994759,2010-01-06,RT @Addy4eva77: RT @LadiiTaManTa: Listening to him sleep.... =] &lt; #gag&lt;&lt;LMAO. #HATER #JERK!,25451052,"to retch, choke, or react with disgust or nausea",reaction,casual_conversation,false,
gag,7433033627,2010-01-06,thought i would follow @sn00ki for the gag factor but she never tweets ANYTHING remotely interesting,15841045,"to retch, choke, or react with disgust or nausea",reaction,humor,false,
gag,7433181854,2010-01-06,@MackinAzzZay @jayjello911 they both nasty as hell. They make me gag,68806704,"to retch, choke, or react with disgust or nausea",reaction,casual_conversation,false,
gag,7433231557,2010-01-06,"#Nowplaying Prada Polo_ @InDrewWeTrust ... lols ""my jeans sag, ya bytch sucking on my dick like ghetto Gag"".",56251385,"to retch, choke, or react with disgust or nausea",reaction,sexual_context,false,
gag,7433232223,2010-01-06,"@JoeyPanella I saw that!! Wanted to buy it as a gag gift for novelty, but it Aint cheap!",22341264,"to retch, choke, or react with disgust or nausea",reaction,humor,false,
gag,7433261041,2010-01-06,"#TwitterAfterDark  #GAG Who,..not I, nigga Let me sho u my dissappearing act, #Now u see yo meat, #Now you dont! Hold my head in place! lol",89406645,"to retch, choke, or react with disgust or nausea",reaction,sexual_context,false,
gag,7433282152,2010-01-06,"#ThingsYouDontSay to your father in law during dinner. ""I can see where your daughter gets that no gag reflex""",24701208,"to retch, choke, or react with disgust or nausea",reaction,sexual_context,false,
gag,7560679981,2010-01-09,feelin like imma bout to gag -______-,33682298,"to retch, choke, or react with disgust or nausea",reaction,self_description,false,
gag,7560708774,2010-01-09,Swallowing vitamins early in the morning is one of the hardest things to do. My gag reflex is sayin...those nasty things are not welcome,9704152,"to retch, choke, or react with disgust or nausea",reaction,sexual_context,false,
gag,7560726361,2010-01-09,@adimasreynard Huaa no one accompanies me to sing now haha! Join indonesian idol audition gag? Wkwk.,43667863,"to retch, choke, or react with disgust or nausea",reaction,casual_conversation,false,
gag,7560744269,2010-01-09,@Lyndzz Thanks.  Will apologise only cause I want to clear the air.  Maybe its best if I gag my mouth in future!,21644360,"to retch, choke, or react with disgust or nausea",reaction,casual_conversation,false,
gag,7560896060,2010-01-09,@NatalieLebeaux n I'm in a church and I don't want to think evil thoughts...but gag @ the cowboys,25786375,"to retch, choke, or react with disgust or nausea",reaction,casual_conversation,false,
gag,7560900418,2010-01-09,"@throughsilver Amazon Xbox deal would net you an Elite, Darksiders and *gag* Bayonetta at the mo for 200. Just saying, like.",18912889,"to retch, choke, or react with disgust or nausea",reaction,casual_conversation,false,
gag,7561039160,2010-01-09,@thetomwatts ive just read through some of your daily booth comments. mate groupies much? makes me gag,49942211,"to retch, choke, or react with disgust or nausea",reaction,casual_conversation,false,
gag,7561046774,2010-01-09,Gag I hate the last few days of break. They are the absolute worst. I hate saying goodbye and I hate running out of time.,27780283,"to retch, choke, or react with disgust or nausea",reaction,reaction,false,
gag,7561091518,2010-01-09,Bleh! Mom made biscuits! BISCUITS! INSTEAD OF OATMEAL. I HATE BISCUITS. THEY MAKE ME GAG.,44743452,"to retch, choke, or react with disgust or nausea",reaction,reaction,false,
gag,7561124484,2010-01-09,Drinking straight Acai berry juice + Aloe juice *gag*nasty! Gummy vitamin chasers make everything better though.,23858276,"to retch, choke, or react with disgust or nausea",reaction,reaction,false,
gag,7696911409,2010-01-13,"Zangief + Vodka on a string = Best use of props for a victory in days. It's up there with the old ""Call Bison pretending to be the U.N."" gag",20340108,"to retch, choke, or react with disgust or nausea",reaction,reaction,false,
gag,7696926944,2010-01-13,Q:DO U GAG OR GO HARD A:UH..TH3 ?? iiS DO U GAGA OR SWALLOW..NOW T3LL M3 PL3AS3... http://formspring.me/SAVAG3WAKAROS3/q/39916409,29343705,"to retch, choke, or react with disgust or nausea",reaction,article_sharing,false,
gag,7696975213,2010-01-13,*gag* i grabbed a bowl of cereal poured the milk took a bite and found out it was rotten milk! :(((,88107760,"to retch, choke, or react with disgust or nausea",reaction,reaction,false,
gag,7696991396,2010-01-13,Gag reflex out of control today. Sigh.,33798298,"to retch, choke, or react with disgust or nausea",reaction,self_description,false,
gag,7697013858,2010-01-13,http://www.youtube.com/watch?v=CNTIomdAGVw&feature=PlayList&p=28E966A6595EAADA&index=42 &lt;------That Seriously made me gag,57753015,"to retch, choke, or react with disgust or nausea",reaction,article_sharing,false,
gag,7697021318,2010-01-13,"Watching American Idol... omg LoL first winner had a genuine sweetness about her and could sing! Others so far are ""wailers"" gag",16843404,"to retch, choke, or react with disgust or nausea",reaction,reaction,false,
gag,7697025269,2010-01-13,RT @madreoso: @bookieboo Watching Jillian try to eat Taco Bell was hilarious.  I really thought she was going to gag. #biggestloser,35129696,"to retch, choke, or react with disgust or nausea",reaction,casual_conversation,false,
gag,7697054275,2010-01-13,@aryobimob mo ntn konser king of confrence gag?,52672763,"to retch, choke, or react with disgust or nausea",reaction,casual_conversation,false,
gag,7697139552,2010-01-13,The people mover ride to my car was priceless after Lady Gag.,17224082,"to retch, choke, or react with disgust or nausea",reaction,reaction,false,
gag,7697178951,2010-01-13,@Jfavreau Lady Gag? Was the A slip deliberate? ;),27569483,"to retch, choke, or react with disgust or nausea",reaction,casual_conversation,false,
gag,7942342034,2010-01-19,One Time Trash Can: One Time Trash Can http://9gag.com/gag/5536,59226841,"to retch, choke, or react with disgust or nausea",reaction,article_sharing,false,
gag,7942550551,2010-01-19,#9: Pipedreams Open Mouth Gag http://url4.eu/1ADca,72273404,"to retch, choke, or react with disgust or nausea",reaction,advertising_spam,false,Sex-product promo/listing.
gag,7942550599,2010-01-19,#9: Pipedreams Open Mouth Gag http://url4.eu/1ADcc,103267895,"to retch, choke, or react with disgust or nausea",reaction,advertising_spam,false,Sex-product promo/listing.
gag,7942733562,2010-01-19,gonna wtch just for laughs gag asia ltr!!,83173100,"to retch, choke, or react with disgust or nausea",reaction,reaction,false,
gag,7942858459,2010-01-19,@Kingofstuff Weetabix makes me gag - ipso facto gazebo,38289643,"to retch, choke, or react with disgust or nausea",reaction,casual_conversation,false,
gag,7942970301,2010-01-19,@brocklehurst.  gold and sullivan at whu. thoughts? i think a good thing. new meaning to blowing bubbles (get the porno gag in early),55021201,"to retch, choke, or react with disgust or nausea",reaction,casual_conversation,false,
gag,7942980830,2010-01-19,BACONNAISE!! Will try it live on the show but the smell made me gag. Contains no real bacon. Kosher & vegetarian. http://twitpic.com/ys9kk,26588851,"to retch, choke, or react with disgust or nausea",reaction,article_sharing,false,
gag,7943020283,2010-01-19,"damn derby manchester gag disiarin -,-",85834516,"to retch, choke, or react with disgust or nausea",reaction,reaction,false,
gag,7943119934,2010-01-19,woke up not feelin to well. *kanye shrug* nausea & feeln like some1 is sitting on my gag reflex. not goin in to work. :\ hate missin $,24311603,"to retch, choke, or react with disgust or nausea",reaction,self_description,false,
gag,7943189595,2010-01-19,More snow!  GAG!,16271968,"to retch, choke, or react with disgust or nausea",reaction,reaction,false,
gag,8140270197,2010-01-24,Gag niat bel bind T.T,44317104,"to retch, choke, or react with disgust or nausea",reaction,reaction,false,
gag,8140276343,2010-01-24,Juicy couture makes me gag ! ugh . leave it to the childeren .,19252105,"to retch, choke, or react with disgust or nausea",reaction,reaction,false,
gag,8140302704,2010-01-24,@aSaladADay @Katrinabtw made me gag a little. lol,52241460,"to retch, choke, or react with disgust or nausea",reaction,self_description,false,
gag,8140370865,2010-01-24,@rezzhogg707 it was so nasty it was making me gag. But damn I love em! Especially the ones that snap when I bite em!,49887581,"to retch, choke, or react with disgust or nausea",reaction,self_description,false,
gag,8140394865,2010-01-24,@DdubsMizFit Good idea. I rubbed foot cream on my hubby's feet tonight. LOL. I'm trying to be a good wife even tho I hate feet. GAG.,24141514,"to retch, choke, or react with disgust or nausea",reaction,casual_conversation,false,
gag,8140509192,2010-01-24,@AsiaAje lol what she sed? she gonna gag wen i go with u to her house,88716609,"to retch, choke, or react with disgust or nausea",reaction,casual_conversation,false,
gag,8140532573,2010-01-24,@imready4u LOL i luv all kinds of music. well almost.lol and yes i luv country but i cant stand Carrie Underwood.. gag me....LOL,18064325,"to retch, choke, or react with disgust or nausea",reaction,casual_conversation,false,
gag,8140549753,2010-01-24,@AmiraAzmir i need your information soon please.gag bsa nonton lagi. .,42340348,"to retch, choke, or react with disgust or nausea",reaction,casual_conversation,false,
gag,8140569205,2010-01-24,"@mklprc Conan said on the show that all those expensive gag sketches were just jokes, I believe him.",18600212,"to retch, choke, or react with disgust or nausea",reaction,casual_conversation,false,
gag,8140626461,2010-01-24,"@sam_urmy want to make? RT @kpich: ""Those new to it will usually gag involuntarily...due to the high ammonia content."" http://bit.ly/9oazl",18547787,"to retch, choke, or react with disgust or nausea",reaction,advertising_spam,false,Sex-product promo/listing.
gag,9092177771,2010-02-14,"""If it happens right now, I don't think I would gag."" - Party Slogan",20198864,"to retch, choke, or react with disgust or nausea",reaction,reaction,false,
gag,9092307756,2010-02-14,"film favorite romantic yg gag pernah bosen romeo and julliett,titanic my fav film and my husband 4ever. .",97609419,"to retch, choke, or react with disgust or nausea",reaction,reaction,false,
gag,9092359472,2010-02-14,home and away valentines week? gag me.,23913568,"to retch, choke, or react with disgust or nausea",reaction,reaction,false,
gag,9092551601,2010-02-14,"I have no idea what to do today that costs no money, maybe I could gag the kids and have a peaceful day indoors!",35708362,"to retch, choke, or react with disgust or nausea",reaction,reaction,false,
gag,9092588160,2010-02-14,@DenzelSnipes1 awwwww just for me?  lol *gag*,25239749,"to retch, choke, or react with disgust or nausea",reaction,casual_conversation,true,Irony audit: lol *gag* is performative mock disgust.
gag,9092598930,2010-02-14,hadoohh.. gag bs tidurr !! huhh http://myloc.me/3OjfY,99245559,"to retch, choke, or react with disgust or nausea",reaction,reaction,false,
gag,9092652141,2010-02-14,@InAMusicBox but not as bad as anthony! Triple quad gag!,22698974,"to retch, choke, or react with disgust or nausea",reaction,casual_conversation,false,
gag,9092653913,2010-02-14,"RT @jproduction: ""Just don't gag on my banana, we can get this show on the road"".. LOL! LMAO!!! He kills me in this movie LOL",26303361,"to retch, choke, or react with disgust or nausea",reaction,sexual_context,false,
gag,9092748623,2010-02-14,I'm looking for a Valentine...and by Valentine I mean a girl with no gag reflex. Climb on up but honey watch the cup!,112001207,"to retch, choke, or react with disgust or nausea",reaction,sexual_context,false,
gag,9092905535,2010-02-14,@toadmeister Is the Valentine's piece supposed to end mid-sentence or have I missed a gag?,20513161,"to retch, choke, or react with disgust or nausea",reaction,casual_conversation,false,
gag,9261985880,2010-02-18,eeewwww thats all i have to say is Ewww...this dude makes me wanna gag.,28247150,"to retch, choke, or react with disgust or nausea",reaction,reaction,false,
gag,9262046629,2010-02-18,ewww. that just made me gag ! nasty little qirlss #smh,70045013,"to retch, choke, or react with disgust or nausea",reaction,self_description,false,
gag,9262215444,2010-02-18,"@chrilliams3 No, I like to know mines history..cuz u wouldnt want ur particular person to have a bf...#GAG",35646496,"to retch, choke, or react with disgust or nausea",reaction,casual_conversation,false,
gag,9262235739,2010-02-18,RT @PrettyPaid_Tash: #Confession I'm Not Attracted 2 White Boys YOCK!||  SON have You nOticeD They All havee this 1  distinctivE smell!?#gag,100384906,"to retch, choke, or react with disgust or nausea",reaction,casual_conversation,false,
gag,9262275258,2010-02-18,How did you like the Gag comic of the week feature?,20694704,"to retch, choke, or react with disgust or nausea",reaction,reaction,false,
gag,9262317261,2010-02-18,"I'm hurling snotty post neti pot tissues at anyone who claims to ""LOVE the Neti Pot"" Sure I'll use it and it kind of works but GAG GAG GAG",7598112,"to retch, choke, or react with disgust or nausea",reaction,reaction,false,
gag,9262347160,2010-02-18,Seriously allergic to B.s....Isht makes my skin crawl and my mouth gag up nasty words....,24390331,"to retch, choke, or react with disgust or nausea",reaction,reaction,false,
gag,9262360639,2010-02-18,"I gag on one when I eat these damn things. I can't imagine scarfing them down. I like to eat, but eating contests are like a train wreck.",42135031,"to retch, choke, or react with disgust or nausea",reaction,reaction,false,
gag,9262364112,2010-02-18,"(708): 
so my doctor just swabbed my throat, and he looked up in suprise when i had no gag reflex. yea, he just judged me.",27974349,"to retch, choke, or react with disgust or nausea",reaction,sexual_context,false,
gag,9262393868,2010-02-18,Gag sabar Lead @J-ROCKS1SPIRIT . .,70894625,"to retch, choke, or react with disgust or nausea",reaction,casual_conversation,false,
gag,9555654124,2010-02-24,@Merky_J GAG! I should not have asked!,32308333,"to retch, choke, or react with disgust or nausea",reaction,casual_conversation,false,
gag,9555722291,2010-02-24,RT @gieakalilmickee: -&gt; All this wedding planning thing is making me gag! Cual weeding??? LOL,71133717,"to retch, choke, or react with disgust or nausea",reaction,self_description,true,Irony audit: making me gag ... LOL is comic exaggeration.
gag,9555781253,2010-02-24,"@fundrummerchick Hugs! Here's a gag for ya: ""I was shooting pool the other day. All the water ran out the bullet holes.""",90393203,"to retch, choke, or react with disgust or nausea",reaction,casual_conversation,false,
gag,9555814950,2010-02-24,Buy Cheap Mr-S-Leather Leather O-Ring Gag with Locking Buckle http://bit.ly/bqZVVL,95492413,"to retch, choke, or react with disgust or nausea",reaction,advertising_spam,false,Sex-product promo/listing.
gag,9555870606,2010-02-24,alrite now @tyronebeckford u gonna gag,37710443,"to retch, choke, or react with disgust or nausea",reaction,casual_conversation,false,
gag,9555906200,2010-02-24,"@maddow the popcorn gag was CLASSIC, better than frickin SNL!!!",41488780,"to retch, choke, or react with disgust or nausea",reaction,casual_conversation,false,
gag,9555912116,2010-02-24,"@pontlliw1 http://www.comedycentral.co.uk/videos/67115 There is some rude bits in the video, but the Welsh flag gag is in there too.",19566945,"to retch, choke, or react with disgust or nausea",reaction,casual_conversation,false,
gag,9556049723,2010-02-24,My stomach is like a wet paper bag and the smell of food AINT helpin'... *GAG*,62046607,"to retch, choke, or react with disgust or nausea",reaction,reaction,false,
gag,9556093605,2010-02-24,This is like the 8th time he has came in here to talk to me. Gag!,79847540,"to retch, choke, or react with disgust or nausea",reaction,reaction,false,
gag,9556095975,2010-02-24,"So these chicks from tonight are kinda lame, but I still gotta respect them for my boy... I really just wanna rape them and gag them 2 sleep",103894020,"to retch, choke, or react with disgust or nausea",reaction,reaction,false,
gag,10395172706,2010-03-12,@ating23 @nickcheltenham fucking gag!! Stop the lovey talk please ladies!!,30728754,"to retch, choke, or react with disgust or nausea",reaction,casual_conversation,false,
gag,10395181631,2010-03-12,"On last #uktrain from Bradford to home. Been to see @daraobriain. Fantastically funny, I am now a nerd for laughing at the homeopathy gag!",69063871,"to retch, choke, or react with disgust or nausea",reaction,casual_conversation,false,
gag,10395198396,2010-03-12,Sitting on a warm toilet seat is gag inducing....,65450336,"to retch, choke, or react with disgust or nausea",reaction,reaction,false,
gag,10395212044,2010-03-12,Mark Thompson preparing for Paxman: one for the weekend (video gag circulating around the BBC) | Beehive City http://is.gd/amAR5 #save6music,19974156,"to retch, choke, or react with disgust or nausea",reaction,reaction,false,
gag,10395337919,2010-03-12,@SoupBowlerChris You just made me gag,22646117,"to retch, choke, or react with disgust or nausea",reaction,self_description,false,
gag,10395367164,2010-03-12,@LuvAdmireBieber I KNOW it makes me gag 2 think about it!!!,107517943,"to retch, choke, or react with disgust or nausea",reaction,casual_conversation,false,
gag,10395464020,2010-03-12,"In the end, everything is a gag. ~ Charlie Chaplin #quote",22037957,"to retch, choke, or react with disgust or nausea",reaction,reaction,false,
gag,10395476778,2010-03-12,"De madrugada no Max Prime (e): 03:00 ""Alexis Love and Friends""! - www.tva.com.br/GAG",69431276,"to retch, choke, or react with disgust or nausea",reaction,reaction,false,
gag,10395491727,2010-03-12,The traffic in north loop and zaragoza tryin to get into ranch market is horrendous!!! GAG!,26315258,"to retch, choke, or react with disgust or nausea",reaction,reaction,false,
gag,10395550090,2010-03-12,im trying not to gag on the worst fajitas...ever!,25286745,"to retch, choke, or react with disgust or nausea",reaction,reaction,false,
gag,11170817342,2010-03-28,Justin Bieber on the Kids Choice Awards. Gag.,17147249,"to retch, choke, or react with disgust or nausea",reaction,reaction,false,
gag,11170821361,2010-03-28,OMG Justin Bieber in HD!  Gag!,37305693,"to retch, choke, or react with disgust or nausea",reaction,reaction,false,
gag,11170934036,2010-03-28,New Whoopee Whoopie Novelty Gag Fart Cushion Bag Joke | Fart ...: US $0.99 (0 Bid) End Date: Sunday Mar-28-2010 9:... http://bit.ly/dkUtvq,121205183,"to retch, choke, or react with disgust or nausea",reaction,advertising_spam,false,Sex-product promo/listing.
gag,11170967831,2010-03-28,This makes up entirely for how stupid the ending was. I have a whole new perspective on this show as a gag comedy! *laughs maniacally*,60780206,"to retch, choke, or react with disgust or nausea",reaction,reaction,false,
gag,11170970574,2010-03-28,I think after Breaking Dawn (*shudder*gag*shudder*) there should be a movie solely about the Cullens BB...before Bella. Maybe just  J&A?,4655571,"to retch, choke, or react with disgust or nausea",reaction,reaction,false,
gag,11171024035,2010-03-28,Omgsh...gag moment...blah..,37800762,"to retch, choke, or react with disgust or nausea",reaction,reaction,false,
gag,11171034052,2010-03-28,There's definitely a gag there somewhere but I'm fucked if I can find it. Nighty night.,25489184,"to retch, choke, or react with disgust or nausea",reaction,reaction,false,
gag,11171173358,2010-03-28,@Wizzy_13: gosh worst choice ever gag me!!!!,91876629,"to retch, choke, or react with disgust or nausea",reaction,casual_conversation,false,
gag,11171177269,2010-03-28,You: You http://9gag.com/gag/16837,59226841,"to retch, choke, or react with disgust or nausea",reaction,article_sharing,false,
gag,11171178080,2010-03-28,I am a Carrot: I am a Carrot http://9gag.com/gag/20050,59226841,"to retch, choke, or react with disgust or nausea",reaction,article_sharing,false,
gag,11289921824,2010-03-30,@simplydely Hunnnii please!! ii dnt have to wait in line. ii strut pass in my 7 inch heels like a rockstar while yu children GAG!!,28455122,"to retch, choke, or react with disgust or nausea",reaction,casual_conversation,false,
gag,11289974267,2010-03-30,@shottaz13unc that's a gag gift from a RI fan trying give you the splats before the game,30060259,"to retch, choke, or react with disgust or nausea",reaction,humor,false,
gag,11290008475,2010-03-30,@MEazyVA I'm issuing a gag order. U R to never mention it again. The only time it's open 4 discussion is if the other party mentions it. ☺,33610615,"to retch, choke, or react with disgust or nausea",reaction,casual_conversation,false,
gag,11290049732,2010-03-30,NATE AND SERENA NEVER FAIL AT MAKING ME GAG,18221143,"to retch, choke, or react with disgust or nausea",reaction,self_description,false,
gag,11290108552,2010-03-30,gag...biology midterm tomorrow xP,114051583,"to retch, choke, or react with disgust or nausea",reaction,reaction,false,
gag,11290179704,2010-03-30,i love a chick that has no gag reflex #twitterafterdark,39567597,"to retch, choke, or react with disgust or nausea",reaction,sexual_context,false,
gag,11290187308,2010-03-30,Fartin silent and leavin tha crowd and watch everybody gag !! #lol,117539528,"to retch, choke, or react with disgust or nausea",reaction,reaction,false,
gag,11290207589,2010-03-30,@ebertchicago http://twitpic.com/1bw1i0 - Classy! *gag*,15538146,"to retch, choke, or react with disgust or nausea",reaction,article_sharing,false,
gag,11290273578,2010-03-30,"@ohmylindsey Enough people to make it worth manufacturing? XD It would make a good gag gift, anyway. XD",42963951,"to retch, choke, or react with disgust or nausea",reaction,humor,false,
gag,11290280647,2010-03-30,Use Coupon code CJ10 to save on bachelorette party supplies and gag gifts. http://cli.gs/mGjaD,26193924,"to retch, choke, or react with disgust or nausea",reaction,humor,false,
gag,12264183628,2010-04-16,I hate niggass that look tall and big.on their user pics and you see them and theyre some short ass little cunts. #gag,15967621,"to retch, choke, or react with disgust or nausea",reaction,reaction,false,
gag,12264185509,2010-04-16,Gag! Lol RT @chichi_05 @juskrystallynn lol idk bout the rest of em but I like mine!!!! But luckly I dint search for him he found me!! :-),96610078,"to retch, choke, or react with disgust or nausea",reaction,casual_conversation,false,
gag,12264279082,2010-04-16,RT @raul_alex: I hate niggass that look tall and big.on their user pics and you see them and theyre some short ass little cunts. #gag,30114643,"to retch, choke, or react with disgust or nausea",reaction,casual_conversation,false,
gag,12264304744,2010-04-16,"I'll blame it on you being a mother, and only liking him because of your nurturing nature, otherwise you have a problem *gag* @kimberleeeJ",64925184,"to retch, choke, or react with disgust or nausea",reaction,casual_conversation,false,
gag,12264320976,2010-04-16,bye gotta freakin finish my essay...wat a gag,67120073,"to retch, choke, or react with disgust or nausea",reaction,reaction,false,
gag,12264446375,2010-04-16,@seeseee gag ada conection se :(,78600225,"to retch, choke, or react with disgust or nausea",reaction,casual_conversation,false,
gag,12264446613,2010-04-16,Ugh. *shudder/gag* Just saw KFC's new commercial for their really huge chicken sandwich with no bun. Ugh. D I S G U S T I N G !!!,78162645,"to retch, choke, or react with disgust or nausea",reaction,reaction,false,
gag,12264509875,2010-04-16,Shocking Digital Camera Adult Prank Gift Trick Gag Toy http://goo.gl/fb/ySeNW,83827790,"to retch, choke, or react with disgust or nausea",reaction,reaction,false,
gag,12264581994,2010-04-16,Gag sacking colon minge,131112116,"to retch, choke, or react with disgust or nausea",reaction,reaction,false,
gag,12264604006,2010-04-16,@thebreg I shall be a country MAIDEN and run free through the fields hoping to bump into the local gentry -gag- So Mills & Boon!,116354083,"to retch, choke, or react with disgust or nausea",reaction,casual_conversation,false,
gag,12624020243,2010-04-22,"When addressing me do not say things like ""what's the tea, that gag, miss thing,hiyah, or yes ma'am"" I am royalty address me as such",21817443,"to retch, choke, or react with disgust or nausea",reaction,reaction,false,
gag,12624049007,2010-04-22,@LondonBranNu gag.com,28072111,"to retch, choke, or react with disgust or nausea",reaction,casual_conversation,false,
gag,12624090403,2010-04-22,ewww;; i know---&gt; i just cant imagine how ur oovoo screen looking. *gross gacde && gag* @the_Perfect_4th,36711588,"to retch, choke, or react with disgust or nausea",reaction,casual_conversation,false,
gag,12624160037,2010-04-22,am i tha only one that gag on a banana...juss curious lol,115589309,"to retch, choke, or react with disgust or nausea",reaction,sexual_context,false,
gag,12624188547,2010-04-22,Funny Invisible Man slimming cartoon. by Grant Wilson: Hello again. This Cartoon gag came to me when I was thinkin... http://bit.ly/cx3xdY,57013942,"to retch, choke, or react with disgust or nausea",reaction,advertising_spam,false,Sex-product promo/listing.
gag,12624188831,2010-04-22,Funny Invisible Man slimming cartoon. by Grant Wilson: Hello again. This Cartoon gag came to me when I was think... http://twurl.nl/6fm7wb,89916950,"to retch, choke, or react with disgust or nausea",reaction,reaction,false,
gag,12624369305,2010-04-22,"@LoriJY sounds more like he's pimping himself, gag, anybody got a rope?",76022315,"to retch, choke, or react with disgust or nausea",reaction,casual_conversation,false,
gag,12624408779,2010-04-22,The ghost writer baguss gag ? Thx,53403927,"to retch, choke, or react with disgust or nausea",reaction,reaction,false,
gag,12624431957,2010-04-22,"Girl that puked in red room @redroomtavern bathroom, fuck you. My gag reflxes also say fuck you. &lt;3 meg",21632797,"to retch, choke, or react with disgust or nausea",reaction,casual_conversation,false,
gag,12624465752,2010-04-22,"Onion, carrot, beets, and celery. #powerjuicer em together and its supposed 2 taste like what?! #gAg",109712329,"to retch, choke, or react with disgust or nausea",reaction,reaction,false,
gag,12658436120,2010-04-22,Much more dull than last week. Because we haven't got Alistair Stewart being hysterical? Or did Gordon's sack his gag writer? #leadersdebate,82567257,"to retch, choke, or react with disgust or nausea",reaction,reaction,false,
gag,12658519181,2010-04-22,@vivmondo I tweeted the same Kraftwerk gag last week. And know of one other person who came up with it independently...,14810827,"to retch, choke, or react with disgust or nausea",reaction,casual_conversation,false,
gag,12658571242,2010-04-22,"@CoCojnL Weirdos LOL. Seriously, that's really sweet. Awwwwwe! #gag",48184833,"to retch, choke, or react with disgust or nausea",reaction,casual_conversation,false,
gag,12658608416,2010-04-22,@KarenJunkie LOL I think no but lady gag wtf really  http://myloc.me/6ivbK,125379052,"to retch, choke, or react with disgust or nausea",reaction,casual_conversation,false,
gag,12658621029,2010-04-22,"@jeffzugale I figure you could make good use out of this, with your new acquisition! http://9gag.com/gag/21214/",16726282,"to retch, choke, or react with disgust or nausea",reaction,article_sharing,false,
gag,12658668168,2010-04-22,Kraftwerk gig gag funny last week. Less funny the second time. #leadersdebate,37020193,"to retch, choke, or react with disgust or nausea",reaction,reaction,false,
gag,12658698299,2010-04-22,@charltonbrooker Credit where credit is due - @philviles cracked the Kraftwerk gig gag last week.,37792278,"to retch, choke, or react with disgust or nausea",reaction,casual_conversation,false,
gag,12658717324,2010-04-22,"RT @Dessymakeu_Gag: RT @YBREAKHEARTS_LU: RT @tynishakeli: : ( Kinda miss him... *sigh* ...Oh well, Back to reality!",26753571,"to retch, choke, or react with disgust or nausea",reaction,casual_conversation,false,
gag,12658765795,2010-04-22,"@jemimah_knight There HAS to be a street music gag.  HAS to be.  It's a very hard story to get right-- sad, funny, surreal, ambiguous",32487867,"to retch, choke, or react with disgust or nausea",reaction,casual_conversation,false,
gag,12658768446,2010-04-22,"David, when you make a gag, wait a second for the laugh #leadersdebate",9049702,"to retch, choke, or react with disgust or nausea",reaction,reaction,false,
gag,12794011847,2010-04-25,No gag reflex  #InstantTurnOns,25489313,"to retch, choke, or react with disgust or nausea",reaction,sexual_context,false,
gag,12794134169,2010-04-25,"@ibeatcancrtwice @Turban_Diva didn't work at all. Can't get off the couch & the phenergan doesn't want to work, gag;(",91409301,"to retch, choke, or react with disgust or nausea",reaction,casual_conversation,false,
gag,12794158824,2010-04-25,Do i need 2 dm some1 to get u straight? #blangos RT @LoveMusicLife85 *gag* lol RT @Aijuswanadance,24341913,"to retch, choke, or react with disgust or nausea",reaction,casual_conversation,false,
gag,12794307254,2010-04-25,@Dessymakeu_Gag tuhhhhhh the nerve of u but I feel asleep,92384224,"to retch, choke, or react with disgust or nausea",reaction,casual_conversation,false,
gag,12794374933,2010-04-25,gag me with a spoon,20657492,"to retch, choke, or react with disgust or nausea",reaction,reaction,false,
gag,12794470841,2010-04-25,@krittabug I also hate shots. they make me gag. except tequilla. with training wheels of course,19628775,"to retch, choke, or react with disgust or nausea",reaction,casual_conversation,false,
gag,12794478028,2010-04-25,Judas Priest Ottawa. Don't gag it away after coming all the way back.,19390940,"to retch, choke, or react with disgust or nausea",reaction,reaction,false,
gag,12794544717,2010-04-25,girl i gotta squeeze my left hand so i have no gag reflex RT @sexidance:  jesus blessed u without a gag relfex too?? HES A GOOD PRAISE HIM.,24420612,"to retch, choke, or react with disgust or nausea",reaction,sexual_context,false,
gag,12794578337,2010-04-25,"@roughgods both true, but what would the leather gag be?",73580881,"to retch, choke, or react with disgust or nausea",reaction,casual_conversation,false,
gag,12794691140,2010-04-25,The girls are going to gag when yet get here there is NOOOO parking,96597680,"to retch, choke, or react with disgust or nausea",reaction,reaction,false,
gag,12822692969,2010-04-25,"oh really? RT @RachmaLiadewi: HEH bocah, they're not the reaL one. okayy!! RT @atikakiku: ad kibum gag td? RT @RachmaLiadewi",123418495,"to retch, choke, or react with disgust or nausea",reaction,casual_conversation,false,
gag,12822709669,2010-04-25,RT @Funny_Gag - Adventure Comedy Movies » Blog Archive » Bored to Death is a Great ... http://bit.ly/cwfWte,43954224,"to retch, choke, or react with disgust or nausea",reaction,advertising_spam,false,Sex-product promo/listing.
gag,12822771263,2010-04-25,"@AugustaGolfGirl lots of good gifts, and one gag gift i could have done without, lol",18653288,"to retch, choke, or react with disgust or nausea",reaction,humor,false,
gag,12822803954,2010-04-25,New video: Period gag fail! http://bit.ly/cAjWSg,73251943,"to retch, choke, or react with disgust or nausea",reaction,advertising_spam,false,Sex-product promo/listing.
gag,12822872228,2010-04-25,"@KEBO1TEM gag kug nda,.. I'm still in your heart,... preeett,...",132108088,"to retch, choke, or react with disgust or nausea",reaction,casual_conversation,false,
gag,12822933445,2010-04-25,RT @SamanthaSL: @ordinal Have you seen the Google Annotations Gallery? (I somehow missed it on April 1st.) http://code.google.com/p/gag/,10253012,"to retch, choke, or react with disgust or nausea",reaction,casual_conversation,false,
gag,12822949881,2010-04-25,"try it.. want the link? RT @BieberlilLady:
@DonnaVisca LOL.gag enk nape??aahhhh,pgen karokean dee..",41633698,"to retch, choke, or react with disgust or nausea",reaction,casual_conversation,false,
gag,12823076868,2010-04-25,@makeitandmendit gag! Puts my ironing/tweeting interface in the shade -hope all heals and not too many tears,20529265,"to retch, choke, or react with disgust or nausea",reaction,casual_conversation,false,
gag,12823159494,2010-04-25,RT @jayden2paris: Omg I suddenly live for @TonyHaute @GottiRoyalStarr I miss my boos I think y'all suddenly have more time for me huh #gag,106219770,"to retch, choke, or react with disgust or nausea",reaction,casual_conversation,false,
gag,12823273818,2010-04-25,i'm so happy today..hm..^^ apa wkt gag bs d ulank ??ha?RT @riritantrisofan,83962781,"to retch, choke, or react with disgust or nausea",reaction,casual_conversation,false,
gag,12963493812,2010-04-27,all i can remember is 3 years ago when @LissaMaticneedstocomeback gave him 23 boxes of cereal for his bday as a gag gift,114852755,"to retch, choke, or react with disgust or nausea",reaction,humor,false,
gag,12963523789,2010-04-27,"Lmfaooo, I Jus Heard The Funniest Sh!t, Certain Rappers Got A 'Gag Order' Placed On Em For False Promoting A Reunion Album Lmaooo I Told You",25863189,"to retch, choke, or react with disgust or nausea",reaction,reaction,false,
gag,12963548743,2010-04-27,@Xaviur_October's account is temporarily unavailable because it violates the Twitter Media Policy. Learn more.,25429077,"to retch, choke, or react with disgust or nausea",reaction,casual_conversation,false,
gag,12963562215,2010-04-27,@HEAVYweightLUVN naw that was just a running gag! Lol!,26529669,"to retch, choke, or react with disgust or nausea",reaction,casual_conversation,false,
gag,12963600057,2010-04-27,"RT @MayhemSAS: Lmfaooo, I Jus Heard The Funniest Sh!t, Certain Rappers Got A 'Gag Order' Placed On Em For False (cont) http://tl.gd/123gm5",87037842,"to retch, choke, or react with disgust or nausea",reaction,casual_conversation,false,
gag,12963682490,2010-04-27,@ShmileyRae17 I am not a failure person on Gag Buddy's account.,97114989,"to retch, choke, or react with disgust or nausea",reaction,casual_conversation,false,
gag,12963705826,2010-04-27,Wow am I the only one who thinks halal food is disgusting!? Everytime I smell it I gag.,66777530,"to retch, choke, or react with disgust or nausea",reaction,reaction,false,
gag,12963714162,2010-04-27,Tsuru Rock Band Makes Animated Afro Tanaka Music Video: Masaharu Noritsuke's gag manga follows coming-of-age of Af... http://bit.ly/cwPZad,16501958,"to retch, choke, or react with disgust or nausea",reaction,advertising_spam,false,Sex-product promo/listing.
gag,12963784171,2010-04-27,Luz dat song alijandro ye lAdy gag,113987127,"to retch, choke, or react with disgust or nausea",reaction,reaction,false,
gag,12963808426,2010-04-27,please stop retweeting lady gag in my timeline .................,30342583,"to retch, choke, or react with disgust or nausea",reaction,reaction,false,
gag,13542185102,2010-05-07,@Bobby_Gunawan @Widya_P gag join gan??,45804624,"to retch, choke, or react with disgust or nausea",reaction,casual_conversation,false,
gag,13542245710,2010-05-07,RT @Mondoweiss: Israeli repression wave continues – Palestinian leader in Haifa detained; case placed under gag order - http://bit.ly/biww6x,46327787,"to retch, choke, or react with disgust or nausea",reaction,advertising_spam,false,Sex-product promo/listing.
gag,13542385980,2010-05-07,fat bitch is currently standing next to me ; GAG !,53294505,"to retch, choke, or react with disgust or nausea",reaction,reaction,false,
gag,13542465109,2010-05-07,"@Justephanie ahh gag ahh, toblerone... Weqz!",89852512,"to retch, choke, or react with disgust or nausea",reaction,casual_conversation,false,
gag,13542496736,2010-05-07,"@janetwillfrid : little sister,km gag les yaa??? http://myloc.me/6NE5l",78268462,"to retch, choke, or react with disgust or nausea",reaction,casual_conversation,false,
gag,13542607984,2010-05-07,@MissBlaqDiamond ARGH! EEEEUW! GAG! cosign #howtomakememad play that idiot Jason Derulo! He makes me want to vomit.,26866535,"to retch, choke, or react with disgust or nausea",reaction,casual_conversation,false,
gag,13542623079,2010-05-07,"""Gag order"" in the Susan Cox Powell case? - ABC 4: http://bit.ly/dwUHAH",49145912,"to retch, choke, or react with disgust or nausea",reaction,advertising_spam,false,Sex-product promo/listing.
gag,13542783455,2010-05-07,"RT @tvdnews: BTW, non-spoilery info from the live-tweet, there will definitely be a gag reel on the Vampire Diaries DVD.",92765484,"to retch, choke, or react with disgust or nausea",reaction,humor,false,
gag,13542881922,2010-05-07,"@andrew_mulligan ha ha, i'm picturing you all made up 15 years older. There could be a gag in this. @naly_d",19752259,"to retch, choke, or react with disgust or nausea",reaction,casual_conversation,false,
gag,13542908163,2010-05-07,@elliexnoduh hahahaha. i'm not coming. i'll straight up gag.,60370261,"to retch, choke, or react with disgust or nausea",reaction,casual_conversation,false,
gag,14156180667,2010-05-17,Gag watching the odyssey for english class,22084007,"to retch, choke, or react with disgust or nausea",reaction,reaction,false,
gag,14156231263,2010-05-17,"My co-worker is getting a sandwich w/ egg, swiss, mushroom, mayo, mustard, lettuce, onion, tomato, and EXTRA pickle! Too much stuff *gag*",50444968,"to retch, choke, or react with disgust or nausea",reaction,reaction,false,
gag,14156233506,2010-05-17,http://free-gift.info/: Jingle Jugs Animatronic Singing Dancing Boobs - GAG Gifts http://is.gd/c6GLV,70065540,"to retch, choke, or react with disgust or nausea",reaction,humor,false,
gag,14156280522,2010-05-17,@laurenciabeby gag ingeeeeet. &gt;.&lt; baca dm!,30819653,"to retch, choke, or react with disgust or nausea",reaction,casual_conversation,false,
gag,14156311534,2010-05-17,Kk @PiaUtopia kx gag blz y?,117763183,"to retch, choke, or react with disgust or nausea",reaction,casual_conversation,false,
gag,14156369219,2010-05-17,Why do people wear florals?! I really don't like. I guess I'm not a 'nature' kinda guy. Ergh. *gag*,20787850,"to retch, choke, or react with disgust or nausea",reaction,reaction,false,
gag,14156481355,2010-05-17,@Tunasub_BG girl u gone gag,29489506,"to retch, choke, or react with disgust or nausea",reaction,casual_conversation,false,
gag,14156637754,2010-05-17,"is it my fault or what the heck? am i talking about you? hufh~ dunno what i hav 2say.. biar d bilang gag ngo jugaa d kiraa ngo.. zzz""",30819653,"to retch, choke, or react with disgust or nausea",reaction,reaction,false,
gag,14156663468,2010-05-17,RT @Tunasub_BG: I've never gag(anyway u take that) @BrandonCredible: @BG girl u gone gag .... #oop,32834104,"to retch, choke, or react with disgust or nausea",reaction,casual_conversation,false,
gag,14156747663,2010-05-17,"aduuuh.. gag usah k-pd'an deh... i'm not talking about you or with you, girl!",30819653,"to retch, choke, or react with disgust or nausea",reaction,reaction,false,
gag,15976878418,2010-06-12,"RT @yohjeppi: Okee, gag boleh negatif thinking (:",99336790,"to retch, choke, or react with disgust or nausea",reaction,casual_conversation,false,
gag,15976935541,2010-06-12,*GAG* RT @E_Cullen18: @celz29 *turns to you* did you see a vision with Bella and Jacob? @Edwards_Bella_,48365246,"to retch, choke, or react with disgust or nausea",reaction,casual_conversation,false,
gag,15976962299,2010-06-12,Y do ppl thank their boyffriends/girlfriends at grad that's so ew gag hahahha,68084873,"to retch, choke, or react with disgust or nausea",reaction,reaction,false,
gag,15976967755,2010-06-12,I just bit into the WRONG sushi roll. Only Americans would come up with something as horrid as a Philly roll.  GAG,136425585,"to retch, choke, or react with disgust or nausea",reaction,reaction,false,
gag,15977003300,2010-06-12,@chereeAmour I constantly gotta gag u wit sumthin cuz its 2 much 4 me 2 handle. Smart ass mouth,51682146,"to retch, choke, or react with disgust or nausea",reaction,casual_conversation,false,
gag,15977042963,2010-06-12,traveljackpot.com Sharon Discusses FOUL PWG and Royal Caribbean Cruise Lines Gag Order! Part 1 of .... http://bit.ly/8Zyi2x #travel #cruise,102890086,"to retch, choke, or react with disgust or nausea",reaction,advertising_spam,false,Sex-product promo/listing.
gag,15977072489,2010-06-12,"""Threw up on da dick...gag order""",35453647,"to retch, choke, or react with disgust or nausea",reaction,reaction,false,
gag,15977111351,2010-06-12,"My friends sister is blasting Justin beiber, I might gag. #fail #bulk @papiimark make candzice stop",74188258,"to retch, choke, or react with disgust or nausea",reaction,casual_conversation,false,
gag,15977195546,2010-06-12,"#wheniwaslittle iUsee to lovee bananas , now Theyy makee me gag .",153126088,"to retch, choke, or react with disgust or nausea",reaction,sexual_context,false,
gag,15977214283,2010-06-12,@KayyDubbs yeah.. it made me want to gag.,32816464,"to retch, choke, or react with disgust or nausea",reaction,casual_conversation,false,
gag,17407247038,2010-06-30,http://my.unotre.com/photo/supreme-gag (via my.@unotre),36704771,"to retch, choke, or react with disgust or nausea",reaction,casual_conversation,false,
gag,17407272583,2010-06-30,"Why hello, oatmeal bowl...we meet again. I. hate. you. (gag!)",77984585,"to retch, choke, or react with disgust or nausea",reaction,reaction,false,
gag,17407333090,2010-06-30,gag lah @kang_seo_ah @andreuzhyuuc   i know. . . you at home with olive. . . rite? *sotoy ria*,55195145,"to retch, choke, or react with disgust or nausea",reaction,casual_conversation,false,
gag,17407380772,2010-06-30,"Court rejects gag order for Ramon case
http://www.yeshabuletin.com",27940186,"to retch, choke, or react with disgust or nausea",reaction,reaction,false,
gag,17407501654,2010-06-30,Fucking gag me! Note to self: take the $50 parking ticket instead of risking getting towed! There goes my $175,35598858,"to retch, choke, or react with disgust or nausea",reaction,reaction,false,
gag,17407510926,2010-06-30,(@Pint_SizedVixen) Fucking gag me! Note to self: take the $50 parking ticket instead of risking getting towed! There goes my $175,37014535,"to retch, choke, or react with disgust or nausea",reaction,casual_conversation,false,
gag,17407573521,2010-06-30,Twilight's like soccer - http://9gag.com/gag/27878,5388102,"to retch, choke, or react with disgust or nausea",reaction,article_sharing,false,
gag,17407762667,2010-06-30,Serious political post http://9gag.com/gag/27833,42963,"to retch, choke, or react with disgust or nausea",reaction,article_sharing,false,
gag,17407765494,2010-06-30,"Doin the GaG? good to hear, me neither",34700723,"to retch, choke, or react with disgust or nausea",reaction,reaction,false,
gag,17407784609,2010-06-30,RT @gonzague: Twilight's like soccer - http://9gag.com/gag/27878,16393174,"to retch, choke, or react with disgust or nausea",reaction,article_sharing,false,
gag,19460230631,2010-07-25,"I love you.'  After spitting out the gag in her mouth, the half naked wife says: 'Dear, I'm so relieved you feel that way. You're right, he",153116348,"to retch, choke, or react with disgust or nausea",reaction,reaction,false,
gag,19460269386,2010-07-25,LMAO RT @IHeartTVD:OMG Paul drooling while shooting a scene..via gag reel #TVD,155750881,"to retch, choke, or react with disgust or nausea",reaction,humor,false,
gag,19460356661,2010-07-25,http://www.pornrage.com/videos.php?s=gag+on+it+2 - #free #porn #sex #tube for gag on it 2,124002677,"to retch, choke, or react with disgust or nausea",reaction,reaction,false,
gag,19460614658,2010-07-25,Gag me.,40589826,"to retch, choke, or react with disgust or nausea",reaction,reaction,false,
gag,19460838104,2010-07-25,@FenixStrong: 5.3 inches. You can put it in your mouth. You could never gag. &lt;-- :/,60423579,"to retch, choke, or react with disgust or nausea",reaction,casual_conversation,false,
gag,19460844205,2010-07-25,@margaretavania kpan ? today gw gag bs,98049078,"to retch, choke, or react with disgust or nausea",reaction,casual_conversation,false,
gag,19460849290,2010-07-25,@wravey I guess it&#039;s more of a visual gag. :D http://twitpic.com/28e1so,73019162,"to retch, choke, or react with disgust or nausea",reaction,article_sharing,false,
gag,19460882675,2010-07-25,Is a letter like this going to work? http://9gag.com/gag/20108/,14916696,"to retch, choke, or react with disgust or nausea",reaction,article_sharing,false,
gag,19460946327,2010-07-25,Sama!!! TOSS!! RT @BelZha_g0tH: @TauBoar :gag!!!! weq..... (tongue out),75767405,"to retch, choke, or react with disgust or nausea",reaction,casual_conversation,false,
gag,19461073523,2010-07-25,Playin chubby bunnie :O it makes me gag dood LOL,126492675,"to retch, choke, or react with disgust or nausea",reaction,reaction,false,
gag,19561058549,2010-07-26,Gag order needed: Neal Huntington.,20138775,"to retch, choke, or react with disgust or nausea",reaction,reaction,false,
gag,19561099778,2010-07-26,"RT @tonivdv: RT @old_sound: Now, this is a sex tape: http://9gag.com/gag/30005/",1524641,"to retch, choke, or react with disgust or nausea",reaction,article_sharing,false,
gag,19561132285,2010-07-26,looking at code I wrote almost a year ago. my gag reflex is working overtime. I sense some overtime coming to refactor this crap.,88499957,"to retch, choke, or react with disgust or nausea",reaction,self_description,false,
gag,19561145293,2010-07-26,"@Harper47 Yes! There's a couple vids of the gag reel, it's v. good. Can't wait to see it in better quality.",69052026,"to retch, choke, or react with disgust or nausea",reaction,humor,false,
gag,19561189918,2010-07-26,@OutOnPyrrole HEY! the gag reel we've all been waiting for!!,80977646,"to retch, choke, or react with disgust or nausea",reaction,humor,false,
gag,19561219492,2010-07-26,@DeanyBear have you watched the spn 5 gag reel? Misha is hilarious in it.,59701853,"to retch, choke, or react with disgust or nausea",reaction,humor,false,
gag,19561231117,2010-07-26,S5 gag reel = awesome. Can't stop watching!! :D :D :D,89538259,"to retch, choke, or react with disgust or nausea",reaction,humor,false,
gag,19561299368,2010-07-26,@arnautopik hv u watched The Good Shepard?? I really gag mudeng that movie @.@ haha,41457661,"to retch, choke, or react with disgust or nausea",reaction,casual_conversation,false,
gag,19561482581,2010-07-26,"two words that make me seriously gag ""infotainment"" and ""edutainment"" gah",699293,"to retch, choke, or react with disgust or nausea",reaction,reaction,false,
gag,19561516134,2010-07-26,@TiffanyDay you can always gag him,12258652,"to retch, choke, or react with disgust or nausea",reaction,casual_conversation,false,
gag,20420207669,2010-08-05,@8plus9 that blog was very disturbing. if a guy would do that he's obviously gay as fuck and has been gay as fuck since he was born *gag*,150359122,"to retch, choke, or react with disgust or nausea",reaction,casual_conversation,false,
gag,20420282342,2010-08-05,there is a special place in hell for people who wear excessive amounts of perfume/cologne to the gym. especially cheap perfume/cologne *gag*,16833482,"to retch, choke, or react with disgust or nausea",reaction,reaction,false,
gag,20420296232,2010-08-05,I posted a really offensive gag about the Yorkshire Ripper's victims. It shouldn't have been through their relatives letterboxes though..,18341444,"to retch, choke, or react with disgust or nausea",reaction,reaction,false,
gag,20420407670,2010-08-05,THAT'S WHAT SHE SAID: RT @PyrBliss Let's test out my gag reflex. Or lack of one.,12316952,"to retch, choke, or react with disgust or nausea",reaction,self_description,false,
gag,20420512637,2010-08-05,"If yu aint chokin, I aint strokin! If yu aint gaggin, I aint stabbin! Nd if yu don't have a NE gag reflexes then yu assed out! #RANDOM",102556989,"to retch, choke, or react with disgust or nausea",reaction,self_description,false,
gag,20420541773,2010-08-05,"RT @textsfrmlstnght: so my doctor just swabbed my throat, and he looked up in suprise when i had no gag reflex. yea, he just judged me.",43146050,"to retch, choke, or react with disgust or nausea",reaction,sexual_context,false,
gag,20420546373,2010-08-05,GAG #feet RT @scodal: my left toe is tickly,34952550,"to retch, choke, or react with disgust or nausea",reaction,casual_conversation,false,
gag,20420574768,2010-08-05,Articles of Significant Interest Selected from This Issue by the ...: The retroviral Gag protein plays a central r... http://bit.ly/cf0AqJ,67706378,"to retch, choke, or react with disgust or nausea",reaction,advertising_spam,false,Sex-product promo/listing.
gag,20420589375,2010-08-05,"I don't wanna think about it. TOO MUCH PUSSY! RT @Spicabear: I feel like I still taste ""Pink Pussy"" (mixed drink) from last night. *gag*",30596849,"to retch, choke, or react with disgust or nausea",reaction,casual_conversation,false,
gag,20420626505,2010-08-05,@mycherryMOON tryna act like Why Don't YOu was great cuz she had worked with GAG.,26191076,"to retch, choke, or react with disgust or nausea",reaction,casual_conversation,false,
gag,20619886184,2010-08-08,I went jogging this morning. Mum called me a running gag.,21270839,"to retch, choke, or react with disgust or nausea",reaction,reaction,false,
gag,20620099166,2010-08-08,"next time dmn lg? RT @HarlandChaniago: Next time ya,:D RT @NienAgstien: duch suebel gag liad @HarlandChaniago di hiphip http://mtw.tl/losljz",169756918,"to retch, choke, or react with disgust or nausea",reaction,casual_conversation,false,
gag,20620392123,2010-08-08,"Ginny, Hermione and Severus http://9gag.com/gag/31613 #9gag #fun",16548023,"to retch, choke, or react with disgust or nausea",reaction,article_sharing,false,
gag,20620392295,2010-08-08,Best Magician Ever http://9gag.com/gag/31610 #9gag #fun,16548023,"to retch, choke, or react with disgust or nausea",reaction,article_sharing,false,
gag,20620528164,2010-08-08,"RT @9gag: Ginny, Hermione and Severus http://9gag.com/gag/31613 #9gag #-fun",91308709,"to retch, choke, or react with disgust or nausea",reaction,article_sharing,false,
gag,20620764203,2010-08-08,I thought it was funny: European tourist making a face while trying to gag down an UKON hangover drink on Hon-Doori.,22732558,"to retch, choke, or react with disgust or nausea",reaction,reaction,false,
gag,20620787535,2010-08-08,@bam_heroic nope...I like her she nice but I don't love her..because I already have a GF.. Ak penasran -_- dy th sbenarny percya atau gag y?,141347338,"to retch, choke, or react with disgust or nausea",reaction,casual_conversation,false,
gag,20620790679,2010-08-08,Watching just for laugh(gag asia)...,69533642,"to retch, choke, or react with disgust or nausea",reaction,reaction,false,
gag,20621005761,2010-08-08,So sweet! http://9gag.com/gag/31327/,21466545,"to retch, choke, or react with disgust or nausea",reaction,article_sharing,false,
gag,20621221812,2010-08-08,"@WizzyWazzyWoo I'm exactly the same, the idea of drinking milk makes me gag:S",20162444,"to retch, choke, or react with disgust or nausea",reaction,casual_conversation,false,
gag,20738476945,2010-08-09,@pn8r I have no idea! I couldn't even ask &lt;gag&gt; Jello is the handiwork of the devil.,156311151,"to retch, choke, or react with disgust or nausea",reaction,casual_conversation,false,
gag,20738480435,2010-08-09,RT @normative: Hearing buzz that this infamous NSL gag order has just been lifted; keep yr eyes peeled. http://j.mp/cSIQzj,89714713,"to retch, choke, or react with disgust or nausea",reaction,casual_conversation,false,
gag,20738482275,2010-08-09,SRSLY gag me with a spoon! http://yfrog.com/n396447103p,23676719,"to retch, choke, or react with disgust or nausea",reaction,reaction,false,
gag,20738556569,2010-08-09,$840 million gag - get real that's only a weeks worth of interest needed to cover Gillard and Swann's mismanagement and waste.,113133281,"to retch, choke, or react with disgust or nausea",reaction,reaction,false,
gag,20738592495,2010-08-09,"""Gag reflex? Whats that?"" Lmao!!!!!!!!! #dead",30233021,"to retch, choke, or react with disgust or nausea",reaction,self_description,false,
gag,20738601406,2010-08-09,Agreed RT @JanetteVeronica: Cupcakin on facebook..... #gag,24995995,"to retch, choke, or react with disgust or nausea",reaction,casual_conversation,false,
gag,20738610720,2010-08-09,Sorry Heineken the gag is now old and tiresome. *NEXT!*   Heineken - The Tube http://ow.ly/2nd2E [video],14170236,"to retch, choke, or react with disgust or nausea",reaction,reaction,false,
gag,20738755814,2010-08-09,"Sometimes, I wish I had a gag reflex.",18299242,"to retch, choke, or react with disgust or nausea",reaction,self_description,false,
gag,20738771579,2010-08-09,Gag i have math at 730 in the morning:(,88091703,"to retch, choke, or react with disgust or nausea",reaction,reaction,false,
gag,20738774643,2010-08-09,hey i am chillen notice this location.secrecly u shuld gag  nnem out,41835336,"to retch, choke, or react with disgust or nausea",reaction,reaction,false,
gag,20916969938,2010-08-11,Don't start.....lol&gt;&gt;RT @RUDE_OFF Gag gaaaaaag GAG!! Lol RT @_prettysteph: @RUDE_OFF hey brother n law.....hahahahahahaha,36841432,"to retch, choke, or react with disgust or nausea",reaction,casual_conversation,false,
gag,20916990061,2010-08-11,"@Air_Rik you are right sir, the boys are a decent squad, #gag but QB to QB i'm takin romo as a backup in a fantasy draft",25430844,"to retch, choke, or react with disgust or nausea",reaction,casual_conversation,false,
gag,20917070634,2010-08-11,"I want to fuck totti's wife in the face as I am curious if her brain connects the gag reflex with biting, worth the risk",17040775,"to retch, choke, or react with disgust or nausea",reaction,self_description,false,
gag,20917122487,2010-08-11,@8C Which gag are you referring to?,68692042,"to retch, choke, or react with disgust or nausea",reaction,casual_conversation,false,
gag,20917195111,2010-08-11,"We made the duck pond /far/ too important, didn't we. It's a simple gag at most. #doctorwho #11thhour",3504411,"to retch, choke, or react with disgust or nausea",reaction,reaction,false,
gag,20917195474,2010-08-11,@MattEdwards83 You've done that gag before!!!! Boo!!!,19928995,"to retch, choke, or react with disgust or nausea",reaction,casual_conversation,false,
gag,20917200737,2010-08-11,I just heard the nastiest story that made me gag!,58504018,"to retch, choke, or react with disgust or nausea",reaction,self_description,false,
gag,20917202129,2010-08-11,Yg shawty let's go lu ada gag? RT @karanabea: #nowplaying JB - overbroad http://myloc.me/aqzZJ,83852704,"to retch, choke, or react with disgust or nausea",reaction,music_discussion,false,
gag,20917230231,2010-08-11,"That wasn't my gag (""Chomp, chomp, chomp!), by the way. I think National Lampoon came up with it.",15485272,"to retch, choke, or react with disgust or nausea",reaction,reaction,false,
gag,20917257668,2010-08-11,I'm not stuck in the past! Any reality show fanatic kno the shows usually put a gag order on participates til the show is abt 2 conclude...,35005290,"to retch, choke, or react with disgust or nausea",reaction,reaction,false,
gag,21334360808,2010-08-16,@Decorhate there is a political gag in there somwhere,18605725,"to retch, choke, or react with disgust or nausea",reaction,casual_conversation,false,
gag,21334473660,2010-08-16,"sure way to lose your appetite: seeing pictures of your husband's ex girlfriend who is now a ""hot bods"" bikini model. ::GAG::",17597168,"to retch, choke, or react with disgust or nausea",reaction,reaction,false,
gag,21334477009,2010-08-16,Male Social Rankings http://9gag.com/gag/32337,65614251,"to retch, choke, or react with disgust or nausea",reaction,article_sharing,false,
gag,21334516770,2010-08-16,One Tree Hill New Episde :: One Tree Hill S7 Gag Reel http://onetreehill.9rra.com/one-tree-hill/one-tree-hill-s7-gag-reel.html,138054491,"to retch, choke, or react with disgust or nausea",reaction,humor,false,
gag,21334519488,2010-08-16,"@FriendofUST Oh, I recall the ff review, in detail. Made me laugh and gag, all at the same time. xo ;-)",1395441,"to retch, choke, or react with disgust or nausea",reaction,casual_conversation,false,
gag,21334579440,2010-08-16,SEASON 7 GAG REEL http://www.youtube.com/watch?v=6uPCsUYJYk8 http://fb.me/F8LGQV4y,116793861,"to retch, choke, or react with disgust or nausea",reaction,article_sharing,false,
gag,21334584721,2010-08-16,"At WR Coffee next to two lovers great at inducing my out-of-practice gag reflexes and some chick who is either high, sleepy, or a zombie.",58523753,"to retch, choke, or react with disgust or nausea",reaction,self_description,false,
gag,21334599050,2010-08-16,RT @IncredibleSuit: Wayne Rooney cast as Lisbeth Salander! Didn't see that coming. http://bit.ly/dbVXcP [The original Rooney gag!],18905481,"to retch, choke, or react with disgust or nausea",reaction,advertising_spam,false,Sex-product promo/listing.
gag,21334616730,2010-08-16,Wake up Link: Wake up Link http://9gag.com/gag/32341,59226841,"to retch, choke, or react with disgust or nausea",reaction,article_sharing,false,
gag,21334616976,2010-08-16,If cluttered desk = cluttered mind...: If cluttered desk = cluttered mind... http://9gag.com/gag/32336,59226841,"to retch, choke, or react with disgust or nausea",reaction,article_sharing,false,
gag,22089980444,2010-08-25,"Wow...gag nahan..hahahahRT @EmiliooLee: NOW they're my guys, well its yours last year, so you? WATCH OUT and STOP po ... http://tmi.me/L0OB",130517386,"to retch, choke, or react with disgust or nausea",reaction,casual_conversation,false,
gag,22090093555,2010-08-25,@BlkPamAnderson1 sorry forgot u were pregnant. Did u gag?? lol,36507767,"to retch, choke, or react with disgust or nausea",reaction,casual_conversation,false,
gag,22090163956,2010-08-25,"you hear that?(crickets, crickets)that's the relaxing silence of day3 of the gag order the judge in clemens case put in place",17436250,"to retch, choke, or react with disgust or nausea",reaction,reaction,false,
gag,22090333747,2010-08-25,"@sleepingwaves There's an ongoing ""Neil's dad is gay"" gag, but this is someone else. See 13:50 in this vid = http://tiny.cc/gesw4",54763646,"to retch, choke, or react with disgust or nausea",reaction,casual_conversation,false,
gag,22090352413,2010-08-25,EXIT bentar ahh *gag penting,75136209,"to retch, choke, or react with disgust or nausea",reaction,reaction,false,
gag,22090399599,2010-08-25,"RT @RichardWiseman How about when the miners in Chile come up, we all hide as gag? // XD",87539634,"to retch, choke, or react with disgust or nausea",reaction,casual_conversation,false,
gag,22090451582,2010-08-25,Whole milk -___- gag,152051766,"to retch, choke, or react with disgust or nausea",reaction,reaction,false,
gag,22090494131,2010-08-25,Oh. My. God. GAG at the ending of last night's #Eastenders!,21118561,"to retch, choke, or react with disgust or nausea",reaction,reaction,false,
gag,22090579466,2010-08-25,KjhvFhjkjhgfdfgh RT @NattyROD: I just witnessed a grown man pick AND eat his booger. O_o. *gag,100583396,"to retch, choke, or react with disgust or nausea",reaction,casual_conversation,false,
gag,22090676057,2010-08-25,ugh. why must I feel like shit when I wake up? I feel so nauseous and sick. this gag reflex isn’t helping. http://tumblr.com/xysgop8pr,26815751,"to retch, choke, or react with disgust or nausea",reaction,self_description,false,
gag,22274524935,2010-08-27,"Prisons minister Crispin Blunt separated from Mrs & has ""decided to come to terms with his homosexuality"" ~ there's def a gag in there...",21448601,"to retch, choke, or react with disgust or nausea",reaction,reaction,false,
gag,22274542480,2010-08-27,"35 life hacks, some of them very useful http://9gag.com/gag/33455/",75945639,"to retch, choke, or react with disgust or nausea",reaction,article_sharing,false,
gag,22274561113,2010-08-27,The arrogance of some public servers makes me gag.,63247031,"to retch, choke, or react with disgust or nausea",reaction,reaction,false,
gag,22274640968,2010-08-27,"""Nicki Minaj Says The Thought Of Dating Diddy Makes Her ""Gag | Fever Magazine"" ( http://bit.ly/bIlDJj )",16468218,"to retch, choke, or react with disgust or nausea",reaction,advertising_spam,false,Sex-product promo/listing.
gag,22274729003,2010-08-27,Ff Candy Ball Gag http://ping.fm/bvsNz,52803290,"to retch, choke, or react with disgust or nausea",reaction,reaction,false,
gag,22274730896,2010-08-27,City council trade unions support staff gag http://bit.ly/9u3PEH #bristol,21181478,"to retch, choke, or react with disgust or nausea",reaction,advertising_spam,false,Sex-product promo/listing.
gag,22274808732,2010-08-27,My work sex this morning was out of this world. She had such a tight pussy and I had to gag her to stop her screaming,155865376,"to retch, choke, or react with disgust or nausea",reaction,reaction,false,
gag,22274829580,2010-08-27,I favorited a YouTube video -- 100822 KBS2.GAG Concert.[SHINee]CUT http://youtu.be/6-SjckpSFfg?a,58807897,"to retch, choke, or react with disgust or nausea",reaction,article_sharing,false,
gag,22275099399,2010-08-27,35 life hacks you should know http://9gag.com/gag/33455,139195140,"to retch, choke, or react with disgust or nausea",reaction,article_sharing,false,
gag,22275104122,2010-08-27,Ngiler gag @ditalbertha @gracehtp @lidya_alide dan ronald? Hahaha want this? http://tweetphoto.com/41683108,80026354,"to retch, choke, or react with disgust or nausea",reaction,casual_conversation,false,
gag,24147838948,2010-09-10,"How to cure sadness: 		    
		    
		      Submitted by: peterwut
		      Posted at: 2010-09-10 18:07:47 
			... http://9gag.com/gag/35189",95386287,"to retch, choke, or react with disgust or nausea",reaction,article_sharing,false,
gag,24147940343,2010-09-10,RT @iLLB3UR_NYMPHO: Hate seein this girl on m t.l ha pussy smell sour omfg -gag- // lol eww how u kno wat ha pussy smell like ??,98703442,"to retch, choke, or react with disgust or nausea",reaction,casual_conversation,false,
gag,24147979148,2010-09-10,"@ChoeBe @wellsbones @morebones @BrennanBooth @elroy12 Stills 4 ep2, is it possible 4 H 2 wear any less clothes & Bren 2 wear any more? gag",34747388,"to retch, choke, or react with disgust or nausea",reaction,casual_conversation,false,
gag,24148130949,2010-09-10,@sanjeethecat well they could easily gag him wif those DDs. Yipe ! @ShaynaCat #FindSanjeesDuk #Posse Did yoo get ransome note?,17688752,"to retch, choke, or react with disgust or nausea",reaction,casual_conversation,false,
gag,24148284166,2010-09-10,Wholesale Gag Gifts | Frontal-Lobes http://bit.ly/dlE9uR,121639496,"to retch, choke, or react with disgust or nausea",reaction,advertising_spam,false,Sex-product promo/listing.
gag,24148307855,2010-09-10,Just had to download a Pucas clip. Gag. xD,185510162,"to retch, choke, or react with disgust or nausea",reaction,reaction,false,
gag,24148372849,2010-09-10,"@TheMonicaShow We don't have to miss you, cos we never stop thinking about you :-&gt; #gag #CheesyTweets",23573258,"to retch, choke, or react with disgust or nausea",reaction,casual_conversation,false,
gag,24148489482,2010-09-10,RT @Stockroom_com: It's taken us a long time get to 1000 tweets since it's hard to tweet in arm binders & a gag #youdontwanttoknowhowity ...,102511217,"to retch, choke, or react with disgust or nausea",reaction,casual_conversation,false,
gag,24148515631,2010-09-10,Just snickered when I remembered that Joel Osteen is in my town tonight. #gag,14499150,"to retch, choke, or react with disgust or nausea",reaction,reaction,false,
gag,24148529771,2010-09-10,"@ObsoleteCarnage her teeth from touching him.When she'd get close to the bottom,she'd gag a little which would force a kind of hum from her*",87329336,"to retch, choke, or react with disgust or nausea",reaction,casual_conversation,false,
gag,24461968605,2010-09-14,Also u know these damn super injunctions that these footballers use to gag the women they cheat with..should be banned..#thismorning,19945278,"to retch, choke, or react with disgust or nausea",reaction,reaction,false,
gag,24461996413,2010-09-14,RT @ladyzee70: Supernatural | Season 5 Bloopers [FULL] http://t.co/hNfKALA via @youtube  gag reel funny as all hellz =),15619328,"to retch, choke, or react with disgust or nausea",reaction,article_sharing,false,
gag,24462106423,2010-09-14,Exit gag yah??,170652450,"to retch, choke, or react with disgust or nausea",reaction,reaction,false,
gag,24462233564,2010-09-14,If you my boyfriend and you buy me a snuggie as a gag gift ... imma be mad either way ... cause that aint no damn joke to me,45184608,"to retch, choke, or react with disgust or nausea",reaction,humor,false,
gag,24462335188,2010-09-14,"#RT MTV VMA Best Female Video Beyonce featuring Lady Gag —""Video Phone"" http://bit.ly/9jRqIm @electric_bieber",148682998,"to retch, choke, or react with disgust or nausea",reaction,advertising_spam,false,Sex-product promo/listing.
gag,24462453643,2010-09-14,"@jimmcc3 Wait, I thought you'd picked a pic for your Twitter account: I thought it was some good egg gag. But someone else has that too.",20978862,"to retch, choke, or react with disgust or nausea",reaction,casual_conversation,false,
gag,24462591690,2010-09-14,"halah, sms saiia gag dibless&gt;.&lt;",190558632,"to retch, choke, or react with disgust or nausea",reaction,reaction,false,
gag,24462620827,2010-09-14,"Some shifty bloke walked into the office and handed me a ""Gag Mag"" trying to flog it to me for £3. I was like ""nah.."" and he said ""Is this..",1862151,"to retch, choke, or react with disgust or nausea",reaction,reaction,false,
gag,24462625074,2010-09-14,"@daihenwood top show tonight, loved the Ricky Martin gag... All you peeps out there who haven't seen the show, go tomorrow night.",136778700,"to retch, choke, or react with disgust or nausea",reaction,casual_conversation,false,
gag,24462813097,2010-09-14,Judge Issues Gag Order in DeBolt Murder Case http://bit.ly/aBAJpj,34929057,"to retch, choke, or react with disgust or nausea",reaction,advertising_spam,false,Sex-product promo/listing.
gag,25479983640,2010-09-25,"""Could"" is the gag!",63585338,"to retch, choke, or react with disgust or nausea",reaction,reaction,false,
gag,25480138482,2010-09-25,"Glands in my throat are so swollen I gag is I yawn to long. Nice. Kidney failure/Depressed immune system is fun, isn't?",12610752,"to retch, choke, or react with disgust or nausea",reaction,reaction,false,
gag,25480254974,2010-09-25,#howtokeepawoman I suggest using some rope and a gag. Handcuffs work but keep them close or you have to keep getting up!,111980675,"to retch, choke, or react with disgust or nausea",reaction,reaction,false,
gag,25480341205,2010-09-25,@Capri_delaRenta yum yum...i just hope i don't gag...lol i'm eating spinach haha,25213632,"to retch, choke, or react with disgust or nausea",reaction,casual_conversation,false,
gag,25480623256,2010-09-25,PSA: i don't gag *drops the mic n walks off stage. #twitterafterdark,65206825,"to retch, choke, or react with disgust or nausea",reaction,sexual_context,false,
gag,25480775853,2010-09-25,"@imbtrans : armand maulana, bener gag???",133665671,"to retch, choke, or react with disgust or nausea",reaction,casual_conversation,false,
gag,25480790944,2010-09-25,Gag on my dick with lots of spit until my dick throws up that white goo... #TwitterAfterDark,45441097,"to retch, choke, or react with disgust or nausea",reaction,sexual_context,false,
gag,25480880218,2010-09-25,RT @EddieMcClintock: #Warehouse13 SEASON 1 Gag Reel http://t.co/nTxVLSM (Cuz it's full of gags!),125124776,"to retch, choke, or react with disgust or nausea",reaction,humor,false,
gag,25480908848,2010-09-25,@theBsquared Sounds like SOMEbody gives extremely preferential treatment to varsity football. Gag.,14609847,"to retch, choke, or react with disgust or nausea",reaction,casual_conversation,false,
gag,26306584550,2010-10-03,@CrissLoyalChica maybe u can make a casita with CA's magic kits DOLL&lt;-----eww fuckin gag me that name DWOLL barf! Haha! ;),135595910,"to retch, choke, or react with disgust or nausea",reaction,casual_conversation,false,
gag,26306703570,2010-10-03,Its time for night nurse me thinks....*gag! *bleurgh! Nothing you have to ingest should be THAT colour!! #thingsthatstastehorrid,42848685,"to retch, choke, or react with disgust or nausea",reaction,reaction,false,
gag,26306790517,2010-10-03,Why am I talkin freaky about a funnel cake?! The fuck! Haha! #Gag,22341326,"to retch, choke, or react with disgust or nausea",reaction,reaction,false,
gag,26306839651,2010-10-03,"@RiiOo_007 Right! Her && her friend Gio supposedly gonna ""jump"" me. They gonna gag. So #tacky.",99806013,"to retch, choke, or react with disgust or nausea",reaction,casual_conversation,false,
gag,26307077632,2010-10-03,@NinaMarsaulina @jesmymers @helachel ada peer gag s? Per b.i?,168409861,"to retch, choke, or react with disgust or nausea",reaction,casual_conversation,false,
gag,26307120352,2010-10-03,Today I realize exactly why I dislike FB. There are people who post things on there strictly for attention. *insert gag sound here*,26657739,"to retch, choke, or react with disgust or nausea",reaction,reaction,false,
gag,26307124616,2010-10-03,How to be Lady Gaga's boyfriend: How to be Lady Gaga's boyfriend http://9gag.com/gag/39291,59226841,"to retch, choke, or react with disgust or nausea",reaction,article_sharing,false,
gag,26307124833,2010-10-03,Yoga together: Yoga together http://9gag.com/gag/39289,59226841,"to retch, choke, or react with disgust or nausea",reaction,article_sharing,false,
gag,26307125072,2010-10-03,Business Cards Transform Into 3D Metal Sculptures: Business Cards Transform Into 3D Metal Sculptures http://9gag.com/gag/39287,59226841,"to retch, choke, or react with disgust or nausea",reaction,article_sharing,false,
gag,26307179787,2010-10-03,I ask my dad alot of questions about men but i had to catch myself cuz i  was bout to ask him Y GUYS LIKE IT WHEN GIRLS GAG LOL,44080439,"to retch, choke, or react with disgust or nausea",reaction,reaction,false,
gag,27928101451,2010-10-20,I've learned that smiling suppresses the gag reflex... and some people wonder why I smile so much around them... hahaha figures,30253811,"to retch, choke, or react with disgust or nausea",reaction,self_description,false,
gag,27928231881,2010-10-20,dear lord i wish we could outlaw political ads. 'roy barnes supports ILLEGAL MEXICANS. i hate mexicans. vote for me.' gag.,18138787,"to retch, choke, or react with disgust or nausea",reaction,reaction,false,
gag,27928326910,2010-10-20,"@Ladybugs_mum Sure is :) and now i have ""am i not pretty enough"" in my head *gag*",172337957,"to retch, choke, or react with disgust or nausea",reaction,casual_conversation,false,
gag,27928518750,2010-10-20,"Cut my hair, gag and bore me, pull the pin, let this world explode.",20159999,"to retch, choke, or react with disgust or nausea",reaction,reaction,false,
gag,27928614743,2010-10-20,Someone's breakfast smells putrid this morning... the smell wafted over to my desk... time to evacuate the area! #gag,15360242,"to retch, choke, or react with disgust or nausea",reaction,reaction,false,
gag,27928652201,2010-10-20,@derekandkong it's really sweet *gag* in UK and Europe is v popular,24311921,"to retch, choke, or react with disgust or nausea",reaction,casual_conversation,false,
gag,27928706187,2010-10-20,Nephew Didn't Want Sister To Go To School So He'd Gag An Say He Was Gonna Throw up. Lolll My Sister Goes SEE.?? WHY'D YOU TEACH HIM.?!?!,129531852,"to retch, choke, or react with disgust or nausea",reaction,reaction,false,
gag,27928790422,2010-10-20,Let's Go Rangers!!!!! Beat those *gag* yankees!!!!!!,83228156,"to retch, choke, or react with disgust or nausea",reaction,reaction,false,
gag,27928972895,2010-10-20,Almost done with english. Then cramming til math. Gag gag gag!,39623566,"to retch, choke, or react with disgust or nausea",reaction,reaction,false,
gag,27928991179,2010-10-20,"Ewww this old man just gave me that, ""yeah you're of age now, come over here & talk to me"" look. ::gag::",46497600,"to retch, choke, or react with disgust or nausea",reaction,reaction,false,
gag,29183931087,2010-10-30,"Going to track,going to gag the new pipe.  http://plixi.com/p/53814422",186715163,"to retch, choke, or react with disgust or nausea",reaction,reaction,false,
gag,29184043404,2010-10-30,wirlz.com Ball Gag http://bit.ly/acFa8u,75950112,"to retch, choke, or react with disgust or nausea",reaction,advertising_spam,false,Sex-product promo/listing.
gag,29184596697,2010-10-30,"GAG OF THE WEEK - You think you've had a bad day, think again. One of the #chileanminers has just realised he didn't clock in.",209106390,"to retch, choke, or react with disgust or nausea",reaction,reaction,false,
gag,29184696403,2010-10-30,"Ahhhhhhh!!!!!! LoTI was just presented as being important - gag me! OH, here it comes - ISTE NETs. It all makes me so sad.",8870632,"to retch, choke, or react with disgust or nausea",reaction,reaction,false,
gag,29184728302,2010-10-30,ada fotonya gag ? O.o? RT @mblaqGOfacts MBLAQ and Rainbow’s Jaekyung Pose for ‘Black’s Temptation’,91519073,"to retch, choke, or react with disgust or nausea",reaction,casual_conversation,false,
gag,29184872230,2010-10-30,@Penelope_Chi LOL...girl they are goin to gag when they see that bag,59500137,"to retch, choke, or react with disgust or nausea",reaction,casual_conversation,false,
gag,29184990728,2010-10-30,gw gag pegang hahaRT @anggranggra: naughty yeaaah @hisadega @zizahupie @puspitatewe,70305466,"to retch, choke, or react with disgust or nausea",reaction,casual_conversation,false,
gag,29185113589,2010-10-30,Just finished the semi-annual cleaning of the shower drain. Nothing triggers the gag reflex quite like a decaying ball of your wifes hair.,24391935,"to retch, choke, or react with disgust or nausea",reaction,self_description,false,
gag,29185187996,2010-10-30,@kuntandthegang shame we love that gag .....,158173390,"to retch, choke, or react with disgust or nausea",reaction,casual_conversation,false,
gag,29185487902,2010-10-30,Gw gag dibeliin -_- RT @hillaryjanes: Buy so many accessories from forever 21 ! Yeah http://myloc.me/dEEfm,167745785,"to retch, choke, or react with disgust or nausea",reaction,casual_conversation,false,
gag,770943995613184,2010-11-06,@MICA_SO_504 yall make a sister gag..lol he gone think he the shit and no1 can beat him..,33239083,"to retch, choke, or react with disgust or nausea",reaction,casual_conversation,false,
gag,770969920610304,2010-11-06,@JonathanRKnight okay fyi I loved the picture u looked hot as freak - the twitpic tonight made me gag but go enjoy your dinner and have fun,16358971,"to retch, choke, or react with disgust or nausea",reaction,self_description,false,
gag,771130235289600,2010-11-06,GAG! GAG! RT @JonathanRKnight: On second thought..... found some!  http://plixi.com/p/55234248,25251434,"to retch, choke, or react with disgust or nausea",reaction,casual_conversation,false,
gag,771214008131584,2010-11-06,Sky is a constant #GAG. I need her in small doses before I die!!!,142372078,"to retch, choke, or react with disgust or nausea",reaction,reaction,false,
gag,771435194748928,2010-11-06,RT @JonathanRKnight: Ok back to my dinner.......  Gag! How can you eat after that! Looks like you already had a hearty meal!,25251434,"to retch, choke, or react with disgust or nausea",reaction,casual_conversation,false,
gag,771514269966336,2010-11-06,"Gag tuch,,,, @Devhiie",155918871,"to retch, choke, or react with disgust or nausea",reaction,casual_conversation,false,
gag,771686668443648,2010-11-06,"@JonathanRKnight And...I was eating vegetable soup...you know, with green beans & corn! *gag*",24145197,"to retch, choke, or react with disgust or nausea",reaction,casual_conversation,false,
gag,771960963342336,2010-11-06,@monagrayson My husband and I have a running gag where we both try to be the first one to get naked outdoors when it warms up in spring. :),140697516,"to retch, choke, or react with disgust or nausea",reaction,casual_conversation,false,
gag,771966222991361,2010-11-06,RT @jeffnovich: Dear Amtrak: Acela prices make me gag - I’m heading to DC in a few weeks for a work trip and I need to figure... http:// ...,114627120,"to retch, choke, or react with disgust or nausea",reaction,casual_conversation,false,
gag,772081339858944,2010-11-06,I didnt gag tho-jm,54325295,"to retch, choke, or react with disgust or nausea",reaction,reaction,false,
gag,1575948629573632,2010-11-08,Find some funny *gag* gifts for someone on your list with a sense of humor! http://tinyurl.com/2dymhlp #etsybot #awesome #mature #fun #style,191247949,"to retch, choke, or react with disgust or nausea",reaction,reaction,false,
gag,1576337693216768,2010-11-08,@Joonri2 well I'll gag a bit but I don't really mind lol dunno bout @sumi13 here.. XD,31153363,"to retch, choke, or react with disgust or nausea",reaction,casual_conversation,false,
gag,1577813819785216,2010-11-08,Niggas are gonna gag w/ wat ima about 2 put on his page. The why? Wassup? is still going on I see.,68333235,"to retch, choke, or react with disgust or nausea",reaction,reaction,false,
gag,1577826625003520,2010-11-08,Tim Wise....Google his views....Making White People Gag Since '89!,24585964,"to retch, choke, or react with disgust or nausea",reaction,reaction,false,
gag,1577943276978176,2010-11-08,"Trollons mes amis, trollons: http://9gag.com/gag/47157/",15629285,"to retch, choke, or react with disgust or nausea",reaction,article_sharing,false,
gag,1578324677632000,2010-11-08,laaaamaaaaa gag update twitter!!!!!!!!!!!!!!!!!!!!!!!!!!!!,45736996,"to retch, choke, or react with disgust or nausea",reaction,reaction,false,
gag,1578752031064064,2010-11-08,klo canteen gag ada huruf F mka'a gag keren xD RT @nadyazzt: But it's the same meaning RT @aii_fachri: But canteen is uncool :p RT @nadyazzt,131769997,"to retch, choke, or react with disgust or nausea",reaction,casual_conversation,false,
gag,1579376017670144,2010-11-08,"RT @fha_fhaniez: @nonnabebe  hm,gag.... hahahahahah",71454341,"to retch, choke, or react with disgust or nausea",reaction,casual_conversation,false,
gag,1580317001388032,2010-11-08,RT @Bootz_N_Boyz Gag every1 I know is ah cross dresser....a MAN who puts on woman's garments....&gt; #DEAD,37376333,"to retch, choke, or react with disgust or nausea",reaction,casual_conversation,false,
gag,1581553381539840,2010-11-08,"Bah -,-"" that's the dumbest reason I've ever heard T.T RT @aii_fachri: klo canteen gag ada huruf F mka'a gag ... http://tmi.me/2ZuPa",42607041,"to retch, choke, or react with disgust or nausea",reaction,casual_conversation,false,
gag,9760410810974208,2010-12-01,@Feisty_Onion *TWEET* Ring on the handbag for that gag!,196112269,"to retch, choke, or react with disgust or nausea",reaction,casual_conversation,false,
gag,9760453567717376,2010-12-01,"@MasshoIe the commercials that irritate me are the ""he went to Jared"" ones. #gag",15659497,"to retch, choke, or react with disgust or nausea",reaction,casual_conversation,false,
gag,9760484865609728,2010-12-01,@Mac_Da_GAG nooo facts prolly hit me up but I aint scared,65563438,"to retch, choke, or react with disgust or nausea",reaction,casual_conversation,false,
gag,9760996675559424,2010-12-01,Really ヅ nice!: Intimate Gag & Muzzle Leather Band + Silicone Ball- $7.40 http://j.mp/fm63t7,211366198,"to retch, choke, or react with disgust or nausea",reaction,reaction,false,
gag,9761130314469376,2010-12-01,@theFABthawk It must really be eating lil kim up that Nicki Minaj stole her stuff and is actually better at being Lil Kim then she is! *GAG*,46180522,"to retch, choke, or react with disgust or nausea",reaction,casual_conversation,false,
gag,9761231044874240,2010-12-01,"At mlhs gag for my sisters bball game, jenna dominate!",205085479,"to retch, choke, or react with disgust or nausea",reaction,reaction,false,
gag,9761413299961856,2010-12-01,@MayKingTea Raw foods = *gag*. Unless it is sushi then everything is right with the world.,42494855,"to retch, choke, or react with disgust or nausea",reaction,casual_conversation,false,
gag,9761437203308544,2010-12-01,o-xylene is easy to say. But I likely gag when I drink it in my #tapwater. http://dld.bz/xPHU,172017661,"to retch, choke, or react with disgust or nausea",reaction,reaction,false,
gag,9761463614840832,2010-12-01,Ugh. Gag,15488868,"to retch, choke, or react with disgust or nausea",reaction,reaction,false,
gag,9761473286905856,2010-12-01,"i dont like peanut butter or syrup yesss i know weird ... 
that shit makes me gag *yuckkkkk",66550136,"to retch, choke, or react with disgust or nausea",reaction,reaction,false,
gag,9784949943050240,2010-12-01,I despise couples. I've found my truth. Romantic love is gross. *gag*,24916258,"to retch, choke, or react with disgust or nausea",reaction,reaction,false,
gag,9785062367170564,2010-12-01,Gag.me.,32556342,"to retch, choke, or react with disgust or nausea",reaction,reaction,false,
gag,9785075335962624,2010-12-01,These couples on #glee make me wanna gag.,16070566,"to retch, choke, or react with disgust or nausea",reaction,reaction,false,
gag,9785160660684800,2010-12-01,Tried to watch Boys Don't Cry today. Gag! Borring! Want to watch a good movie about a guy with a vagina? Watch a Buck Angel movie!! Do it!!,126291928,"to retch, choke, or react with disgust or nausea",reaction,reaction,false,
gag,9785433948946432,2010-12-01,"Okay #OTH, I already told you I don't like this storyline. Let's move it along please.  ""Hi honey!"" ugh, gag me.",24608341,"to retch, choke, or react with disgust or nausea",reaction,reaction,false,
gag,9785879463723008,2010-12-01,RT @The_Fighter_4_: Good Dick make u wanna loose ur gag reflex«~o_O,130706525,"to retch, choke, or react with disgust or nausea",reaction,self_description,false,
gag,9785972229152768,2010-12-01,"GAG!!!!""@iRoqkPretty_duh: @Preti_RareBreed lmao its ok, she like tht rough shit haha""",142903553,"to retch, choke, or react with disgust or nausea",reaction,casual_conversation,false,
gag,9786104563630080,2010-12-01,“@myahhm: whatever my grandpa is cooking smells like the grasshopper i disected earlier.(gag)...=(” that's not good lol,32192447,"to retch, choke, or react with disgust or nausea",reaction,casual_conversation,false,
gag,9786545917657088,2010-12-01,@Scott_CEOofSUH Lmao so u don't wanna gag a bitch,39621091,"to retch, choke, or react with disgust or nausea",reaction,casual_conversation,false,
gag,9786711039021056,2010-12-01,"The house smells like grilled chicken, gag!!!!",24122706,"to retch, choke, or react with disgust or nausea",reaction,reaction,false,
gag,10203706054152192,2010-12-02,"RT @ChundoongFACTS: Chundoong didn't memorized the multiplication table and he invented a gag called ""awkward gag"" #ChundoongFACTS",159068472,"to retch, choke, or react with disgust or nausea",reaction,casual_conversation,false,
gag,10204317634002944,2010-12-02,Encouraging results from GAG machine: Work to starve the fire burning in the Pike River coal mine of oxygen is g... http://bit.ly/g4Jzjn,14589909,"to retch, choke, or react with disgust or nausea",reaction,advertising_spam,false,Sex-product promo/listing.
gag,10204463704834048,2010-12-02,@Mac_Da_GAG Ohh I ain't even see dat part,30588130,"to retch, choke, or react with disgust or nausea",reaction,casual_conversation,false,
gag,10204511465381888,2010-12-02,Ladies have you ever sucked a Dick and almost threw up cause it went to far ? Did u feel embarrassment? Men love that gag noise lol,102280555,"to retch, choke, or react with disgust or nausea",reaction,reaction,false,
gag,10204527709921280,2010-12-02,Gag gifts add holiday cheer: [size=7][color=DarkRed]T[/color][/b][/size]he holidays are often a stressful time a... http://bit.ly/fRnDoS,46023933,"to retch, choke, or react with disgust or nausea",reaction,advertising_spam,false,Sex-product promo/listing.
gag,10205153978220544,2010-12-02,@pdxdiva I know there's been squeaks about limiting useage. That would screw me b/c of work.  Gag.,13854022,"to retch, choke, or react with disgust or nausea",reaction,casual_conversation,false,
gag,10205225960865792,2010-12-02,@JakAnggi mau difollow gag?? tp follow back ya :p,69306717,"to retch, choke, or react with disgust or nausea",reaction,casual_conversation,false,
gag,10205266020667392,2010-12-02,"@goaliemom31 That election is a long way off. I'm not even thinking about it to be honest. ""Election season"" makes me want to gag as it is.",129406670,"to retch, choke, or react with disgust or nausea",reaction,casual_conversation,false,
gag,10205313424691200,2010-12-02,"this show is making me gag. this guy eats only raw meat.  raw chicken, raw steaks, straight out of the plastic, thats repulsive.",24661152,"to retch, choke, or react with disgust or nausea",reaction,sexual_context,false,
gag,10205411617542144,2010-12-02,yall disgust me sooo easily... can never come on this shit without my gag reflexes goin ham,15819295,"to retch, choke, or react with disgust or nausea",reaction,self_description,false,
gag,10366744820449280,2010-12-02,@tigresaa LOL if you were cleaning the back of your throat with one I could see the gag reflex but your ears? XDDDD I love you.,14022822,"to retch, choke, or react with disgust or nausea",reaction,self_description,false,
gag,10366884423671808,2010-12-02,now for russian cut away gag...,21562333,"to retch, choke, or react with disgust or nausea",reaction,reaction,false,
gag,10366930644897792,2010-12-02,"@ChristinaYonzon are you gonna wear ur ""heart"" sunglasses for a gag grad photo? lol",24813039,"to retch, choke, or react with disgust or nausea",reaction,casual_conversation,false,
gag,10367222870446080,2010-12-02,Sooo I park my car at work and get out..I happen to look in the car next to and see THIS!!! *gag* http://plixi.com/p/60508528,84192129,"to retch, choke, or react with disgust or nausea",reaction,reaction,false,
gag,10367292051292160,2010-12-02,Beans-tastic! RT @Amee Not quite 9:00 and Grace is already having a snack: cold baked beans. Gag.,151600366,"to retch, choke, or react with disgust or nausea",reaction,casual_conversation,false,
gag,10367372678406146,2010-12-02,"@bimeganism oh,...i didnt watch it full...just on last 30 minutes.Its more hilarious when gag concert members in there too~~",154948188,"to retch, choke, or react with disgust or nausea",reaction,casual_conversation,false,
gag,10367576680960000,2010-12-02,@GoSeeTangled I have very sensive gag reflect yano... But why should I devour it like that orz orz,18214087,"to retch, choke, or react with disgust or nausea",reaction,casual_conversation,false,
gag,10367615180472320,2010-12-02,I HATE this....it smells like old damn milk. !¡Gag¡! &gt;=O I love my job. I love my job. I love my job. $ rit? ;D,85764901,"to retch, choke, or react with disgust or nausea",reaction,reaction,false,
gag,10367700127711232,2010-12-02,"Baned ae ټ RT@elmufty: Remove gag yach :-? http://bit.ly/fJgl2x""",117077647,"to retch, choke, or react with disgust or nausea",reaction,advertising_spam,false,Sex-product promo/listing.
gag,10367719446683648,2010-12-02,*gag* moving right along RT @ReeBabe33: @Buckets44 nah Remy martin n Neyo lol,26160250,"to retch, choke, or react with disgust or nausea",reaction,casual_conversation,false,
gag,10872956783697920,2010-12-04,Gag gifts and pints of liqour are ready to go! Merry Christmas! http://twitpic.com/3cn4ms,23545831,"to retch, choke, or react with disgust or nausea",reaction,article_sharing,false,
gag,10872966464151552,2010-12-04,"Sorry, gag kenal pak..RT @anahdy70: @mumtz786 follow me please..",149447411,"to retch, choke, or react with disgust or nausea",reaction,casual_conversation,false,
gag,10873051671429120,2010-12-04,Last time i saw Wavy was on some Indian Day Fest. He wore arrow thru head gag while holding a teddy bear. In fine form!  @WavyGravyMovie,33627736,"to retch, choke, or react with disgust or nausea",reaction,casual_conversation,false,
gag,10873250196234240,2010-12-04,"Tom Crean in the house tonight at Warren Central, watching Devin Davis and Cathedral's Colin Hartman. #gag",211680638,"to retch, choke, or react with disgust or nausea",reaction,reaction,false,
gag,10873430639378432,2010-12-04,:} RT @pyrophore: Last time i saw Wavy was on some Indian Day Fest. He wore arrow thru head gag while holding a teddy bear. In fine form!,107485751,"to retch, choke, or react with disgust or nausea",reaction,casual_conversation,false,
gag,10874518792835074,2010-12-04,@cameron_crazy instantly hits back of throat. Gag. Well I am sure you cab guess. If it doesn't come in pill form. I can't do.,24176461,"to retch, choke, or react with disgust or nausea",reaction,casual_conversation,false,
gag,10874613215010816,2010-12-04,@chiintyya mmmmm gag jd dahh. .huh,113613192,"to retch, choke, or react with disgust or nausea",reaction,casual_conversation,false,
gag,10875065226760192,2010-12-04,"Aq gag? :'(""@indah_Angga_: I miss u so much beiby ku :* hugs @rere_cha: Sama2 syg RT @indah_Angga_: Selese mandi :)""",197068523,"to retch, choke, or react with disgust or nausea",reaction,casual_conversation,false,
gag,10875082196910080,2010-12-04,"@t_d_duker @jenbshaw I have an Obama chia. My very conservative parents gave it to us ""heathen liberals"" for Christmas last year as a gag",153837348,"to retch, choke, or react with disgust or nausea",reaction,casual_conversation,false,
gag,10875204037251072,2010-12-04,No gag reflexes is all I care bout... naw I'm WRONG... BAD BOI STICKMAN.. WATS UR NAME AGAIN?  LOL,162506738,"to retch, choke, or react with disgust or nausea",reaction,sexual_context,false,
gag,13422500343971840,2010-12-11,Passed that screen. The cops aren't too clever. I managed to shake them off with a Looney Tunes gag.,43780147,"to retch, choke, or react with disgust or nausea",reaction,reaction,false,
gag,13422753805770752,2010-12-11,ESPN is going to gag on the Miami Heat... Or get pregnant because they are bouncing on the D,222701651,"to retch, choke, or react with disgust or nausea",reaction,reaction,false,
gag,13422981736824832,2010-12-11,Finally delete smua bbm contact shopping2 gag pnting itu \(´▽`)/,109519877,"to retch, choke, or react with disgust or nausea",reaction,reaction,false,
gag,13423945415921664,2010-12-11,#Gag @larriiboo has bieber fever,170021397,"to retch, choke, or react with disgust or nausea",reaction,casual_conversation,false,
gag,13424279227990016,2010-12-11,This guy is all over my mom oh my god gag,168916375,"to retch, choke, or react with disgust or nausea",reaction,reaction,false,
gag,13424666584555520,2010-12-11,"im lyk ugh wen i see yo facee.! 
*gag * 
wen i see yo face && bodyy",130053362,"to retch, choke, or react with disgust or nausea",reaction,reaction,false,
gag,13424808343642112,2010-12-11,Selena Gomez: 'Ramona and Beezus' Gag Reel! http://bit.ly/gjSXSY,202053189,"to retch, choke, or react with disgust or nausea",reaction,advertising_spam,false,Sex-product promo/listing.
gag,13424860155879424,2010-12-11,holy. moly. i have a fatass headache and a severe cough that makes me gag. wtffffffff,132818482,"to retch, choke, or react with disgust or nausea",reaction,reaction,false,
gag,13425396213088256,2010-12-11,LMAO RT @ChillOutBruh @Intangible2u @keke_the_ninja so I tried that tuna with cheese and my gag reflexes were in full affect!,43180996,"to retch, choke, or react with disgust or nausea",reaction,self_description,false,
gag,13426216551841792,2010-12-11,@GreeleyChris I need a pic of you begging if I'm boiling these because boiled eggs make me gag. :D http://twitpic.com/3essbd,45194772,"to retch, choke, or react with disgust or nausea",reaction,article_sharing,false,
gag,16077396981579776,2010-12-18,Punya dvd nya gag chuw? RT @UtieluvucHu: RT @keziagabriella: The problem of girls: They watched 'He's Just Not (cont) http://tl.gd/7ie4q3,44299203,"to retch, choke, or react with disgust or nausea",reaction,casual_conversation,false,
gag,16077876289871872,2010-12-18,"Is this shit a joke?, Bitch you're ugly, You make me gag and choke, Here, Take this knife and end your fucking life.",51683203,"to retch, choke, or react with disgust or nausea",reaction,reaction,false,
gag,16078458618646528,2010-12-18,Bagus gag? RT @desitaaaa: xx1 planet hollywood ' TRON ' @AlvinAndrian@imandani@linaayuse,72206665,"to retch, choke, or react with disgust or nausea",reaction,casual_conversation,false,
gag,16078459105189888,2010-12-18,manure running gag for the win! #bttf2,205120904,"to retch, choke, or react with disgust or nausea",reaction,reaction,false,
gag,16078974232821760,2010-12-18,Gag jdi nnton.RT @AstrieYusrina: Tron legacy rame ga?RT @deki_arthur: Going home.. http://myloc.me/fpA2S http://myloc.me/fpFSV,72864559,"to retch, choke, or react with disgust or nausea",reaction,casual_conversation,false,
gag,16079570155347968,2010-12-18,telimatatih eaphs RT @vaniasysyifa: @Rayrahay eaphs gag papa -_- #alay,143739908,"to retch, choke, or react with disgust or nausea",reaction,casual_conversation,false,
gag,16079948171182080,2010-12-18,"Listen up, ladies...: Listen up, ladies... http://9gag.com/gag/60040",59226841,"to retch, choke, or react with disgust or nausea",reaction,article_sharing,false,
gag,16079949085548544,2010-12-18,Clever Sign: Clever Sign http://9gag.com/gag/60029,59226841,"to retch, choke, or react with disgust or nausea",reaction,article_sharing,false,
gag,16079950087983104,2010-12-18,haters gonnna hate: haters gonnna hate http://9gag.com/gag/59922,59226841,"to retch, choke, or react with disgust or nausea",reaction,article_sharing,false,
gag,16080692857278464,2010-12-18,Malming gag ada job ..!!,177937845,"to retch, choke, or react with disgust or nausea",reaction,reaction,false,
gag,16916991302438912,2010-12-20,#DearFutureWife ✓Keep House Clean ✓Good Cooked Meals ✓Must Have A Job ✓Get Rid Of Nosey Single Friends✓No Gag Reflexes ✓Good Sex- We Good!,150004131,"to retch, choke, or react with disgust or nausea",reaction,sexual_context,false,
gag,16917331196252160,2010-12-20,@AMangy I've regained my virginity. Not sure about my gag reflex though.,14642339,"to retch, choke, or react with disgust or nausea",reaction,self_description,false,
gag,16917497244553216,2010-12-20,@damimami YUCK! UR LAST TWEET WAS SO GAG MATERIAL! EWWWW! LY THO! =],40198755,"to retch, choke, or react with disgust or nausea",reaction,casual_conversation,false,
gag,16918018772705280,2010-12-20,"Apparently the old ""dick in a box"" gag isn't an appropriate Secret Santa gift in my office. Pffft. Whatever.",21495143,"to retch, choke, or react with disgust or nausea",reaction,reaction,false,
gag,16918713483657216,2010-12-20,had gift exchange @ the ofc..my UGA coworker gave my other coworker (UF) a gag gift (signed UGA football DVD) shes trying hard to b grateful,19377311,"to retch, choke, or react with disgust or nausea",reaction,humor,false,
gag,16919044196143104,2010-12-20,Santa at the Manger...Two Thumbs Up or Gag Me with a Candy Cane? http://www.rebeccasramsey.blogspot.com,87793877,"to retch, choke, or react with disgust or nausea",reaction,reaction,false,
gag,16919204015902720,2010-12-20,Christmas present http://9gag.com/gag/59806,16496309,"to retch, choke, or react with disgust or nausea",reaction,article_sharing,false,
gag,16919440041975808,2010-12-20,Ull gag ill pay u,116844286,"to retch, choke, or react with disgust or nausea",reaction,reaction,false,
gag,16919479120302080,2010-12-20,Genial campaña para prevenir el HIV 9GAG - The Tale of Charlie The Trouser Snake: http://9gag.com/gag/55260/ via @addthis,18338464,"to retch, choke, or react with disgust or nausea",reaction,article_sharing,false,
gag,17412950440546304,2010-12-22,Can't force myself 2watch @sarahpalinusa on TLC. Can't stand feeling nauseous. Even the sight of Pepto Bismol makes me gag. NO RELIEF! LOL!,36203676,"to retch, choke, or react with disgust or nausea",reaction,casual_conversation,false,
gag,17413376690880512,2010-12-22,@_JustStylesCMMM Noshade neph u wuld really gag cuz u neva kno who's on it,55346202,"to retch, choke, or react with disgust or nausea",reaction,casual_conversation,false,
gag,17413423822274560,2010-12-22,Real Love pt. 2 - http://9gag.com/gag/61003 via @9GAG,40397540,"to retch, choke, or react with disgust or nausea",reaction,article_sharing,false,
gag,17413832959852544,2010-12-22,Giving a red lip for Christmas my Grandmother is going to gag o_O,37462343,"to retch, choke, or react with disgust or nausea",reaction,reaction,false,
gag,17413860474494976,2010-12-22,Gag me with a spooonnn *eyeroll***,159845207,"to retch, choke, or react with disgust or nausea",reaction,reaction,false,
gag,17413995229093888,2010-12-22,@EvilVagenda go get itttt!! There is a gag reel!,14775205,"to retch, choke, or react with disgust or nausea",reaction,humor,false,
gag,17414041114779648,2010-12-22,FOREVER HANDLONE! - http://9gag.com/gag/61004 via @9GAG,40397540,"to retch, choke, or react with disgust or nausea",reaction,article_sharing,false,
gag,17414115563667456,2010-12-22,"My doctor just swabbed my throat, and she looked at me with surprise when I had no gag reflex. So, yeah, she just judged me.",197580751,"to retch, choke, or react with disgust or nausea",reaction,sexual_context,false,
gag,17414201127473152,2010-12-22,"Had to eat my neices ""reindeer cracker"" and ""reindeer food"". Strugglin not to gag. Shits rough",211518295,"to retch, choke, or react with disgust or nausea",reaction,reaction,false,
gag,17414737797058560,2010-12-22,"Great holiday gag gift RT @LCrampsie Snuggie. You know you own one, along with 25 million other people. http://nyti.ms/fnKIe8",17991222,"to retch, choke, or react with disgust or nausea",reaction,humor,false,
gag,19094870853427200,2010-12-26,The smell of McDonald's still makes me gag.,38878377,"to retch, choke, or react with disgust or nausea",reaction,reaction,false,
gag,19094877388144640,2010-12-26,"How'd the plane go from stinky feet, smelling like roses to something disgustingly unidentifiable in a matter of seconds. *gag*",26669986,"to retch, choke, or react with disgust or nausea",reaction,reaction,false,
gag,19094963321044992,2010-12-26,@robertpopper http://www.for-children.com/w_creatures02.html Might help.What was @serafinowicz' gag BTW?,22154248,"to retch, choke, or react with disgust or nausea",reaction,casual_conversation,false,
gag,19095093910708224,2010-12-26,"Ewwww...she had tiger striped, not stretch marks!!! *gag*",43724916,"to retch, choke, or react with disgust or nausea",reaction,reaction,false,
gag,19095094544048128,2010-12-26,@Ayelet_kessel Just gag him :D,67664995,"to retch, choke, or react with disgust or nausea",reaction,casual_conversation,false,
gag,19095523470344192,2010-12-26,"@j_pretty24 RT Ewwww...she had tiger striped, not stretch marks!!! *gag* &lt;--.here you go early.... lol",35735367,"to retch, choke, or react with disgust or nausea",reaction,casual_conversation,false,
gag,19095790743986176,2010-12-26,Gag-N-Gape.com – Siterip http://bit.ly/ev4rs6,139402972,"to retch, choke, or react with disgust or nausea",reaction,advertising_spam,false,Sex-product promo/listing.
gag,19095928338120704,2010-12-26,clowninthealley I forgot the image for the Batman hates bulimics gag http://bit.ly/hkBFOG,85576165,"to retch, choke, or react with disgust or nausea",reaction,advertising_spam,false,Sex-product promo/listing.
gag,19096068046200832,2010-12-26,It smells like peanut butter I gag just smelling it =/,152747959,"to retch, choke, or react with disgust or nausea",reaction,reaction,false,
gag,19096327178690560,2010-12-26,Ew. A 84 yr old engaged to a 24 yr old playmate. *gag*,182563265,"to retch, choke, or react with disgust or nausea",reaction,reaction,false,
gag,20442987716673536,2010-12-30,"A ""gag gift"" means something completely different to people into BDSM. =&gt; http://twst.it/2d",213521390,"to retch, choke, or react with disgust or nausea",reaction,humor,false,
gag,20443260937830400,2010-12-30,this bitch makes me wanna gag sooooooooooooooooooo hard.........,29692477,"to retch, choke, or react with disgust or nausea",reaction,reaction,false,
gag,20443734852239360,2010-12-30,#iconfess i got head in my 2 seater twin turbo sports car and hit a bump on the freeway on purpose so she could gag..,42670114,"to retch, choke, or react with disgust or nausea",reaction,reaction,false,
gag,20444491760541696,2010-12-30,@jocaulfield I hate to admit it but that was a pretty good gag last night. Damn you.,5649012,"to retch, choke, or react with disgust or nausea",reaction,casual_conversation,false,
gag,20444576317702144,2010-12-30,Gag Stinky | Party Supplies http://bit.ly/fJpoSQ,121639496,"to retch, choke, or react with disgust or nausea",reaction,advertising_spam,false,Sex-product promo/listing.
gag,20445080426913792,2010-12-30,@cintabuah yahhh... Gag menang. T.T,174607187,"to retch, choke, or react with disgust or nausea",reaction,casual_conversation,false,
gag,20445247850938368,2010-12-30,"Bener2 ye lu bdua @ponklyvia @anakibunori :) thengs for yesterday n today , aaa syg g taun baruan gag bs sm u bdua :'( have fun girls !",59095135,"to retch, choke, or react with disgust or nausea",reaction,casual_conversation,false,
gag,20445391426162688,2010-12-30,LOL RT @AlecMapa What he said. RT @JRMatthewsxxx: The best after the holiday diet plan is a ball gag with lock and key.,15311636,"to retch, choke, or react with disgust or nausea",reaction,casual_conversation,false,
gag,20445493981093888,2010-12-30,"@DheaLoveIHB : yrr welcome... Btw, kmaren liat gag IB nangis?",106645941,"to retch, choke, or react with disgust or nausea",reaction,casual_conversation,false,
gag,20446594235105280,2010-12-30,"@rxdxt @billt Funny though the Santa wikileak gag is, I do not want authority treating me as a child but as an adult. I can take the truth.",19982498,"to retch, choke, or react with disgust or nausea",reaction,casual_conversation,false,
gag,21065958416187392,2011-01-01,Somebody gag Jenny McCarthy PLEASE,101929094,"to retch, choke, or react with disgust or nausea",reaction,reaction,false,
gag,21066228671975424,2011-01-01,my new years revolution is to come out as a gay teen and im going to do it but only with the suport of  the music of lady gag love u so much,192060856,"to retch, choke, or react with disgust or nausea",reaction,reaction,false,
gag,21066312486756352,2011-01-01,RT @aBaDDhabit @i_luv_u_cupcake lol. Fa real!! I looooove yooooou!!!&gt;&gt; suuuure! Excuse me while I gag! Lol... J/k!,32450959,"to retch, choke, or react with disgust or nausea",reaction,casual_conversation,false,
gag,21066796933054464,2011-01-01,for @yromita The real Doraemon http://t.co/uT0kPNR via @9GAG,223108308,"to retch, choke, or react with disgust or nausea",reaction,article_sharing,false,
gag,21067144095596544,2011-01-01,Lol at my family doing gag gifts,40672681,"to retch, choke, or react with disgust or nausea",reaction,humor,false,
gag,21067395120496640,2011-01-01,These couples kissing is making me gag. lol,22529332,"to retch, choke, or react with disgust or nausea",reaction,self_description,false,
gag,21067447666737152,2011-01-01,I am done if a bitch gag tonight she can have everything! !!!$$$$,227943310,"to retch, choke, or react with disgust or nausea",reaction,reaction,false,
gag,21068948837498880,2011-01-01,people kissing on new years makes me gag.,34085670,"to retch, choke, or react with disgust or nausea",reaction,reaction,false,
gag,21069110024605696,2011-01-01,Gag!!!!RT @ladygaga: http://twitpic.com/3lvsr5 - THE SONG  2  13  11THE RECORD    5  23  11,38793815,"to retch, choke, or react with disgust or nausea",reaction,article_sharing,false,
gag,21069308280967168,2011-01-01,watchin the ball drop on tv and they keep showin all these couples kissing thanks for reminding me how alone I am again on new yrs..gag me,33767239,"to retch, choke, or react with disgust or nausea",reaction,reaction,false,
KMT,7337671773,2010-01-03,"@MizRoyal: went market couple wks bk, saw my tru religions for 45 quid- I paid 240 plus LV wallet- a tenner- I paid 210 KMT",44649028,"kissing my teeth; an expression of annoyance, disapproval, or frustration",reaction,casual_conversation,false,
KMT,7337714876,2010-01-03,RT @NayCay Alex Reid Makes Me Sick #ThatIsAll . &lt; To think he's gona be on CBB 2night. Ew. Celeb what part? Kmt.,35920967,"kissing my teeth; an expression of annoyance, disapproval, or frustration",reaction,reaction,false,
KMT,7337750550,2010-01-03,"@nikkyloves how much, I've bort 3 @ 15 each and they've all torn lol, don't undertstand y the ones I bort are came in one size kmt",27526976,"kissing my teeth; an expression of annoyance, disapproval, or frustration",reaction,casual_conversation,false,
KMT,7337754424,2010-01-03,"@BigzFlygerian lol a girl can dream man- I wont lie, slyly arsenal are flopping- kmt!",25865898,"kissing my teeth; an expression of annoyance, disapproval, or frustration",reaction,casual_conversation,false,
KMT,7337824431,2010-01-03,@MzLamara I Know KMT  . Spoiling The Whole Programme !,35894027,"kissing my teeth; an expression of annoyance, disapproval, or frustration",reaction,reaction,false,
KMT,7337896541,2010-01-03,Kmt..but ramsey is class,38938244,"kissing my teeth; an expression of annoyance, disapproval, or frustration",reaction,reaction,false,
KMT,7337899216,2010-01-03,And I bet he's only watching football. Kmt,35911042,"kissing my teeth; an expression of annoyance, disapproval, or frustration",reaction,reaction,false,
KMT,7337900020,2010-01-03,AFTER 78 MINS THEY SCORE #ARSENAL KMT,85731028,"kissing my teeth; an expression of annoyance, disapproval, or frustration",reaction,reaction,false,
KMT,7337918625,2010-01-03,arsenal has finally scored.... kmt,98452354,"kissing my teeth; an expression of annoyance, disapproval, or frustration",reaction,reaction,false,
KMT,7337926415,2010-01-03,Girl1 'i wanna find all the meateating men n turn them all into vegans'. @mamacitagarcia 'kmt. Any excuse2b a ho!' - classic!,83097755,"kissing my teeth; an expression of annoyance, disapproval, or frustration",reaction,casual_conversation,false,
KMT,7864590298,2010-01-17,@Coco_Hernandez .. Haha r u mad? Bout homo! KMT!!!!!!!,104885921,"kissing my teeth; an expression of annoyance, disapproval, or frustration",reaction,casual_conversation,false,
KMT,7864597037,2010-01-17,"Kmt! Haiti has already suffered, yet Americans seem to think its ok to send soldiers to take control? They want help not war!",45704113,"kissing my teeth; an expression of annoyance, disapproval, or frustration",reaction,reaction,false,
KMT,7864673579,2010-01-17,RT @Coco_Hernandez: RT @TasteThaPiff: @Coco_Hernandez .. Haha r u mad? Bout homo! KMT!!!!!!! Looool just playinnnn :D :D :D.. Haha u beta b!,104885921,"kissing my teeth; an expression of annoyance, disapproval, or frustration",reaction,casual_conversation,false,
KMT,7864728469,2010-01-17,#ByTheEndOf2010 i best have a goatee sideburns the whole lot kmt,24297662,"kissing my teeth; an expression of annoyance, disapproval, or frustration",reaction,self_description,false,
KMT,7864740750,2010-01-17,@stefsho just let off a trumpet fart on my thigh! Not pleasant I tell you... Kmt,73384391,"kissing my teeth; an expression of annoyance, disapproval, or frustration",reaction,casual_conversation,false,
KMT,7864822758,2010-01-17,RT @TasteThaPiff: @Coco_Hernandez .. Haha r u mad? Bout homo! KMT!!!!!!!***She Don't Understand The Word B Lol** #nohomo **,54346056,"kissing my teeth; an expression of annoyance, disapproval, or frustration",reaction,casual_conversation,false,
KMT,7864839820,2010-01-17,I am crazy lateeeee kmt,74282124,"kissing my teeth; an expression of annoyance, disapproval, or frustration",reaction,self_description,false,
KMT,7865148067,2010-01-17,@RetroKingLe wantted mummy 2 D0 ME A PHHAAT FRY UP.. SHE CUM T0LD ME IM AN ADULT D0 IT MYSELF ..KMT.. IN0 N0 LUVV RIGHT L0L,90024911,"kissing my teeth; an expression of annoyance, disapproval, or frustration",reaction,self_description,false,
KMT,7865234972,2010-01-17,So ur nudgin... 4 wat?? KMT .. *DELETE* #msndays,82595062,"kissing my teeth; an expression of annoyance, disapproval, or frustration",reaction,reaction,false,
KMT,7865255322,2010-01-17,RT : @MzLamara URRRRRRRRRRRRRRRGH! About 'any people'... Fuck right off you piece of shit! KMT. &lt; Lam . . . ?! Whaaaa Goes On DM DM DM DM DM,35894027,"kissing my teeth; an expression of annoyance, disapproval, or frustration",reaction,casual_conversation,false,
KMT,7980312860,2010-01-20,Ahhhhh waitin for a bus in the cold is NOT the one!!! Especially when my car is parked right next to me! Kmt,58641755,"kissing my teeth; an expression of annoyance, disapproval, or frustration",reaction,reaction,false,
KMT,7980429124,2010-01-20,"Yo, Taiwan Foundation for Democracy chair Wang Jin-pyng! Ask yr fellow Chinese KMT'ers 2 stop trampling on democracy! http://twurl.nl/qbq3ja",40292680,"kissing my teeth; an expression of annoyance, disapproval, or frustration",reaction,news_reaction,false,"Political/news use of KMT as party reference, not 'kissing my teeth'."
KMT,7980475652,2010-01-20,Kmt only had 3hrs sleep bk up ready 4 to go again I aint complainin dis is da life I chose,29423901,"kissing my teeth; an expression of annoyance, disapproval, or frustration",reaction,reaction,false,
KMT,7980483896,2010-01-20,Jus woke up to the F*ing snow... Looks like this might be round two... KMT!!,43094755,"kissing my teeth; an expression of annoyance, disapproval, or frustration",reaction,reaction,false,
KMT,7980528556,2010-01-20,"I'm unfollowin ppl til its under 100, like I wanna no about grime? Kmt!! That is the worse type of music I'd rather listen 2zarz bang pots",27247884,"kissing my teeth; an expression of annoyance, disapproval, or frustration",reaction,reaction,false,
KMT,7980607999,2010-01-20,@Kerine kmt way 2 early 4 that babs ! What's up with u ?,30295290,"kissing my teeth; an expression of annoyance, disapproval, or frustration",reaction,casual_conversation,false,
KMT,7980647296,2010-01-20,my tiredness cant be explained...i wna be able to come bk home n sleep today not do any work...kmt,30488395,"kissing my teeth; an expression of annoyance, disapproval, or frustration",reaction,reaction,false,
KMT,7980722867,2010-01-20,KMT! How can a empty bus overtake us? What a pisstake..,38832153,"kissing my teeth; an expression of annoyance, disapproval, or frustration",reaction,reaction,false,
KMT,7980797285,2010-01-20,...Oh and then after the interrogation and going through my car everything seems to be fine sir thanks for co-operation! KMT!,16805432,"kissing my teeth; an expression of annoyance, disapproval, or frustration",reaction,reaction,false,
KMT,7980875188,2010-01-20,If you can't fit on the seat next to me move... Don't try and sit on me to make it work kmt!,18096253,"kissing my teeth; an expression of annoyance, disapproval, or frustration",reaction,reaction,false,
KMT,8405338725,2010-01-30,Without my uber working i miss so much tweets...KMT!,36882486,"kissing my teeth; an expression of annoyance, disapproval, or frustration",reaction,reaction,false,
KMT,8405343800,2010-01-30,Kmt there all gone to bed...back to sleep I go!!!!,24297662,"kissing my teeth; an expression of annoyance, disapproval, or frustration",reaction,reaction,false,
KMT,8405440347,2010-01-30,"@DJLongers Shout me on my other no. please bro, My BBM isn't working....UberTwitter isn't working....BB won't let me answer calls...KMT!",36882486,"kissing my teeth; an expression of annoyance, disapproval, or frustration",reaction,casual_conversation,false,
KMT,8405443005,2010-01-30,Ok gym is killing me felll asleep with the light on and I was on da fone kmt,23496538,"kissing my teeth; an expression of annoyance, disapproval, or frustration",reaction,reaction,false,
KMT,8405593350,2010-01-30,@VictoriaSecretD yhhhh dats da one....kmt best example,69208022,"kissing my teeth; an expression of annoyance, disapproval, or frustration",reaction,casual_conversation,false,
KMT,8405602926,2010-01-30,RT @yinxizahotttie: It was over b4 it began...thought I had found d one-turns out he's nuthn bt a scum bag! »ah! Seriously?! Kmt «,100807487,"kissing my teeth; an expression of annoyance, disapproval, or frustration",reaction,casual_conversation,false,
KMT,8405617322,2010-01-30,"Rollin round lookin like one of them battered wives off maury man :( ""erm I walked into a cupboard"" loool bloody dog man kmt!",68665468,"kissing my teeth; an expression of annoyance, disapproval, or frustration",reaction,reaction,false,
KMT,8405654073,2010-01-30,Someone has been munchin in my bed...bare crumbs KMT,20367817,"kissing my teeth; an expression of annoyance, disapproval, or frustration",reaction,reaction,false,
KMT,8405727539,2010-01-30,@char_lene88 u n me both...had to get ma a$$ outta bed early 2 get 2 work in this frigging cold..after the wild nite I had...smh & kmt.,46771145,"kissing my teeth; an expression of annoyance, disapproval, or frustration",reaction,casual_conversation,false,
KMT,8405743276,2010-01-30,"RT @MissCurvyGee: No seriously y I'm I slipping sliding on dis bitch snow. Kmt, summer needs to hurry up man -- stop moaning",75247145,"kissing my teeth; an expression of annoyance, disapproval, or frustration",reaction,reaction,false,
KMT,8471043096,2010-01-31,RT @Swypz  why is this girl beggin to come stay in my bed kmt &lt; stop reading twitter after dark messages LMFAO,44386496,"kissing my teeth; an expression of annoyance, disapproval, or frustration",reaction,casual_conversation,false,
KMT,8471072205,2010-01-31,Is any1 elses computer buffering?? Kmt,25819551,"kissing my teeth; an expression of annoyance, disapproval, or frustration",reaction,reaction,false,
KMT,8471078478,2010-01-31,Watchin the mandela film dis shit is f**** emotional man kmt,29423901,"kissing my teeth; an expression of annoyance, disapproval, or frustration",reaction,reaction,false,
KMT,8471103104,2010-01-31,RT @NanaNsiah: RT @MissSherylCole: @stephsoflip u sleeep aswell u faggot&lt; loooooooooool respect &lt; LMAO nite y'alll p.s Keri better win KMT,104591356,"kissing my teeth; an expression of annoyance, disapproval, or frustration",reaction,casual_conversation,false,
KMT,8471115200,2010-01-31,RT @Swypz: why is this girl beggin to come stay in my bed kmt&lt;lmfao this tweet is jkes,27028222,"kissing my teeth; an expression of annoyance, disapproval, or frustration",reaction,casual_conversation,false,
KMT,8471143219,2010-01-31,this Lady gaga is just sick jo..kmt,92199435,"kissing my teeth; an expression of annoyance, disapproval, or frustration",reaction,reaction,false,
KMT,8471160247,2010-01-31,"ohmydaiz, her 4th award, so dey choose her ova trey songs kmt, biatch",38282732,"kissing my teeth; an expression of annoyance, disapproval, or frustration",reaction,reaction,false,
KMT,8471167110,2010-01-31,I quit twitter unti I too have watched  the Grammys. #canadaisalwaysbehind KMT,32127849,"kissing my teeth; an expression of annoyance, disapproval, or frustration",reaction,reaction,false,
KMT,8471169286,2010-01-31,Kmt. Lady Gaga is on the red carpet.,35954633,"kissing my teeth; an expression of annoyance, disapproval, or frustration",reaction,reaction,false,
KMT,8471252972,2010-01-31,Lady Gaga always gets props! Kmt! Such nonsense!,20640688,"kissing my teeth; an expression of annoyance, disapproval, or frustration",reaction,reaction,false,
KMT,9773743299,2010-02-28,dis is why uk scene  will never grow yall think u better than u are ....... u aint even on red cafe level yet kmt,36233689,"kissing my teeth; an expression of annoyance, disapproval, or frustration",reaction,reaction,false,
KMT,9773746824,2010-02-28,@Peaknicity loooooooool u crook clear off about we're am I kmt scrut,43590333,"kissing my teeth; an expression of annoyance, disapproval, or frustration",reaction,casual_conversation,false,
KMT,9773779988,2010-02-28,Kmt I'm gna buy a lock 4 my room real soon.,111729183,"kissing my teeth; an expression of annoyance, disapproval, or frustration",reaction,reaction,false,
KMT,9773857166,2010-02-28,@SamanthaKanuX. Lol. Jst sharing the word :) I couldn't help it. I'm partially deaf in 1 ear cz of this foolish babe. Kmt,118198159,"kissing my teeth; an expression of annoyance, disapproval, or frustration",reaction,casual_conversation,false,
KMT,9773857903,2010-02-28,My Twitters doing anything kmt,45135422,"kissing my teeth; an expression of annoyance, disapproval, or frustration",reaction,reaction,false,
KMT,9773936201,2010-02-28,@NaBiitch Hahahahahaha I'll Never Be Him KMT,37082388,"kissing my teeth; an expression of annoyance, disapproval, or frustration",reaction,casual_conversation,false,
KMT,9774170335,2010-02-28,@Anita_Shillings's account is temporarily unavailable because it violates the Twitter Media Policy. Learn more.,100634350,"kissing my teeth; an expression of annoyance, disapproval, or frustration",reaction,casual_conversation,false,
KMT,9774202402,2010-02-28,@LeeBrasco they don't do they..kmt,72959865,"kissing my teeth; an expression of annoyance, disapproval, or frustration",reaction,casual_conversation,false,
KMT,9774264246,2010-02-28,@BobbyJ_81 take a pic KMT lol,31123471,"kissing my teeth; an expression of annoyance, disapproval, or frustration",reaction,casual_conversation,false,
KMT,9774553301,2010-02-28,how the hell did i miss church .. smh my alarm was set.. kmt,98202519,"kissing my teeth; an expression of annoyance, disapproval, or frustration",reaction,reaction,false,
KMT,10124470017,2010-03-07,my mom came in my room last night talkin bout I be on that laptop 24/7 go read a book 0_o what I look like 1am reading a damn book. kmt.nope,95806964,"kissing my teeth; an expression of annoyance, disapproval, or frustration",reaction,reaction,false,
KMT,10124580066,2010-03-07,"RT @HilarieRod: @mizzsexxicel Where were u yday, we didnt see u on here?! Out an about kmt I was pissed wen I saw d tweets,I missed out",65745786,"kissing my teeth; an expression of annoyance, disapproval, or frustration",reaction,casual_conversation,false,
KMT,10124679586,2010-03-07,"Catch it, Bin it, Kill it mate kmt",26022166,"kissing my teeth; an expression of annoyance, disapproval, or frustration",reaction,reaction,false,
KMT,10124772774,2010-03-07,Certain ppl talk at innapropriate times kmt not even gonna tell u nothing u know wa u dun,101127962,"kissing my teeth; an expression of annoyance, disapproval, or frustration",reaction,reaction,false,
KMT,10124785725,2010-03-07,lawwwwwwwwwd mi head a fkn spin like crazyyy kmt plus u gotta go to wrk,74566418,"kissing my teeth; an expression of annoyance, disapproval, or frustration",reaction,reaction,false,
KMT,10124857794,2010-03-07,why are you cop blockin ppls plans really? like why interfere tho  really? #KMT #MindYourOwnBusiness,57487800,"kissing my teeth; an expression of annoyance, disapproval, or frustration",reaction,reaction,false,
KMT,10124931466,2010-03-07,I feel like a retard tweeting from a BB curve! My fingers are to fat for the the keys kmt,73384391,"kissing my teeth; an expression of annoyance, disapproval, or frustration",reaction,reaction,false,
KMT,10124940682,2010-03-07,RT @AyoBaRbIeKimora: Bck in ds girls house agen wd no fud 2 feed me.. Kmt // I hate it when tings like dat happen to me,116740707,"kissing my teeth; an expression of annoyance, disapproval, or frustration",reaction,casual_conversation,false,
KMT,10125000261,2010-03-07,My mum is GUY! This woman only cooks wen her fiance is about! Kmt,73384391,"kissing my teeth; an expression of annoyance, disapproval, or frustration",reaction,reaction,false,
KMT,10125016692,2010-03-07,I hate gals that things personal like everything is about dem kmt. Need a slap,58673527,"kissing my teeth; an expression of annoyance, disapproval, or frustration",reaction,reaction,false,
KMT,10739090275,2010-03-19,@Kila_Love i have no idea :( i was proper upset as well kmt!! loool,104069160,"kissing my teeth; an expression of annoyance, disapproval, or frustration",reaction,casual_conversation,false,
KMT,10739153883,2010-03-19,:( noooooo off to that crappy boring place! kmt,99769320,"kissing my teeth; an expression of annoyance, disapproval, or frustration",reaction,reaction,false,
KMT,10739183958,2010-03-19,I'm sneezing like it a go outta style kmt... :( I dnt want to get sick! :(,34954854,"kissing my teeth; an expression of annoyance, disapproval, or frustration",reaction,reaction,false,
KMT,10739227173,2010-03-19,@mamaleesh 1st of  all my name is NOT chubado(i will deal wit maymah 4 dt wrng info evn whyl am alive..kmt)2ndly u r crzy..trst me swthrt :p,72672599,"kissing my teeth; an expression of annoyance, disapproval, or frustration",reaction,casual_conversation,false,
KMT,10739252399,2010-03-19,Horrible lab...kmt,50896991,"kissing my teeth; an expression of annoyance, disapproval, or frustration",reaction,reaction,false,
KMT,10739259753,2010-03-19,Got work at 7AM 2moz!!! Arghhh im dreading it kmt,119462108,"kissing my teeth; an expression of annoyance, disapproval, or frustration",reaction,reaction,false,
KMT,10739263677,2010-03-19,@Peaknicity @MrSealthedeal nah real talk I'm dun. Nearly didn't cum bk last year aswell. Kmt,74114644,"kissing my teeth; an expression of annoyance, disapproval, or frustration",reaction,casual_conversation,false,
KMT,10739309982,2010-03-19,Kmt man said baby face :S .. Okayy,35198786,"kissing my teeth; an expression of annoyance, disapproval, or frustration",reaction,reaction,false,
KMT,10739391298,2010-03-19,I want a chocolate biscuit kmt now !,59069217,"kissing my teeth; an expression of annoyance, disapproval, or frustration",reaction,reaction,false,
KMT,10739404286,2010-03-19,@finjie87 ashleys a fool kmt but that psycho gave him the date rape drug mmm I bet she'll end up pregnant #typical kmt,22184478,"kissing my teeth; an expression of annoyance, disapproval, or frustration",reaction,casual_conversation,false,
KMT,10804011784,2010-03-21,Why do I always stay up this late on saturday when I know I will struggle to wake up for church. This is bad man kmt need to change,23149082,"kissing my teeth; an expression of annoyance, disapproval, or frustration",reaction,reaction,false,
KMT,10804101969,2010-03-21,RT @T3RRI_LOU: @Ms_Polo u need to do ur dam sharades u lil lighty kmt #wewillwait &lt;&lt;na sah,78011683,"kissing my teeth; an expression of annoyance, disapproval, or frustration",reaction,casual_conversation,false,
KMT,10804184891,2010-03-21,yes an blak ryno come sing two fukri tune...kmt dem shudda jus kill him an done -_- mi nuh rate him again,68071073,"kissing my teeth; an expression of annoyance, disapproval, or frustration",reaction,reaction,false,
KMT,10804294082,2010-03-21,But Why One Of My Teachers Told Me Its No School Next Week ? kmt Lyinqq Asss !,68298251,"kissing my teeth; an expression of annoyance, disapproval, or frustration",reaction,reaction,false,
KMT,10804308161,2010-03-21,AAAARRRRRGGGGHHHHHH....... WHY ARE YOU SO NICE!!!!!! KMT.,58493623,"kissing my teeth; an expression of annoyance, disapproval, or frustration",reaction,reaction,false,
KMT,10804358911,2010-03-21,RT @Leanne_Online: AAAARRRRRGGGGHHHHHH....... WHY ARE YOU SO NICE!!!!!! KMT.I'm always nice sugar toots!!,37913578,"kissing my teeth; an expression of annoyance, disapproval, or frustration",reaction,casual_conversation,false,
KMT,10804383384,2010-03-21,"OMG NEW PIKZ. GO AN KMT THEMMM,..... TELL ME WHAT YOU THINK??? DONT JUST LOOOK BUT KMT.. LOL DAMNN. IM OUTSZ HOPE TOO SE LOTS OF PPL'S KMT.…",47636026,"kissing my teeth; an expression of annoyance, disapproval, or frustration",reaction,casual_conversation,false,
KMT,10804552850,2010-03-21,Lol. Come on pookie. It's not that bad! Or is it ?RT @Kaboom_Christie: Kmt. Sicko. U shudda fwd cuz u need holy (cont) http://tl.gd/io58n,32401715,"kissing my teeth; an expression of annoyance, disapproval, or frustration",reaction,casual_conversation,false,
KMT,10804742020,2010-03-21,Kmt bout to go stand in the shower I'm so miserable right now smh I jus wanna cry !,47464782,"kissing my teeth; an expression of annoyance, disapproval, or frustration",reaction,reaction,false,
KMT,10804912333,2010-03-21,@TCFASHION keep asking ooooo kmt,17529702,"kissing my teeth; an expression of annoyance, disapproval, or frustration",reaction,casual_conversation,false,
KMT,11557981171,2010-04-03,And why the #Fuck is it after 12?? Kmt... I can't be bothered... Where's that gyal now?? Mmmm I wonder...,105330483,"kissing my teeth; an expression of annoyance, disapproval, or frustration",reaction,reaction,false,
KMT,11557983741,2010-04-03,OMG I'm bored in tuptup wot the fuck is this shit? KMT,20946991,"kissing my teeth; an expression of annoyance, disapproval, or frustration",reaction,reaction,false,
KMT,11557991900,2010-04-03,Ahhh this Hopkins fight aint for another 4 hrs kmt.. Gonna catch a nap maybe,21610783,"kissing my teeth; an expression of annoyance, disapproval, or frustration",reaction,reaction,false,
KMT,11557998886,2010-04-03,Why she bringin police in ma house...Kmt man.,51396588,"kissing my teeth; an expression of annoyance, disapproval, or frustration",reaction,reaction,false,
KMT,11558001149,2010-04-03,My twitter mojo is dead mehnnnn!!! *KMT*,31004147,"kissing my teeth; an expression of annoyance, disapproval, or frustration",reaction,reaction,false,
KMT,11558018530,2010-04-03,"@ShadzWavey @KingMagnarm u tell him kmt,behave magnarm!",109315891,"kissing my teeth; an expression of annoyance, disapproval, or frustration",reaction,casual_conversation,false,
KMT,11558023945,2010-04-03,@BlinkzArtist kmt when I turn off my laptop u descided to broadcast! #joketing,72817158,"kissing my teeth; an expression of annoyance, disapproval, or frustration",reaction,casual_conversation,false,
KMT,11558025110,2010-04-03,"@LongHurDontCare ba boring, thinking to just cook kmt",43048750,"kissing my teeth; an expression of annoyance, disapproval, or frustration",reaction,casual_conversation,false,
KMT,11558059702,2010-04-03,@mr_albinist KMT!...well ur not up here its not bout me making my way all the way dwn der myself dnt kno where it is,100626127,"kissing my teeth; an expression of annoyance, disapproval, or frustration",reaction,self_description,false,
KMT,11558068326,2010-04-03,im dissappearn 4 d next 2 hrs...2 d chapters place 2 read..kmt dis woman is vexn me o ah ah...,64007305,"kissing my teeth; an expression of annoyance, disapproval, or frustration",reaction,reaction,false,
KMT,12474175266,2010-04-19,"I Got WakeUp Early 2morw 4 Colly doe, Kmt. Bak Again http://myloc.me/6bRXL",40935376,"kissing my teeth; an expression of annoyance, disapproval, or frustration",reaction,reaction,false,
KMT,12474183252,2010-04-19,@PilotJervis I'm stil waiting on da rest of the pictures he has to upload...kmt!,134860090,"kissing my teeth; an expression of annoyance, disapproval, or frustration",reaction,casual_conversation,false,
KMT,12474184132,2010-04-19,he shud ov been fin kmt #glee,20015898,"kissing my teeth; an expression of annoyance, disapproval, or frustration",reaction,reaction,false,
KMT,12474195092,2010-04-19,@hannahcapricorn..kmt..it didnt wrk!!... im #PISSED!,103316181,"kissing my teeth; an expression of annoyance, disapproval, or frustration",reaction,casual_conversation,false,
KMT,12474205024,2010-04-19,"@KMT_P no, stop with the jordan fetish!",91821462,"kissing my teeth; an expression of annoyance, disapproval, or frustration",reaction,casual_conversation,false,
KMT,12474206354,2010-04-19,"Ahhh.. U know what, I'm done with putting in effort with this music thing when all that goes on is pure LONGNESS n BREADING..kmt",65895724,"kissing my teeth; an expression of annoyance, disapproval, or frustration",reaction,reaction,false,
KMT,12474224782,2010-04-19,Arghhh kmt something with my video uploadings goin wrong « the vlog/update so it might take long for me to upload it so i might do it...,60888464,"kissing my teeth; an expression of annoyance, disapproval, or frustration",reaction,reaction,false,
KMT,12474243220,2010-04-19,"@isaaccaasi u cheeky so and so!!!! Kmt, I will deal with u!",70082963,"kissing my teeth; an expression of annoyance, disapproval, or frustration",reaction,casual_conversation,false,
KMT,12474248582,2010-04-19,@Haychiie thats a first!!!!! LOL!!!! Bloody cheek! These times yesterday you were saying you dont care when she comes back kmt imagine LOOOL,104069160,"kissing my teeth; an expression of annoyance, disapproval, or frustration",reaction,casual_conversation,false,
KMT,12474291376,2010-04-19,@DeedeeifeeboyII u dis boy I go deal with you ooo! I waste my credit txt this ur big head u no fit reply mtchewwww! Kmt...,103858406,"kissing my teeth; an expression of annoyance, disapproval, or frustration",reaction,casual_conversation,false,
KMT,12816361537,2010-04-25,@CaptainRosko yhhh kmt dat is jus ridiculous,35793711,"kissing my teeth; an expression of annoyance, disapproval, or frustration",reaction,casual_conversation,false,
KMT,12816393795,2010-04-25,Why outside suh bright.. Kmt,25915304,"kissing my teeth; an expression of annoyance, disapproval, or frustration",reaction,reaction,false,
KMT,12816413072,2010-04-25,RT @Kassix: Sum poor sod is cuttin the grass ryt below my window kmt the eyes r waterin nose is itchin n sneezin kmt&lt;hayfever is nt the one,96808515,"kissing my teeth; an expression of annoyance, disapproval, or frustration",reaction,casual_conversation,false,
KMT,12816443129,2010-04-25,"@perezhilton wow - Didn't ur momma ever tell you 'if you ain't got nothin nice to say, don't say nothin at all? Kmt.",23310442,"kissing my teeth; an expression of annoyance, disapproval, or frustration",reaction,casual_conversation,false,
KMT,12816449702,2010-04-25,"RT @Faaithiee: @MissNareser Lool wilfred is asleep most of da time lool, he would defo not know! *loool kmt! ahhh! lool no comment.",31113112,"kissing my teeth; an expression of annoyance, disapproval, or frustration",reaction,casual_conversation,false,
KMT,12816503409,2010-04-25,Argh here we go #kmt,79135452,"kissing my teeth; an expression of annoyance, disapproval, or frustration",reaction,reaction,false,
KMT,12816571477,2010-04-25,Tiiire of is shit bar making time kmt,24413990,"kissing my teeth; an expression of annoyance, disapproval, or frustration",reaction,reaction,false,
KMT,12816574283,2010-04-25,Ha ha @ certin donz on my blackberry don't worri iv got u kmt #stupidassniggas,59069217,"kissing my teeth; an expression of annoyance, disapproval, or frustration",reaction,casual_conversation,false,
KMT,12816640554,2010-04-25,"Where is da sun, sum1 pls tell me???? Kmt",135883032,"kissing my teeth; an expression of annoyance, disapproval, or frustration",reaction,reaction,false,
KMT,12816746404,2010-04-25,I hate public transport. I nearly had a serious altercation wit a commuter who couldn't read da signs that say stand on da right. Kmt chav!,23928230,"kissing my teeth; an expression of annoyance, disapproval, or frustration",reaction,reaction,false,
KMT,13110892397,2010-04-30,Kennametal Tops $33.19: Enters New Trading Range (KMT) http://www.mysmartrend.com/node/329156,115486385,"kissing my teeth; an expression of annoyance, disapproval, or frustration",reaction,reaction,false,
KMT,13111034623,2010-04-30,RT @IceBlake: @bigmanzest sleeping kmt @Young_Kazanova just woke up @iceblake tired like a mother f*cker - so who tweeted this?,29863198,"kissing my teeth; an expression of annoyance, disapproval, or frustration",reaction,casual_conversation,false,
KMT,13111181711,2010-04-30,5:43 and I cannot sleep! This insomnia is back again!! Lil man will be up soon! Kmt,21243368,"kissing my teeth; an expression of annoyance, disapproval, or frustration",reaction,reaction,false,
KMT,13111292121,2010-04-30,@ShayeeA stop untagging urself jo kmt,117177123,"kissing my teeth; an expression of annoyance, disapproval, or frustration",reaction,casual_conversation,false,
KMT,13111333669,2010-04-30,@SuaveSly Stop tagging me jo.KMT at you too.,122508516,"kissing my teeth; an expression of annoyance, disapproval, or frustration",reaction,casual_conversation,false,
KMT,13111413482,2010-04-30,SAT practice. I'm lucky if I get any sleep for the next two days. Kmt,99589398,"kissing my teeth; an expression of annoyance, disapproval, or frustration",reaction,reaction,false,
KMT,13111419209,2010-04-30,@Lici2cool @Shapegoodnel  kmt road me say no bed,27304303,"kissing my teeth; an expression of annoyance, disapproval, or frustration",reaction,casual_conversation,false,
KMT,13111687059,2010-04-30,@simiross loool... Wen u kmt Tribeca..? Hope say u enjoy d stuff sha...,44945255,"kissing my teeth; an expression of annoyance, disapproval, or frustration",reaction,casual_conversation,false,
KMT,13111692769,2010-04-30,"""fingures"" ???? REALLY!!! they need to suspend u from facebook...KMT",74623623,"kissing my teeth; an expression of annoyance, disapproval, or frustration",reaction,reaction,false,
KMT,13393897410,2010-05-05,"RT @EniLives4U: RT @cecediamond: Certain people are soooo going to hear my mouth tomorrow, no refraining of the attitude kmt",121609679,"kissing my teeth; an expression of annoyance, disapproval, or frustration",reaction,casual_conversation,false,
KMT,13393957433,2010-05-05,No 1 blood kleet ... Another Broadcast ... Abt NWC worker going on strike ... -__- are u serious? ... Ugh ... I hate Broadcasts kmt,48397524,"kissing my teeth; an expression of annoyance, disapproval, or frustration",reaction,reaction,false,
KMT,13393976915,2010-05-05,Kmt night then fxckers,35249198,"kissing my teeth; an expression of annoyance, disapproval, or frustration",reaction,reaction,false,
KMT,13393982840,2010-05-05,"RT @jamesmyishbrown #LiesPeopleTell - (BBM) I didn't get ur message sorry&lt; kmt i hate hearing that, esp with the bait 'R' deyah",93666355,"kissing my teeth; an expression of annoyance, disapproval, or frustration",reaction,casual_conversation,false,
KMT,13393999514,2010-05-05,@AbiSmitty I really dnt appreciate you calling up ma boyfriend name in your tweets kmt :@,123854237,"kissing my teeth; an expression of annoyance, disapproval, or frustration",reaction,casual_conversation,false,
KMT,13394028656,2010-05-05,RT @SoSable: RT @Miss_Mckay1: #liesboystell I don't have a girl. Yet ur facebook says 'in a relationship with ... Kmt«Damnnnnn loool,81193679,"kissing my teeth; an expression of annoyance, disapproval, or frustration",reaction,casual_conversation,false,
KMT,13394063840,2010-05-05,This girl waa me delete her enuh .. kmt .. and u kno seh me naa go do it .. me a save all a dem,28889527,"kissing my teeth; an expression of annoyance, disapproval, or frustration",reaction,reaction,false,
KMT,13394070406,2010-05-05,Lmaooo ;; Kmt Food Lovee me @JamesInTheLOOP,48827728,"kissing my teeth; an expression of annoyance, disapproval, or frustration",reaction,casual_conversation,false,
KMT,13394083615,2010-05-05,@Msbrookegiwa y r u fallin ma hands u noenigerians dey wana b lyk e!lol hiss kmt.,120591282,"kissing my teeth; an expression of annoyance, disapproval, or frustration",reaction,casual_conversation,false,
KMT,13394125167,2010-05-05,@Dapsy1 guy go n slip hu dey yan u nw.kmt,120591282,"kissing my teeth; an expression of annoyance, disapproval, or frustration",reaction,casual_conversation,false,
KMT,13458610073,2010-05-06,"Hear him ""lil girl a how yuh shoes ave on suh much light n me nuh c nuh meter pan yuh foot"" :/ kmt #DamnFool kmt",48397524,"kissing my teeth; an expression of annoyance, disapproval, or frustration",reaction,reaction,false,
KMT,13458674177,2010-05-06,done a nice shop at tesco...but only in hatfield will it be 24 hrs but have no staff so have to self service it kmt,99749464,"kissing my teeth; an expression of annoyance, disapproval, or frustration",reaction,reaction,false,
KMT,13458769415,2010-05-06,@Gt_Priincess kmt stop wiff that shyd...cauz yu nevah aah cum outside yet.wen mi tell u faward,103351227,"kissing my teeth; an expression of annoyance, disapproval, or frustration",reaction,casual_conversation,false,
KMT,13458942519,2010-05-06,"RT @_Nosa_: Wait there are rules for mourning? I missed that memo&gt;&gt;No kidding man, you should see my timeline kmt",32127849,"kissing my teeth; an expression of annoyance, disapproval, or frustration",reaction,casual_conversation,false,
KMT,13458979571,2010-05-06,Its sooooo damn hot in my house. Felt like I was sleeping in a Sauna might have to make it an underwear thing kmt,23928230,"kissing my teeth; an expression of annoyance, disapproval, or frustration",reaction,reaction,false,
KMT,13459111138,2010-05-06,@IAmJoeyCronic pls y r u copyin me 2 watch criminal minds....kmt,30324657,"kissing my teeth; an expression of annoyance, disapproval, or frustration",reaction,casual_conversation,false,
KMT,13459261514,2010-05-06,For real practice actuali makes perfect dis acct th dt I knw very well in GIC its distbin me nw kmt #iwillconquerU,75594385,"kissing my teeth; an expression of annoyance, disapproval, or frustration",reaction,reaction,false,
KMT,13459264497,2010-05-06,"@OprahChinni RT  @IAmJoeyCronic pls y r u copyin me 2 watch criminal minds....kmt&lt;&lt;&lt; see dis one ooo, i am not even watching it anymore self",34773860,"kissing my teeth; an expression of annoyance, disapproval, or frustration",reaction,casual_conversation,false,
KMT,13459295428,2010-05-06,@DianaThePoet same ere...it woke me up frm my sleep! Kmt,25546870,"kissing my teeth; an expression of annoyance, disapproval, or frustration",reaction,casual_conversation,false,
KMT,13459320812,2010-05-06,@Glamoura so jealous rite now kmt,41432811,"kissing my teeth; an expression of annoyance, disapproval, or frustration",reaction,casual_conversation,false,
KMT,14472755382,2010-05-22,"""The offering of a bribe to a police officer is a breach of the law"" KMT http://myloc.me/7jKU5",21589340,"kissing my teeth; an expression of annoyance, disapproval, or frustration",reaction,reaction,false,
KMT,14472831868,2010-05-22,"Just turn right around && smack that on someone's face & the person will have scars for daayyysss KMT #HotAssMess bro, #HotAssMess!",58085376,"kissing my teeth; an expression of annoyance, disapproval, or frustration",reaction,reaction,false,
KMT,14472891406,2010-05-22,RT @CherriesGM: @mcscotty79 go sleep........kmt,140108059,"kissing my teeth; an expression of annoyance, disapproval, or frustration",reaction,casual_conversation,false,
KMT,14473293833,2010-05-22,#DPMO is dis corn I feel on my foot kmt,74006789,"kissing my teeth; an expression of annoyance, disapproval, or frustration",reaction,reaction,false,
KMT,14473398399,2010-05-22,RT @MrSealthedeal: #DPMO is dis corn I feel on my foot kmt&lt;eeeeeewwwwwwww,32681918,"kissing my teeth; an expression of annoyance, disapproval, or frustration",reaction,casual_conversation,false,
KMT,14473454539,2010-05-22,Now still awake that is very sad a good friday gone down the drain kmt loooool,121592316,"kissing my teeth; an expression of annoyance, disapproval, or frustration",reaction,reaction,false,
KMT,14473524582,2010-05-22,RT @xjanetdarlingx: RT @MrSealthedeal: #DPMO is dis corn I feel on my foot kmt / vomit. How can u tell twitter? &lt; I dnt care,74006789,"kissing my teeth; an expression of annoyance, disapproval, or frustration",reaction,casual_conversation,false,
KMT,14473564877,2010-05-22,RT @AstonLovesIt: RT @MrSealthedeal: #DPMO is dis corn I feel on my foot kmt&lt;eeeeeewwwwwwww &lt;looool  false alarm,74006789,"kissing my teeth; an expression of annoyance, disapproval, or frustration",reaction,casual_conversation,false,
KMT,14473639522,2010-05-22,Ugh ... U is a fuckin gyal clown ... Kmt ... Ur so dumb .. Its not evn funny anymore kmt,48397524,"kissing my teeth; an expression of annoyance, disapproval, or frustration",reaction,reaction,false,
KMT,14473692620,2010-05-22,Huh I can't edit ma RT's kmt,22316692,"kissing my teeth; an expression of annoyance, disapproval, or frustration",reaction,reaction,false,
KMT,14655692967,2010-05-24,@kigbubbly twiiter on my fone has gone kmt &lt;&lt;&lt; I Cn Relate Bro Its A Piss Take Big Time!,28701707,"kissing my teeth; an expression of annoyance, disapproval, or frustration",reaction,casual_conversation,false,
KMT,14655734019,2010-05-24,A wha do dem ppl a UWI star mi love mi wife eh nuh kmt,38951361,"kissing my teeth; an expression of annoyance, disapproval, or frustration",reaction,reaction,false,
KMT,14655758202,2010-05-24,Kmt clikin this dm fing every 2 seconds is jaaarin! This application is n e #fail!,96102053,"kissing my teeth; an expression of annoyance, disapproval, or frustration",reaction,reaction,false,
KMT,14655879832,2010-05-24,I feel to burn this dog with straightners kmt,114552511,"kissing my teeth; an expression of annoyance, disapproval, or frustration",reaction,reaction,false,
KMT,14655904675,2010-05-24,this is the new sidewinder flyer no one special booked here kmt http://www.facebook.com/?ref=logo#!/photo.php?pid=31397957&id=1211405854,33253301,"kissing my teeth; an expression of annoyance, disapproval, or frustration",reaction,reaction,false,
KMT,14655949120,2010-05-24,RT @ILL_MATTIK: SHE DIDNT SEE A REASON TO EVACUATE? A WEH SHE DEH? KMT,70552371,"kissing my teeth; an expression of annoyance, disapproval, or frustration",reaction,casual_conversation,false,
KMT,14656027892,2010-05-24,"@BurrDay_June18 kmt whoa calm down , tell me",31576698,"kissing my teeth; an expression of annoyance, disapproval, or frustration",reaction,casual_conversation,false,
KMT,14656097985,2010-05-24,@jakkieY RT Dis is the most useless book i've come across in my course... Wth... Kmt..wat book z dat??,89562619,"kissing my teeth; an expression of annoyance, disapproval, or frustration",reaction,casual_conversation,false,
KMT,14656128945,2010-05-24,@BurrDay_June18 kmt u muss think im laughing wid u tho,31576698,"kissing my teeth; an expression of annoyance, disapproval, or frustration",reaction,casual_conversation,false,
KMT,14656171510,2010-05-24,@Kim_Nain kmt them cuda lef 4rm the monday when bruce anounce that the papers were to be signed...but no them march n gwan bad..,54052482,"kissing my teeth; an expression of annoyance, disapproval, or frustration",reaction,casual_conversation,false,
KMT,14987193863,2010-05-29,Kmt not gonna do nothing for mi birthday I gotta stay in queens all day I really don't wanna go,135654181,"kissing my teeth; an expression of annoyance, disapproval, or frustration",reaction,reaction,false,
KMT,14987232795,2010-05-29,Ah kmt... Adam shuda kicked Eve's ass when she became disobident! The way these cramps aren't the one! Arrrrrrggggghhhhh! The pain!,131573941,"kissing my teeth; an expression of annoyance, disapproval, or frustration",reaction,reaction,false,
KMT,14987383302,2010-05-29,"KMT going back 2 sleep, nothing else to do",100678747,"kissing my teeth; an expression of annoyance, disapproval, or frustration",reaction,reaction,false,
KMT,14987391815,2010-05-29,"RT @djcomplexonline: @egoftmusic fuck ur ""wave"" u could not wait for man in london bridge....kmt &lt; (cont) http://tl.gd/1id0vv",25006916,"kissing my teeth; an expression of annoyance, disapproval, or frustration",reaction,casual_conversation,false,
KMT,14987395229,2010-05-29,The bus I want is still not here yet the are flowing like clock work on the other side of the road. #kmt,110142710,"kissing my teeth; an expression of annoyance, disapproval, or frustration",reaction,reaction,false,
KMT,14987431371,2010-05-29,RT @DaRealSixela: And where is my wife @stefsho ! Thought she'd be here by now! Kmt #STEFF GET OUT MY HOUSE PLZXXXX,32086664,"kissing my teeth; an expression of annoyance, disapproval, or frustration",reaction,casual_conversation,false,
KMT,14987566424,2010-05-29,Q:Rawr. Its Ok I Believe Yhu Bout Trey...For Now xD A:KMT emelia http://formspring.me/pinkydanie/q/613244267,37259938,"kissing my teeth; an expression of annoyance, disapproval, or frustration",reaction,reaction,false,
KMT,14987587264,2010-05-29,Gosh it's goin to rain again tomoro kmt,29230677,"kissing my teeth; an expression of annoyance, disapproval, or frustration",reaction,reaction,false,
KMT,14987617007,2010-05-29,"O_O she just DMed me calling me a ""Male Whore"".......why the fuck do i follow such people?? You just lost a follower!...fucktard bitch! Kmt!",113579528,"kissing my teeth; an expression of annoyance, disapproval, or frustration",reaction,reaction,false,
KMT,15156891263,2010-06-01,#ihatefemaleswho always worrying about a man if he aint ballin or doing something for you other than dick then wtf u stressing for kmt,54035525,"kissing my teeth; an expression of annoyance, disapproval, or frustration",reaction,reaction,false,
KMT,15156951881,2010-06-01,"Dublin is sooo sooo Boring. I am going to check out the night life Ones again, another dissappointment n i aint coming again .. kmt",140416977,"kissing my teeth; an expression of annoyance, disapproval, or frustration",reaction,reaction,false,
KMT,15156959557,2010-06-01,@MaIzY18 kmt.... big up uself,116275458,"kissing my teeth; an expression of annoyance, disapproval, or frustration",reaction,casual_conversation,false,
KMT,15157197629,2010-06-01,RT @YJMUSIQ: -||it is now 6:04am and still awake kmt..Ima just force myself to sleep .||. «i feel the same but im supposed 2 b up in 3hr kmt,110008955,"kissing my teeth; an expression of annoyance, disapproval, or frustration",reaction,self_description,false,
KMT,15157343698,2010-06-01,Why the hell has my body woken me up? Kmt,21822955,"kissing my teeth; an expression of annoyance, disapproval, or frustration",reaction,reaction,false,
KMT,15157346100,2010-06-01,Up on some early shit back to work......smh kmt!!,111676022,"kissing my teeth; an expression of annoyance, disapproval, or frustration",reaction,reaction,false,
KMT,15157498151,2010-06-01,@lleqallyBadddd Kmt Fuck yall P.s I think that bitch blocked me Lol n Why would I change it ? You dnt like it cause she white lmfao racist!,124626814,"kissing my teeth; an expression of annoyance, disapproval, or frustration",reaction,casual_conversation,false,
KMT,15157856777,2010-06-01,Lol shes always doung it kmt lol RT @MissYinka: @OnlyOnyinye I'm trying to imagine u saying mcheeeww lol,28513961,"kissing my teeth; an expression of annoyance, disapproval, or frustration",reaction,casual_conversation,false,
KMT,15157876942,2010-06-01,"@CheaEffie Loool sorri! Mamind mix up wit 2 much tingz rite now kmt
cyaa botha wit ppl more time...wbu??",139289596,"kissing my teeth; an expression of annoyance, disapproval, or frustration",reaction,casual_conversation,false,
KMT,15157884769,2010-06-01,@TsunamiMorgan which holidays! KMT!!! 1. exam papers + reports 2. ppl dem ask mi fi teach summa skool to raah!,24029088,"kissing my teeth; an expression of annoyance, disapproval, or frustration",reaction,casual_conversation,false,
KMT,16097670281,2010-06-13,And Kylie they all are there not one ugly one! KMT RT @DreamNBelieve: Kendall Jenner is so pretty!!!,35062770,"kissing my teeth; an expression of annoyance, disapproval, or frustration",reaction,casual_conversation,false,
KMT,16097705335,2010-06-13,Y they mockin Tiger Woods 4? Wot bout da dutty Ashley Cole? Kmt,43308413,"kissing my teeth; an expression of annoyance, disapproval, or frustration",reaction,reaction,false,
KMT,16097754806,2010-06-13,This rain is becoming a nuisance!!!kmt*,89589404,"kissing my teeth; an expression of annoyance, disapproval, or frustration",reaction,reaction,false,
KMT,16097768458,2010-06-13,Kmt I let myself down there,27081892,"kissing my teeth; an expression of annoyance, disapproval, or frustration",reaction,self_description,false,
KMT,16097789238,2010-06-13,Y is my uncle watching dis rubbish?? Kmt!,38144514,"kissing my teeth; an expression of annoyance, disapproval, or frustration",reaction,reaction,false,
KMT,16097821645,2010-06-13,This SunamaBITCH Weather Tried Ta Rain On My Clothes! DPMO Kmt,118722294,"kissing my teeth; an expression of annoyance, disapproval, or frustration",reaction,reaction,false,
KMT,16097860551,2010-06-13,RT @BossMizan: I just realized I forgot to check those numbers @Ms_Sierra_Leone « kmt ur loss ...I was jus tryna help out! Lol,46262679,"kissing my teeth; an expression of annoyance, disapproval, or frustration",reaction,casual_conversation,false,
KMT,16097918468,2010-06-13,Long day @ work missed the footy kmt! Gona jump in the bath and chill. Me so tired!,38024549,"kissing my teeth; an expression of annoyance, disapproval, or frustration",reaction,casual_conversation,false,
KMT,16097924290,2010-06-13,If This Episode Of Family Guy Don't Make Laugh In The Next 5mins I'm Gonna Switch This Shit Off Kmt..,20273402,"kissing my teeth; an expression of annoyance, disapproval, or frustration",reaction,reaction,false,
KMT,16097970155,2010-06-13,Dis lil girl a mad me :( .... She a tell me wat SHE WANTS 2 wear kmt,48397524,"kissing my teeth; an expression of annoyance, disapproval, or frustration",reaction,reaction,false,
KMT,16415993050,2010-06-17,@FelineFulva on a real yh go n sit down n thank God for d fact dat I dnt knw u. Kmt. Its a fuckn typin error fool,137284993,"kissing my teeth; an expression of annoyance, disapproval, or frustration",reaction,casual_conversation,false,
KMT,16416159496,2010-06-17,uno what???? as much as i like football who gave the world cup the right to cut off eastenders? nah man kmt!!!!!!,56191139,"kissing my teeth; an expression of annoyance, disapproval, or frustration",reaction,reaction,false,
KMT,16416177934,2010-06-17,Why didn't jay jay play for a bigger team! Kmt,90721444,"kissing my teeth; an expression of annoyance, disapproval, or frustration",reaction,reaction,false,
KMT,16416188747,2010-06-17,@NerderA_CEO i HAD TO GO GET MY VOTERS id CRAP TODAY.. KMT!!!!,48519086,"kissing my teeth; an expression of annoyance, disapproval, or frustration",reaction,casual_conversation,false,
KMT,16416191378,2010-06-17,@FreakyFact ur site is an hypocrite...u say don't do nttn without rubber n now u sayin swallowing good 4 cancer #kmt,124592601,"kissing my teeth; an expression of annoyance, disapproval, or frustration",reaction,casual_conversation,false,
KMT,16416233860,2010-06-17,"My sis is being selfish, I wanna watch big bro and she has now opted to play mario kart, kmt...",24243073,"kissing my teeth; an expression of annoyance, disapproval, or frustration",reaction,reaction,false,
KMT,16416244303,2010-06-17,@Infamous_Skillz ..I NO  GO KMT WAT YU FIT DO...........?UR LEGS LYK REMOTE,122372719,"kissing my teeth; an expression of annoyance, disapproval, or frustration",reaction,casual_conversation,false,
KMT,16416262118,2010-06-17,@funferekoroye ur so annoying..kmt...y ddnt u get it naw??☹ http://myloc.me/8kY2R,71504493,"kissing my teeth; an expression of annoyance, disapproval, or frustration",reaction,casual_conversation,false,
KMT,16416338293,2010-06-17,How cun u ppl b so sad as to watch bb I put it on for 5 minutes and had to turn tha fukin fing off!! KMT,102802331,"kissing my teeth; an expression of annoyance, disapproval, or frustration",reaction,reaction,false,
KMT,16416364609,2010-06-17,@Davinche u gta add me bak babes. Kmt I hate blackberrys!,50460336,"kissing my teeth; an expression of annoyance, disapproval, or frustration",reaction,casual_conversation,false,
KMT,16644809388,2010-06-20,"@chanel_fabulous it ended 3-1 alot of play acting, player gt sent off kmt",99690826,"kissing my teeth; an expression of annoyance, disapproval, or frustration",reaction,casual_conversation,false,
KMT,16644817168,2010-06-20,RT @ThisIsKirsty: RT @FatzOfficial:I support brazil but Kaka did a sly one!&lt;Thank u very much miss ppl were chattin rubbish kmt,75603673,"kissing my teeth; an expression of annoyance, disapproval, or frustration",reaction,casual_conversation,false,
KMT,16644832632,2010-06-20,So why does autotype not correct my obvious typos but correct something that is correctly spelt to a whole differet word? Kmt #fail muh,34149806,"kissing my teeth; an expression of annoyance, disapproval, or frustration",reaction,reaction,false,
KMT,16644848345,2010-06-20,NY dis summer is floppin..kmt,61337172,"kissing my teeth; an expression of annoyance, disapproval, or frustration",reaction,reaction,false,
KMT,16644854183,2010-06-20,Me still vex ova the match. Everyman shuda get red card then. Kmt. But at least them win still.,116840766,"kissing my teeth; an expression of annoyance, disapproval, or frustration",reaction,reaction,false,
KMT,16644866044,2010-06-20,"RT @VoltageOfficial: Ivory Coast are sorrreee losers, how u gonna get kaka sent off for running into his shoulder kmt some doughnut",131854637,"kissing my teeth; an expression of annoyance, disapproval, or frustration",reaction,casual_conversation,false,
KMT,16644882670,2010-06-20,this a VERY expensive way to find out that your more of a PC than a MAC kmt xx,56374487,"kissing my teeth; an expression of annoyance, disapproval, or frustration",reaction,reaction,false,
KMT,16644905243,2010-06-20,"LOOOL i boght dis video 4rom a chinese woman gettin all up in my face like ""usually 5 but for you I give 3 $"" and it aint even workin KMT",155665396,"kissing my teeth; an expression of annoyance, disapproval, or frustration",reaction,reaction,false,
KMT,16644928227,2010-06-20,Eating my first meal today at 22:07 kmt,81472779,"kissing my teeth; an expression of annoyance, disapproval, or frustration",reaction,reaction,false,
KMT,16644935002,2010-06-20,RT @MsAsiaLee Argh! Why is it wen ppl owe u money their always duckin? KMT!!!! // shid I cum there or????,21651639,"kissing my teeth; an expression of annoyance, disapproval, or frustration",reaction,casual_conversation,false,
KMT,16705296552,2010-06-21,Yyy do tjey put plant in a. Nandos I got fuckin hayfeever it is killin me kmt,137684442,"kissing my teeth; an expression of annoyance, disapproval, or frustration",reaction,reaction,false,
KMT,16705303511,2010-06-21,"Lol yesss ; mi neeed one mon , dem jobs nowadays ah gwan stingy wid dem likkle jobs kmt @PRETTy_NOSTRESS",31576698,"kissing my teeth; an expression of annoyance, disapproval, or frustration",reaction,casual_conversation,false,
KMT,16705326997,2010-06-21,Hate going from automatic to manual! Always end up trying to drive the manual with one foot kmt,20366306,"kissing my teeth; an expression of annoyance, disapproval, or frustration",reaction,reaction,false,
KMT,16705374832,2010-06-21,so i've just got back from a short walk and the pain in my foot has started yeat again kmt might need to get that checked out i,19028496,"kissing my teeth; an expression of annoyance, disapproval, or frustration",reaction,reaction,false,
KMT,16705377145,2010-06-21,@sicesemene a lil busy hun..kmt!,127031192,"kissing my teeth; an expression of annoyance, disapproval, or frustration",reaction,casual_conversation,false,
KMT,16705441430,2010-06-21,"Why wudnt i love,he's my only bro@SvelteTwampire: u love dis ur brother and u'll be doin as if u dont love him! kmt jo@koftib.dnt 4gt d BIS",77080370,"kissing my teeth; an expression of annoyance, disapproval, or frustration",reaction,casual_conversation,false,
KMT,16705559138,2010-06-21,New blog post: KMT denies allegation of cash... http://www.connectto.asia/asia-general/kmt-denies-allegation-of-cashing-in-on-dpp-divisions,125174331,"kissing my teeth; an expression of annoyance, disapproval, or frustration",reaction,reaction,false,
KMT,16705616663,2010-06-21,Oh no! I forgot d cake! Kmt,95513799,"kissing my teeth; an expression of annoyance, disapproval, or frustration",reaction,reaction,false,
KMT,16705650081,2010-06-21,Never no more *kmt*,26923580,"kissing my teeth; an expression of annoyance, disapproval, or frustration",reaction,reaction,false,
KMT,16705689593,2010-06-21,"Errr even with 85 percent off Balmain a jacket will still probably cost 12,500 pounds. KMT",21140544,"kissing my teeth; an expression of annoyance, disapproval, or frustration",reaction,reaction,false,
KMT,17843930531,2010-07-06,Dnt even feel fe tweet ntn else tonight inno kmt,103200558,"kissing my teeth; an expression of annoyance, disapproval, or frustration",reaction,reaction,false,
KMT,17844106194,2010-07-06,@BeyondAhBarbiee kmt I gotta new drake tune for yuu,107617299,"kissing my teeth; an expression of annoyance, disapproval, or frustration",reaction,casual_conversation,false,
KMT,17844276398,2010-07-06,@prettykim96 @likkle_spree kmt so y unnu goin 4 a week?,103399912,"kissing my teeth; an expression of annoyance, disapproval, or frustration",reaction,casual_conversation,false,
KMT,17844286277,2010-07-06,@NoCoochNoSmooch Kmt Where my happy birthday at?,62188024,"kissing my teeth; an expression of annoyance, disapproval, or frustration",reaction,casual_conversation,false,
KMT,17844325760,2010-07-06,RT @ViidaKinz: @prettykim96 @likkle_spree kmt so y unnu goin 4 a week?&lt;&lt;we goin somewhere maybe,70723501,"kissing my teeth; an expression of annoyance, disapproval, or frustration",reaction,casual_conversation,false,
KMT,17844496584,2010-07-06,RT @ViidaKinz: @likkle_spree kmt hate unnu&lt;&gt;&lt;a jus so lifre guh,70723501,"kissing my teeth; an expression of annoyance, disapproval, or frustration",reaction,casual_conversation,false,
KMT,17844583311,2010-07-06,Blloooodclot . Me fuhget to print the 106 email and I havee no printer . And I promised my cousin ill tek harr kmt,30388065,"kissing my teeth; an expression of annoyance, disapproval, or frustration",reaction,reaction,false,
KMT,17844889478,2010-07-06,i actually dont like this stoopid girl again.. dont ever come to my house kmt..,38268497,"kissing my teeth; an expression of annoyance, disapproval, or frustration",reaction,reaction,false,
KMT,17844902441,2010-07-06,Some1 is ballin unlike me.....kmt,98061920,"kissing my teeth; an expression of annoyance, disapproval, or frustration",reaction,reaction,false,
KMT,17845026485,2010-07-06,Why won't this girl just sleep? She's been buggin me for the last hour -_- gweh unu find ur bed kmt!,104069160,"kissing my teeth; an expression of annoyance, disapproval, or frustration",reaction,reaction,false,
KMT,17893465211,2010-07-06,Im flicking though The sex education show and Gok's fashion fix because my mum think she has the right to come and lounge in my room KMT LOL,106515592,"kissing my teeth; an expression of annoyance, disapproval, or frustration",reaction,casual_conversation,false,
KMT,17893469530,2010-07-06,Wooh holland beat the shit out of urugary becoz there cheaters!!!! KMT I bet all the Ghanain team is laughin at them :),98164842,"kissing my teeth; an expression of annoyance, disapproval, or frustration",reaction,reaction,false,
KMT,17893507546,2010-07-06,Just know my fone switched off a couple hours ago and aint switched on till now thanx god my upgrades due KMT!!!!,24605388,"kissing my teeth; an expression of annoyance, disapproval, or frustration",reaction,reaction,false,
KMT,17893508370,2010-07-06,Germany wuld stil beat d neitherlands in d final...kmt...,140541534,"kissing my teeth; an expression of annoyance, disapproval, or frustration",reaction,reaction,false,
KMT,17893629851,2010-07-06,#teamUruguay (frm a distance...kmt),19872233,"kissing my teeth; an expression of annoyance, disapproval, or frustration",reaction,reaction,false,
KMT,17893663790,2010-07-06,FUCK OFF FUCK RIGHT OFFFF #URU KMT U STILL AINT GUNNA WIN,153506679,"kissing my teeth; an expression of annoyance, disapproval, or frustration",reaction,reaction,false,
KMT,17893668810,2010-07-06,KMT but aint no-one cheering for the underdog #Uru,21654624,"kissing my teeth; an expression of annoyance, disapproval, or frustration",reaction,reaction,false,
KMT,17893679137,2010-07-06,"RT @dr_deedee: Robben ode! If its man u now, you'll score and remove them. Kmt! Cc @tolulopeO",123894741,"kissing my teeth; an expression of annoyance, disapproval, or frustration",reaction,casual_conversation,false,
KMT,17893685468,2010-07-06,Naaah its tooo late to come back man kmt Uruguay sit dwn pls!,94356195,"kissing my teeth; an expression of annoyance, disapproval, or frustration",reaction,reaction,false,
KMT,17893697186,2010-07-06,Ur Gonna Do Sthn Bad nd Disgustn Yea? At Least Bleedn Hyd It! Kmt!,80006705,"kissing my teeth; an expression of annoyance, disapproval, or frustration",reaction,reaction,false,
KMT,18346992003,2010-07-12,RT @miss_colombia: No but how are u gna were sandals and not fix up ur toes kmt that shit enfuriates me nail polish aint that expensive yana,100678747,"kissing my teeth; an expression of annoyance, disapproval, or frustration",reaction,casual_conversation,false,
KMT,18347094053,2010-07-12,@Ayo_KiMoRa oi now tell him about the birthday jo ah kmt,29230677,"kissing my teeth; an expression of annoyance, disapproval, or frustration",reaction,casual_conversation,false,
KMT,18347095805,2010-07-12,RT @Miss_Neezie: I orded nu outfits for my blackberry and got sent shit for a nokia am I a prick!????? Kmt// loool,60558706,"kissing my teeth; an expression of annoyance, disapproval, or frustration",reaction,casual_conversation,false,
KMT,18347129380,2010-07-12,I'm totally pissed off kmt!,70508787,"kissing my teeth; an expression of annoyance, disapproval, or frustration",reaction,reaction,false,
KMT,18347211303,2010-07-12,#Bitch... But do you know me! KMT,28188672,"kissing my teeth; an expression of annoyance, disapproval, or frustration",reaction,reaction,false,
KMT,18347225762,2010-07-12,@wehatechace @Myself_Til ohhh yh im zonin kmt ... He has a bar frm long time wid his name in it an ting still,35793711,"kissing my teeth; an expression of annoyance, disapproval, or frustration",reaction,self_description,false,
KMT,18347366782,2010-07-12,Sorry Steph!!! Wasn't Meant To Be 4 U!! RT @LA_GeeGee: @mizzstefani Purleasseeeee MYOB!!!! Kmt,52016006,"kissing my teeth; an expression of annoyance, disapproval, or frustration",reaction,casual_conversation,false,
KMT,18347442839,2010-07-12,Dis washing bay too ders always a queue #OsuTotal... Ah! Kmt,26778747,"kissing my teeth; an expression of annoyance, disapproval, or frustration",reaction,reaction,false,
KMT,18347483188,2010-07-12,Stop reading my tweets...kmt...lol RT @Boosohlar: Dts wat u fink!!!RT @ademola00: Dreaming is simply deep (cont) http://tl.gd/2f9o6d,68548191,"kissing my teeth; an expression of annoyance, disapproval, or frustration",reaction,casual_conversation,false,
KMT,18347512511,2010-07-12,Neither do u man sharrap RT @segun_ggmu: U don't even look lik lyk one bolo RT @ademola00: Stop callin me an ajebutter... kmt!!!,68548191,"kissing my teeth; an expression of annoyance, disapproval, or frustration",reaction,casual_conversation,false,
KMT,18404852064,2010-07-13,This storyline wit lucas is bogus #eastenders shud not have killed denise kmt,62374477,"kissing my teeth; an expression of annoyance, disapproval, or frustration",reaction,reaction,false,
KMT,18404856283,2010-07-13,RT @Mz_Dotty: I REALLY NEED A JOB...KMT,131940895,"kissing my teeth; an expression of annoyance, disapproval, or frustration",reaction,casual_conversation,false,
KMT,18405153321,2010-07-13,KMT SHE IS DUMB ANNOYIN.,37486036,"kissing my teeth; an expression of annoyance, disapproval, or frustration",reaction,reaction,false,
KMT,18405187996,2010-07-13,@DJWARD135 dis new idiot weh just  come off ma radio kmt,60148206,"kissing my teeth; an expression of annoyance, disapproval, or frustration",reaction,casual_conversation,false,
KMT,18405323739,2010-07-13,@DJWARD135 kmt I could play better dwg,60148206,"kissing my teeth; an expression of annoyance, disapproval, or frustration",reaction,casual_conversation,false,
KMT,18405487993,2010-07-13,@davidonformosa annoys me that KMT does everything by party officials.All discussion should be by elected people who can be held responsible,15792797,"kissing my teeth; an expression of annoyance, disapproval, or frustration",reaction,casual_conversation,false,
KMT,18405492526,2010-07-13,I wasted my fresh white shirt today kmt #angrytweet (as in the shirt was mad oh),113019417,"kissing my teeth; an expression of annoyance, disapproval, or frustration",reaction,reaction,false,
KMT,18405682370,2010-07-13,Hold on swea dwn I need 2 b up at 10! Im I a mug in life 2 let such importance slip out my head! Kmt Im closin these eyes & sleepin by FORCE,155021740,"kissing my teeth; an expression of annoyance, disapproval, or frustration",reaction,reaction,false,
KMT,18405706233,2010-07-13,RT @robynnlee: @Reenzy yaa leff mi best fren stephenson alone enuh ! She did love me u see !&gt;&gt; kmt..mi did HATE HER!,27394635,"kissing my teeth; an expression of annoyance, disapproval, or frustration",reaction,casual_conversation,false,
KMT,18405719775,2010-07-13,Typo!! Kmt RT @bacardiB: #gbagaun RT @sheslike_astar Shout out to everyone on my timeline.. Ur keep me awake!,100585842,"kissing my teeth; an expression of annoyance, disapproval, or frustration",reaction,casual_conversation,false,
KMT,18725764678,2010-07-17,Just put the man u game on an now the bar is picking up kmt,35849734,"kissing my teeth; an expression of annoyance, disapproval, or frustration",reaction,reaction,false,
KMT,18725788075,2010-07-17,RT @delicy: kmt..why I call saf... &gt; Nonsense! Dnt talk to me #rudeass,144919375,"kissing my teeth; an expression of annoyance, disapproval, or frustration",reaction,casual_conversation,false,
KMT,18725825643,2010-07-17,@kayiam_x if you don't see the problem then I will help you see! Kmt! Go to sleep!,52529533,"kissing my teeth; an expression of annoyance, disapproval, or frustration",reaction,casual_conversation,false,
KMT,18725845535,2010-07-17,argh! my toothbrush in the bottom of my bag kmt! #longting,106686147,"kissing my teeth; an expression of annoyance, disapproval, or frustration",reaction,reaction,false,
KMT,18725855664,2010-07-17,*Kmt*&gt;RT @Whounmy: #TeamFollowBack ... Follow @SimplySweet007@Whounmy .. Two cool people and they follow back .. Peace,84964688,"kissing my teeth; an expression of annoyance, disapproval, or frustration",reaction,casual_conversation,false,
KMT,18725859435,2010-07-17,@TheGreaTMinD_ kmt lol 81st & m i think..i just kno how 2get there,51500951,"kissing my teeth; an expression of annoyance, disapproval, or frustration",reaction,casual_conversation,false,
KMT,18725945745,2010-07-17,RT @Midniteonthemic: @3featdrb lool. The guy should go 2 sleep jo #brieeeef.kmt,43403829,"kissing my teeth; an expression of annoyance, disapproval, or frustration",reaction,casual_conversation,false,
KMT,18725986919,2010-07-17,Cyaa believe mi bruck =( haffi go wait till end of month b4 mi get pay kmt,33011522,"kissing my teeth; an expression of annoyance, disapproval, or frustration",reaction,reaction,false,
KMT,18726020827,2010-07-17,"@Dionne_Divine lol believ they aint, kmt, its something in the sun",112247407,"kissing my teeth; an expression of annoyance, disapproval, or frustration",reaction,casual_conversation,false,
KMT,18726023315,2010-07-17,RT @JakeFrancis0161: RT @Tiaa_renne: Ammmmm vex my bro just sed 2me e nearly beat out a gyal 2day KMT- Glad 2see I taught him well :) *cha,42902404,"kissing my teeth; an expression of annoyance, disapproval, or frustration",reaction,casual_conversation,false,
KMT,19463176752,2010-07-25,Football in the Morning and Im still up at 3.30 kmt,153821416,"kissing my teeth; an expression of annoyance, disapproval, or frustration",reaction,reaction,false,
KMT,19463199872,2010-07-25,Also movado a sing messiah and me nuh see no rail up ppl dem just stand still kmt dats y I dnt listen hear say,35572399,"kissing my teeth; an expression of annoyance, disapproval, or frustration",reaction,reaction,false,
KMT,19463209160,2010-07-25,RT @OprahChinni: @TobiPpl lol... Its one girl that has been on my friggin case oh.... Kmt wats ur pin btw &lt;-DM,24489242,"kissing my teeth; an expression of annoyance, disapproval, or frustration",reaction,casual_conversation,false,
KMT,19463264029,2010-07-25,RT @Laura_Lucious: @TsarDidg I dnt remember callin u daddy #kmt « I never said u did.. My neighbours do!,102494792,"kissing my teeth; an expression of annoyance, disapproval, or frustration",reaction,casual_conversation,false,
KMT,19463304410,2010-07-25,suh skeng don or w.e him wah name is her bf dad and all the baby got for his 1st time in Jamaica was a teddy bear? kmt,55983293,"kissing my teeth; an expression of annoyance, disapproval, or frustration",reaction,reaction,false,
KMT,19463342922,2010-07-25,Yo My Phone shuts off like Every 5 Mins kmt why don't I Jus Leave it on the Charqer,33070529,"kissing my teeth; an expression of annoyance, disapproval, or frustration",reaction,reaction,false,
KMT,19463473122,2010-07-25,Looool gweh - RT @bastianja: @mzchannigm  den u nuh hafi smile?? kmt a mean come on.... ITS ME !!! lmaoooo,20478737,"kissing my teeth; an expression of annoyance, disapproval, or frustration",reaction,casual_conversation,false,
KMT,19463530593,2010-07-25,Really don't know why I cannot sleep... Kmt!!!,143793764,"kissing my teeth; an expression of annoyance, disapproval, or frustration",reaction,reaction,false,
KMT,19463722316,2010-07-25,@MakedahSimpson Kmt i'll think of some how to escape away from u.,26065512,"kissing my teeth; an expression of annoyance, disapproval, or frustration",reaction,casual_conversation,false,
KMT,19463742973,2010-07-25,You have a collect call from * Looks at the phone * * Locks of * * KMT *,114801141,"kissing my teeth; an expression of annoyance, disapproval, or frustration",reaction,reaction,false,
KMT,20015263392,2010-07-31,No afta mi a do my hair d rain a go fall☹kmt,146183080,"kissing my teeth; an expression of annoyance, disapproval, or frustration",reaction,reaction,false,
KMT,20015268564,2010-07-31,This @Timix_Timbo is just hitting town as he likes cus mumc aint around..kmt bloody opportunist,94772795,"kissing my teeth; an expression of annoyance, disapproval, or frustration",reaction,casual_conversation,false,
KMT,20015278649,2010-07-31,#whyudeyvex na ur pikin? Kmt! RT @JaneClement: Ur plain mean..*RT @lasgidiboi: I shall name my child Etekamba! Just 4 laffs!!,50359422,"kissing my teeth; an expression of annoyance, disapproval, or frustration",reaction,casual_conversation,false,
KMT,20015529748,2010-07-31,Why have so many channels when there's bloody nothing on the TV?? kmt,24542599,"kissing my teeth; an expression of annoyance, disapproval, or frustration",reaction,reaction,false,
KMT,20015542130,2010-07-31,i reali dont get why gbc is celebrating?? maybe..jux maybe it myt be dat dey STILL d onli station wid nationwyd coverage or so dey fink kmt,67583200,"kissing my teeth; an expression of annoyance, disapproval, or frustration",reaction,reaction,false,
KMT,20015581504,2010-07-31,RT @CedesBUGATTI: Ahhh everyone elses chinese always tastes better than mine • For real I suffer from that as well kmt,148496505,"kissing my teeth; an expression of annoyance, disapproval, or frustration",reaction,casual_conversation,false,
KMT,20015638450,2010-07-31,I woke up this morning confused :-s not a good sign! Nd ima go bed with a million nd 1 thoughts on mah brain! Kmt :-(,103078679,"kissing my teeth; an expression of annoyance, disapproval, or frustration",reaction,reaction,false,
KMT,20015639894,2010-07-31,Smh for d unborn child*RT @lasgidiboi: #whyudeyvex na ur pikin? Kmt! RT @JaneClement: Ur plain mean..*RT (cont) http://tl.gd/2rpn4a,71633895,"kissing my teeth; an expression of annoyance, disapproval, or frustration",reaction,casual_conversation,false,
KMT,20015703532,2010-07-31,@HG_CeO no you don't remember me we suppose to have weeky visits KMT but what you up to ?,135354522,"kissing my teeth; an expression of annoyance, disapproval, or frustration",reaction,casual_conversation,false,
KMT,20015746979,2010-07-31,im kinda depresed that im not at @ScramaArtist leaving party and im at home on my one now.. & I heard there was buffet too kmt,64285021,"kissing my teeth; an expression of annoyance, disapproval, or frustration",reaction,casual_conversation,false,
KMT,20289082954,2010-08-04,always thot cee-lo was gnarls barkley....kmt,128642736,"kissing my teeth; an expression of annoyance, disapproval, or frustration",reaction,reaction,false,
KMT,20289089347,2010-08-04,@Scorpio_91 @LisaPreity a me fi tell you she just too bright man dundus and gyal kmt cuz mi love her enuh&lt;--- ILY BOO!!!,136139952,"kissing my teeth; an expression of annoyance, disapproval, or frustration",reaction,casual_conversation,false,
KMT,20289176093,2010-08-04,RT @kobby_BB: RT @Stasia_Coco: someone tell @naana1211 to forget!//oh dnt do d@ 2 her eh&lt;--o she shd getaway..she didn frce kmt,61337172,"kissing my teeth; an expression of annoyance, disapproval, or frustration",reaction,casual_conversation,false,
KMT,20289193788,2010-08-04,Lmfao! Oya sowi na! RT @iamSukiyaki: protector KmT RT @SheiFunmi: Cc @iamSukiyaki RT @Dharpoh: @iamSukiyaki see? :p,62970999,"kissing my teeth; an expression of annoyance, disapproval, or frustration",reaction,casual_conversation,false,
KMT,20289212111,2010-08-04,Some people jst know how 2 piss me off!.... Early in d morning!!!! Kmt,37180528,"kissing my teeth; an expression of annoyance, disapproval, or frustration",reaction,reaction,false,
KMT,20289222629,2010-08-04,"I like dis babe kmt(u knw deez) ""@StephanieIj:  #letsbeclear a relationship without any form of intimate interaction is a friendship.""",35538150,"kissing my teeth; an expression of annoyance, disapproval, or frustration",reaction,casual_conversation,false,
KMT,20289244960,2010-08-04,LolRT @gidi_genius_SE dis is very harsh RT @isokenu U av got 2 be the most annoying girl on my BB! And ur not even fine!Yes I said it...Kmt!,82134337,"kissing my teeth; an expression of annoyance, disapproval, or frustration",reaction,casual_conversation,false,
KMT,20289282647,2010-08-04,#ThingsThatBotherMe Being Able To Hear Both Ends Of A Conversation When Some1 Is On The Phone #YouDeafBat KMT!,154862780,"kissing my teeth; an expression of annoyance, disapproval, or frustration",reaction,reaction,false,
KMT,20289283976,2010-08-04,"Teenagers should be banned from facebook. Especially the irresponsible ones promoting shottin, stealing, drinking &underage pregnancies KMT",28595496,"kissing my teeth; an expression of annoyance, disapproval, or frustration",reaction,reaction,false,
KMT,20289305585,2010-08-04,I better not be waiting in this doctors for 45mins like last time kmt!,128820862,"kissing my teeth; an expression of annoyance, disapproval, or frustration",reaction,reaction,false,
KMT,20580484006,2010-08-07,Hope u two have loads of fun kmt,22233610,"kissing my teeth; an expression of annoyance, disapproval, or frustration",reaction,reaction,false,
KMT,20580496447,2010-08-07,"Nw i knw y u like tofu...hehehe RT @honeymiix: A reason y I dnt rily lik eatin meat,av 2 use a toothpick after..kmt!!",37072933,"kissing my teeth; an expression of annoyance, disapproval, or frustration",reaction,casual_conversation,false,
KMT,20580541271,2010-08-07,Kmt.....wish is cud 'end chat' on some ppl forever!,70123011,"kissing my teeth; an expression of annoyance, disapproval, or frustration",reaction,reaction,false,
KMT,20580549666,2010-08-07,Only 2slices of bread in dis entire house. Kmt,133512370,"kissing my teeth; an expression of annoyance, disapproval, or frustration",reaction,reaction,false,
KMT,20580586732,2010-08-07,wont be the same w/o u :( :P RT @lysslavanne: Hope u two have loads of fun kmt,25155764,"kissing my teeth; an expression of annoyance, disapproval, or frustration",reaction,casual_conversation,false,
KMT,20580640430,2010-08-07,Why did she just indirect me though?! Kmt ... Mind yourself please,74119229,"kissing my teeth; an expression of annoyance, disapproval, or frustration",reaction,reaction,false,
KMT,20580687145,2010-08-07,"Ahh,dts a serz situation""@Jerkilola: Only 2slices of bread in dis entire house. Kmt""",125302368,"kissing my teeth; an expression of annoyance, disapproval, or frustration",reaction,casual_conversation,false,
KMT,20580772007,2010-08-07,"Lmao""@temiTAYO_A: Dint u just finish shawarma...or na abstract shawarma..RT @Jerkilola: Only 2slices of bread in dis entire house. Kmt""",125302368,"kissing my teeth; an expression of annoyance, disapproval, or frustration",reaction,casual_conversation,false,
KMT,20580780239,2010-08-07,Stop tripping for urself jor...kmt #okbye* RT @gorgeousbskin: If u know me.... U'd knw that I hv a BIG (cont) http://tl.gd/2vrsph,86031047,"kissing my teeth; an expression of annoyance, disapproval, or frustration",reaction,casual_conversation,false,
KMT,20580809156,2010-08-07,"#ThingsWeDoForLove sneak to her hotel room...make out, wen shez satisfied she pushes u out and uve gotta dress up on the road *kmt*",85173716,"kissing my teeth; an expression of annoyance, disapproval, or frustration",reaction,reaction,false,
KMT,21521364220,2010-08-18,"Sharap""@elledourai: ""@Mz_Bukiolofin: Jealousyyyy""@U_JAYU: @Mz_Bukiolofin evrytym u r missn him..pls let's hear word jare.*kmt*""""abi oh! Let'",99517910,"kissing my teeth; an expression of annoyance, disapproval, or frustration",reaction,casual_conversation,false,
KMT,21521377477,2010-08-18,"@MsAsiaLee nahhhhhhh she's actually the best, as for her n Scott kmt... But her as a person she too fantastic",76650391,"kissing my teeth; an expression of annoyance, disapproval, or frustration",reaction,casual_conversation,false,
KMT,21521407550,2010-08-18,@rebelliousM yall are bored ...yall in the same house tweeting each other ...go find something to do ...go play wit each other chun cun kmt,30601086,"kissing my teeth; an expression of annoyance, disapproval, or frustration",reaction,casual_conversation,false,
KMT,21521526681,2010-08-18,kmt im jus gna stay hme n drown ma sorrows 2mrw ... y duz results daii hve 2 cum b4 carnival :'(,137440932,"kissing my teeth; an expression of annoyance, disapproval, or frustration",reaction,reaction,false,
KMT,21521581798,2010-08-18,2 cop da torch or 4g ?? Kmt. I hate dz bold alreadi :( p.s all deze guyz dat r talkin bout results must hav dne well sha. Lol,108456392,"kissing my teeth; an expression of annoyance, disapproval, or frustration",reaction,casual_conversation,false,
KMT,21521589897,2010-08-18,December is taking long to come -I wana boogie for here! Kmt,102281540,"kissing my teeth; an expression of annoyance, disapproval, or frustration",reaction,reaction,false,
KMT,21521628113,2010-08-18,RT @FreshPriiincess: December is taking long to come -I wana boogie for here! Kmt,24033351,"kissing my teeth; an expression of annoyance, disapproval, or frustration",reaction,casual_conversation,false,
KMT,21521681999,2010-08-18,SOme people like to tweet about food when I'm hungry sha... cc: @nxtprz kmt,15179162,"kissing my teeth; an expression of annoyance, disapproval, or frustration",reaction,casual_conversation,false,
KMT,21521773446,2010-08-18,"We on da same page dere...sry!!""@PoSh_SaDiE: I'm so pissed ryt now!! Kmt!!!!""",44140087,"kissing my teeth; an expression of annoyance, disapproval, or frustration",reaction,casual_conversation,false,
KMT,22053231401,2010-08-25,"RT @Camp21: @Meloncookie calm down man cho,mins finish&gt;kmt",22856537,"kissing my teeth; an expression of annoyance, disapproval, or frustration",reaction,casual_conversation,false,
KMT,22053344080,2010-08-25,I'm out.... bed for real I got the fne cal n it didn't go to plan wernt impressed @ all kmt,61025699,"kissing my teeth; an expression of annoyance, disapproval, or frustration",reaction,casual_conversation,false,
KMT,22053361252,2010-08-25,I'm tight right now mad heads talking smack right now kmt i dnt know if i should listen or give then toilet paper to wipe all dat coming ...,151757818,"kissing my teeth; an expression of annoyance, disapproval, or frustration",reaction,reaction,false,
KMT,22053362126,2010-08-25,@SICKHEAD_GEO I WEN TU QUEENS. ND WAS CHEELIN WID MY FAMZ ND FRIENDS. ND I HAD TU TAKE BC THE TRAIN WHICH IS 2 HOURS DRIVING. KMT,38919635,"kissing my teeth; an expression of annoyance, disapproval, or frustration",reaction,casual_conversation,false,
KMT,22053396393,2010-08-25,Sighh :\ ruff dem uup nuh!  RT @ChanceMuzik: @DaniiNoey yea KeKe told u i see :( kmt yo idk wtf dem problem enuh Pop Skull -.-,115459940,"kissing my teeth; an expression of annoyance, disapproval, or frustration",reaction,casual_conversation,false,
KMT,22053398105,2010-08-25,Dons have gt issssssssssuessssss ringin me on unknown then expectin me 2 knw hu it is!....kmt kwasia,120521121,"kissing my teeth; an expression of annoyance, disapproval, or frustration",reaction,reaction,false,
KMT,22053405813,2010-08-25,@MissModellic  this is why i hate fb....once u go online...like 3000 people start chatting with you...KMT&gt;&gt;&gt;&gt;&gt;deactivate if u hate it,28785044,"kissing my teeth; an expression of annoyance, disapproval, or frustration",reaction,casual_conversation,false,
KMT,22053463349,2010-08-25,Stil awake...kmt,92626480,"kissing my teeth; an expression of annoyance, disapproval, or frustration",reaction,reaction,false,
KMT,22053503653,2010-08-25,@DiORNEW_TWiTTA kmt yea wyd thou ?,172120804,"kissing my teeth; an expression of annoyance, disapproval, or frustration",reaction,casual_conversation,false,
KMT,22053522872,2010-08-25,L.O.V.E.....lawd! I'll let ya'll have it I can't be bothered SMH...KMT! Joke I'm all for it :-),51638952,"kissing my teeth; an expression of annoyance, disapproval, or frustration",reaction,reaction,false,
KMT,22622381870,2010-08-31,"Jesu, my twitter has just been hackkedd ohh,@TimmyOdubela. Yur a bighead kmt..",46750767,"kissing my teeth; an expression of annoyance, disapproval, or frustration",reaction,casual_conversation,false,
KMT,22622386581,2010-08-31,@FumFum7 i hate it when they forget u in there kmt,25368772,"kissing my teeth; an expression of annoyance, disapproval, or frustration",reaction,casual_conversation,false,
KMT,22622435181,2010-08-31,@karmakae kmt! I quit u!!! *rolls eyes*,33035500,"kissing my teeth; an expression of annoyance, disapproval, or frustration",reaction,casual_conversation,false,
KMT,22622446530,2010-08-31,@Loopie101 it wasn't me ohhh..it was @TimmyOdubela ohh..Such a bighead Kmt!,46750767,"kissing my teeth; an expression of annoyance, disapproval, or frustration",reaction,casual_conversation,false,
KMT,22622480348,2010-08-31,"Say it again kmt RT @iamkelzzz: @acnam 1st week of uni too wat ahh are the learning, shiii impr3 people.",48519086,"kissing my teeth; an expression of annoyance, disapproval, or frustration",reaction,casual_conversation,false,
KMT,22622499501,2010-08-31,My mums not even home so why the fuck is this woman in my gaff? What the fuck! I'm proper pissed at my mum now! KMT,147995753,"kissing my teeth; an expression of annoyance, disapproval, or frustration",reaction,reaction,false,
KMT,22622529644,2010-08-31,Dude need to give it a rest I ♥ him but need to miss him tired of him now kmt RT @Chennylou: The @TreySongz Bottoms Up vid was so blatant,35572399,"kissing my teeth; an expression of annoyance, disapproval, or frustration",reaction,casual_conversation,false,
KMT,22622554076,2010-08-31,"Just been museum. There's 2 egyptian mummys that was brothers. 1 was kept perfect the other was shabby. The reason is 1 was a ""negroid"" kmt",147620823,"kissing my teeth; an expression of annoyance, disapproval, or frustration",reaction,reaction,false,
KMT,22622572075,2010-08-31,RT @Layide: I said I'm busy so what is it?!! Are you my bf? Kmt!&lt;&lt;&lt;**abi o! Free d chic nw! #isiturproperty lol http://myloc.me/bhYly,118651537,"kissing my teeth; an expression of annoyance, disapproval, or frustration",reaction,casual_conversation,false,
KMT,22622637473,2010-08-31,"Fml. The dye frm my hair stained my dress and this tide to go,aint working. Kmt",19357430,"kissing my teeth; an expression of annoyance, disapproval, or frustration",reaction,reaction,false,
KMT,22845998637,2010-09-03,"#LiesGuysTell ""Mi ride soon sawt out man"" 2 yrs lata him still a use him smartcard  kmt #wasteatime",34099637,"kissing my teeth; an expression of annoyance, disapproval, or frustration",reaction,reaction,false,
KMT,22846005046,2010-09-03,Emotional guys man kmt,104633895,"kissing my teeth; an expression of annoyance, disapproval, or frustration",reaction,reaction,false,
KMT,22846009008,2010-09-03,@MsK_B naa I aint tryna stir shit it jus pisses me off tht he don't undastan what he means to yuu kmt,153795613,"kissing my teeth; an expression of annoyance, disapproval, or frustration",reaction,casual_conversation,false,
KMT,22846040163,2010-09-03,“@AshantiGirlV: oh yeah and erm who was calling me on private @ 4.35am kmt” does private here mean bathroom? Lol,33043614,"kissing my teeth; an expression of annoyance, disapproval, or frustration",reaction,casual_conversation,false,
KMT,22846067081,2010-09-03,Fatima is so fyn jesus**wth**wr duz my face belong??kmt*,67900018,"kissing my teeth; an expression of annoyance, disapproval, or frustration",reaction,reaction,false,
KMT,22846119528,2010-09-03,Omg I ordered spring rolls instead of shrimp rolls no wonder it was cheap Kmt,32039820,"kissing my teeth; an expression of annoyance, disapproval, or frustration",reaction,reaction,false,
KMT,22846135224,2010-09-03,RT @Moody_whatelsss: @misschrissy_URM looooooooooooooooooooooooooooool hold u hostage for £6 lol « is dat it 6 fxckin squids kmt!,60785265,"kissing my teeth; an expression of annoyance, disapproval, or frustration",reaction,casual_conversation,false,
KMT,22846168762,2010-09-03,I hate da way u see me at skl and wont talk ca ur in 1 year older dan me now on FB inbox u wanna tell me how u lyk me and ting KMT fuck off!,108100496,"kissing my teeth; an expression of annoyance, disapproval, or frustration",reaction,reaction,false,
KMT,22846195302,2010-09-03,"*places yo hand on ma big beer belly* teheheh. :D &lt;3 RT @MzzJaNelle
  
@Scribz kmt..wadeveerrr",30926470,"kissing my teeth; an expression of annoyance, disapproval, or frustration",reaction,casual_conversation,false,
KMT,22846248043,2010-09-03,Look from when me a wait pon di damn food an di bwoy jus a come wid it!!! Kmt,173694200,"kissing my teeth; an expression of annoyance, disapproval, or frustration",reaction,reaction,false,
KMT,23957560591,2010-09-08,my hair looks nothing like what is said on the tin #KMT!,97064873,"kissing my teeth; an expression of annoyance, disapproval, or frustration",reaction,reaction,false,
KMT,23957957532,2010-09-08,RT @NinoCaprice: just got in.. i officially hate kids kmt&lt;how many u got now?,104771754,"kissing my teeth; an expression of annoyance, disapproval, or frustration",reaction,casual_conversation,false,
KMT,23958025559,2010-09-08,"@SameeRAWR Fooooool! Kmt hahah yeah it is, just been overly gassed up LOL",111332181,"kissing my teeth; an expression of annoyance, disapproval, or frustration",reaction,casual_conversation,false,
KMT,23958119407,2010-09-08,"@andy30lounge @andy30lounge kmt i was there on tues, why u neva give mi di paper dem..full a chat",46366686,"kissing my teeth; an expression of annoyance, disapproval, or frustration",reaction,casual_conversation,false,
KMT,23958120441,2010-09-08,"Ahahn y wld u think that kmt lol ""@thePeyness: Who asked u to have sex! Now ur tired! Comon go to bed ! Pox by force ""@ugochi24: Phewww!!!""""",82411027,"kissing my teeth; an expression of annoyance, disapproval, or frustration",reaction,casual_conversation,false,
KMT,23958147859,2010-09-08,"""If you love somebody, let them go. If they return, they were always yours. If they don't, they never were"".....KWASIASEM!!!...kmt",186752651,"kissing my teeth; an expression of annoyance, disapproval, or frustration",reaction,reaction,false,
KMT,23958148245,2010-09-08,RT @timi_14: Lool..I reserve my commentsRT @temiTAYO_A: Kmt RT @jc_skittles: New  york is the place to be....! (cont) http://tl.gd/3i19en,73017866,"kissing my teeth; an expression of annoyance, disapproval, or frustration",reaction,casual_conversation,false,
KMT,23958181855,2010-09-08,"Y u dey laff...kmt!RT @Giammatti: Lmaoooo""bakey07: Sultan of sokoto jst confirmed dat d moon isn't sighted yet!""",76019085,"kissing my teeth; an expression of annoyance, disapproval, or frustration",reaction,casual_conversation,false,
KMT,23958412393,2010-09-08,"RT @toeluuh_: @MrDynamyte @kayTShiNxX ur a princess now. one of the finest i've seen sef. ;) &lt;b careful, her head's bou tew explode.lol&gt; kmt",92946662,"kissing my teeth; an expression of annoyance, disapproval, or frustration",reaction,casual_conversation,false,
KMT,23958444599,2010-09-08,cant sleep kmt...,74872138,"kissing my teeth; an expression of annoyance, disapproval, or frustration",reaction,reaction,false,
KMT,24643725397,2010-09-16,"Taaa! Is it cos its ur name!kmt... M referring 2God.. His mercies r too much!   RT @Anuhio: Ur nt serious o,both of ... http://tmi.me/1qMMa",112419937,"kissing my teeth; an expression of annoyance, disapproval, or frustration",reaction,casual_conversation,false,
KMT,24643753735,2010-09-16,:'( I wake to a belly ache. KMT. Is this life?,51229004,"kissing my teeth; an expression of annoyance, disapproval, or frustration",reaction,reaction,false,
KMT,24643791284,2010-09-16,"RT**hmmm copy cat oshi..like u even knw him..kmt @motunmi: Dats just the way it is, I love 2pac oooo!!!",135810964,"kissing my teeth; an expression of annoyance, disapproval, or frustration",reaction,casual_conversation,false,
KMT,24643807219,2010-09-16,And u started with oluwa tosin hmmmmRT @itee_barbie: Taaa! Is it cos its ur name!kmt... M referring 2God.. His ... http://tmi.me/1qMVl,59506069,"kissing my teeth; an expression of annoyance, disapproval, or frustration",reaction,casual_conversation,false,
KMT,24643850079,2010-09-16,@StriderArtist lool truss! Tfl makin money for some shuuuuuupid service! Kmt,90158282,"kissing my teeth; an expression of annoyance, disapproval, or frustration",reaction,casual_conversation,false,
KMT,24643974041,2010-09-16,"Wat CD group r u in? U r so dedicated. Goin dere dis early?RT @hotchocolateyme: @timolat37. I'm good dearie, on my way to my dead CD, kmt...",38432706,"kissing my teeth; an expression of annoyance, disapproval, or frustration",reaction,casual_conversation,false,
KMT,24643981124,2010-09-16,Self deceit ain't good kmt...RT @loladey: I luk rily nice dis morning...my mirror told me so!,164795869,"kissing my teeth; an expression of annoyance, disapproval, or frustration",reaction,casual_conversation,false,
KMT,24644000903,2010-09-16,"Damn dis bus took 4evr 2 gt er kmt 20 whole mins wot da heck, on top of dt its packed",176516134,"kissing my teeth; an expression of annoyance, disapproval, or frustration",reaction,reaction,false,
KMT,24644041772,2010-09-16,Why do school girls look at me #smh I may look 16 but I aint kmt!,59247335,"kissing my teeth; an expression of annoyance, disapproval, or frustration",reaction,reaction,false,
KMT,24644064921,2010-09-16,Lmao!! I love u RT @Anuhio: And u started with oluwa tosin hmmmmRT @itee_barbie: Taaa! Is it cos its ur name!kmt... ... http://tmi.me/1qNpq,112419937,"kissing my teeth; an expression of annoyance, disapproval, or frustration",reaction,casual_conversation,false,
KMT,25050374490,2010-09-20,@Kris27jam&lt;&lt; YES kris BANG on!!!! Bloody snails kmt,102164122,"kissing my teeth; an expression of annoyance, disapproval, or frustration",reaction,casual_conversation,false,
KMT,25050379018,2010-09-20,BBS back and I've already fucked up the side of it kmt,55352374,"kissing my teeth; an expression of annoyance, disapproval, or frustration",reaction,reaction,false,
KMT,25050431879,2010-09-20,Minty's a right mug! Kmt #Eastenders,45653640,"kissing my teeth; an expression of annoyance, disapproval, or frustration",reaction,reaction,false,
KMT,25050450734,2010-09-20,I'm so angry the train don't wanna move cause someone jumped on the tracks &gt;:O who told them all I wanna do is go home kmt !! So sleepy :(,108736753,"kissing my teeth; an expression of annoyance, disapproval, or frustration",reaction,reaction,false,
KMT,25050475299,2010-09-20,Boys suck...can't be bothered kmt x X x,30113464,"kissing my teeth; an expression of annoyance, disapproval, or frustration",reaction,reaction,false,
KMT,25050489026,2010-09-20,I just witnessed 14 police officer on one man  that's was already restrained kmt FUCKING PIGS  http://plixi.com/p/46222775,86387086,"kissing my teeth; an expression of annoyance, disapproval, or frustration",reaction,reaction,false,
KMT,25050576487,2010-09-20,Should of been a yummy mummy kmt x X x,30113464,"kissing my teeth; an expression of annoyance, disapproval, or frustration",reaction,reaction,false,
KMT,25050584896,2010-09-20,"bastard guy RT @ELEYETH: Ugh kmt RT @Deniyii: The idiot. 3-| ""@Coker18: Who remembers Mr Alex from ISL gate...""",62484217,"kissing my teeth; an expression of annoyance, disapproval, or frustration",reaction,casual_conversation,false,
KMT,25050646218,2010-09-20,@SocialYaad bounty need fi go si dung and get a life... U caah a play wid ur gurl and she get 19 stitches u crazy.. Kmt and ppl rate him,186830785,"kissing my teeth; an expression of annoyance, disapproval, or frustration",reaction,casual_conversation,false,
KMT,25050684543,2010-09-20,RT @SabzMacLovin: RT @NutellerdToast: @SabzMacLovin they are man kmt«« awww bubbah *kiss*&gt; mwah xx,115238748,"kissing my teeth; an expression of annoyance, disapproval, or frustration",reaction,casual_conversation,false,
KMT,25424641123,2010-09-24,"I shd really learn how to drive. Now the driver is AWOL, and d brilliant fellow took d car keys with him. Kmt",40311413,"kissing my teeth; an expression of annoyance, disapproval, or frustration",reaction,reaction,false,
KMT,25424652278,2010-09-24,RT @Nieceeyx: Nandos :/ *sigh* free whole chicken but aint using it I don't want nandos! I aint hungry kmt .. (cont) http://tl.gd/66f5k3,128217401,"kissing my teeth; an expression of annoyance, disapproval, or frustration",reaction,casual_conversation,false,
KMT,25424694823,2010-09-24,Boiz r fucked....asin big tym.......kmt!!!! http://myloc.me/cp5xB,142633452,"kissing my teeth; an expression of annoyance, disapproval, or frustration",reaction,reaction,false,
KMT,25424741751,2010-09-24,"Lemmie give 26,500! GASKIANI!!!☺ ""@babylaser007: He wants to buy it 25k..abeg wetin I dey sell..na calculator or adding machine ....kmt",146966645,"kissing my teeth; an expression of annoyance, disapproval, or frustration",reaction,casual_conversation,false,
KMT,25424816441,2010-09-24,Life is gonna be boring until my sky comes through. No internet either. Kmt. I'm dreading this next week,92649452,"kissing my teeth; an expression of annoyance, disapproval, or frustration",reaction,reaction,false,
KMT,25424848999,2010-09-24,"@MissRochelle_x Yes it does, it should have its own line, why it has to share with the District line I dunno kmt..",24037653,"kissing my teeth; an expression of annoyance, disapproval, or frustration",reaction,casual_conversation,false,
KMT,25424858016,2010-09-24,@that_5ft_female kmt strawberry chessecake? goose? COUGH !!!,116494321,"kissing my teeth; an expression of annoyance, disapproval, or frustration",reaction,casual_conversation,false,
KMT,25424874637,2010-09-24,Kmt if it was ur kid mon/ sis u would a say dat RT @culchagideon: @loveboyz low di general! Head a state. Poor ppl ... http://tmi.me/1Gdxj,35572399,"kissing my teeth; an expression of annoyance, disapproval, or frustration",reaction,casual_conversation,false,
KMT,25424875955,2010-09-24,twitter telling me to follow a certain individual.....kmt private tweets fi get shot!,39149553,"kissing my teeth; an expression of annoyance, disapproval, or frustration",reaction,reaction,false,
KMT,25424905307,2010-09-24,RT @SaNjCeleb: twitter telling me to follow a certain individual.....kmt private tweets fi get shot!,38085338,"kissing my teeth; an expression of annoyance, disapproval, or frustration",reaction,casual_conversation,false,
KMT,26326365783,2010-10-04,Oh yh....I didn't see @PrinceStorm dance...kmt ....I usually get all gassed n try to steal a move lol,47719888,"kissing my teeth; an expression of annoyance, disapproval, or frustration",reaction,casual_conversation,false,
KMT,26326413152,2010-10-04,That name bed kmt,22233610,"kissing my teeth; an expression of annoyance, disapproval, or frustration",reaction,reaction,false,
KMT,26326433283,2010-10-04,KMT -__- so stubborn sometimes,100346563,"kissing my teeth; an expression of annoyance, disapproval, or frustration",reaction,reaction,false,
KMT,26326563850,2010-10-04,@MissMalz blah blah blah! ur dumped as my friend and @iamsnakeyman1 and @SSarpong kmt,44865746,"kissing my teeth; an expression of annoyance, disapproval, or frustration",reaction,casual_conversation,false,
KMT,26326622571,2010-10-04,My throat is killing me. And I have a stuffy nose AGAIN. Mtchhew. I used to be stronger than this! Kmt.,144919375,"kissing my teeth; an expression of annoyance, disapproval, or frustration",reaction,reaction,false,
KMT,26326645090,2010-10-04,I nt doin a battery pull innu kmt,55983293,"kissing my teeth; an expression of annoyance, disapproval, or frustration",reaction,reaction,false,
KMT,26326689645,2010-10-04,@KingofGT kmt na no 'anyone else'. I'm ur girl. Tryna draw me out...,24235913,"kissing my teeth; an expression of annoyance, disapproval, or frustration",reaction,casual_conversation,false,
KMT,26326734739,2010-10-04,All now I aint start cleanin my room lol kmt,133076735,"kissing my teeth; an expression of annoyance, disapproval, or frustration",reaction,casual_conversation,false,
KMT,26326848552,2010-10-04,"U know when someone's on ur twitter, facebook and blackberry so u cnt update a status bout them kmt",124016558,"kissing my teeth; an expression of annoyance, disapproval, or frustration",reaction,reaction,false,
KMT,26326921314,2010-10-04,@WaveBoyMillz kmt ! uu really need it 2 sleep?!,123032961,"kissing my teeth; an expression of annoyance, disapproval, or frustration",reaction,casual_conversation,false,
KMT,27217275372,2010-10-13,@DanziDae eeh? kmt it a load still,36888795,"kissing my teeth; an expression of annoyance, disapproval, or frustration",reaction,casual_conversation,false,
KMT,27217386588,2010-10-13,Soooooo tired 430 start and stuck in traffic kmt Good Morning twitter world x,106579163,"kissing my teeth; an expression of annoyance, disapproval, or frustration",reaction,reaction,false,
KMT,27217406765,2010-10-13,so ermm need i forget that the BET Awards today was dry...oh wait caps!!! DRYYYYYYYYYY....#kmt #smh,120982623,"kissing my teeth; an expression of annoyance, disapproval, or frustration",reaction,reaction,false,
KMT,27217478094,2010-10-13,#Fuking spider ran under my bed eughh I have no time for this foolishness kmt,173633776,"kissing my teeth; an expression of annoyance, disapproval, or frustration",reaction,reaction,false,
KMT,27217485669,2010-10-13,"This man should better come, kmt",164834900,"kissing my teeth; an expression of annoyance, disapproval, or frustration",reaction,reaction,false,
KMT,27217497487,2010-10-13,RT**So dat fon call ddnt end last 9t Huh?  Kmt* @weezyzish: @dayteaser my darling,35212784,"kissing my teeth; an expression of annoyance, disapproval, or frustration",reaction,casual_conversation,false,
KMT,27217562461,2010-10-13,"@iBiteThings Kmt. Stunter.com lmaoooo, she's fake, 'internet-thug' LOL, but wtf, i woulda cuss the shit outta her!",112511934,"kissing my teeth; an expression of annoyance, disapproval, or frustration",reaction,casual_conversation,false,
KMT,27217683709,2010-10-13,Woken up 3 times 2nite I'm officially a newborn kmt,26304595,"kissing my teeth; an expression of annoyance, disapproval, or frustration",reaction,reaction,false,
KMT,27217709062,2010-10-13,RT kmt dat nah work..... @nv_Francis: If der were enuf hrs in d day 2 get done all I needed 2 & still get my beauty rest,109149422,"kissing my teeth; an expression of annoyance, disapproval, or frustration",reaction,casual_conversation,false,
KMT,27217785063,2010-10-13,Great I left the house without a jacket because around lunch it always gets hot but I'm freezing kmt,114409765,"kissing my teeth; an expression of annoyance, disapproval, or frustration",reaction,reaction,false,
KMT,27229106157,2010-10-13,"@mantsekev u talk ajar!!!! kmt&gt;&gt; when the first poker goes down, you might want to come again with your words!",67075959,"kissing my teeth; an expression of annoyance, disapproval, or frustration",reaction,casual_conversation,false,
KMT,27229129222,2010-10-13,The printing system in the uni's stoopid!! Kmt,56828020,"kissing my teeth; an expression of annoyance, disapproval, or frustration",reaction,reaction,false,
KMT,27229167647,2010-10-13,Last minute people irritate me kmt! Just causing me stress now kmt!,115238748,"kissing my teeth; an expression of annoyance, disapproval, or frustration",reaction,reaction,false,
KMT,27229179402,2010-10-13,BTW y d fuck iz dis shit crawlin??? Kmt,107254970,"kissing my teeth; an expression of annoyance, disapproval, or frustration",reaction,reaction,false,
KMT,27229205364,2010-10-13,Dis hospital enh! Deir wahala is tooo much! Kmt,82948648,"kissing my teeth; an expression of annoyance, disapproval, or frustration",reaction,reaction,false,
KMT,27229206683,2010-10-13,@Taki_Liverbird oh pls...... go bungee jumping or something. kmt. Plus can's wait for United to be free from those douches....,201934560,"kissing my teeth; an expression of annoyance, disapproval, or frustration",reaction,casual_conversation,false,
KMT,27229247582,2010-10-13,Konjified much...RT @princeAKAD: whats the use of a rock hard dick when there aint no juicy pussy to stick it on??kmt...any volunteers??,144637947,"kissing my teeth; an expression of annoyance, disapproval, or frustration",reaction,casual_conversation,false,
KMT,27229276411,2010-10-13,"I wish my parents were normal n came home at like 5 or 7, but NO. 1 comes home at 2 n the other at 4 KMT !!",143233361,"kissing my teeth; an expression of annoyance, disapproval, or frustration",reaction,reaction,false,
KMT,27229302405,2010-10-13,Dat new horizon lecturer must b on crack...kmt,141167471,"kissing my teeth; an expression of annoyance, disapproval, or frustration",reaction,reaction,false,
KMT,27229361626,2010-10-13,#Why is twitter so quiet kmt. Tweets every 15mins smh,105173744,"kissing my teeth; an expression of annoyance, disapproval, or frustration",reaction,reaction,false,
KMT,27897358994,2010-10-20,@TwiztinoDaVinci lml sorry . mtly day was borinq kmt,93248657,"kissing my teeth; an expression of annoyance, disapproval, or frustration",reaction,casual_conversation,false,
KMT,27897454019,2010-10-20,@drenaskittlez lol jah knw... Mi did deh a mi yard bored... Moda nuh stop annoy mi kmt,186830785,"kissing my teeth; an expression of annoyance, disapproval, or frustration",reaction,casual_conversation,false,
KMT,27897741775,2010-10-20,RT @ReliBankz: @RobiiiG lmao kmt gwaan listen to @DinaVuitton && Her foolishness :P | lol afta me nah lissn to her .. She can gwaan man :p,85161578,"kissing my teeth; an expression of annoyance, disapproval, or frustration",reaction,casual_conversation,false,
KMT,27897806923,2010-10-20,2 tings a plan one time.....nice (KMT),146945670,"kissing my teeth; an expression of annoyance, disapproval, or frustration",reaction,reaction,false,
KMT,27897826759,2010-10-20,Not cause my phone nearly slip an drop in the tub an I did some matrix shit to catch it an nearly kill myself -_____- kmt,34149806,"kissing my teeth; an expression of annoyance, disapproval, or frustration",reaction,self_description,false,
KMT,27897858788,2010-10-20,UGHHHHHHHH I WANNA EXPLODE BUT AT THE SAME TIME IM TELLING MYSELF NOT TO KMT OH GOSH WAT SHALL I DO,34797213,"kissing my teeth; an expression of annoyance, disapproval, or frustration",reaction,self_description,false,
KMT,27897865405,2010-10-20,@LadiiPinkLeecie a me fi tell yuh bbz....kmt,131940895,"kissing my teeth; an expression of annoyance, disapproval, or frustration",reaction,casual_conversation,false,
KMT,27897865797,2010-10-20,"How abt ""u soun nice"" KMRT! RT @LONZtheMUA: some1 just called my phone asking 'who is this' - bish dont call my phone askin who this is KMT",27996477,"kissing my teeth; an expression of annoyance, disapproval, or frustration",reaction,casual_conversation,false,
KMT,27897882089,2010-10-20,noooo but hear da boy ya now nuh....bout cook kmt,118421415,"kissing my teeth; an expression of annoyance, disapproval, or frustration",reaction,reaction,false,
KMT,27897984529,2010-10-20,lol sum1 jus called me. me: who is this him:cameron me:u have the wrong number. him:u sure? me:yes im sure. him: u sure? me: *kmt an hang up,31250251,"kissing my teeth; an expression of annoyance, disapproval, or frustration",reaction,casual_conversation,false,
KMT,29406933347,2010-11-01,@MsFerrieBaybiie and I thought I was bad!! Kmt! :),186268496,"kissing my teeth; an expression of annoyance, disapproval, or frustration",reaction,casual_conversation,false,
KMT,29406945477,2010-11-01,Lol just watch it at 10 instead RT @LawrieT: Wants to watch antm but my mum  is watching OBE kmt! How annoying! I need sky in my room!,24458198,"kissing my teeth; an expression of annoyance, disapproval, or frustration",reaction,casual_conversation,false,
KMT,29406988766,2010-11-01,"eya sorry dear.....RT @spicysharry: In my ryt eye: ""@spicysharry: Which kind of boil is dis sef......kmt",94860363,"kissing my teeth; an expression of annoyance, disapproval, or frustration",reaction,casual_conversation,false,
KMT,29407023871,2010-11-01,Am avin a gd life...ds guys tryna ruin it...kmt,76953487,"kissing my teeth; an expression of annoyance, disapproval, or frustration",reaction,reaction,false,
KMT,29407045199,2010-11-01,@sasha_ss i reject it which nonsense Rainbow college..... kmt..... it has nuffn to do with d skool oooo,17529702,"kissing my teeth; an expression of annoyance, disapproval, or frustration",reaction,casual_conversation,false,
KMT,29407122653,2010-11-01,@KimberleyJadex Oh kmt smartypants! &lt;3,49090006,"kissing my teeth; an expression of annoyance, disapproval, or frustration",reaction,casual_conversation,false,
KMT,29407166285,2010-11-01,@JoshBrownCasj kmt which uncle do you want?? you have to be quick because not all are legal,166667029,"kissing my teeth; an expression of annoyance, disapproval, or frustration",reaction,casual_conversation,false,
KMT,29407170598,2010-11-01,cant find this damn caterers number... i knew he emailed me once kmt,41399188,"kissing my teeth; an expression of annoyance, disapproval, or frustration",reaction,reaction,false,
KMT,29407172734,2010-11-01,@musicmelb haaaaa DMMFL!! An it's sum ne fat bitch from round my endz dat i NEVA chat to!! Kmt,172438420,"kissing my teeth; an expression of annoyance, disapproval, or frustration",reaction,casual_conversation,false,
KMT,29407179250,2010-11-01,Its too cold.. Where's this rancid bus at? Kmt,151584489,"kissing my teeth; an expression of annoyance, disapproval, or frustration",reaction,reaction,false,
KMT,4231475431997440,2010-11-15,"I was hatin on the driver man, almost missed my second coach cuz he didn't wanna drive thru yellow lights kmt #ElisJourneys",44151488,"kissing my teeth; an expression of annoyance, disapproval, or frustration",reaction,reaction,false,
KMT,4231761986846720,2010-11-15,Raah!! Dead exhausted!!kmt ths courseworks!! #cringe,184707006,"kissing my teeth; an expression of annoyance, disapproval, or frustration",reaction,reaction,false,
KMT,4232074881925121,2010-11-15,RT @TeflonTobz: @Minnie_Minnz yep hes supportin rick ross on wednesday • Lol you really wanna gp now ria? What's so special about tyga? Kmt,187579872,"kissing my teeth; an expression of annoyance, disapproval, or frustration",reaction,casual_conversation,false,
KMT,4232088433721344,2010-11-15,"I concur, kmt! RT @TayoSophie: *sigh @Rubiks6 is such a hater!!!!",133509199,"kissing my teeth; an expression of annoyance, disapproval, or frustration",reaction,casual_conversation,false,
KMT,4232517230010369,2010-11-15,"Shit! 10 minutes left, kmt.",132236071,"kissing my teeth; an expression of annoyance, disapproval, or frustration",reaction,reaction,false,
KMT,4232678408724480,2010-11-15,"""@drewgetsitin: @SlimBeautii kmt ur in the pic its not pic of u smh lol"" lmao same thing",89854522,"kissing my teeth; an expression of annoyance, disapproval, or frustration",reaction,casual_conversation,false,
KMT,4232819651911680,2010-11-15,@SeffyTheBestest lol really now *kut eye* kmt,135033484,"kissing my teeth; an expression of annoyance, disapproval, or frustration",reaction,casual_conversation,false,
KMT,4232912094363648,2010-11-15,"Lmao! Is this a crusade againist IJ tho? ""@flawlessklutz: I concur, kmt! RT @TayoSophie: *sigh @Rubiks6 is such a hater!!!!""",125143607,"kissing my teeth; an expression of annoyance, disapproval, or frustration",reaction,casual_conversation,false,
KMT,4232991316381696,2010-11-15,"@Lyricsflossin Leason low mi 
Lmaoo bout lies kmt",41041038,"kissing my teeth; an expression of annoyance, disapproval, or frustration",reaction,casual_conversation,false,
KMT,4232995418411010,2010-11-15,Dis people shuld hurry wit d food naa..kmt!!,75340093,"kissing my teeth; an expression of annoyance, disapproval, or frustration",reaction,reaction,false,
KMT,13018512956063744,2010-12-09,"oh my FYL. RT @KandiiLeena: after me seh ahh, i coming online to priint off notes, black ink DONE.. kmt...",212717611,"kissing my teeth; an expression of annoyance, disapproval, or frustration",reaction,casual_conversation,false,
KMT,13018608640729088,2010-12-09,Hw many times a year? RT  @ladeletomi: i do dat RT @K_bOnGiE: As if you do... Kmt  RT @ladeletomi: @K_bOnGiE u cn pray,164315410,"kissing my teeth; an expression of annoyance, disapproval, or frustration",reaction,casual_conversation,false,
KMT,13018725242372096,2010-12-09,doin carib studies i.a shit kmt,120757752,"kissing my teeth; an expression of annoyance, disapproval, or frustration",reaction,reaction,false,
KMT,13018726387425280,2010-12-09,"@TashannB LOLgurl, if she woz n a black family they would have BEAT dat demon out.... bout u n bed for 2 weekz str8.... kmt #sleepingbeauty",25045420,"kissing my teeth; an expression of annoyance, disapproval, or frustration",reaction,casual_conversation,false,
KMT,13018792363827200,2010-12-09,"I don't understand my stomach. I ate 30mins ago..now the thing is sayin ""bros..bros hw far..anytin for boys?"" Kmt",129341203,"kissing my teeth; an expression of annoyance, disapproval, or frustration",reaction,reaction,false,
KMT,13018825133924352,2010-12-09,cho kmt...ok gonna have  a positive approach to it,120757752,"kissing my teeth; an expression of annoyance, disapproval, or frustration",reaction,reaction,false,
KMT,13018849293115392,2010-12-09,goin bed kmt,148855457,"kissing my teeth; an expression of annoyance, disapproval, or frustration",reaction,reaction,false,
KMT,13018960425390080,2010-12-09,@tammywarmate my friend go and read your books..kmt.,76017360,"kissing my teeth; an expression of annoyance, disapproval, or frustration",reaction,casual_conversation,false,
KMT,13019271944736768,2010-12-09,Kmt...wat wld I haf gotten 4 u?,64381151,"kissing my teeth; an expression of annoyance, disapproval, or frustration",reaction,reaction,false,
KMT,13019296229752832,2010-12-09,I hate that one friend who orders take long food in the kebab shop KMT,22638967,"kissing my teeth; an expression of annoyance, disapproval, or frustration",reaction,reaction,false,
KMT,14841045195956224,2010-12-15,dis flippin guy man kmt @Tw1sty22,103863876,"kissing my teeth; an expression of annoyance, disapproval, or frustration",reaction,casual_conversation,false,
KMT,14841119846170624,2010-12-15,Neighbours dey do 'Over-sabi' sha!!! Kmt,114468911,"kissing my teeth; an expression of annoyance, disapproval, or frustration",reaction,reaction,false,
KMT,14841303623798784,2010-12-15,"RT @YoFatbitch: Chinese kmt I don't want this,I wanna eat kenkay fuck is dis« send it 2 me then x",51117574,"kissing my teeth; an expression of annoyance, disapproval, or frustration",reaction,casual_conversation,false,
KMT,14841520850997248,2010-12-15,@LJSeptembersOwn p.s. Ur a punk anyway! Kmt :-p,93691344,"kissing my teeth; an expression of annoyance, disapproval, or frustration",reaction,casual_conversation,false,
KMT,14841578749173760,2010-12-15,"Also a big fuck u to @MayorOfLondon, I didn't leave my yard today but I am sure u and your people would have ruined my journey some how kmt",20526670,"kissing my teeth; an expression of annoyance, disapproval, or frustration",reaction,casual_conversation,false,
KMT,14841655978885120,2010-12-15,kmt gone watch tv all ma vibes dead now doh even wanna listen raga,38085338,"kissing my teeth; an expression of annoyance, disapproval, or frustration",reaction,reaction,false,
KMT,14842168195682304,2010-12-15,@Mr_C_O_O_L oh comot..kwasia u finish wey u no wan sleep too...foolish man...kmt,81649045,"kissing my teeth; an expression of annoyance, disapproval, or frustration",reaction,casual_conversation,false,
KMT,14842179822292992,2010-12-15,"Feel Sick, Cant Even Eat But Im Hungry But Im Feelin Sick,Kmt Ah Wha Dis",57124559,"kissing my teeth; an expression of annoyance, disapproval, or frustration",reaction,reaction,false,
KMT,14842262378778624,2010-12-15,"RT @MrExposed: ""She shud never have changed her avatar Coz Now I'm gona delete her off bb""«kmt dnt b mean",89209338,"kissing my teeth; an expression of annoyance, disapproval, or frustration",reaction,casual_conversation,false,
KMT,14842271191015424,2010-12-15,"RT @PesciGbaja: dis country is too washed, so are the people in it, yes all of u, kmt apart from U and U //me init,thanx",104905346,"kissing my teeth; an expression of annoyance, disapproval, or frustration",reaction,casual_conversation,false,
KMT,15441870284922880,2010-12-16,@MsRaeHolness it still showing pRETTYBOYSWAGJA..kmt,182589077,"kissing my teeth; an expression of annoyance, disapproval, or frustration",reaction,casual_conversation,false,
KMT,15441923258974208,2010-12-16,"Buttah all day fuk jam , u cnt ave jam n chicken slice.   Kmt ahh wahh di rassss",189875975,"kissing my teeth; an expression of annoyance, disapproval, or frustration",reaction,reaction,false,
KMT,15442004771086336,2010-12-16,Just was on the fone to 1 piece of chicken batty wastemaaan ! Sobered me up reaal quick kmt.,186000760,"kissing my teeth; an expression of annoyance, disapproval, or frustration",reaction,reaction,false,
KMT,15442165928828928,2010-12-16,RT @MzzJeN: RT @natz_ryte: @MzzJeN anuh my fault yuh nuh have nuh sense a direction :p &lt; kmt *ignores*&lt;--scrawn dem a weh dem hear bout,52107324,"kissing my teeth; an expression of annoyance, disapproval, or frustration",reaction,casual_conversation,false,
KMT,15442517445058560,2010-12-16,@StanVito @ChiomaChuka @nzesylva @ifreke my end is here o..just getting very frustrated and angry..kmt,21211965,"kissing my teeth; an expression of annoyance, disapproval, or frustration",reaction,casual_conversation,false,
KMT,15442530703245312,2010-12-16,BB&T Capital (NYSE: BBT) Boosts Price Target on Kennametal Inc. (NYSE: KMT) to… http://goo.gl/fb/hYTYN #stocks #nyse,61661638,"kissing my teeth; an expression of annoyance, disapproval, or frustration",reaction,reaction,false,
KMT,15442600051871744,2010-12-16,"Me Too...Irritates D Shit Outta Me  @fuckinGentleMan: I hate annoying white people kmt""",41891478,"kissing my teeth; an expression of annoyance, disapproval, or frustration",reaction,casual_conversation,false,
KMT,15442656385572864,2010-12-16,I hate when ppl r stateside n i ask em to bring me back a particular hair. n they go on like i wont send the money or b it weighs a ton kmt!,47180199,"kissing my teeth; an expression of annoyance, disapproval, or frustration",reaction,reaction,false,
KMT,15442717848899584,2010-12-16,I bet the uni lied about the room inspection kmt.,24151721,"kissing my teeth; an expression of annoyance, disapproval, or frustration",reaction,reaction,false,
KMT,15442725662883840,2010-12-16,"@NatalieRooney true, Ashley is as Cheryl says will *break break her heart* he's a playboy!! Kmt",66226390,"kissing my teeth; an expression of annoyance, disapproval, or frustration",reaction,casual_conversation,false,
KMT,20759826325831680,2010-12-31,Aha Daum Meh Besy Nd Meh Buddie Fxckn Dopee Lmao Aha Gonna Liv Iht Uhp Tew Dahh Maxx Todaie lol Kmt pIX pLZ,178945721,"kissing my teeth; an expression of annoyance, disapproval, or frustration",reaction,casual_conversation,false,
KMT,20759836035645440,2010-12-31,²º¹¹​ ²º¹¹​ ²º¹¹​! Why didn't Ʊ do it in 2010?? Kmt!,34210745,"kissing my teeth; an expression of annoyance, disapproval, or frustration",reaction,reaction,false,
KMT,20760016181010432,2010-12-31,"So borrred, so I'm gonna tweet until I fall asleep. Say something, if ur bad. KMT.",78326058,"kissing my teeth; an expression of annoyance, disapproval, or frustration",reaction,reaction,false,
KMT,20760187421859840,2010-12-31,RT @CaptainBlaise: ²º¹¹​ ²º¹¹​ ²º¹¹​! Why didn't Ʊ do it in 2010?? Kmt!** wat u on about nigga?,57637034,"kissing my teeth; an expression of annoyance, disapproval, or frustration",reaction,casual_conversation,false,
KMT,20760851673784320,2010-12-31,RT @honieheart: ...I feel like lookin for trouble!!! :D u will not luk 4 angela's trble b disturbin us here Mschew Kmt!!,197374216,"kissing my teeth; an expression of annoyance, disapproval, or frustration",reaction,casual_conversation,false,
KMT,20761046625030144,2010-12-31,"@GboyBless kmt I kno, shit didn't work out da last time",58603836,"kissing my teeth; an expression of annoyance, disapproval, or frustration",reaction,casual_conversation,false,
KMT,20761120302174208,2010-12-31,@Thenookieman its ok spoke to taurus and its a lie dem a tell kmt,54700888,"kissing my teeth; an expression of annoyance, disapproval, or frustration",reaction,casual_conversation,false,
KMT,20761149142208512,2010-12-31,RT @dollypoppinss: speakers going hammmeerrr*kmt dead song,175166503,"kissing my teeth; an expression of annoyance, disapproval, or frustration",reaction,casual_conversation,false,
KMT,20761339488112640,2010-12-31,@KolaBello kmt! What day next week??,90509365,"kissing my teeth; an expression of annoyance, disapproval, or frustration",reaction,casual_conversation,false,
KMT,20761455418671104,2010-12-31,Some ppl r just tew random abeg ......wen does lf start .... Arrgghh dat skl ... Kmt ....countin down my days swear,181554961,"kissing my teeth; an expression of annoyance, disapproval, or frustration",reaction,reaction,false,
SCNR,7550277581,2010-01-09,@scottperezfox http://twitpic.com/x916i - && why the button? SCNR,103210060,"""Sorry, Could Not Resist""",reaction,casual_conversation,false,
SCNR,7554532510,2010-01-09,@thomasraukamp did it stop to suck? *scnr*,18918915,"""Sorry, Could Not Resist""",reaction,casual_conversation,false,
SCNR,7637806313,2010-01-11,#democracyis good for porn. #scnr,14199849,"""Sorry, Could Not Resist""",reaction,humor,false,SCNR usually marks a joking or teasing aside.
SCNR,7638791125,2010-01-11,@KirinDave Install Linux. #scnr,819606,"""Sorry, Could Not Resist""",reaction,technology_discussion,false,SCNR appears in scanner/software/tech context.
SCNR,7674581802,2010-01-12,@iLoreene Windows installiert?! #scnr,14702118,"""Sorry, Could Not Resist""",reaction,technology_discussion,false,SCNR appears in scanner/software/tech context.
SCNR,7705684935,2010-01-13,"@monkchips hehe, now THAT is absurd ;) #scnr",9277962,"""Sorry, Could Not Resist""",reaction,casual_conversation,false,
SCNR,7783899978,2010-01-15,@imagethief No problem. Am SCNR already. #NYTdissing,43175535,"""Sorry, Could Not Resist""",reaction,casual_conversation,false,
SCNR,7785497102,2010-01-15,"@fleming77 The REAL Shakespeare? Edward de Vere, 17th Earl of Oxford? Francis Bacon? / SCNR. [:-)]",28076637,"""Sorry, Could Not Resist""",reaction,casual_conversation,false,
SCNR,7819928019,2010-01-16,Sherlock Holmes dvd scnr (2009)*lommbo* just got published: http://trim.su/3GhG (by candyman09),74440158,"""Sorry, Could Not Resist""",reaction,article_sharing,false,
SCNR,7876316989,2010-01-17,New blog post: #9: CORDLESS CLASS 2 LASER BAR CODE SCNR W/ BT WRLS TECHNOLOGY 20PK http://bit.ly/5r09oM,6549412,"""Sorry, Could Not Resist""",reaction,technology_discussion,false,SCNR appears in scanner/software/tech context.
SCNR,7966727920,2010-01-20,Going to bed. Curious about my upcoming dreams. SCNR. ;) *GD&R*,12836622,"""Sorry, Could Not Resist""",reaction,humor,false,SCNR usually marks a joking or teasing aside.
SCNR,8034468079,2010-01-21,"Want a better Trac? Check out @koredn’s Arbit, a software development tracker, wiki and CI platform: http://tr.im/arbit (@shiflett SCNR)",13311252,"""Sorry, Could Not Resist""",reaction,technology_discussion,false,SCNR appears in scanner/software/tech context.
SCNR,8048499262,2010-01-22,RT @ruebezahl: @emonk_net  http://pics.9-r.net/data/reprap/companion_cube.jpg way to go *SCNR*: RT @ruebezahl: @em... http://bit.ly/5DtHWH,83751590,"""Sorry, Could Not Resist""",reaction,article_sharing,false,
SCNR,8051328372,2010-01-22,"DIA scnr: several flights en route to Phoenix have been diverted to Denver due 2weather in Phoenix..snow, tornado watch http://bit.ly/6x1Gct",19560605,"""Sorry, Could Not Resist""",reaction,article_sharing,false,
SCNR,8118680372,2010-01-23,"Random Updates: First the first time in many days, I’ve caught up on the email, and read my minimum quota of blog pos... http://ad.vu/scnr",9080,"""Sorry, Could Not Resist""",reaction,article_sharing,false,
SCNR,8182590079,2010-01-25,"Special secret encoded message: @Lisa there is a monkey in my doodle, code red , flights booked, have a good week.  #wally  scnr",5308092,"""Sorry, Could Not Resist""",reaction,casual_conversation,false,
SCNR,8275158343,2010-01-27,@fscklog who the fuck is Jason Calacanis? SCNR,13762152,"""Sorry, Could Not Resist""",reaction,casual_conversation,false,
SCNR,8288252306,2010-01-27,"Eeew, iTunes #scnr",13673122,"""Sorry, Could Not Resist""",reaction,humor,false,SCNR usually marks a joking or teasing aside.
SCNR,8289975838,2010-01-27,"»Hey, one last thing: Our engineers worked really hard the last months and they finally made it: #TYPO3 will run on the #iPad - boom« (SCNR)",69696560,"""Sorry, Could Not Resist""",reaction,technology_discussion,false,SCNR appears in scanner/software/tech context.
SCNR,8296975113,2010-01-27,"Welcome Oracle, to desktop virtualization  http://blogs.sun.com/mprove/entry/welcome_oracle  #OracleSun #SCNR",18628655,"""Sorry, Could Not Resist""",reaction,technology_discussion,false,SCNR appears in scanner/software/tech context.
SCNR,8313810642,2010-01-28,"RT @abeutel: »Hey, one last thing: Our engineers worked really hard the last months and they finally made it: #TYPO3 will run on the #iP ...",15002944,"""Sorry, Could Not Resist""",reaction,casual_conversation,false,
SCNR,8314306125,2010-01-28,"@jsnell I know, I know! Still that tweet was too good not to make a bit of good humored fun of. »scnr« as they say? No hard feelings? ;)",15920547,"""Sorry, Could Not Resist""",reaction,casual_conversation,false,
SCNR,8315461610,2010-01-28,"@irbull You are wrong, it was Oracle that announced iPad. SCNR ;-)",35234599,"""Sorry, Could Not Resist""",reaction,technology_discussion,false,SCNR appears in scanner/software/tech context.
SCNR,8316924371,2010-01-28,@davidwessel Luckily you get the point?! ;-) scnr,19708394,"""Sorry, Could Not Resist""",reaction,casual_conversation,false,
SCNR,8325869441,2010-01-28,"Just to annoy all of you! *scnr* 8 Things That Suck About the iPad - Gizmodo http://ow.ly/11neg (btw, some points are worth considering).",12262872,"""Sorry, Could Not Resist""",reaction,technology_discussion,false,SCNR appears in scanner/software/tech context.
SCNR,8583589759,2010-02-03,"@tasha_darke which one is better, wow or guildwars? ^_^ *scnr*",97200092,"""Sorry, Could Not Resist""",reaction,casual_conversation,false,
SCNR,8611790692,2010-02-04,Damn... 2 am... Goodnight Tweeps ^^ (And take this handsome man with me *scnr* http://bit.ly/9VCtpW ),20416559,"""Sorry, Could Not Resist""",reaction,article_sharing,false,
SCNR,8823583166,2010-02-08,"""Forget the germ analogy! It's over. Now it's friendship!"" - SCNR. #Facebook",9413142,"""Sorry, Could Not Resist""",reaction,humor,false,
SCNR,8826748164,2010-02-08,Barney in How I met your Mother ist ECHT der Coolste. Er hat ein iPhone UND ein MacBook Pro *SCNR*,14587234,"""Sorry, Could Not Resist""",reaction,humor,false,SCNR usually marks a joking or teasing aside.
SCNR,8849422052,2010-02-09,@cyber_cyana Remember: A stitch in time saves nine. SCNR ;),5903252,"""Sorry, Could Not Resist""",reaction,casual_conversation,false,
SCNR,8945110904,2010-02-11,"At the risk of being attacked, I think one less guitar for Magic Dirt to play on is not necessarily a bad thing. SCNR",96309054,"""Sorry, Could Not Resist""",reaction,humor,false,SCNR usually marks a joking or teasing aside.
SCNR,8961716671,2010-02-11,"@clupone ouch. I'll be in everyone's favorite 3rd world country the next week, hope I fare better (scnr)",13482702,"""Sorry, Could Not Resist""",reaction,casual_conversation,false,
SCNR,9041018380,2010-02-13,Monsanto Touchscreen #olympia #scnr,50801129,"""Sorry, Could Not Resist""",reaction,humor,false,SCNR usually marks a joking or teasing aside.
SCNR,9407699058,2010-02-21,RT @nodqdotcom The real Steve Austin is now on Twitter: @steveaustinBSR - WHAT?! (SCNR),23456066,"""Sorry, Could Not Resist""",reaction,casual_conversation,false,
SCNR,9525044808,2010-02-23,"@schoschie ""get a mac #scnr"" - get a proper city to live ine! ;-P",11914702,"""Sorry, Could Not Resist""",reaction,casual_conversation,false,
SCNR,9537116331,2010-02-23,"RT @Pleitegeiger Hmmm. ""Dick und Doof"" gabs schon, ne? #scnr #WGSoapTitel (@Ms_TiaTia)",10493842,"""Sorry, Could Not Resist""",reaction,casual_conversation,false,
SCNR,9539056318,2010-02-23,"I can understand that you are stumped, but what does your *mother* say to that? #scnr",15228808,"""Sorry, Could Not Resist""",reaction,humor,false,SCNR usually marks a joking or teasing aside.
SCNR,9539810831,2010-02-23,"Come on, stop playing these ""mine is longer than yours"" games (SCNR) RT @spooons: FLOW3 is faster than Rails, just sayin. @k_fish",15881692,"""Sorry, Could Not Resist""",reaction,casual_conversation,false,
SCNR,9709523514,2010-02-27,"Opera's latest beta browser is available to the public for download now, and it's clear that the Norwegian bro.. http://twt.sy/scnr",37998713,"""Sorry, Could Not Resist""",reaction,humor,false,SCNR usually marks a joking or teasing aside.
SCNR,9775678834,2010-02-28,@stefreak … what if the cake is a lie? #scnr,75656330,"""Sorry, Could Not Resist""",reaction,casual_conversation,false,
SCNR,9779665944,2010-02-28,RT @SuNotisima: @stefreak … what if the cake is a lie? #scnr,19687812,"""Sorry, Could Not Resist""",reaction,casual_conversation,false,
SCNR,10174065291,2010-03-08,@tobiasgies Don't wanna see your code then. *scnr*,15340619,"""Sorry, Could Not Resist""",reaction,casual_conversation,false,
SCNR,10486801985,2010-03-14,@Maike1985 so will ich gar nich aussehen #scnr,90968213,"""Sorry, Could Not Resist""",reaction,casual_conversation,false,
SCNR,10712683266,2010-03-19,"@goldstift hehe, any volunteers here? All colleagues are gone, you were too slow *scnr* anyway i dont like it being called a codenaXX ;)",86257483,"""Sorry, Could Not Resist""",reaction,casual_conversation,false,
SCNR,10721161531,2010-03-19,"@AndroidGuys wow, what a pro you are SCNR",96536723,"""Sorry, Could Not Resist""",reaction,casual_conversation,false,
SCNR,10723557575,2010-03-19,"@zoernert well, Twitter is the social media periscope, buzz is the lifeline ;) (BTW, Glaskugel = glassy balls ? #nsfw #scnr #ouch #ouch)",9277962,"""Sorry, Could Not Resist""",reaction,casual_conversation,false,
SCNR,10727917358,2010-03-19,The Runaways [2010] DVD SCNR [ENGLISH].torrent: http://www.bt-chat.com/details.php?id=75726 http://bit.ly/9CHJHi,53549072,"""Sorry, Could Not Resist""",reaction,article_sharing,false,
SCNR,10752325445,2010-03-20,The Runaways  DVD SCNR - http://bit.ly/9EAIpr,30847741,"""Sorry, Could Not Resist""",reaction,article_sharing,false,
SCNR,10777517596,2010-03-20,THE BOUNTY HUNTER.(ENG).(2010). DvD SCNR.torrent: http://www.bt-chat.com/details.php?id=75845 http://bit.ly/98JfFi,53549072,"""Sorry, Could Not Resist""",reaction,article_sharing,false,
SCNR,10783263214,2010-03-20,"wuh oh.. DIA scnr: small bull dog got loose and is running around.. sounds like outside the airport, near the runways",19560605,"""Sorry, Could Not Resist""",reaction,humor,false,SCNR usually marks a joking or teasing aside.
SCNR,10783472622,2010-03-20,"Oh no. RT @MistyMontano DIA scnr: small bull dog got loose and is running around.. sounds like outside the airport, near the runways",29624532,"""Sorry, Could Not Resist""",reaction,casual_conversation,false,
SCNR,10947725134,2010-03-23,Datalogic - QUICKSCAN IMGR BLACK KBW USB WAND RS232 SCNR W/KBW CBL/STAND: Cheap Datalogic - QUICKSCAN IMGR BLACK K... http://bit.ly/b2jXlD,19226315,"""Sorry, Could Not Resist""",reaction,article_sharing,false,
SCNR,10971442187,2010-03-24,New day ... new senior problems ?? *scnr*,86257483,"""Sorry, Could Not Resist""",reaction,humor,false,SCNR usually marks a joking or teasing aside.
SCNR,10972534623,2010-03-24,Numbers that impress but don't surprise - we all know us GNU/Linux guys are living on the bleeding edge (ouch! #scnr… http://goo.gl/fb/wDoM,9277962,"""Sorry, Could Not Resist""",reaction,technology_discussion,false,SCNR appears in scanner/software/tech context.
SCNR,10976447370,2010-03-24,"@ll1t Help cleaning it, if you're worried about it :P *scnr*",92771046,"""Sorry, Could Not Resist""",reaction,casual_conversation,false,
SCNR,11083353979,2010-03-26,@uliwitness Guess who broke the build again... ;-) scnr.,39696275,"""Sorry, Could Not Resist""",reaction,casual_conversation,false,
SCNR,11096244199,2010-03-26,"@andr8a SCNR. - Still that bad? (The eyes, not the hair.)",21130165,"""Sorry, Could Not Resist""",reaction,casual_conversation,false,
SCNR,11102344879,2010-03-26,LMFAO! SCNR,25962503,"""Sorry, Could Not Resist""",reaction,humor,false,
SCNR,11295935060,2010-03-30,"@lancelot622: So you're Punch-a-lot, huh? #scnr",6845082,"""Sorry, Could Not Resist""",reaction,casual_conversation,false,
SCNR,11299777724,2010-03-30,#Live #Webcam vom #LHC Experiment: http://bit.ly/cjh1fZ #CERN #scnr,6712152,"""Sorry, Could Not Resist""",reaction,article_sharing,false,
SCNR,11314195424,2010-03-30,listening to Josie by Blink-182 on @Grooveshark: http://tinysong.com/sCnr #nowplaying,39836540,"""Sorry, Could Not Resist""",reaction,casual_conversation,false,
SCNR,11386367514,2010-03-31,@sa7yr Is also doch 'ne Religion? #SCNR,15710349,"""Sorry, Could Not Resist""",reaction,casual_conversation,false,
SCNR,11411197753,2010-04-01,@icculus aw snap! And I so hoped you would use this date to announce the release of Unreal Tournament 3 linux client XD scnr,59806323,"""Sorry, Could Not Resist""",reaction,technology_discussion,false,SCNR appears in scanner/software/tech context.
SCNR,11415118534,2010-04-01,Click here to win an iPad-doormat http://is.gd/b9iny | #scnr #aprilfools #youclickedanyway,84484132,"""Sorry, Could Not Resist""",reaction,technology_discussion,false,SCNR appears in scanner/software/tech context.
SCNR,11579272247,2010-04-04,@olivergierke #epic #fail thaught you learned more *scnr* Happy Easter!,86257483,"""Sorry, Could Not Resist""",reaction,casual_conversation,false,
SCNR,11600388248,2010-04-04,@pembdave Hi there! ;-) Without intending to offend - I'm missing any signs of actual fire in the picture... SCNR. ;-),21130165,"""Sorry, Could Not Resist""",reaction,casual_conversation,false,
SCNR,12008543460,2010-04-11,repubsica #scnr,1499021,"""Sorry, Could Not Resist""",reaction,humor,false,SCNR usually marks a joking or teasing aside.
SCNR,12468425774,2010-04-19,@Bougie especially if you've previously worked with another kind of DH *shudder* SCNR :),7852512,"""Sorry, Could Not Resist""",reaction,casual_conversation,false,
SCNR,12472889707,2010-04-19,"so @leebryant, you need a hand in invading? ya know who to ask #scnr ;)",9277962,"""Sorry, Could Not Resist""",reaction,casual_conversation,false,
SCNR,12473255051,2010-04-19,@frogpond haha - you're in too :) #scnr,3558851,"""Sorry, Could Not Resist""",reaction,casual_conversation,false,
SCNR,12508199902,2010-04-20,@bols @Daz71 You do know how a button works? No...not on clothes... SCNR,20760269,"""Sorry, Could Not Resist""",reaction,casual_conversation,false,
SCNR,12769318478,2010-04-24,@teufl0302 SorryCouldNotResist #SCNR #HollyWood,21646651,"""Sorry, Could Not Resist""",reaction,casual_conversation,false,
SCNR,13113811662,2010-04-30,"@tglassner maybe ""Diamond""? #scnr",7371582,"""Sorry, Could Not Resist""",reaction,casual_conversation,false,
SCNR,13116538595,2010-04-30,It is not a cookie either. ;-) SCNR this little sidestep: http://www.youtube.com/watch?v=shbgRyColvE,14800056,"""Sorry, Could Not Resist""",reaction,humor,false,SCNR usually marks a joking or teasing aside.
SCNR,13579854512,2010-05-08,UNITECH AMERICA MS180-1RG MS1801RG 3 DECODED CONTACT SCNR   9 PIN RS232 CABLE 1 YR WAR is $38.99 at http://zi.ma/ed688f,56321939,"""Sorry, Could Not Resist""",reaction,humor,false,SCNR usually marks a joking or teasing aside.
SCNR,13582522970,2010-05-08,"MediaPgr & DPD scnr: smoke in basement of Rose Hospital..Chief 4 & 15's a pair on scene, confirming smoke.",19560605,"""Sorry, Could Not Resist""",reaction,humor,false,SCNR usually marks a joking or teasing aside.
SCNR,13582574958,2010-05-08,"RT @MistyMontano: MediaPgr & DPD scnr: smoke in basement of Rose Hospital..Chief 4 & 15's a pair on scene, confirming smoke.",32515028,"""Sorry, Could Not Resist""",reaction,casual_conversation,false,
SCNR,13582599796,2010-05-08,"DPD scnr: smoke @ Rose Hosp. caused by electrical short, heavy smoke, ventilation needed, but sparking/light flames out",19560605,"""Sorry, Could Not Resist""",reaction,casual_conversation,false,
SCNR,14153323502,2010-05-17,wer ist michael ballack? #wm #scnr,7535552,"""Sorry, Could Not Resist""",reaction,humor,false,SCNR usually marks a joking or teasing aside.
SCNR,14164690465,2010-05-17,"@AvyWolf So if @DJ_Swolf recorded silence, it pretty much equals what people heard on the dancefloor after the amp blew up! :D *scnr* :D",21191846,"""Sorry, Could Not Resist""",reaction,casual_conversation,false,
SCNR,14165593260,2010-05-17,@lena_d the dark side of the furz? #scnr,23182103,"""Sorry, Could Not Resist""",reaction,casual_conversation,false,
SCNR,14198168002,2010-05-18,UNITECH AMERICA MS180-1RG MS1801RG 3 DECODED CONTACT SCNR   9 PIN RS232 CABLE 1 YR WAR is only $38.99 at http://bit.ly/bvqg3b,86877590,"""Sorry, Could Not Resist""",reaction,article_sharing,false,
SCNR,14212101662,2010-05-18,@Kim Bach tweeted what should be buzzed #buzz &gt;&gt; #twitter #scnr ;D http://bit.ly/aoLGNa,9277962,"""Sorry, Could Not Resist""",reaction,article_sharing,false,
SCNR,14236512759,2010-05-18,"@ravsitar Blue Jeans were work trousers, weren't they? ;-) (SCNR - It's always a desaster.)",7620522,"""Sorry, Could Not Resist""",reaction,casual_conversation,false,
SCNR,14893862442,2010-05-28,"@dancounsell The big news for me would have been: ""We increased its speed by a factor of 20 and now it's actually usable"" ... SCNR",13762152,"""Sorry, Could Not Resist""",reaction,casual_conversation,false,
SCNR,14939266047,2010-05-28,"JeffCo Fire Scnr: 1st fire crew on scene reporting fire in grass and trees, recommending ordering a SEAT #JeffCo #wildfire #Colorado",19560605,"""Sorry, Could Not Resist""",reaction,humor,false,SCNR usually marks a joking or teasing aside.
SCNR,14939739638,2010-05-28,"RT @MistyMontano: JeffCo Fire Scnr: 1st fire crew on scene reporting fire in grass and trees, recommending ordering a SEAT #JeffCo #wildfire",14811849,"""Sorry, Could Not Resist""",reaction,casual_conversation,false,
SCNR,14941212624,2010-05-29,"#JeffCo Scnr: from lookout crew - #wildfire is East of the homes, wind is blowing southeast #Colorado",19560605,"""Sorry, Could Not Resist""",reaction,humor,false,SCNR usually marks a joking or teasing aside.
SCNR,14941370970,2010-05-29,Arvada Scnr: Blue Mountain Estates is part of Arvada.. discussion of going door to door to make sure homeowners aware of #Wildfire #Jeffco,19560605,"""Sorry, Could Not Resist""",reaction,humor,false,SCNR usually marks a joking or teasing aside.
SCNR,14953608351,2010-05-29,DL fans are mean! (SCNR  *lol*),139113878,"""Sorry, Could Not Resist""",reaction,humor,false,SCNR usually marks a joking or teasing aside.
SCNR,15002854045,2010-05-29,@sa7yr #lena is schuld!!! #esc #scnr,93441698,"""Sorry, Could Not Resist""",reaction,casual_conversation,false,
SCNR,15637603995,2010-06-07,@Alyssa_Milano: Maybe it's just the hamster who wants to get out ... SCNR ;),44603924,"""Sorry, Could Not Resist""",reaction,casual_conversation,false,
SCNR,15659942183,2010-06-07,"@koos its stupid, too. for tables try wood or steel. you can try to cover it in latex later on if you must... #scnr",1272591,"""Sorry, Could Not Resist""",reaction,casual_conversation,false,
SCNR,15688330962,2010-06-08,@derdevblogger Suche? #scnr  (macht das die twittersuche nicht?),16199443,"""Sorry, Could Not Resist""",reaction,casual_conversation,false,
SCNR,16417577829,2010-06-17,"At dinner. @testobsessed: ""Where's the restroom?"" Me: ""You're a tester. I'm sure you'll find it."" #scnr :)",17785928,"""Sorry, Could Not Resist""",reaction,casual_conversation,false,
SCNR,16417761240,2010-06-17,"Nice one! :)RT @berndschiffer At dinner. @testobsessed: ""Where's the restroom?"" Me: ""You're a tester. I'm sure you'll find it."" #scnr :)",56429749,"""Sorry, Could Not Resist""",reaction,casual_conversation,false,
SCNR,16449013364,2010-06-18,@alexs77 the sun is shining the weather is sweet yeah - scnr,19385242,"""Sorry, Could Not Resist""",reaction,casual_conversation,false,
SCNR,16935913478,2010-06-24,"Disturbing German humor, but apparently prophetic: http://j.mp/bfNFdb #worldcup #german #weird #scnr",18956080,"""Sorry, Could Not Resist""",reaction,humor,false,SCNR usually marks a joking or teasing aside.
SCNR,16947856922,2010-06-24,@BadAstronomer Retweeted. SCNR!,14349591,"""Sorry, Could Not Resist""",reaction,casual_conversation,false,
SCNR,16955240600,2010-06-24,"""MAGIC EVERYWHERE IN THIS  BITCH"" *scnr*",15647796,"""Sorry, Could Not Resist""",reaction,humor,false,SCNR usually marks a joking or teasing aside.
SCNR,17008241966,2010-06-25,@uliwitness printf (); ;-) #SCNR,31083457,"""Sorry, Could Not Resist""",reaction,casual_conversation,false,
SCNR,17317803305,2010-06-29,@Malarkey That's one of your more obnoxious tweets. SCNR,18272550,"""Sorry, Could Not Resist""",reaction,casual_conversation,false,
SCNR,17402859274,2010-06-30,"To bug reporters: Reporting with real apps is not enough, Reporting with reproduce cases is a must (SCNR while discussing).",15986114,"""Sorry, Could Not Resist""",reaction,humor,false,SCNR usually marks a joking or teasing aside.
SCNR,17407574138,2010-06-30,@MrsKittyLitter Ladies. #scnr,15028848,"""Sorry, Could Not Resist""",reaction,casual_conversation,false,
SCNR,17438230832,2010-06-30,"SCNR RT @daveburdick: FYI RT @NRDC LOL @Treehugger OMG, NRDC Sues FDA to Make NFG BPA DOA http://bit.ly/cQXknN",18713552,"""Sorry, Could Not Resist""",reaction,article_sharing,false,
SCNR,17438937931,2010-06-30,"RT @NRDC: SCNR RT @daveburdick: FYI RT @NRDC LOL @Treehugger OMG, NRDC Sues FDA to Make NFG BPA DOA http://bit.ly/cQXknN",14115842,"""Sorry, Could Not Resist""",reaction,article_sharing,false,
SCNR,17450640765,2010-06-30,"SRSLY? WTH?? @NRDC SCNR RT @daveburdick: FYI RT @NRDC LOL @Treehugger OMG, NRDC Sues FDA to Make NFG BPA DOA http://bit.ly/cQXknN",142835436,"""Sorry, Could Not Resist""",reaction,article_sharing,false,
SCNR,17789772340,2010-07-05,"♻ Fucking awesome, you fuckface :P *scnr* @Xarfai27: The 100 Greatest Movie Insults of All Time http://is.gd/dfN1x",92771046,"""Sorry, Could Not Resist""",reaction,casual_conversation,false,
SCNR,17937913960,2010-07-07,"@yatil See, that's why you never won the lottery. :-D #scnr",16147980,"""Sorry, Could Not Resist""",reaction,casual_conversation,false,
SCNR,17942775275,2010-07-07,@michelb Statusupdate? #scnr,54539690,"""Sorry, Could Not Resist""",reaction,casual_conversation,false,
SCNR,17963323535,2010-07-07,"@AndroidSPIN maybe Vodafone noticed a ""signal strength display problem"" w/ the N1. This excuse is already market-proven... ;-) SCNR",15761578,"""Sorry, Could Not Resist""",reaction,casual_conversation,false,
SCNR,17966412559,2010-07-07,@CrazyKinux can you repeat that? I didn't understand you. SCNR :),12836622,"""Sorry, Could Not Resist""",reaction,casual_conversation,false,
SCNR,17980864027,2010-07-07,so germany… lost the game? #scnr,18330909,"""Sorry, Could Not Resist""",reaction,humor,false,SCNR usually marks a joking or teasing aside.
SCNR,18021049669,2010-07-08,@matthiassteiner so you're on cloud seven? SCNR Jens,138396966,"""Sorry, Could Not Resist""",reaction,casual_conversation,false,
SCNR,18209246313,2010-07-10,"@headstuffing Im simmering with excitement. Inwardly. ;-) And the 'ROTFLMAO', well, it was in your tweet, wasn't it. ;-) SCNR...",21130165,"""Sorry, Could Not Resist""",reaction,casual_conversation,false,
SCNR,18688538025,2010-07-16,UNITECH AMERICA MS180-1RG MS1801RG 3 DECODED CONTACT SCNR   9 PIN RS23 is only $38.99 at #fb http://bit.ly/bvqg3b,56438162,"""Sorry, Could Not Resist""",reaction,article_sharing,false,
SCNR,18712815825,2010-07-16,"BREAKING: #Apple introduced the #iChair, providing enhanced #iPhone 4 reception! #SCNR  http://tweetphoto.com/33050331",15710349,"""Sorry, Could Not Resist""",reaction,humor,false,SCNR usually marks a joking or teasing aside.
SCNR,18719040632,2010-07-16,"RT @huxi: BREAKING: #Apple introduced the #iChair, providing enhanced #iPhone 4 reception! #SCNR  http://tweetphoto.com/33050331",15457262,"""Sorry, Could Not Resist""",reaction,casual_conversation,false,
SCNR,18855779970,2010-07-18,@koalabaerchen You mean companys like Apple? *scnr*,15340619,"""Sorry, Could Not Resist""",reaction,casual_conversation,false,
SCNR,18862204476,2010-07-18,"@plomlompom Use the source, Luke! #SCNR",1160081,"""Sorry, Could Not Resist""",reaction,casual_conversation,false,
SCNR,18897669515,2010-07-19,"Apple did not show a Nokia loosing signal. This proves that Nokia does not matter anymore.

#scnr",14187526,"""Sorry, Could Not Resist""",reaction,humor,false,SCNR usually marks a joking or teasing aside.
SCNR,19063160256,2010-07-21,@QNatural ansonsten: #Kerni ! #scnr :P,11568372,"""Sorry, Could Not Resist""",reaction,casual_conversation,false,
SCNR,19432766640,2010-07-24,"Techno Viking meets Chuck Norris, 10 dead, 25 wounded. (sorry, musste sein &gt;_&lt;) http://youtu.be/VIwLWNEZtbc #loveparade #scnr",34560647,"""Sorry, Could Not Resist""",reaction,humor,false,SCNR usually marks a joking or teasing aside.
SCNR,19454562073,2010-07-24,"The star in the middle of the ""a"" of the #fabulis logo is what I call #DesignByIntention http://tcrn.ch/b4PF3U #SCNR",14079939,"""Sorry, Could Not Resist""",reaction,humor,false,SCNR usually marks a joking or teasing aside.
SCNR,21308256027,2010-08-16,@GirlUnseen Whats up with dongs? :) SCNR :),12836622,"""Sorry, Could Not Resist""",reaction,casual_conversation,false,
SCNR,21374611726,2010-08-17,I'm at Moon and Sixpence British Pub w/ @scnr. http://4sq.com/90B1qj,131659529,"""Sorry, Could Not Resist""",reaction,casual_conversation,false,
SCNR,21376361180,2010-08-17,Labor push polling against the Greens and the Libs? #ausvotes http://post.ly/sCnR,16073596,"""Sorry, Could Not Resist""",reaction,humor,false,SCNR usually marks a joking or teasing aside.
SCNR,21376571521,2010-08-17,RT @GarthGodsman Labor push polling against the Greens and the Libs? #ausvotes http://post.ly/sCnR,116368024,"""Sorry, Could Not Resist""",reaction,casual_conversation,false,
SCNR,21381127773,2010-08-17,"re comment - even if push polling changes just a few votes, could be enough in a tight election. http://post.ly/sCnR",16073596,"""Sorry, Could Not Resist""",reaction,humor,false,SCNR usually marks a joking or teasing aside.
SCNR,21383561004,2010-08-17,RT @JamieMB: How is your organization using #video? Please participate in @SCNR video storytelling survey. link bit.ly/dBZ5bH,816388,"""Sorry, Could Not Resist""",reaction,casual_conversation,false,
SCNR,21390879422,2010-08-17,should we all be impressed now? :) *scnr* RT @cmahr: Nokia shows how its done. Touch and Type rocks!!! http://bit.ly/aFb6oJ #ftw #nokia,2943251,"""Sorry, Could Not Resist""",reaction,article_sharing,false,
SCNR,21413060814,2010-08-17,"Eat, Pray and Love journey all in the USA http://dld.bz/scnR",164812958,"""Sorry, Could Not Resist""",reaction,humor,false,SCNR usually marks a joking or teasing aside.
SCNR,21422062323,2010-08-17,"@Pleitegeiger boah, olle Zippe. Der war fies. #scnr",15356543,"""Sorry, Could Not Resist""",reaction,casual_conversation,false,
SCNR,21616427345,2010-08-19,@Siofna oki..tell him with best regards from me..he should not drive tonite:P..that the mommy thing u know..scnr (cont) http://tl.gd/37vi6l,78987652,"""Sorry, Could Not Resist""",reaction,casual_conversation,false,
SCNR,21665136588,2010-08-20,@AnOnImAdA DU ELF!!1!1!einself ;) #scnr,27248112,"""Sorry, Could Not Resist""",reaction,casual_conversation,false,
SCNR,21679031266,2010-08-20,@kriskowal didn't know you are in Cologne #scnr http://yfrog.com/5s1gmvj,819606,"""Sorry, Could Not Resist""",reaction,casual_conversation,false,
SCNR,21697125980,2010-08-20,"@DrMacenstein So you are trying to say that you prefer a warm spray of your own urine on your legs, right? #scnr",15710349,"""Sorry, Could Not Resist""",reaction,casual_conversation,false,
SCNR,21719557488,2010-08-21,"Hotel Stromboli (***) on Mon Aug 30, 2010 for €47 . Including breakfast. Conveniently located for tourists and business.. http://dld.bz/sCnR",26252328,"""Sorry, Could Not Resist""",reaction,humor,false,SCNR usually marks a joking or teasing aside.
SCNR,21917972898,2010-08-23,@schaumiii better read twitter before tweeting bogus. #scnr #offenseintended,15632491,"""Sorry, Could Not Resist""",reaction,casual_conversation,false,
SCNR,21944667877,2010-08-23,@Kai_Groshert Und Dave? #scnr,16810267,"""Sorry, Could Not Resist""",reaction,casual_conversation,false,
SCNR,21990927232,2010-08-24,"We are in desperate need of coaches for PAYSA soccer.  We must have either a coach, or co-coaches by Friday or we wi... http://qstat.us/scnr",27942780,"""Sorry, Could Not Resist""",reaction,humor,false,SCNR usually marks a joking or teasing aside.
SCNR,22108051353,2010-08-25,".@Daniel_Loxton - Did @pzmyers just say ""More research is required to substantiate your generalisations""? - SCNR",15765206,"""Sorry, Could Not Resist""",reaction,casual_conversation,false,
SCNR,22114889433,2010-08-25,STATLER AND @WALDORF_be The Original Trolls http://bit.ly/dnmQsl #SCNR,35721888,"""Sorry, Could Not Resist""",reaction,article_sharing,false,
SCNR,22421247404,2010-08-29,@TheEnglishRose The Greek wedding: regular or big fat version? #SCNR,5924772,"""Sorry, Could Not Resist""",reaction,casual_conversation,false,
SCNR,22447821453,2010-08-29,@GeekPornGirl we have to initiate scans in preview: file&gt;impt fr scanr&gt;incl networkd devices. Then file&gt;impt fr scnr&gt; [scanner name],17170978,"""Sorry, Could Not Resist""",reaction,technology_discussion,false,SCNR appears in scanner/software/tech context.
SCNR,22476731302,2010-08-29,@jmonogan some spontaneous suggestions (scnr): ml/reml vs mcmc; hlm = subset of mixed eff. models; sometimes it's ok if k&lt;20;  meta-analysis,19637908,"""Sorry, Could Not Resist""",reaction,casual_conversation,false,
SCNR,22496018580,2010-08-30,Guee cipedes holic gin RT @miginpranoto: selamat pagi picunger @alicesso @Syifasolasido @ramadhanejha have a nice mon ... http://tmi.me/ScNr,82098609,"""Sorry, Could Not Resist""",reaction,casual_conversation,false,
SCNR,22854947683,2010-09-03,I'm at Tom McCall Waterfront Park w/ @scnr. http://4sq.com/91ZqU3,26371281,"""Sorry, Could Not Resist""",reaction,casual_conversation,false,
SCNR,22890339485,2010-09-03,"@antifuchs i won't, far too tempting to turn patronizing and pityful *scnr*",14329882,"""Sorry, Could Not Resist""",reaction,casual_conversation,false,
SCNR,22908135914,2010-09-03,"@pangu Might be cool too, if it worked on my IPhone: http://bit.ly/bO0311 needs #chrome and #streetview, though. #ArcadeFire SCNR",121128297,"""Sorry, Could Not Resist""",reaction,article_sharing,false,
SCNR,22913391351,2010-09-03,".oO( if you don't fix RC bugs, you'll make  Wheezy sad http://ur1.ca/1hdtm ) #SCNR",107471115,"""Sorry, Could Not Resist""",reaction,humor,false,SCNR usually marks a joking or teasing aside.
SCNR,23011093068,2010-09-04,"@CMastication scnr, but this is cool: an economist who creates bubbles ;-) (is this pink styrofoam?)",19637908,"""Sorry, Could Not Resist""",reaction,casual_conversation,false,
SCNR,23012622468,2010-09-04,"And you thought only speculators made bubbles! “@berndweiss: @CMastication scnr, but this is cool: an economist who creates bubbles""",43186378,"""Sorry, Could Not Resist""",reaction,casual_conversation,false,
SCNR,23918601722,2010-09-08,@christianhent yup. with great power comes great responsibility. just because you can doesn't mean you should. what is #SCNR?,13587612,"""Sorry, Could Not Resist""",reaction,casual_conversation,false,
SCNR,24077686801,2010-09-10,JUST IN: Reporting 1 more fatality #scNr #sanbrunofire,14766035,"""Sorry, Could Not Resist""",reaction,humor,false,SCNR usually marks a joking or teasing aside.
SCNR,24077895382,2010-09-10,"Discussion include ""pet evacuations"" now #scnr #sanbrunofire",14766035,"""Sorry, Could Not Resist""",reaction,humor,false,SCNR usually marks a joking or teasing aside.
SCNR,24079243589,2010-09-10,"JUST IN: Fatalities: ""So far the count is two."" #scnr #sanbrunofire",14766035,"""Sorry, Could Not Resist""",reaction,humor,false,SCNR usually marks a joking or teasing aside.
SCNR,24091117014,2010-09-10,"@v01pe_ grats on the interview! well done, although your accent sounded a bit ostblockish (scnr :D), really cool :-)",187132727,"""Sorry, Could Not Resist""",reaction,casual_conversation,false,
SCNR,24096080169,2010-09-10,@kschabooya At least they aren't frozen anymore. *scnr* I did that too last year... while the floor was heated...,18435577,"""Sorry, Could Not Resist""",reaction,casual_conversation,false,
SCNR,24108287236,2010-09-10,"-- *sigh* ...iBet iGet em and itz not gon even b myy action! SCNR twitter, he dhat fine",45054508,"""Sorry, Could Not Resist""",reaction,humor,false,SCNR usually marks a joking or teasing aside.
SCNR,24109227804,2010-09-10,"@neuwalker ttytwitter + growlnotify + say + perl = twitter client you need

SCNR",14343248,"""Sorry, Could Not Resist""",reaction,casual_conversation,false,
SCNR,24120698308,2010-09-10,Just one day to submit your best social media case study for the SCNR Excellence Awards! Have you submitted yours yet? http://bit.ly/cvZnsB,1196381,"""Sorry, Could Not Resist""",reaction,article_sharing,false,
SCNR,24121544871,2010-09-10,RT @kdpaine: Just one day to submit your best socmedia case for SCNR Excellence Awards! Have you submitted yours yet? http://bit.ly/cvZnsB,8622162,"""Sorry, Could Not Resist""",reaction,article_sharing,false,
SCNR,24121606259,2010-09-10,RT @GautamGhosh: RT @kdpaine: Just one day to submit your best socmedia case for SCNR Excellence Awards! Have you su ... http://tmi.me/1fnUD,7104402,"""Sorry, Could Not Resist""",reaction,casual_conversation,false,
SCNR,24397512434,2010-09-13,"RT @moritz If you haven't played this awesome HTML5 game (sic!) yet, go do it! (no Flash required) (*scnr*) http://www.phoboslab.org/biolab/",17107158,"""Sorry, Could Not Resist""",reaction,casual_conversation,false,
SCNR,24639645073,2010-09-16,@mrsgooding @taxaddicts @xero SCNR re MYOB support - can recommend @ChloeBarrott at www.admin2go.co.nz,43857697,"""Sorry, Could Not Resist""",reaction,casual_conversation,false,
SCNR,24653241410,2010-09-16,@GodEater #Lync Connect/Disconnect - at least you know that the reconnect _feature_ works like a charme...*SCNR* - hope you figure it out,140437652,"""Sorry, Could Not Resist""",reaction,casual_conversation,false,
SCNR,24662118776,2010-09-16,@Codepope: The trick is to start duping after the new hardware arrives. #scnr,18506162,"""Sorry, Could Not Resist""",reaction,casual_conversation,false,
SCNR,24674129570,2010-09-16,@graffax3 der Lehrer hat sicherlich schon welche zur Hand ;-) #SCNR,86958904,"""Sorry, Could Not Resist""",reaction,casual_conversation,false,
SCNR,24691241049,2010-09-16,"#Apple now has unveiled their first women-only device, Feel the iBoner *scnr*",43989144,"""Sorry, Could Not Resist""",reaction,humor,false,SCNR usually marks a joking or teasing aside.
SCNR,24743948938,2010-09-17,"Bore da, @FutureMrsIzz ! - Have you tried turning it off and on again? ;-) SCNR...",21130165,"""Sorry, Could Not Resist""",reaction,casual_conversation,false,
SCNR,24749631038,2010-09-17,@Oschn So genetisch und so? #SCNR,19065648,"""Sorry, Could Not Resist""",reaction,casual_conversation,false,
SCNR,24795875637,2010-09-17,@lirontocker well no more boring friday nights as its #fuckfriday ;) scnr :p,962201,"""Sorry, Could Not Resist""",reaction,casual_conversation,false,
SCNR,25200115021,2010-09-22,Drecksbayern #scnr,23085335,"""Sorry, Could Not Resist""",reaction,humor,false,SCNR usually marks a joking or teasing aside.
SCNR,25226971771,2010-09-22,"@somidwestern So, did you go for ""way to big for a single person"" with your car choice this time. #SCNR",105820611,"""Sorry, Could Not Resist""",reaction,casual_conversation,false,
SCNR,25486888891,2010-09-25,@romeopapa3 Maybe most people read your tweets first... ;-) SCNR... &gt;:-D,21130165,"""Sorry, Could Not Resist""",reaction,casual_conversation,false,
SCNR,25937538888,2010-09-30,"@scnr On my way home, i saw your car in the parking lot across from Higgins!",120599683,"""Sorry, Could Not Resist""",reaction,casual_conversation,false,
SCNR,25961880061,2010-09-30,@pembdave @PembTish Have you tried turning it off and on again? :-P SCNR...,21130165,"""Sorry, Could Not Resist""",reaction,casual_conversation,false,
SCNR,26196748516,2010-10-02,"@kim_bach so, what's for dinner? #scnr ;*)",9277962,"""Sorry, Could Not Resist""",reaction,casual_conversation,false,
SCNR,26532705522,2010-10-06,@verenka omg! What did you do? U been a naughty grrl? :) *scnr*,38187706,"""Sorry, Could Not Resist""",reaction,casual_conversation,false,
SCNR,26543286760,2010-10-06,"@ConanOBrien *That's* NSWF?!? Where do you live, America? Oh, right.... scnr",36279749,"""Sorry, Could Not Resist""",reaction,casual_conversation,false,
SCNR,26569116023,2010-10-06,"not sure if I'll go with a existing solution or build something by myself for our new guild page.. ""something cataclysmic will happen"" #scnr",9351452,"""Sorry, Could Not Resist""",reaction,humor,false,SCNR usually marks a joking or teasing aside.
SCNR,26689878975,2010-10-07,"@VictorQuinaz No, never felt like I needed it. ;) *scnr* But that gives your comment a completely different view!",18435577,"""Sorry, Could Not Resist""",reaction,casual_conversation,false,
SCNR,27216948541,2010-10-13,@AutonomyCorp thank you for informing us but why DO YOU CRY? #   scnr,14664218,"""Sorry, Could Not Resist""",reaction,casual_conversation,false,
SCNR,27224327027,2010-10-13,"(SCNR, once again:)",30548851,"""Sorry, Could Not Resist""",reaction,humor,false,SCNR usually marks a joking or teasing aside.
SCNR,27248084229,2010-10-13,"@arneblankerts His session was so bad, people had to flee the room? :-D #SCNR",119696411,"""Sorry, Could Not Resist""",reaction,casual_conversation,false,
SCNR,27249117038,2010-10-13,@iWallbreaker  Here we go again...scnr #GT5,65213387,"""Sorry, Could Not Resist""",reaction,casual_conversation,false,
SCNR,27260408671,2010-10-13,@ffcj since when does io have wings?  *scnr*,29680395,"""Sorry, Could Not Resist""",reaction,casual_conversation,false,
SCNR,27658565703,2010-10-17,"@EvilTheTwins Yeah, you shouldn't ship timmy/abby ;P (SCNR)",139113878,"""Sorry, Could Not Resist""",reaction,casual_conversation,false,
SCNR,27711385593,2010-10-18,@mikeal why are you laughing all the time? we all know that CouchDB is a joke... :D *SCNR* don't take it too serious! :) #mongo vs #couch,14642473,"""Sorry, Could Not Resist""",reaction,casual_conversation,false,
SCNR,27713466325,2010-10-18,"@ManekiDenise Hell is freezing? We're getting F2P today? *scnr* Here, have a hot chocolate. :)",50342008,"""Sorry, Could Not Resist""",reaction,casual_conversation,false,
SCNR,27764909935,2010-10-18,Sorry could not resist #scnr,158054450,"""Sorry, Could Not Resist""",reaction,humor,false,SCNR usually marks a joking or teasing aside.
SCNR,28392817004,2010-10-22,#smchh VS #gnhh VS #bchh10 VS #bcl8 VS #rchh VS #echh VS #tgof VS #ff VS #omg VS #wtf.  #scnr,9223282,"""Sorry, Could Not Resist""",reaction,humor,false,SCNR usually marks a joking or teasing aside.
SCNR,28399564173,2010-10-22,@cybert78 you got mail :-) SCNR,28562715,"""Sorry, Could Not Resist""",reaction,casual_conversation,false,
SCNR,28400809850,2010-10-22,@Malarkey word and print it as PDF. SCNR Harrharrharr ;-),125579537,"""Sorry, Could Not Resist""",reaction,casual_conversation,false,
SCNR,28424355112,2010-10-22,@Nokia_Fan I thought apple isn't using flash anymore #scnr ;),70190045,"""Sorry, Could Not Resist""",reaction,casual_conversation,false,
SCNR,28973107712,2010-10-28,The tweet I didn't send to @richardbranson: My fortune cookie says I will be astronomically rich. Can we talk too? #scnr,81925366,"""Sorry, Could Not Resist""",reaction,casual_conversation,false,
SCNR,29008985597,2010-10-28,@foobar27 I think using xxXEmacs instead of #emacs might solve his problems... SCNR,115276456,"""Sorry, Could Not Resist""",reaction,casual_conversation,false,
SCNR,29023388395,2010-10-28,m4d: in soviet russia webmaster reverses your psychology!!1 (scnr),19583573,"""Sorry, Could Not Resist""",reaction,humor,false,SCNR usually marks a joking or teasing aside.
SCNR,29059348203,2010-10-29,@cmpriest is that 68'enough's per page :D SCNR,158286571,"""Sorry, Could Not Resist""",reaction,casual_conversation,false,
SCNR,29405065577,2010-11-01,"To me Bach's ""Air on the G string"" is a pain in the ass. Never knew they had g strings back then,  anyway. SCNR :)",41597687,"""Sorry, Could Not Resist""",reaction,humor,false,SCNR usually marks a joking or teasing aside.
SCNR,29470314422,2010-11-02,"@zeri42: Oh, one more: the benefit of the doubt. #scnr :))",18506162,"""Sorry, Could Not Resist""",reaction,casual_conversation,false,
SCNR,29477950529,2010-11-02,more information to come till friday? ;) *SCNR* RT @Dnote_CM we're still on target for the servers coming up at..but we can't say when yet:(,42842577,"""Sorry, Could Not Resist""",reaction,casual_conversation,false,
SCNR,29483029375,2010-11-02,"@marlof True, because the mobile Web is called WAP! ;-) LOL... &lt;SCNR&gt;",14612265,"""Sorry, Could Not Resist""",reaction,casual_conversation,false,
SCNR,1894793697296386,2010-11-09,#scnr (because I'm from the no-shit-section) http://thisisnthappiness.com/post/1522142685/religious-shit,15993174,"""Sorry, Could Not Resist""",reaction,humor,false,SCNR usually marks a joking or teasing aside.
SCNR,1944696716795904,2010-11-09,"@steinermatt @CBasis Yeah, but as a mentor you have to be a role model anyway #NotOnTheDarkSide SCNR :-D",149416708,"""Sorry, Could Not Resist""",reaction,casual_conversation,false,
SCNR,1960639262097408,2010-11-09,RT @coldtusker Q: What is a nitrate?? A: Cheaper than a day rate! (scnr :-),57166188,"""Sorry, Could Not Resist""",reaction,casual_conversation,false,
SCNR,2001188992061440,2010-11-09,@barockschloss @winequeen2010 ist Web 2.0 nicht schon wieder out? #SCNR,86958904,"""Sorry, Could Not Resist""",reaction,casual_conversation,false,
SCNR,2042341741305856,2010-11-09,@beckyfh Might be your use of a Blackberry. Aplpe fans are outraged. [:-)] / SCNR. / Am on Win and Android.,28076637,"""Sorry, Could Not Resist""",reaction,casual_conversation,false,
SCNR,2722937408851968,2010-11-11,"hth - ""chat slang"" quick reference 4U  http://bit.ly/akVFT6  hagd lol scnr &lt;s&gt;",26519016,"""Sorry, Could Not Resist""",reaction,article_sharing,false,
SCNR,2790877026066432,2010-11-11,"Released version 1.1.1.1, the Kölle Alaaf release, of reaction buttons after finding a tiny bug in them! SCNR ;) http://bit.ly/b7Dkr4",14162867,"""Sorry, Could Not Resist""",reaction,article_sharing,false,
SCNR,6142575450783744,2010-11-21,I just ousted @scnr as the mayor of Newmark Theatre on @foursquare! http://4sq.com/4q0ReX,23034124,"""Sorry, Could Not Resist""",reaction,casual_conversation,false,
SCNR,10297266610896896,2010-12-02,"@OfficialBFBC2 ""...doomed!"" scnr to pun",50324735,"""Sorry, Could Not Resist""",reaction,casual_conversation,false,
SCNR,10380052139081728,2010-12-02,@73inches Das ist OOCSS :-) #scnr,7015572,"""Sorry, Could Not Resist""",reaction,casual_conversation,false,
SCNR,10400868658581504,2010-12-02,"@kioopi Ice ice, baby! #scnr",47944587,"""Sorry, Could Not Resist""",reaction,casual_conversation,false,
SCNR,10796357044404224,2010-12-03,sorry rebooted the wikileaks.ch servers to early #scnr #pointless ;),6765262,"""Sorry, Could Not Resist""",reaction,humor,false,SCNR usually marks a joking or teasing aside.
SCNR,11018011381075968,2010-12-04,@joe_leads wennemen loves a woman:)  #scnr,11978232,"""Sorry, Could Not Resist""",reaction,casual_conversation,false,
SCNR,11338936852942848,2010-12-05,"""A parking space for ideas."" Congratulations @halbluchs on conceiving the least action-inspiring metaphor ever! &lt;/scnr&gt; ッ @edwardharran 5ve!",12220,"""Sorry, Could Not Resist""",reaction,casual_conversation,false,
SCNR,13568197441617920,2010-12-11,SCNR @leyrer “Once I was a scuba diver in a sea of words. Now I zip along the surface like a guy on a Jet Ski.” - Nicholas Carr,11980612,"""Sorry, Could Not Resist""",reaction,casual_conversation,false,
SCNR,14686021752983552,2010-12-14,"Journal ""Homeopathy"" asks: ""Do serial dilutions really dilute?"" (http://tinyurl.com/2g4qs2d) Answer: Yes, they really do delude.  #scnr",13040652,"""Sorry, Could Not Resist""",reaction,humor,false,SCNR usually marks a joking or teasing aside.
SCNR,14697651144495104,2010-12-14,"Wow, @NikkiFinke  is the gal! She already has  the ""winners"" categorized, not the ""nominees"" that were announced today #SCNR",105820611,"""Sorry, Could Not Resist""",reaction,casual_conversation,false,
SCNR,14698678962888704,2010-12-14,lolol http://s5.directupload.net/images/101214/nipi9nl5.gif  I guess Bill's missing me a lot ... SCNR,154232938,"""Sorry, Could Not Resist""",reaction,humor,false,SCNR usually marks a joking or teasing aside.
SCNR,14927335090298880,2010-12-15,@scnr beast dinner kicked ass tonight!,14846050,"""Sorry, Could Not Resist""",reaction,casual_conversation,false,
SCNR,14974726480855040,2010-12-15,"@op_paperstorm We are aware that this is a problematic slogan, however: December 18th: Kill a tree to protect your freedom! #SCNR #anonymous",225663702,"""Sorry, Could Not Resist""",reaction,casual_conversation,false,
SCNR,15907958131003392,2010-12-17,"@IMKristenBell I guess, I would start to build a snowman on top of one of the stones... Or jump from one stone to the next... *scnr*",18435577,"""Sorry, Could Not Resist""",reaction,casual_conversation,false,
SCNR,17895021877403648,2010-12-23,"@CaptainRedmuff Dude, I'm perfectly German ;) Don't call meine dutch or I will kick your ass! ;) *scnr*",29496635,"""Sorry, Could Not Resist""",reaction,casual_conversation,false,
SCNR,18943800797831168,2010-12-26,@mstrsskttn The chalice with the palace holds the brew that is true! #thecourtjester #scnr Happy Xmas!,154858163,"""Sorry, Could Not Resist""",reaction,casual_conversation,false,
SCNR,20079941529899008,2010-12-29,@AndyCarolan You're telling us you're _not_ real and full sized?? (scnr) ;),769696,"""Sorry, Could Not Resist""",reaction,casual_conversation,false,
SCNR,20086395733286912,2010-12-29,@sixtus Bei Second Life? #scnr,14673413,"""Sorry, Could Not Resist""",reaction,casual_conversation,false,
SCNR,20404594098049024,2010-12-30,MyResolution? 2 Times 1280 by 1024 #MyResolution #SCNR,47743594,"""Sorry, Could Not Resist""",reaction,humor,false,SCNR usually marks a joking or teasing aside.
SCNR,20409375160016896,2010-12-30,@CBasis have the same issue on my windows iTunes. On the Mac I don't have issues at all. Switching platform might solve the problem ;-) SCNR,149416708,"""Sorry, Could Not Resist""",reaction,technology_discussion,false,SCNR appears in scanner/software/tech context.
SCNR,20484515579301888,2010-12-30,@eun_hye1 @fireth And I'll neither read the book nor watch the movie. Shortest cut! SCNR ;),63458252,"""Sorry, Could Not Resist""",reaction,casual_conversation,false,
SCNR,20706584174788608,2010-12-31,"OMG, it's almost 2011!1!!11!!! #scnr",5774512,"""Sorry, Could Not Resist""",reaction,humor,false,SCNR usually marks a joking or teasing aside.
wut,7283351967,2010-01-02,@missleesababy in da car wit my friend...boutta head home nsh....wut u doin boo,26185783,"""what""; nonstandard spelling often used in informal or reactive speech",reaction,casual_conversation,false,
wut,7283352393,2010-01-02,@THE_REAL_JAE Wut Goodie? Wuts da plan 4 tonite??? BOTTLES ON DECK AGAIN @ RUMBA SKY???????,37850733,"""what""; nonstandard spelling often used in informal or reactive speech",reaction,casual_conversation,false,
wut,7283354542,2010-01-02,@CHEESE228 WUT YALL DO LAST NITE CUZ,29949199,"""what""; nonstandard spelling often used in informal or reactive speech",reaction,casual_conversation,false,
wut,7283383238,2010-01-02,"Shid... Jus$ made iT bakK h0me 4rm da mall. ""Wut should iD0 2nite?"". F0 1000, Alex. (Jeopardy mu$ic)",36137812,"""what""; nonstandard spelling often used in informal or reactive speech",reaction,commenting,false,
wut,7283386261,2010-01-02,@TheRealLilHot wut i do homie,46140248,"""what""; nonstandard spelling often used in informal or reactive speech",reaction,casual_conversation,false,
wut,7283386694,2010-01-02,LAUHHDiiDAHHH;;HAHA CLEANiNN ^;THENN WE SHALL SEE WUT THA FUKK THERE iZ 2 DO TONiTEE;,77111696,"""what""; nonstandard spelling often used in informal or reactive speech",reaction,humor,false,
wut,7283389801,2010-01-02,idk wut i shudd doo... should i qoo?,71824826,"""what""; nonstandard spelling often used in informal or reactive speech",reaction,commenting,false,
wut,7283398315,2010-01-02,RT @BiggMikeSmooth: @ICIELYNN second chance?? - at wut hunnie?,23701501,"""what""; nonstandard spelling often used in informal or reactive speech",reaction,casual_conversation,false,
wut,7283401809,2010-01-02,@caderam wut u talkin bout lol,25655148,"""what""; nonstandard spelling often used in informal or reactive speech",reaction,casual_conversation,false,
wut,7283404688,2010-01-02,@mattgh09 wut can i say,98027775,"""what""; nonstandard spelling often used in informal or reactive speech",reaction,casual_conversation,false,
wut,7382524776,2010-01-04,@itzDubb dubb watts up g wut u got pop'n,22069314,"""what""; nonstandard spelling often used in informal or reactive speech",reaction,casual_conversation,false,
wut,7382530750,2010-01-04,@scisaBaD2kcaB wut happened t0 yu callin me nigga !,63361881,"""what""; nonstandard spelling often used in informal or reactive speech",reaction,casual_conversation,false,
wut,7382541758,2010-01-04,"""bby im not surprised, u said jss wut i thought u would, & its hurts i aint gon lie. but it doesnt hurt as bad as it could"" - J. Sullivan&lt;|3",38517432,"""what""; nonstandard spelling often used in informal or reactive speech",reaction,commenting,false,
wut,7382542907,2010-01-04,@LO_LO_RUGGZ wut movie yhu jes gt thru watchn w/o me.?,75406034,"""what""; nonstandard spelling often used in informal or reactive speech",reaction,casual_conversation,false,
wut,7382545519,2010-01-04,@flaksoloco wut time u comin back,28865646,"""what""; nonstandard spelling often used in informal or reactive speech",reaction,casual_conversation,false,
wut,7382562824,2010-01-04,RT @DieRichSOS: Can u design a tat for some1 even if they dont have any idea of wut they want jsut by speaking to them &lt;---- that's ALL I do,17088831,"""what""; nonstandard spelling often used in informal or reactive speech",reaction,casual_conversation,false,
wut,7382566634,2010-01-04,@JamesArfc7 Daang loll wut was it about???....okay ino it was about fat kids LoL but yeaah,40676285,"""what""; nonstandard spelling often used in informal or reactive speech",reaction,casual_conversation,false,
wut,7382569733,2010-01-04,by tyme u get to vonne crib she gone be sauced. lol @von3von22 wut u sippin?,22720603,"""what""; nonstandard spelling often used in informal or reactive speech",reaction,casual_conversation,false,
wut,7382573610,2010-01-04,#bewareof people that retweet NON SENCE jus because they were mentioned in it. WTH?! No1 cares wut sum1 says about/to you.,26116287,"""what""; nonstandard spelling often used in informal or reactive speech",reaction,commenting,false,
wut,7382579419,2010-01-04,#Twitter Has More Uptime Than #Facebook - http://bit.ly/4WCDqY  &lt;-- Wut?,72653645,"""what""; nonstandard spelling often used in informal or reactive speech",reaction,article_sharing,false,
wut,7498209673,2010-01-08,RT @DeeNasT33: Ladies put me on!!! Wut ya colors mean??? Lol_lmaoo BBM and aim. Lol. Boys aren't supposed to kno tho,33121430,"""what""; nonstandard spelling often used in informal or reactive speech",reaction,casual_conversation,false,
wut,7498215829,2010-01-08,@b3y0nd_et wut u up to?,96671230,"""what""; nonstandard spelling often used in informal or reactive speech",reaction,casual_conversation,false,
wut,7498218517,2010-01-08,@jmugler23 sittin here at home chillin wut u doin??,80413827,"""what""; nonstandard spelling often used in informal or reactive speech",reaction,casual_conversation,false,
wut,7498219593,2010-01-08,@RellFuryMusic Rell wuz poppin my nigg? aint shit man on dat grind & all dat. wut u wit u?!,40544128,"""what""; nonstandard spelling often used in informal or reactive speech",reaction,casual_conversation,false,
wut,7498236235,2010-01-08,GIRL YU ISSSS UGLY.. wut u talkin bout #ifiwasUGLY LMAO #siturassdown,29126684,"""what""; nonstandard spelling often used in informal or reactive speech",reaction,commenting,false,
wut,7498238869,2010-01-08,RT @djblacknmild: @Squeakynee HEY MOMMA!---wut up wit cha!?,23594687,"""what""; nonstandard spelling often used in informal or reactive speech",reaction,casual_conversation,false,
wut,7498239498,2010-01-08,@lilmsluvly nothing tryn to figure out. Skype do u have it wut u doin how's da snow lol,89988548,"""what""; nonstandard spelling often used in informal or reactive speech",reaction,casual_conversation,false,
wut,7498241423,2010-01-08,#iwasOOGLY i wonder wut life wudve been like *sit & thinks*,21354234,"""what""; nonstandard spelling often used in informal or reactive speech",reaction,commenting,false,
wut,7498243162,2010-01-08,wreslin wuz canceld.... me bre bella sammantha  and other stayd tiill like 4:30 at skoo...i dnt  care wut any yall say....I loooove SaM =],15236075,"""what""; nonstandard spelling often used in informal or reactive speech",reaction,commenting,false,
wut,7498246850,2010-01-08,I'm just now seeing Kris's tweet. WUT?,30113640,"""what""; nonstandard spelling often used in informal or reactive speech",reaction,reaction,false,
wut,7505022071,2010-01-08,RT @TRUBIGGAME @qcMARQUIS #whydoes @mrpriceisright1 have so much shit?... &lt;&lt;&lt; lmao too much shit... &lt;~ wut the hell yall talkin bout? Lol,43268699,"""what""; nonstandard spelling often used in informal or reactive speech",reaction,casual_conversation,false,
wut,7505028933,2010-01-08,24-7 THATS WUT IM TALKIN BOUT ALABAMA,23399481,"""what""; nonstandard spelling often used in informal or reactive speech",reaction,commenting,false,
wut,7505029752,2010-01-08,just got done wit somw HW... time fr a smoke break lol! B&Ms on deck. nah... i dont smoke trees if thats wut u wonderin.. lol!,36476798,"""what""; nonstandard spelling often used in informal or reactive speech",reaction,humor,false,
wut,7505034128,2010-01-08,Pls tell me wut Texas is doin! I'm bout to be pissed!!!Jojo~,23241968,"""what""; nonstandard spelling often used in informal or reactive speech",reaction,commenting,false,
wut,7505043585,2010-01-08,@Maxine591 thas not wut um talking bout! Dork!,92654418,"""what""; nonstandard spelling often used in informal or reactive speech",reaction,casual_conversation,false,
wut,7505044273,2010-01-08,@Gorillamonk BLACK FEMALES? WUT.,33136368,"""what""; nonstandard spelling often used in informal or reactive speech",reaction,casual_conversation,false,
wut,7505045093,2010-01-08,I'M STILL WAITIN FOR SOMEONE TO TELL ME WUT IS A LOCKED IPHONE GOOD FOR?? OD WACK ..SERIOUSLY,30569233,"""what""; nonstandard spelling often used in informal or reactive speech",reaction,commenting,false,
wut,7505049605,2010-01-08,Wut y'all know bout bustin ouut 26 songs n 4 days! Thaught it would take a week! But! Y'all gone LOVE THIS SHIT! Hhhhuuuuhhhh!,61065241,"""what""; nonstandard spelling often used in informal or reactive speech",reaction,commenting,false,
wut,7505050369,2010-01-08,Wut sup twitter,82406838,"""what""; nonstandard spelling often used in informal or reactive speech",reaction,commenting,false,
wut,7505051660,2010-01-08,@chickwithiiii i mean...wut tracks?,46313277,"""what""; nonstandard spelling often used in informal or reactive speech",reaction,casual_conversation,false,
wut,7569085141,2010-01-09,Wut! Children of Earth is A TENNER!? I am buying that. I thought it;d be like £30 ¬___¬ maybe I'm looking at the wrong thing.,22397943,"""what""; nonstandard spelling often used in informal or reactive speech",reaction,commenting,false,
wut,7569096348,2010-01-09,@TEARLON we do the dam thing! lol wut up!,21170937,"""what""; nonstandard spelling often used in informal or reactive speech",reaction,casual_conversation,false,
wut,7569101806,2010-01-09,"@renateizelin same here, I kno wut u mean! #happybdayAJ",45205725,"""what""; nonstandard spelling often used in informal or reactive speech",reaction,casual_conversation,false,
wut,7569104169,2010-01-09,@ColinLandforce just making sure brosif. Making sure u didn't fall off the squared side of the earth n wut not...,18275182,"""what""; nonstandard spelling often used in informal or reactive speech",reaction,casual_conversation,false,
wut,7569106596,2010-01-09,@irishgirl75 its 1 of my faves!The 1st segment creeped me out.ima big fan of opening credits in how it sets the tone. Let me kno wut u thnk!,34292762,"""what""; nonstandard spelling often used in informal or reactive speech",reaction,casual_conversation,false,
wut,7569109459,2010-01-09,@504Dubb wasssammm homay..wut happ to da track listing?...,29978724,"""what""; nonstandard spelling often used in informal or reactive speech",reaction,casual_conversation,false,
wut,7569121602,2010-01-09,@336SEXY_KUPKAKE RT YOU GOT BROADS ON HERE WUT THE PUSSY AS THE PIC.. GET THE FU OUTA HERE &lt; mayne..lol.. where at? lol naw im just kidding,86331190,"""what""; nonstandard spelling often used in informal or reactive speech",reaction,casual_conversation,false,
wut,7569122454,2010-01-09,RT @Jordaniloveyou paying 4 professional pics doesnt make u a model◄shore doesnt! getn paid 4 what u do makes u! not wut ur paying 2 get dun,37825983,"""what""; nonstandard spelling often used in informal or reactive speech",reaction,casual_conversation,false,
wut,7569126981,2010-01-09,@NAYDABOSS CHILLIN..WUT YU FUKKIN WIT,78502702,"""what""; nonstandard spelling often used in informal or reactive speech",reaction,casual_conversation,false,
wut,7569137519,2010-01-09,wut tym yall play? (cowboys) @flightab,35667820,"""what""; nonstandard spelling often used in informal or reactive speech",reaction,casual_conversation,false,
wut,7956788671,2010-01-19,@followbrittanyh wut a #fatazz! lol,92495849,"""what""; nonstandard spelling often used in informal or reactive speech",reaction,casual_conversation,false,
wut,7956795564,2010-01-19,@AlejandriaNicol come oveR?.... im still here imma go home and shower and stuff then come..wut u gunna make mee,68785867,"""what""; nonstandard spelling often used in informal or reactive speech",reaction,casual_conversation,false,
wut,7956796273,2010-01-19,@ChloeJ23 not like before I do be textin her once in a while though... N wut skool u at now  http://myloc.me/31K4b,21977038,"""what""; nonstandard spelling often used in informal or reactive speech",reaction,article_sharing,false,
wut,7956800105,2010-01-19,@BLUEBOI226 and u just breakin' yo neck tryna get down there to atl...smh...this is wut u will deal with...lmao,21591528,"""what""; nonstandard spelling often used in informal or reactive speech",reaction,casual_conversation,false,
wut,7956800766,2010-01-19,http://www.youtube.com/watch?v=J2tFzD9bx3s Wut the heck...she's 12. o__________o,23230811,"""what""; nonstandard spelling often used in informal or reactive speech",reaction,article_sharing,false,
wut,7956801425,2010-01-19,RT @Ery1FavBQLeLe: @Rockiie excellenta--&gt; wut yu gettin into today LeLe,29010545,"""what""; nonstandard spelling often used in informal or reactive speech",reaction,casual_conversation,false,
wut,7956802697,2010-01-19,Wut up yall,25756057,"""what""; nonstandard spelling often used in informal or reactive speech",reaction,commenting,false,
wut,7956805337,2010-01-19,@GoOdMoNEyDaVE wut goody.,73021502,"""what""; nonstandard spelling often used in informal or reactive speech",reaction,casual_conversation,false,
wut,7956806260,2010-01-19,@KissPeachesXoXo xactly...wut wrkouts;) luv a gud butt wrkout;),57243687,"""what""; nonstandard spelling often used in informal or reactive speech",reaction,casual_conversation,false,
wut,7956807529,2010-01-19,wut chu mean yhu chud no?!!!!!!!!?,55592199,"""what""; nonstandard spelling often used in informal or reactive speech",reaction,commenting,false,
wut,8306975234,2010-01-28,ugh wut am i suppose to do now :(,100373499,"""what""; nonstandard spelling often used in informal or reactive speech",reaction,commenting,false,
wut,8306982645,2010-01-28,@Nikky_118 nd wut wuz u goin to do when u get up http://myloc.me/3gy67,65679877,"""what""; nonstandard spelling often used in informal or reactive speech",reaction,article_sharing,false,
wut,8306984297,2010-01-28,@Paint_Me_Elite wut u mean ???,56254438,"""what""; nonstandard spelling often used in informal or reactive speech",reaction,casual_conversation,false,
wut,8306987815,2010-01-28,-headin 2 s'pore 4 collectin an equipment&attendin a seminar..wut a bad day!my boss sits bside me!LOL #fb,39974194,"""what""; nonstandard spelling often used in informal or reactive speech",reaction,work_school,false,
wut,8306988676,2010-01-28,does da white lady in da bak love dat guy or wut?!? lol,35667820,"""what""; nonstandard spelling often used in informal or reactive speech",reaction,reaction,false,
wut,8306989612,2010-01-28,not watching tha state of tha union address tonight tired of talking about wut u do.,73814835,"""what""; nonstandard spelling often used in informal or reactive speech",reaction,commenting,false,
wut,8306997409,2010-01-28,I already have enough guys friends who i wanted to be more with but no so i moved on and this is wut i get stupid quiz,26837736,"""what""; nonstandard spelling often used in informal or reactive speech",reaction,commenting,false,
wut,8307014493,2010-01-28,WHO NYAME SUH? A FELLA WUT FELLA KISS MIS RASS AY BAII GO SUCC OUT YA WOMAN BUMBOKLAT LML,27375915,"""what""; nonstandard spelling often used in informal or reactive speech",reaction,commenting,false,
wut,8307018927,2010-01-28,@SOOICEYGRLSOPHY And So Wut !,107833874,"""what""; nonstandard spelling often used in informal or reactive speech",reaction,casual_conversation,false,
wut,8307022774,2010-01-28,"um, does anybody mind telling me wut ""smh"" stands for???",97761732,"""what""; nonstandard spelling often used in informal or reactive speech",reaction,commenting,false,
wut,9211609263,2010-02-17,@OhGoshImHer im greattttt. wut u up to,50421015,"""what""; nonstandard spelling often used in informal or reactive speech",reaction,casual_conversation,false,
wut,9211617456,2010-02-17,@franklinavenana wut chanel is american idol playing on?,95557698,"""what""; nonstandard spelling often used in informal or reactive speech",reaction,television_reference,false,
wut,9211618528,2010-02-17,@LMent yea who u need em 4? wut they tryn do?,27370490,"""what""; nonstandard spelling often used in informal or reactive speech",reaction,casual_conversation,false,
wut,9211629607,2010-02-17,Idk wut 2 watch American Idol or Bad Girls Club help#confused http://myloc.me/3TxPF,37332681,"""what""; nonstandard spelling often used in informal or reactive speech",reaction,article_sharing,false,
wut,9211640228,2010-02-17,@PrincesszTYE wussup devo..I mean tyeisha LOL wut u doin,71681451,"""what""; nonstandard spelling often used in informal or reactive speech",reaction,casual_conversation,false,
wut,9211641857,2010-02-17,@mr_fantastic088 lol I wanna '42 inch but ion no wut kind like I got 2 already but I won't another 1,105714976,"""what""; nonstandard spelling often used in informal or reactive speech",reaction,casual_conversation,false,
wut,9211645361,2010-02-17,@Djbluatl wut it dew DAWG!!!!!!,69651344,"""what""; nonstandard spelling often used in informal or reactive speech",reaction,casual_conversation,false,
wut,9211651319,2010-02-17,@PSPants found wut lol?,50847872,"""what""; nonstandard spelling often used in informal or reactive speech",reaction,casual_conversation,false,
wut,9211651454,2010-02-17,RT @OCFresh365: @drejunglez nigga plz...u bout 100lbs soak and wet...wut workout&lt;-nigga I'm 167 lol clown just came from opengym and lifting,28214194,"""what""; nonstandard spelling often used in informal or reactive speech",reaction,sports_discussion,false,
wut,9211656239,2010-02-17,@YOINTS_WANT_ME chillin watchin ATL wut u up 2 tye,71681451,"""what""; nonstandard spelling often used in informal or reactive speech",reaction,casual_conversation,false,
wut,9330967870,2010-02-19,"#nowkpopping Pretty boy - 2NE1 . WUT? WMP can read my mind? o__O~ =="" ak;sal;dkhadllsda!!!!!",23287104,"""what""; nonstandard spelling often used in informal or reactive speech",reaction,reaction,false,
wut,9331002669,2010-02-19,@laffy619 I knw it sux.. but hey it is wut it is,80147844,"""what""; nonstandard spelling often used in informal or reactive speech",reaction,casual_conversation,false,
wut,9331034474,2010-02-19,@SeptembersOwn_ wut time u wakin up,28149936,"""what""; nonstandard spelling often used in informal or reactive speech",reaction,casual_conversation,false,
wut,9331056300,2010-02-19,@msana08 wut it dew,74147011,"""what""; nonstandard spelling often used in informal or reactive speech",reaction,casual_conversation,false,
wut,9331076264,2010-02-19,@msana8 wut it dew,74147011,"""what""; nonstandard spelling often used in informal or reactive speech",reaction,casual_conversation,false,
wut,9331173961,2010-02-19,That's wut u get 4 not sleeping early RT @LickkMyTweets: Fuck...late again.,45070303,"""what""; nonstandard spelling often used in informal or reactive speech",reaction,casual_conversation,false,
wut,9331175110,2010-02-19,"Amy wine'n it now...""wut kind of fuckery is this?""",75967180,"""what""; nonstandard spelling often used in informal or reactive speech",reaction,commenting,false,
wut,9331332621,2010-02-19,lol wut http://i46.tinypic.com/29xvrcg.jpg,21276116,"""what""; nonstandard spelling often used in informal or reactive speech",reaction,humor,false,
wut,9331393578,2010-02-19,@AndieMichaels yup i know and he told me that he said u were a rebile i was like ooook but u can go look and c wut he said,97769992,"""what""; nonstandard spelling often used in informal or reactive speech",reaction,casual_conversation,false,
wut,9331405026,2010-02-19,@BAD_FKN_BIDDIE hey dew wut u dew!!I know if I take a test kushy.the whole class gonna smell like kush mixed wit creed!,53157460,"""what""; nonstandard spelling often used in informal or reactive speech",reaction,casual_conversation,false,
wut,9658716410,2010-02-26,@tana_tot lol so cud u see wut the message said?,60233782,"""what""; nonstandard spelling often used in informal or reactive speech",reaction,casual_conversation,false,
wut,9658717896,2010-02-26,@ButtaBread lol dats wut im talkin bout,24652454,"""what""; nonstandard spelling often used in informal or reactive speech",reaction,casual_conversation,false,
wut,9658722893,2010-02-26,watsup mah niiiiiiig ; wut hatteninnnn,39290481,"""what""; nonstandard spelling often used in informal or reactive speech",reaction,commenting,false,
wut,9658724930,2010-02-26,RT @Juicy_ThaVIXEN @YungStunnerz that is my song ugh &lt;--- Thank u!!!! wut up tho??,35868316,"""what""; nonstandard spelling often used in informal or reactive speech",reaction,casual_conversation,false,
wut,9658736954,2010-02-26,"oooohhh boy you lookin like u like wut u see, wont u come over and check up on it??? LoL!",116069109,"""what""; nonstandard spelling often used in informal or reactive speech",reaction,humor,false,
wut,9658745161,2010-02-26,@MrcoolSTER lml wut a nite son...smhh maddd insiders lmaooo,75433727,"""what""; nonstandard spelling often used in informal or reactive speech",reaction,casual_conversation,false,
wut,9658745800,2010-02-26,FML ;; THEN HE GON GO AND TALK KMT WUT WAS I THINKN,27375915,"""what""; nonstandard spelling often used in informal or reactive speech",reaction,commenting,false,
wut,9658747446,2010-02-26,@Lve_4_Joy wut u mean???,43618443,"""what""; nonstandard spelling often used in informal or reactive speech",reaction,casual_conversation,false,
wut,9658749495,2010-02-26,"@AGkeepsitreal i respect i repsect. So in response to ur bday question, wut u trynna do??",39166040,"""what""; nonstandard spelling often used in informal or reactive speech",reaction,casual_conversation,false,
wut,9658754728,2010-02-26,RT @pleasurep: When you're some wut famous everybody starts 2 change because of who you've become u  be suprised who really 4 U n who's not,25981945,"""what""; nonstandard spelling often used in informal or reactive speech",reaction,casual_conversation,false,
wut,9674689896,2010-02-26,Damn wut a day 2day,95611935,"""what""; nonstandard spelling often used in informal or reactive speech",reaction,commenting,false,
wut,9674806947,2010-02-26,@DARiO_W wut does petpeve mean?,109776773,"""what""; nonstandard spelling often used in informal or reactive speech",reaction,casual_conversation,false,
wut,9674812192,2010-02-26,"Good morning...the sun is out and shining brite! But the snow mite b coming, I guess we will see wut happens",72418316,"""what""; nonstandard spelling often used in informal or reactive speech",reaction,commenting,false,
wut,9674835295,2010-02-26,cuny opens at 8. my test is at 9:30. idk whether theyre open or not. its 7:01. i leave in 1/2 hr to 45 min. idk wut to do. fmllll,23285684,"""what""; nonstandard spelling often used in informal or reactive speech",reaction,commenting,false,
wut,9674868354,2010-02-26,@LRGBLOCKMONEY wut makes u say dat?,88617743,"""what""; nonstandard spelling often used in informal or reactive speech",reaction,casual_conversation,false,
wut,9674887241,2010-02-26,"@wintafresh lol ""i do wut i can do, when i can do it"" (c) Chris Tucker 'Money Talks' ....lemme kno when u launch the site so i can peep it!",18351981,"""what""; nonstandard spelling often used in informal or reactive speech",reaction,casual_conversation,false,
wut,9674892240,2010-02-26,"Sooo,@Snacksz91 jus askd me y do idrink so much dam juice..now kan sum1 tell dis guy wut ireally drink so much of!(Pause)",75856392,"""what""; nonstandard spelling often used in informal or reactive speech",reaction,casual_conversation,false,
wut,9674893175,2010-02-26,"Missin parts of my life,tryna figure out wut how ive lost so much....FUKIT,still learnin an growin 4 th BETTERDAYZ",60521679,"""what""; nonstandard spelling often used in informal or reactive speech",reaction,commenting,false,
wut,9674900462,2010-02-26,@ashlykristine wut up my new follower,101707533,"""what""; nonstandard spelling often used in informal or reactive speech",reaction,casual_conversation,false,
wut,9674916521,2010-02-26,@TiaaBbyy wut happen,61551275,"""what""; nonstandard spelling often used in informal or reactive speech",reaction,casual_conversation,false,
wut,9775710407,2010-02-28,SCREAM AT ME IF U NEED THEM BEATS... WE GOT WUT U NEED...,29535035,"""what""; nonstandard spelling often used in informal or reactive speech",reaction,commenting,false,
wut,9775714946,2010-02-28,@iamlouieboy LOl iKnow iBeen Type Busy Lately ;; Got More Stuff On My Plate && Tryna Juggle Em All but iM Doinq Wut iGotta Do. WbYu ?,36069970,"""what""; nonstandard spelling often used in informal or reactive speech",reaction,casual_conversation,false,
wut,9775728646,2010-02-28,@IRocAirJays is gonna laff wen he heres wut i did lol & be flattered lmaooo,33891836,"""what""; nonstandard spelling often used in informal or reactive speech",reaction,casual_conversation,false,
wut,9775738195,2010-02-28,Wut to wear today... Hmmmm....,23027905,"""what""; nonstandard spelling often used in informal or reactive speech",reaction,commenting,false,
wut,9775808386,2010-02-28,@aadrianL wut u doin,88597297,"""what""; nonstandard spelling often used in informal or reactive speech",reaction,casual_conversation,false,
wut,9775856321,2010-02-28,i wanna be in the new @HunxandHisPunx video. wut tha furk.,17797485,"""what""; nonstandard spelling often used in informal or reactive speech",reaction,casual_conversation,false,
wut,9775876039,2010-02-28,"Hey guys! oh mah gosh hahaha lol, I am totally sick.. went 2 bed around 06:00 in the morning yesterday.. awesome or wut? :( :P whatsup!? :)",20765436,"""what""; nonstandard spelling often used in informal or reactive speech",reaction,reaction,false,
wut,9775882651,2010-02-28,@Annettex3_ lol I just woke up2 wut u up2 frend?,89803491,"""what""; nonstandard spelling often used in informal or reactive speech",reaction,casual_conversation,false,
wut,9775889813,2010-02-28,#IMONDiS WuT iT DO,57500637,"""what""; nonstandard spelling often used in informal or reactive speech",reaction,commenting,false,
wut,9775934507,2010-02-28,@quitemindy Wut? Oh mannnn.................,118364859,"""what""; nonstandard spelling often used in informal or reactive speech",reaction,casual_conversation,false,
wut,9846488870,2010-03-01,"Fuck wut u heard , lissaboo single as fuckk!! , u aint gone tie me down!! , ;; cant waiiittt till it pop off tonight!! , HAPPY BIRTHDAY  ...",114989985,"""what""; nonstandard spelling often used in informal or reactive speech",reaction,commenting,false,
wut,9846489909,2010-03-01,RT @seantheman1: Hey #B2B wut up hey shoutout @DaBossDiva81 @2sweet2luv @JazztasticJ @Krissy2Lyrical @LaNiseMonique @YouthPastorTEE @LRG ...,79065087,"""what""; nonstandard spelling often used in informal or reactive speech",reaction,casual_conversation,false,
wut,9846500623,2010-03-01,"......wut an emptiness I feel today, have a fight and move to N.Y. wutta crazy idea?",19381808,"""what""; nonstandard spelling often used in informal or reactive speech",reaction,commenting,false,
wut,9846509120,2010-03-01,@babiicakes85 hey wut up boo,26909153,"""what""; nonstandard spelling often used in informal or reactive speech",reaction,casual_conversation,false,
wut,9846526289,2010-03-01,Q:wut did you wear today A:a shirt . some jeans . some shoes :) http://formspring.me/MilesGotSwag/q/248465029,38909382,"""what""; nonstandard spelling often used in informal or reactive speech",reaction,commenting,false,
wut,9846532595,2010-03-01,@tempesttambrose i didnt ask wut yall getting in too lol..i was saying r yall getting it in too as in r yall blowing it down...lol,107649145,"""what""; nonstandard spelling often used in informal or reactive speech",reaction,casual_conversation,false,
wut,9846545801,2010-03-01,@BURday_March27 - It Was Fakee ? =/ Smhh - Yuu Was Movin Fasttt Lol - I Missed Yuu Doee - Wut Yuu Doinnn ?,36797489,"""what""; nonstandard spelling often used in informal or reactive speech",reaction,casual_conversation,false,
wut,9846556724,2010-03-01,@Always_Pretty OWERD WUT CHU EATIN?,46536269,"""what""; nonstandard spelling often used in informal or reactive speech",reaction,casual_conversation,false,
wut,9846558554,2010-03-01,@TheRealMorrison John! Hey! Wut's up? U did great last week on Fri. too bad u lost ^_^ Really wanted u to win xP,66827626,"""what""; nonstandard spelling often used in informal or reactive speech",reaction,casual_conversation,false,
wut,9846565120,2010-03-01,@idgafIMniecyyy dats wut she said lol,50421015,"""what""; nonstandard spelling often used in informal or reactive speech",reaction,casual_conversation,false,
wut,10260898693,2010-03-10,"im psycho psycho psycho lyke freddy, jason, michael wut u gone use dat knife fo?! it f...: http://chatter.com/a/2kllp",33442600,"""what""; nonstandard spelling often used in informal or reactive speech",reaction,commenting,false,
wut,10260903659,2010-03-10,"This nigga just told her to ""go to the White House, ask for a nigga named Larry Fitzgerald, & he'll kno wut 2 do from there""",27827300,"""what""; nonstandard spelling often used in informal or reactive speech",reaction,commenting,false,
wut,10260903916,2010-03-10,RT @1kodak: @c00bI3 wut that mean??&lt;&lt; Hell idk... I'm random.. Yu kno that!,26395372,"""what""; nonstandard spelling often used in informal or reactive speech",reaction,casual_conversation,false,
wut,10260906111,2010-03-10,@Every1lovesIvy dang thats not good. wut issues?,91585195,"""what""; nonstandard spelling often used in informal or reactive speech",reaction,casual_conversation,false,
wut,10260909590,2010-03-10,@CFMV_Jubz u r wut,88597297,"""what""; nonstandard spelling often used in informal or reactive speech",reaction,casual_conversation,false,
wut,10260910087,2010-03-10,Q:Is u a Blood Niggah? A:first of all y u askin annonymous nd second even if i wus blood wut ... http://formspring.me/swaykavali/q/287270873,36168944,"""what""; nonstandard spelling often used in informal or reactive speech",reaction,commenting,false,
wut,10260913211,2010-03-10,@SAvage_Asz_4z no i dnt. . i tweet wut be in my head at the moment !,68405031,"""what""; nonstandard spelling often used in informal or reactive speech",reaction,casual_conversation,false,
wut,10260927620,2010-03-10,@SLIM_S0_WAV3Y wut uP,53157460,"""what""; nonstandard spelling often used in informal or reactive speech",reaction,casual_conversation,false,
wut,10260939788,2010-03-10,RT @d_thorpe    @KeeeWeee7 wassup stranger --tubsy!! wut u bn up to all break?! if i wudnt have came to see u b4 break it wudve bn like wks!,46801003,"""what""; nonstandard spelling often used in informal or reactive speech",reaction,casual_conversation,false,
wut,10260947546,2010-03-10,@chubbybabe121 working out .. wut about u,22147031,"""what""; nonstandard spelling often used in informal or reactive speech",reaction,casual_conversation,false,
wut,10315870267,2010-03-11,@nationalboner lol wut?,11618712,"""what""; nonstandard spelling often used in informal or reactive speech",reaction,casual_conversation,false,
wut,10315895487,2010-03-11,@davilove16 u kno wut... True dat! Smh,82475489,"""what""; nonstandard spelling often used in informal or reactive speech",reaction,casual_conversation,false,
wut,10315895630,2010-03-11,@MrGetitCrackin oh i seee thas wut u do,52155138,"""what""; nonstandard spelling often used in informal or reactive speech",reaction,casual_conversation,false,
wut,10315897324,2010-03-11,@scrillzdmg wut up doe,66933462,"""what""; nonstandard spelling often used in informal or reactive speech",reaction,casual_conversation,false,
wut,10315921406,2010-03-11,@MOD3LCHiiCK wut u doin now?,44637850,"""what""; nonstandard spelling often used in informal or reactive speech",reaction,casual_conversation,false,
wut,10315938462,2010-03-11,I'm up can't sleep too anxious for the a.m shoot! Geeez can't wait til y'all se wut I've been working so hard on!,33408568,"""what""; nonstandard spelling often used in informal or reactive speech",reaction,commenting,false,
wut,10315941118,2010-03-11,@sophielovesmjj nao wut =[ i cant sing u a song. cus phone lines sounds crap,32788380,"""what""; nonstandard spelling often used in informal or reactive speech",reaction,casual_conversation,false,
wut,10315952346,2010-03-11,RT @lakesheezy: @msvialove @LeahLoveGGV who gave yall permission slips to leave atlanta? LOL**wut u mean? Ur lil cousin in here somewhere..,109996756,"""what""; nonstandard spelling often used in informal or reactive speech",reaction,casual_conversation,false,
wut,10316007831,2010-03-11,LOL WUT??? Someone tweeted me a Lady Gaga add. I'm not exactly the right person to ask to buy her stuff...,20421843,"""what""; nonstandard spelling often used in informal or reactive speech",reaction,reaction,false,
wut,10316022466,2010-03-11,RT @310news: #OMGfact ...IM IN ANOTHA ZONE&lt;&lt; wut zone?,32315183,"""what""; nonstandard spelling often used in informal or reactive speech",reaction,casual_conversation,false,
wut,10515653742,2010-03-15,@BookyTookie wut yu doin up so early ?,105084608,"""what""; nonstandard spelling often used in informal or reactive speech",reaction,casual_conversation,false,
wut,10515658437,2010-03-15,RT @MartyaLaMode RT @TRILLiterate: @Brratny Got Some Tig Ol Bitttttysssss!!!!!&lt;-&gt;Lol She Has Some Nice Legs &lt;&lt;wut was that all about lmao,54913306,"""what""; nonstandard spelling often used in informal or reactive speech",reaction,casual_conversation,false,
wut,10515663969,2010-03-15,@Tyrese4ReaL yea I hear wut u sayin but wut if u have a babi daddy that throws dirt on the mother u think that's (cont) http://tl.gd/gq7vp,104419974,"""what""; nonstandard spelling often used in informal or reactive speech",reaction,casual_conversation,false,
wut,10515679280,2010-03-15,@richmodelchick wut about a clown?,89603114,"""what""; nonstandard spelling often used in informal or reactive speech",reaction,casual_conversation,false,
wut,10515685347,2010-03-15,RT @InFa_MoUs: RT @MartyaLaMode RT @TRILLiterate: @Brratny Got Some Tig Ol Bitttttysssss!!!!!&lt;-&gt;Lol She Has Some Nice Legs &lt;&lt ...,109776773,"""what""; nonstandard spelling often used in informal or reactive speech",reaction,casual_conversation,false,
wut,10515694192,2010-03-15,"I just took ""wut would u do if justin said he loved u?"" and got: he says be mah girlfrined! Try it: http://bit.ly/cUWtG2",93240612,"""what""; nonstandard spelling often used in informal or reactive speech",reaction,commenting,false,
wut,10515696267,2010-03-15,@Miss_Mone wut Chu tlkin bout bro,120617970,"""what""; nonstandard spelling often used in informal or reactive speech",reaction,casual_conversation,false,
wut,10515722673,2010-03-15,is so tired idk wut 2do wit myself....,91223274,"""what""; nonstandard spelling often used in informal or reactive speech",reaction,commenting,false,
wut,10515738077,2010-03-15,@salspice it was ok n u shud really get some sleep ....wut hav u ben doin,76424777,"""what""; nonstandard spelling often used in informal or reactive speech",reaction,casual_conversation,false,
wut,10515754073,2010-03-15,@Porsha_JJsAngel morning =D ha wait wut time is it there??,51503252,"""what""; nonstandard spelling often used in informal or reactive speech",reaction,casual_conversation,false,
wut,10821594673,2010-03-21,@4TRE_C_LOw wats gud wut u up too oon diz nice sunday,110271218,"""what""; nonstandard spelling often used in informal or reactive speech",reaction,casual_conversation,false,
wut,10821605431,2010-03-21,"MAAAAN stayed up all late... but you know wut??? time to go to Church, lezz get it LORD!!!",111726879,"""what""; nonstandard spelling often used in informal or reactive speech",reaction,reaction,false,
wut,10821606973,2010-03-21,Lol robots RT @thedollfacer: Wut up w/these followers who don't tweet?,20636820,"""what""; nonstandard spelling often used in informal or reactive speech",reaction,casual_conversation,false,
wut,10821626611,2010-03-21,@tev_diddy lolol ur right . Anyway wut u doin,33583467,"""what""; nonstandard spelling often used in informal or reactive speech",reaction,casual_conversation,false,
wut,10821632115,2010-03-21,@Official_Demii wut did I do??,100895780,"""what""; nonstandard spelling often used in informal or reactive speech",reaction,casual_conversation,false,
wut,10821634184,2010-03-21,WUT UP FRIEND @famousamoss DOWNLOAD THE BRAND NEW BANGER BY KING!!! TURNT UP FREESTYLE http://tweetmysong.com/4bcsd2 (PLEASE RT),26555290,"""what""; nonstandard spelling often used in informal or reactive speech",reaction,casual_conversation,false,
wut,10821652404,2010-03-21,Ahhhhh look wut i just got!! Yay http://tweetphoto.com/15276951,112231116,"""what""; nonstandard spelling often used in informal or reactive speech",reaction,commenting,false,
wut,10821715057,2010-03-21,@SaudhiBaybie lmao u wished u run dis !! Wut u doin ?,26825351,"""what""; nonstandard spelling often used in informal or reactive speech",reaction,casual_conversation,false,
wut,10821732836,2010-03-21,Damn so wut da weather gon look like 2day?? Smh,107430279,"""what""; nonstandard spelling often used in informal or reactive speech",reaction,commenting,false,
wut,10821752163,2010-03-21,Ehh new default I got tired of the old 1... fuck wut u think #sorry,88663515,"""what""; nonstandard spelling often used in informal or reactive speech",reaction,commenting,false,
wut,12620715068,2010-04-22,@GVellez no i dnt.im ova it.if u still wna b mad Cuz das wut i do u Cud do dat.its Cool,97996270,"""what""; nonstandard spelling often used in informal or reactive speech",reaction,casual_conversation,false,
wut,12620724818,2010-04-22,okay. according to misha... we hav sos hwk! wut? she went w out actually telling me wut it is... WUT IS IT?,80696065,"""what""; nonstandard spelling often used in informal or reactive speech",reaction,reaction,false,
wut,12620725353,2010-04-22,"""If u see me switchin' lanes in dat bubble-gum Range, on dem offset wheels man, guess wut I did, I bought dat Bitch!!! #NickiLyrics",37377574,"""what""; nonstandard spelling often used in informal or reactive speech",reaction,commenting,false,
wut,12620726396,2010-04-22,@coco2charlie lol hey grl wut you doin,40977475,"""what""; nonstandard spelling often used in informal or reactive speech",reaction,casual_conversation,false,
wut,12620728718,2010-04-22,@D_Crooks am i part of it or wut? lol,19568978,"""what""; nonstandard spelling often used in informal or reactive speech",reaction,casual_conversation,false,
wut,12620728782,2010-04-22,@sourBUTsweeet lmao I qot all dat shit on dvd old and new wut it do aha,127355702,"""what""; nonstandard spelling often used in informal or reactive speech",reaction,casual_conversation,false,
wut,12620735330,2010-04-22,@MzTeeC jjus kickin it wit a doob.. lol.. wut u up 2,73969940,"""what""; nonstandard spelling often used in informal or reactive speech",reaction,casual_conversation,false,
wut,12620735602,2010-04-22,LOL WUT http://twitpic.com/1hfx5d,66176225,"""what""; nonstandard spelling often used in informal or reactive speech",reaction,humor,false,
wut,12620737660,2010-04-22,"thnxRT @TerricaLee: I love it! RT @FinessDaBoss: ""ima get me what i want, get me wut i need, ima go hard dats da grind in http://tl.gd/vgi2r",27141466,"""what""; nonstandard spelling often used in informal or reactive speech",reaction,casual_conversation,false,
wut,12620746178,2010-04-22,@windaturd at first I thought it said windupturd and I was like 'wut',18689493,"""what""; nonstandard spelling often used in informal or reactive speech",reaction,casual_conversation,false,
wut,13213468969,2010-05-01,@NeneBby09 wut kinda things lmao,43443917,"""what""; nonstandard spelling often used in informal or reactive speech",reaction,casual_conversation,false,
wut,13213476893,2010-05-01,@imalady1989 idk wut to get besides dat shyt on mai back..maybe ill juss get ur tat finishd,114128797,"""what""; nonstandard spelling often used in informal or reactive speech",reaction,casual_conversation,false,
wut,13213485758,2010-05-01,@gazelma awwww HECK YEAH! i'd love tooooo :) only if u tell me wut u think about that dress w/those shoes in my last tweet lolz :P,23825823,"""what""; nonstandard spelling often used in informal or reactive speech",reaction,casual_conversation,false,
wut,13213489541,2010-05-01,"After wut ive done, i HOPE my mom even CONSIDERS me her child:'/RT @xxj0anne A mom holds her childrens hands for a while..their hearts 4ever",20741016,"""what""; nonstandard spelling often used in informal or reactive speech",reaction,casual_conversation,false,
wut,13213508213,2010-05-01,So I'm wondern wut imma do tonite cuz I went to da movie last nite n I dnt wanna b bored tonite,44675544,"""what""; nonstandard spelling often used in informal or reactive speech",reaction,commenting,false,
wut,13213512614,2010-05-01,@SAfinest210 wut it iz,32295623,"""what""; nonstandard spelling often used in informal or reactive speech",reaction,casual_conversation,false,
wut,13213521736,2010-05-01,lunch time ..wut r my twitter bugs doin?,43287951,"""what""; nonstandard spelling often used in informal or reactive speech",reaction,commenting,false,
wut,13213532609,2010-05-01,"@GregWHoward Beware ""man on scene"" accounts of oil rig xploshun... We've seen wut this gov't does 2 its own 2 get its way! #tcot #ocra #p2",111332093,"""what""; nonstandard spelling often used in informal or reactive speech",reaction,casual_conversation,false,
wut,13213537499,2010-05-01,@MR_VTINO so wut chu ben up 2?,113973941,"""what""; nonstandard spelling often used in informal or reactive speech",reaction,casual_conversation,false,
wut,13213538242,2010-05-01,RT @imjasonbassett: @TashVIModel I never met ANYONE who showered once a day lmao | wut world are u livin in!! I've met a lot!! Lol,28713246,"""what""; nonstandard spelling often used in informal or reactive speech",reaction,casual_conversation,false,
wut,14035022492,2010-05-15,@myfabolouslife #tellFab&lt; you deff need 2 hurry up n sign a #Stargirl we da best lolz now #askfab wut did u (cont) http://tl.gd/1aba6l,43699667,"""what""; nonstandard spelling often used in informal or reactive speech",reaction,casual_conversation,false,
wut,14035040473,2010-05-15,thejobeset: wut http://tumblr.com/xrl9xnvm3,107725893,"""what""; nonstandard spelling often used in informal or reactive speech",reaction,commenting,false,
wut,14035040554,2010-05-15,wut up world??,24228838,"""what""; nonstandard spelling often used in informal or reactive speech",reaction,commenting,false,
wut,14035053540,2010-05-15,RT @YanaKells studioo type shit &lt;&lt;&lt; u better spit that shit theeeen!!!! aye wut city u fr0m? *pleas d0nt bang 0n me*,78182332,"""what""; nonstandard spelling often used in informal or reactive speech",reaction,casual_conversation,false,
wut,14035053792,2010-05-15,Wut is this for :| !! RT @AlBahri: @mobaidat dabber rasak :D,83237852,"""what""; nonstandard spelling often used in informal or reactive speech",reaction,casual_conversation,false,
wut,14035056518,2010-05-15,RT @VivaLaPiinkk: RT @LadyNike26 Ummm wut am I gonna wear tonite---where da hell u goin? purple rose bar arty tonite,103893676,"""what""; nonstandard spelling often used in informal or reactive speech",reaction,casual_conversation,false,
wut,14035124303,2010-05-15,RT @misstinacouture: RT @LadyNike26: Ummm wut am I gonna wear tonite... Should I wear jeans and shoes .... Cuz really don't knoe,103893676,"""what""; nonstandard spelling often used in informal or reactive speech",reaction,casual_conversation,false,
wut,14035126169,2010-05-15,Eff dis goto go to skool today wut is this,43469812,"""what""; nonstandard spelling often used in informal or reactive speech",reaction,commenting,false,
wut,14035202874,2010-05-15,Busy day 2day! Wut it look like twitter!?!,95104241,"""what""; nonstandard spelling often used in informal or reactive speech",reaction,commenting,false,
wut,14035202967,2010-05-15,well jus got up and idk wut to wear....im abt to hop to the mall with @davis_d_aaron and momz,121478592,"""what""; nonstandard spelling often used in informal or reactive speech",reaction,casual_conversation,false,
wut,14492155811,2010-05-22,@nortonamo WUT?! D: what did they steal? CALL THE COPS OMG.,36660315,"""what""; nonstandard spelling often used in informal or reactive speech",reaction,casual_conversation,false,
wut,14492170295,2010-05-22,@Problem_Child_D Do Wut U Do....Don't Get Sick,86843534,"""what""; nonstandard spelling often used in informal or reactive speech",reaction,casual_conversation,false,
wut,14492192608,2010-05-22,#random wonder if I should chill in da North wen I get off. Gotta hit da girlies up c wut da plans r;),24493952,"""what""; nonstandard spelling often used in informal or reactive speech",reaction,commenting,false,
wut,14492200160,2010-05-22,@benbeamon wut ya email again,110818723,"""what""; nonstandard spelling often used in informal or reactive speech",reaction,casual_conversation,false,
wut,14492236477,2010-05-22,@SeductiveSousa wut up doe! how u doin my nig?,47115925,"""what""; nonstandard spelling often used in informal or reactive speech",reaction,casual_conversation,false,
wut,14492236806,2010-05-22,@LadyBem22 @escape4rm_it @JahBoog89 @iAmCardissJ @AyyKyah wut the hell happened last night. I woke up confused as hell...,120209920,"""what""; nonstandard spelling often used in informal or reactive speech",reaction,casual_conversation,false,
wut,14492272146,2010-05-22,"@CrazyRaahJB hey I live in toronto, canada. I listen to mostly hip hop and rnb.. Check out this track www.bit.ly/mysong1 tell me wut u think",145334722,"""what""; nonstandard spelling often used in informal or reactive speech",reaction,casual_conversation,false,
wut,14492306753,2010-05-22,@ilovemyhusbie19 mm thts wut I've heard :/. Have u listened to the song I linked u?,145334722,"""what""; nonstandard spelling often used in informal or reactive speech",reaction,casual_conversation,false,
wut,14492317231,2010-05-22,Babydaddy gone!!! So wut are we doin today ladies? @Ms_Africa n @DaChampsHere,120301054,"""what""; nonstandard spelling often used in informal or reactive speech",reaction,casual_conversation,false,
wut,14492357897,2010-05-22,@vAlentines0fie yea thtd be great! Check out this rnb/hip hop song www.bit.ly/mysong1 and tell me wut u think :),145334722,"""what""; nonstandard spelling often used in informal or reactive speech",reaction,casual_conversation,false,
wut,14965443550,2010-05-29,"I'm bored without a job plus I can't seem to find my significant other exciting. I need... a ""change."" Wut and when will it be?",97128534,"""what""; nonstandard spelling often used in informal or reactive speech",reaction,commenting,false,
wut,14965449273,2010-05-29,@HBKofCUNW ah cuz I've never asked. Wut you do rap or sing?,42066306,"""what""; nonstandard spelling often used in informal or reactive speech",reaction,casual_conversation,false,
wut,14965469251,2010-05-29,"thats love & loyalty i luv yall RT @K_Rigs @TyniLovesLife well u kno me & @DnD_Ent rockin wit u no matta wut. U hurt we hurt,u good we good",25526054,"""what""; nonstandard spelling often used in informal or reactive speech",reaction,casual_conversation,false,
wut,14965476192,2010-05-29,@88sGr8est everythang we luv dats wut niccaz take 4rm us I'm sick of all my real niccaz dyin ova nutthin...Damn I jus miss my nicca...,136472828,"""what""; nonstandard spelling often used in informal or reactive speech",reaction,casual_conversation,false,
wut,14965497248,2010-05-29,so an acean guy com2us n said i lov ur hair can i ask u girls somethin i said yah only if i can ask u some back.wut? it… http://lnk.ms/7mWTG,148190241,"""what""; nonstandard spelling often used in informal or reactive speech",reaction,reaction,false,
wut,14965524155,2010-05-29,@beautiful_ash1 i feel u... wut'd u bring me back???,33130603,"""what""; nonstandard spelling often used in informal or reactive speech",reaction,casual_conversation,false,
wut,14965571534,2010-05-29,RT @Shamie_Shay: @_1heartBREAKkid. Missing my boy toy. Wut we doing sat. \\\ miss yu too prolly hangin out in ATL yu?,66255493,"""what""; nonstandard spelling often used in informal or reactive speech",reaction,casual_conversation,false,
wut,14965664402,2010-05-29,@bashieeee i nvr lost my G-card! Wut chu tlkn bout Willis!? (R.i.p gary coleman),26113554,"""what""; nonstandard spelling often used in informal or reactive speech",reaction,casual_conversation,false,
wut,14965673440,2010-05-29,Nothing new that's wut u always r RT @Princee_Pee: But seriously I'm hungry,43618443,"""what""; nonstandard spelling often used in informal or reactive speech",reaction,casual_conversation,false,
wut,14965696768,2010-05-29,"@Nonyelum I digg u be all over huh nd wut u running for, I dnt bite...neither am I dangerous lol",92797387,"""what""; nonstandard spelling often used in informal or reactive speech",reaction,casual_conversation,false,
wut,15539132254,2010-06-06,So it looks like wen u dnt tweet 4 a lil min u lose followers... SMH wut da fuk yall b expectin me 2 say,83699624,"""what""; nonstandard spelling often used in informal or reactive speech",reaction,commenting,false,
wut,15539157148,2010-06-06,@iTiS_wut_iTiS you gotta lil heart up in there? you tweetin like you got feelings reggie :),119934499,"""what""; nonstandard spelling often used in informal or reactive speech",reaction,casual_conversation,false,
wut,15539159434,2010-06-06,"@NIKKI_T well. That's wut that face reminds me of. Are you giving me ""The Stink Eye"" O_o haha lmao",50421015,"""what""; nonstandard spelling often used in informal or reactive speech",reaction,casual_conversation,false,
wut,15539171302,2010-06-06,@VH1s_Blaque88 wut movie??????? i may need to see it to maintain my celibacy,33891836,"""what""; nonstandard spelling often used in informal or reactive speech",reaction,casual_conversation,false,
wut,15539184650,2010-06-06,@chi_lando aint it though Shit i dont kno Wut Niggas on though,125679540,"""what""; nonstandard spelling often used in informal or reactive speech",reaction,casual_conversation,false,
wut,15539186966,2010-06-06,Intense pool party. .. Couldn't take pics loll so y'all know. Wut I mean!,90172377,"""what""; nonstandard spelling often used in informal or reactive speech",reaction,humor,false,
wut,15539196038,2010-06-06,DMV wut up!!!! I'm in Georgetown with a bad brunette holla back!!,36213791,"""what""; nonstandard spelling often used in informal or reactive speech",reaction,commenting,false,
wut,15539210192,2010-06-06,@MY_WAVii_LiiFE nikkaz drank so much liqour wut did yu do tonight ?,85134278,"""what""; nonstandard spelling often used in informal or reactive speech",reaction,casual_conversation,false,
wut,15539226390,2010-06-06,@SirWalk u was baby...dag I was lookn 4wrd 2 cn u too... U know wut dat mean rite? U gotz ta swing by n chk me later on.,29252622,"""what""; nonstandard spelling often used in informal or reactive speech",reaction,casual_conversation,false,
wut,15539236534,2010-06-06,My town is wut helped make me and shape me,128767994,"""what""; nonstandard spelling often used in informal or reactive speech",reaction,commenting,false,
wut,15552800927,2010-06-06,Not Feeln good n dese Pills ain't wrkn... wut can I buy out of publix 2 drink 2 make me Fell betta y'all ? N Jamaicans pls dnt say Tea Smh !,66297823,"""what""; nonstandard spelling often used in informal or reactive speech",reaction,commenting,false,
wut,15552829758,2010-06-06,@MissKeriBaby lol wut did you say after that?,27296750,"""what""; nonstandard spelling often used in informal or reactive speech",reaction,casual_conversation,false,
wut,15552876067,2010-06-06,@SanDeE1014 idk Wut I'd do if I was away from my kiddos that long but I'm happy that u finally get to spend time with urs... :-)),32242967,"""what""; nonstandard spelling often used in informal or reactive speech",reaction,casual_conversation,false,
wut,15552881928,2010-06-06,wut wut  (@makitoquaff live on http://moi.st/32f58 ),19473508,"""what""; nonstandard spelling often used in informal or reactive speech",reaction,casual_conversation,false,
wut,15553054097,2010-06-06,@MelissaIBrown wow wut a view!!,31729150,"""what""; nonstandard spelling often used in informal or reactive speech",reaction,casual_conversation,false,
wut,15553116668,2010-06-06,"sippin' on coke nd ruuuuummm, im like so wut im druuuuunnkkk",27491301,"""what""; nonstandard spelling often used in informal or reactive speech",reaction,commenting,false,
wut,15553126220,2010-06-06,Im so not a morning person..but gotta do wut i gotta do..,51965591,"""what""; nonstandard spelling often used in informal or reactive speech",reaction,commenting,false,
wut,15553139577,2010-06-06,dnt know wut to do today...hmm,52897369,"""what""; nonstandard spelling often used in informal or reactive speech",reaction,commenting,false,
wut,15553215881,2010-06-06,WUT SHOWCASE ENDED SO FAST ? @SGSJELFs,104058326,"""what""; nonstandard spelling often used in informal or reactive speech",reaction,casual_conversation,false,
wut,15553278957,2010-06-06,@LickOn_DiamOnd Wut Yu Doin ?,44738009,"""what""; nonstandard spelling often used in informal or reactive speech",reaction,casual_conversation,false,
wut,17392506122,2010-06-30,"OMG, XANDER WUT?!?  THIS WAS SO P.R. PRO UNTIL THE ""DUDE"".",108978449,"""what""; nonstandard spelling often used in informal or reactive speech",reaction,reaction,false,
wut,17392509549,2010-06-30,Lmao RT @iAmCashleeh: Wut yall don't kno is dat @JessEnuff jus jerked her a** off in the kitchen n almost fell backward lmao,17361301,"""what""; nonstandard spelling often used in informal or reactive speech",reaction,casual_conversation,false,
wut,17392517708,2010-06-30,@MiszBeautybaby dats coo ohio wut part,26955763,"""what""; nonstandard spelling often used in informal or reactive speech",reaction,casual_conversation,false,
wut,17392520200,2010-06-30,@Misschichi30 I'm not ur friend for wut u did to me,36255036,"""what""; nonstandard spelling often used in informal or reactive speech",reaction,casual_conversation,false,
wut,17392523736,2010-06-30,@MusiqLyfeYuuup  Nothing:)Wut'sup wiff you!?? lol,160347919,"""what""; nonstandard spelling often used in informal or reactive speech",reaction,casual_conversation,false,
wut,17392536599,2010-06-30,"@Dustin_Belieber do you see the shout out now?! l;]
about 2 hours ago via Twitter for BlackBerry® 
Reply Retweet ! this wut my profile says",160401931,"""what""; nonstandard spelling often used in informal or reactive speech",reaction,casual_conversation,false,
wut,17392550146,2010-06-30,@BlowQPlease yes yes thats wut i said...,112575265,"""what""; nonstandard spelling often used in informal or reactive speech",reaction,casual_conversation,false,
wut,17392550455,2010-06-30,@kEYAxUSG mmmm hmmm thats wut u wud say lol,25252349,"""what""; nonstandard spelling often used in informal or reactive speech",reaction,casual_conversation,false,
wut,17392564314,2010-06-30,@PurpleHazeYobi WUT UP MA?,19578272,"""what""; nonstandard spelling often used in informal or reactive speech",reaction,casual_conversation,false,
wut,17392564728,2010-06-30,@Queena922 lOl yOU Did & WUZ VERy COMPREhENdAbLE ! WUT yOU dOiN ON dA COMPUTER ? lOl,132361867,"""what""; nonstandard spelling often used in informal or reactive speech",reaction,casual_conversation,false,
wut,17531226042,2010-07-02,@LeLand87_burr yooo wut u doin,51109929,"""what""; nonstandard spelling often used in informal or reactive speech",reaction,casual_conversation,false,
wut,17531256917,2010-07-02,Wut taylor?,64468559,"""what""; nonstandard spelling often used in informal or reactive speech",reaction,commenting,false,
wut,17531259580,2010-07-02,Im srry oscar i didnt mean itt!I wuz jst fuckingg around to see wut youh would do PLZ for give me...Txt me!!!!,101079862,"""what""; nonstandard spelling often used in informal or reactive speech",reaction,commenting,false,
wut,17531270250,2010-07-02,@DBibbDreamTeam3 chillin man wut u gettin into this weekend...u always know the move lol,32300739,"""what""; nonstandard spelling often used in informal or reactive speech",reaction,casual_conversation,false,
wut,17531274460,2010-07-02,Just wanna know wut u think!?http://www.twitlonger.com/show/a8b8757db4ea67c17a1976f6786c0e93,45736300,"""what""; nonstandard spelling often used in informal or reactive speech",reaction,commenting,false,
wut,17531293783,2010-07-02,"Tell'em Gurrl!! RT @Original_Woman: NUCCA's don't care about anything bt wut jay-z and beyonce doin and wearin, (cont) http://tl.gd/28gb3j",71795344,"""what""; nonstandard spelling often used in informal or reactive speech",reaction,casual_conversation,false,
wut,17531295747,2010-07-02,@lakeith_dinero chillin.. wut go down wit u bnoys!!,48233670,"""what""; nonstandard spelling often used in informal or reactive speech",reaction,casual_conversation,false,
wut,17531302556,2010-07-02,"Just ondagrind tryna get, wut u gotup 4 the 4th?RT @TerminatorREX @datrill Still Livin No Complaints. What's Good Nigga",28417979,"""what""; nonstandard spelling often used in informal or reactive speech",reaction,casual_conversation,false,
wut,17531310803,2010-07-02,@TheBieberGuys oh my gosh wut happend? #prayforjosh #prayforaliyah,101868714,"""what""; nonstandard spelling often used in informal or reactive speech",reaction,casual_conversation,false,
wut,17531317938,2010-07-02,RT @GirlOfUrDREAMS_: Yo ! I think someone is watching me ! *lmao wut??,33001351,"""what""; nonstandard spelling often used in informal or reactive speech",reaction,casual_conversation,false,
wut,17638646324,2010-07-03,If snowflakes we're candy bars and milk shakes oh wut a snow that would be &lt;3 ha ha,151029867,"""what""; nonstandard spelling often used in informal or reactive speech",reaction,commenting,false,
wut,17638658041,2010-07-03,@DUBCITY_MAYO LIKEE WUT ARE WE DOING UPP ? LMFAO,99167848,"""what""; nonstandard spelling often used in informal or reactive speech",reaction,casual_conversation,false,
wut,17638672000,2010-07-03,@IAMYOURZ2 I was sleep I just woke up like 30 mins ago and I can't go back to sleep wut up wit u,66509494,"""what""; nonstandard spelling often used in informal or reactive speech",reaction,casual_conversation,false,
wut,17638685685,2010-07-03,"Nope she know wut it is RT @ILuvKeena: @RicoGee Lmao, you're a fool!!! He better be somewhere playing makeup",44977822,"""what""; nonstandard spelling often used in informal or reactive speech",reaction,casual_conversation,false,
wut,17638697117,2010-07-03,@iamshortymack wut happen,21440558,"""what""; nonstandard spelling often used in informal or reactive speech",reaction,casual_conversation,false,
wut,17638707198,2010-07-03,"I jus cnt remember it all, wut am I'm doen, wut am I'm doen? Ohh yea thts rite I'm doen me!",140936584,"""what""; nonstandard spelling often used in informal or reactive speech",reaction,commenting,false,
wut,17638708062,2010-07-03,@D33MA  wut ..?!! jealous ..?!! i'm hitting on math ..!!,25067804,"""what""; nonstandard spelling often used in informal or reactive speech",reaction,casual_conversation,false,
wut,17638724680,2010-07-03,"@KatrinaWeidman WUT TIME IS IT, WHERE UR AT?",85924945,"""what""; nonstandard spelling often used in informal or reactive speech",reaction,casual_conversation,false,
wut,17638762571,2010-07-03,@aSia_mOnAe #FAS don't take me so literally sumtimes I just be sayn stuff how I feel or just wut I'm thinking at that particular time,66509494,"""what""; nonstandard spelling often used in informal or reactive speech",reaction,casual_conversation,false,
wut,17638782516,2010-07-03,"@BlastrOne wait, wut bout her?",107971384,"""what""; nonstandard spelling often used in informal or reactive speech",reaction,casual_conversation,false,
wut,18338616944,2010-07-12,@goodnighterny huh REALLY wut,19030935,"""what""; nonstandard spelling often used in informal or reactive speech",reaction,casual_conversation,false,
wut,18338618898,2010-07-12,@I_am_DeeRockk I feel it wut yu on boo ?,163385205,"""what""; nonstandard spelling often used in informal or reactive speech",reaction,casual_conversation,false,
wut,18338658062,2010-07-12,@makaella @xmariahxv yeah wut KK said.! Ur getting on my nerves Bestest...like seriously.!,95382081,"""what""; nonstandard spelling often used in informal or reactive speech",reaction,casual_conversation,false,
wut,18338659978,2010-07-12,@BoiOneDa wut u doin,81545648,"""what""; nonstandard spelling often used in informal or reactive speech",reaction,casual_conversation,false,
wut,18338672801,2010-07-12,@JUSSCALLMEQ wut ndid i just type 2 u,33421372,"""what""; nonstandard spelling often used in informal or reactive speech",reaction,casual_conversation,false,
wut,18338674827,2010-07-12,"@TheyNvAries dats my movie tho,i bought dat shit hella long ago i havent watched it in a while tho...u didnt nvite me to watch wut u..smh",36293567,"""what""; nonstandard spelling often used in informal or reactive speech",reaction,casual_conversation,false,
wut,18338709808,2010-07-12,ugh! wut a weird day hmmm looking for something to do tomorrow...wut 2 do? hmmm,50573546,"""what""; nonstandard spelling often used in informal or reactive speech",reaction,commenting,false,
wut,18338777208,2010-07-12,@LILSISTER16 bye wer u wut to hav sex with me lmfao lol lol lol,160365445,"""what""; nonstandard spelling often used in informal or reactive speech",reaction,casual_conversation,false,
wut,18338787294,2010-07-12,#rememberwhen u did wut u do bcuz u loved 2 do it? B4 it became work and politics? Remember when music was expression rather than investment,58334157,"""what""; nonstandard spelling often used in informal or reactive speech",reaction,commenting,false,
wut,18338838391,2010-07-12,#Iwantsome1that has sooo much money we can fuck on stackz bc if u make me cum & money make me cum ooowww weee wut ah hell of a feeling lol,81352298,"""what""; nonstandard spelling often used in informal or reactive speech",reaction,humor,false,
wut,18708783512,2010-07-16,@Im21_Bish wut exit,153982173,"""what""; nonstandard spelling often used in informal or reactive speech",reaction,casual_conversation,false,
wut,18708788020,2010-07-16,@eddiedarealest @keezyb89  wut up my niggs,34800933,"""what""; nonstandard spelling often used in informal or reactive speech",reaction,casual_conversation,false,
wut,18708789566,2010-07-16,Couldn't figure out wut I wanted for lunch so I'm eating breakfast food at IHOP.,87119199,"""what""; nonstandard spelling often used in informal or reactive speech",reaction,commenting,false,
wut,18708803845,2010-07-16,fuck live wut u preach,65962076,"""what""; nonstandard spelling often used in informal or reactive speech",reaction,commenting,false,
wut,18708813243,2010-07-16,@luvjones625 @E_Michelle_R tryin to fill out sum stuff for school ...hurt myself smh leg is dyin...wut yall upto?,122143333,"""what""; nonstandard spelling often used in informal or reactive speech",reaction,casual_conversation,false,
wut,18708822498,2010-07-16,RT @HeadBCSB11: FOR THOSE WHOSE THIRSTY HERE'S WUT U NEED 2 ATTEND! RT @YUNG_JUIICE: BE HERE!!! http://twitpic.com/25uyv3,105870106,"""what""; nonstandard spelling often used in informal or reactive speech",reaction,casual_conversation,false,
wut,18708826624,2010-07-16,@NewMoneyGang_ not frm wut i saw...,114567444,"""what""; nonstandard spelling often used in informal or reactive speech",reaction,casual_conversation,false,
wut,18708830648,2010-07-16,@DaReaLiST87  @royalstatik  wut up fam,34800933,"""what""; nonstandard spelling often used in informal or reactive speech",reaction,casual_conversation,false,
wut,18708833986,2010-07-16,@MszEsha wut r u talkin bout,33310483,"""what""; nonstandard spelling often used in informal or reactive speech",reaction,casual_conversation,false,
wut,18708841837,2010-07-16,@OthrBxtchsFRONT wut happen to us...we us to be cordial now i gotta fight u smh,26784079,"""what""; nonstandard spelling often used in informal or reactive speech",reaction,casual_conversation,false,
wut,19280180232,2010-07-22,"@griefshare LOL I say homie, fo sho, and homegirl because I am ghetto AZN, wut?",14156795,"""what""; nonstandard spelling often used in informal or reactive speech",reaction,casual_conversation,false,
wut,19280183005,2010-07-22,@JaviiJoel needed wut? (:,46321460,"""what""; nonstandard spelling often used in informal or reactive speech",reaction,casual_conversation,false,
wut,19280184402,2010-07-22,"@cantinera haha my boss would be like, ""so how'd you do on your final?"" ""Jizzed it. I mean! ACED it! WUT?""",63046354,"""what""; nonstandard spelling often used in informal or reactive speech",reaction,casual_conversation,false,
wut,19280185111,2010-07-22,@itsLaydyBbro well ifound dat legacy ex lol & did u fuckin hear wut she sed smdh damn,161151066,"""what""; nonstandard spelling often used in informal or reactive speech",reaction,casual_conversation,false,
wut,19280185760,2010-07-22,wit wut?! RT @iBangedAmazin @NONSTOPuraBEAST dammmnnn! Good luck!,80207027,"""what""; nonstandard spelling often used in informal or reactive speech",reaction,casual_conversation,false,
wut,19280189355,2010-07-22,"""@KennethBrown29: Stripper Poles and Mirrors and beautiful young ladies that know how to use them..... CLUB DECADES TONIGHT!!!!wut u said",41257304,"""what""; nonstandard spelling often used in informal or reactive speech",reaction,casual_conversation,false,
wut,19280199127,2010-07-22,so many girls and so little time smh! wut is a man to do??,65189434,"""what""; nonstandard spelling often used in informal or reactive speech",reaction,commenting,false,
wut,19280199179,2010-07-22,"RT @benjibrown1: #whitefolkscursewords honey, just wut in the nigger bitch lacefront are u wearing? ROFL!!!",17287531,"""what""; nonstandard spelling often used in informal or reactive speech",reaction,casual_conversation,false,
wut,19280199633,2010-07-22,@planetjedward lol wut ... tell?! x,121832779,"""what""; nonstandard spelling often used in informal or reactive speech",reaction,casual_conversation,false,
wut,19280206120,2010-07-22,INVISIBILITY CLOAK!! :D ahhhh!! Thts wut I'm buying Aaron!! :D hehehe! :D,144567373,"""what""; nonstandard spelling often used in informal or reactive speech",reaction,commenting,false,
wut,19475133364,2010-07-25,@scottiekwhizz grindin folk wut it is on yo end?,24032890,"""what""; nonstandard spelling often used in informal or reactive speech",reaction,casual_conversation,false,
wut,19475138040,2010-07-25,WUT WUT! www.formspring.me/GoshSarah,117212043,"""what""; nonstandard spelling often used in informal or reactive speech",reaction,commenting,false,
wut,19475142139,2010-07-25,RT @CH1NEY_T1NG Bet Ican bake da gram like da bakers man Stop runnin up on me like who wut when I Stay around da white like da klu klux klan,46765395,"""what""; nonstandard spelling often used in informal or reactive speech",reaction,casual_conversation,false,
wut,19475149494,2010-07-25,"WUT? SHE BEAT ME.. DIEW DIEW DIEW. ANYWAY, racist ass on my video. dude, gtfo. you hate asians? THEN DONT GET INVOLVED WITH THE ASIANS. SHIT",25397236,"""what""; nonstandard spelling often used in informal or reactive speech",reaction,reaction,false,
wut,19475152087,2010-07-25,@Mrkicks3 Let her kno cuhz...see wut happens when u start cosignin lil nigga lmao,111096519,"""what""; nonstandard spelling often used in informal or reactive speech",reaction,casual_conversation,false,
wut,19475153978,2010-07-25,@xoxojess11 wut u know bout dat young lady,49440282,"""what""; nonstandard spelling often used in informal or reactive speech",reaction,casual_conversation,false,
wut,19475157116,2010-07-25,"RT @Coty08: @N2Jas u mean to tell me if we were going on a date, u wld wait 9 hrs to call/txt me again? &lt; Exactly wut he been doin all day?!",55114579,"""what""; nonstandard spelling often used in informal or reactive speech",reaction,casual_conversation,false,
wut,19475171700,2010-07-25,Dnt nobody want wut sumbody else dnt want.,88265762,"""what""; nonstandard spelling often used in informal or reactive speech",reaction,commenting,false,
wut,19475200625,2010-07-25,"Wut a nite man,,idk where to start.!! I'm still joked out,,but I'm really tired tweeps so gn!!",47823329,"""what""; nonstandard spelling often used in informal or reactive speech",reaction,commenting,false,
wut,19475203115,2010-07-25,@PrettyTrilBxtch lmao wut time you Left ?,55490782,"""what""; nonstandard spelling often used in informal or reactive speech",reaction,casual_conversation,false,
wut,19517779216,2010-07-25,@Mr420stargang dats wut i was thinkin but apparently a storm is comin... -____-,24744359,"""what""; nonstandard spelling often used in informal or reactive speech",reaction,casual_conversation,false,
wut,19517780121,2010-07-25,@AdoredAlways o ok I hear that. Congratson da job also. Wut u doin?,44115740,"""what""; nonstandard spelling often used in informal or reactive speech",reaction,casual_conversation,false,
wut,19517783597,2010-07-25,"@MrKegler true, i meant to say that pple dnt practice wut they preach, the words jus came out wrong lol",35392595,"""what""; nonstandard spelling often used in informal or reactive speech",reaction,casual_conversation,false,
wut,19517784655,2010-07-25,Wut shud I eat?,74371606,"""what""; nonstandard spelling often used in informal or reactive speech",reaction,commenting,false,
wut,19517786697,2010-07-25,@ladysongz1987 wut sounds so dirty about it?...,93010099,"""what""; nonstandard spelling often used in informal or reactive speech",reaction,casual_conversation,false,
wut,19517789283,2010-07-25,RT @RealWizKhalifa: i wanna knoe wut english sounds like to chinese people...like i wanna knoe the exact sounds they hear when sumone sp ...,152703542,"""what""; nonstandard spelling often used in informal or reactive speech",reaction,casual_conversation,false,
wut,20020726637,2010-07-31,Wut a cornball corn on the cob cream of corn thing to say RT @CITYWITH_NOHOES: RT @rapemyfacenow    (cont) http://tl.gd/2rqa3p,91267283,"""what""; nonstandard spelling often used in informal or reactive speech",reaction,casual_conversation,false,
wut,20020735096,2010-07-31,@chef2thestars yay!!!!!!!!!!!! Wut time will u be there? Lol,120967516,"""what""; nonstandard spelling often used in informal or reactive speech",reaction,casual_conversation,false,
wut,20020739208,2010-07-31,@JURRARRI brah i kno wut u mean i had sum sour last nite and i was gone,17398128,"""what""; nonstandard spelling often used in informal or reactive speech",reaction,casual_conversation,false,
wut,20020745280,2010-07-31,"@KelzyBoo asup, wut yall doin tonite mane?",117918369,"""what""; nonstandard spelling often used in informal or reactive speech",reaction,casual_conversation,false,
wut,20020759535,2010-07-31,RT @yungjooo: Hyatt got them ipod docks n wut not . Lol slap that sade on loop . Its over . Haha &lt;-- imma jack one lol,49318164,"""what""; nonstandard spelling often used in informal or reactive speech",reaction,casual_conversation,false,
wut,20020782746,2010-07-31,@RagingBitch That was just like... wut.,28497710,"""what""; nonstandard spelling often used in informal or reactive speech",reaction,casual_conversation,false,
wut,20020812287,2010-07-31,Last Saturday n #albany....wut we doin?,53091602,"""what""; nonstandard spelling often used in informal or reactive speech",reaction,commenting,false,
wut,20020815230,2010-07-31,Just bought $300dollar sunglasses wut to do now?,27545186,"""what""; nonstandard spelling often used in informal or reactive speech",reaction,commenting,false,
wut,20020824296,2010-07-31,@Liljsback wut's good bro!!!?,24262965,"""what""; nonstandard spelling often used in informal or reactive speech",reaction,casual_conversation,false,
wut,20020828705,2010-07-31,@jelickaownz09 wut up,170035647,"""what""; nonstandard spelling often used in informal or reactive speech",reaction,casual_conversation,false,
wut,21219957222,2010-08-15,@Chibi_Pammy WUT! Heresy &gt;&lt; what were you going to cosplay?,77977086,"""what""; nonstandard spelling often used in informal or reactive speech",reaction,casual_conversation,false,
wut,21219980686,2010-08-15,"RT @INKMONEYSEXFAME: RT @SatelliteShow: "" I know you wanna know wut im mixed with ""&lt;&lt;&lt;lol haaaa,u be knowing",111075242,"""what""; nonstandard spelling often used in informal or reactive speech",reaction,casual_conversation,false,
wut,21219989075,2010-08-15,Jus like to send a special &quot;Wut tha Fraauukkk!!&quot; out to all my Baracks out there....JALAPENO @ YA BOY!!!!!,98839497,"""what""; nonstandard spelling often used in informal or reactive speech",reaction,casual_conversation,false,
wut,21220040935,2010-08-15,@_OffWithHisHead im jp hahaha i dunno ill juss have 2 c wut happens monday :p,29423913,"""what""; nonstandard spelling often used in informal or reactive speech",reaction,casual_conversation,false,
wut,21220086968,2010-08-15,@KaylaGoldenDuhh aw fa real..wut made u get on twitter,90015568,"""what""; nonstandard spelling often used in informal or reactive speech",reaction,casual_conversation,false,
wut,21220118101,2010-08-15,@jtaylor35 wut color,21182859,"""what""; nonstandard spelling often used in informal or reactive speech",reaction,casual_conversation,false,
wut,21220133557,2010-08-15,@RealMissPretty me an yu both... Wut chu doin tho?,35323227,"""what""; nonstandard spelling often used in informal or reactive speech",reaction,casual_conversation,false,
wut,21220157363,2010-08-15,Damn wut the hell were u doin lol RT @ValentinesTime_: #HelloGoodnight,95931568,"""what""; nonstandard spelling often used in informal or reactive speech",reaction,casual_conversation,false,
wut,21220164030,2010-08-15,@iTS_ROXii lol wut u doing up tweeker?? Lol,42540703,"""what""; nonstandard spelling often used in informal or reactive speech",reaction,casual_conversation,false,
wut,21220184615,2010-08-15,"@FuturistiCFame 
*frowns*
after all i done 4 u this wut i git n return",178378844,"""what""; nonstandard spelling often used in informal or reactive speech",reaction,casual_conversation,false,
wut,22553343219,2010-08-30,@Rhymestyle i got a flyer for it thats all but more will be put out this week prolly thats wut krit manager told me,46292283,"""what""; nonstandard spelling often used in informal or reactive speech",reaction,casual_conversation,false,
wut,22553399422,2010-08-30,@Bergdorfs look wut  mailman brought 2 the beach house 2day! Perf beach reading! Luv the old-school Citroen!! http://tweetphoto.com/42403189,57249277,"""what""; nonstandard spelling often used in informal or reactive speech",reaction,casual_conversation,false,
wut,22553400468,2010-08-30,@LIVINGLEGENDNBE well I guess ill wait 2 say wut I need 2 say when the busy sign goes away **kanyeshrug**,27785584,"""what""; nonstandard spelling often used in informal or reactive speech",reaction,casual_conversation,false,
wut,22553401905,2010-08-30,@PrettyAzn wut kinda football,53844749,"""what""; nonstandard spelling often used in informal or reactive speech",reaction,casual_conversation,false,
wut,22553416950,2010-08-30,TRIPLE S!!!! Daz wut dey call us!!! RT @YungDolla_713 Tonight its goin dyne at #DREAMS !!! #SHOUTOUT 2 my nikka http://tl.gd/3djn2h,48233670,"""what""; nonstandard spelling often used in informal or reactive speech",reaction,casual_conversation,false,
wut,22553432062,2010-08-30,@SkipperLNS lmao I dnt prefer that name buh wut up,44975974,"""what""; nonstandard spelling often used in informal or reactive speech",reaction,casual_conversation,false,
wut,22553432064,2010-08-30,Tired ; bored.Don't noe wut to do 2day!i still need to buy my kicks on saturday!,37546627,"""what""; nonstandard spelling often used in informal or reactive speech",reaction,commenting,false,
wut,22553434645,2010-08-30,@AshEnnis wut u eating? Did someone cook?,99427628,"""what""; nonstandard spelling often used in informal or reactive speech",reaction,casual_conversation,false,
wut,22553436093,2010-08-30,@Mailiazbearhugs OMG WUT HAPPENED,31560485,"""what""; nonstandard spelling often used in informal or reactive speech",reaction,casual_conversation,false,
wut,22553442368,2010-08-30,RT @CGunnz: Yep.. im fukn DAM.GOOD at wut i do. S/O to @Mayalino http://twitpic.com/2jqwmo &lt; new shirts on the way,40606389,"""what""; nonstandard spelling often used in informal or reactive speech",reaction,casual_conversation,false,
wut,23005917246,2010-09-04,Cant even text back cause wut I would say would be 2 RUDE...... #trynabenice,29350974,"""what""; nonstandard spelling often used in informal or reactive speech",reaction,commenting,false,
wut,23005918399,2010-09-04,@ImLivingDatLife wut happen to em,144015560,"""what""; nonstandard spelling often used in informal or reactive speech",reaction,casual_conversation,false,
wut,23005949919,2010-09-04,"RT @bolastname I wonder wut these rednecks be thinkin before they put deez truck-nuts on their bumper....""Hmm, my truck's missin somethin""",18515150,"""what""; nonstandard spelling often used in informal or reactive speech",reaction,casual_conversation,false,
wut,23005955947,2010-09-04,I should figure out wut I'm wearin tonite heels or no heels ahhh,89364181,"""what""; nonstandard spelling often used in informal or reactive speech",reaction,commenting,false,
wut,23005957639,2010-09-04,"I know, right? RT @MrsBieberorDie watchin rj berger WTH HOW AM I SUPPOSED TO FIND OUT WUT A PENIS IS WHEN THEY NEVER SHOW ITT",18926321,"""what""; nonstandard spelling often used in informal or reactive speech",reaction,casual_conversation,false,
wut,23005980193,2010-09-04,@goonaffiliated wut does BIHH mean bruh bruh? Dats like sayin bitch or sumting? Lol,20866855,"""what""; nonstandard spelling often used in informal or reactive speech",reaction,casual_conversation,false,
wut,23005981267,2010-09-04,@TheRealDJKhaled. LFAO wut summore T-Pain an dat auto tune shit! He's gettin old real fast try sum 1 else b4 u fuck ur self! Real talk!,184657436,"""what""; nonstandard spelling often used in informal or reactive speech",reaction,casual_conversation,false,
wut,23005982931,2010-09-04,Hah yup ha wut u doin,167649596,"""what""; nonstandard spelling often used in informal or reactive speech",reaction,casual_conversation,false,
wut,23005993927,2010-09-04,@AdrianaLy u crazy. I kept it in bed till like 3. Wut u doin tonite.,35148822,"""what""; nonstandard spelling often used in informal or reactive speech",reaction,casual_conversation,false,
wut,23006015233,2010-09-04,"Do u kno wat ""donkey- punch"" is? & if not wut u like a sample ;D lmao RT @PYTif: do you know what it means to back your fist?",67718435,"""what""; nonstandard spelling often used in informal or reactive speech",reaction,casual_conversation,false,
wut,24170196582,2010-09-11,headin to bed!!! zzzzZZZZzzzZZZZZZZzzzz wut??!?! my eyes are closin by them self!! pshh,64765546,"""what""; nonstandard spelling often used in informal or reactive speech",reaction,reaction,false,
wut,24170246113,2010-09-11,@BreeLOVESyuu this dumb bxtch tht always wanna tlk shit..thts jus wut the dumb bxtch did all fball game.iswear she betta b lucky its friday,165529040,"""what""; nonstandard spelling often used in informal or reactive speech",reaction,casual_conversation,false,
wut,24170246144,2010-09-11,i gotta lump on my knee wut dat mean,99231983,"""what""; nonstandard spelling often used in informal or reactive speech",reaction,commenting,false,
wut,24170248142,2010-09-11,@TOKYOTHEDAWG_ Stopp Wut.? iHate Yu Niqqa Leave Me Da Fucc Alone.,161749111,"""what""; nonstandard spelling often used in informal or reactive speech",reaction,casual_conversation,false,
wut,24170250130,2010-09-11,@fuckabarbie Wut ii Do? Lol,40736372,"""what""; nonstandard spelling often used in informal or reactive speech",reaction,casual_conversation,false,
wut,24170257101,2010-09-11,RT @lala: #PINKFRIDAY!!! You already know... RT @NICKIMINAJ: @lala LaLa do u know wut today is?,149660228,"""what""; nonstandard spelling often used in informal or reactive speech",reaction,casual_conversation,false,
wut,24170257692,2010-09-11,@DaddyBeamon13 u can tell wut?,176640108,"""what""; nonstandard spelling often used in informal or reactive speech",reaction,casual_conversation,false,
wut,24170269240,2010-09-11,PRECIATE IT RT @i_fux: RT @NayLittle Happy Bday! @DjMikeNIke yea wut she said,24109516,"""what""; nonstandard spelling often used in informal or reactive speech",reaction,casual_conversation,false,
wut,24170276448,2010-09-11,Ayyyeeeeeeee wut it is wusssssssup...... I spy a bad yellow bone is yu tryna get cuttt.......,30324233,"""what""; nonstandard spelling often used in informal or reactive speech",reaction,commenting,false,
wut,24170289406,2010-09-11,@Freakyjean  Wut up mayne! jus got done watching this giants game. who does LSU play 2morrow?,69357783,"""what""; nonstandard spelling often used in informal or reactive speech",reaction,casual_conversation,false,
wut,24270748365,2010-09-12,Smuts Get Wut They Deserve ! --,119201755,"""what""; nonstandard spelling often used in informal or reactive speech",reaction,commenting,false,
wut,24270785344,2010-09-12,RT @RandyOrton: Forgot to share wut I did today http://yfrog.com/1xko1tj,185762917,"""what""; nonstandard spelling often used in informal or reactive speech",reaction,casual_conversation,false,
wut,24270789646,2010-09-12,I'm good LOL RT @bombshellGG: Lol no granny! Sheesh wut is it wit ya'll tonite lol RT @_CarterG: I jus dropped a (cont) http://tl.gd/60h8j7,146768518,"""what""; nonstandard spelling often used in informal or reactive speech",reaction,casual_conversation,false,
wut,24270810651,2010-09-12,@TheRealSosP Why Wut happen??...if yuh wanna tlk abt it DM cus I kno yuh not ganna wanna put chu BI On twitter,144679239,"""what""; nonstandard spelling often used in informal or reactive speech",reaction,casual_conversation,false,
wut,24270833943,2010-09-12,@BMan_TheSLAYER wut dear?,64954232,"""what""; nonstandard spelling often used in informal or reactive speech",reaction,casual_conversation,false,
wut,24270850490,2010-09-12,"@MeMpH_10 wut u do
Now bruh.",36800397,"""what""; nonstandard spelling often used in informal or reactive speech",reaction,casual_conversation,false,
wut,24270887062,2010-09-12,WUT??? lmao!! RT @SweetOnPeacexx    @coraratliff OMG are there really Adam penis shaped pipes ?!?!?!,36623995,"""what""; nonstandard spelling often used in informal or reactive speech",reaction,casual_conversation,false,
wut,24270932604,2010-09-12,RT @EgoManiac_Dre: Smuts Get Wut They Deserve ! --,90326014,"""what""; nonstandard spelling often used in informal or reactive speech",reaction,casual_conversation,false,
wut,24270987876,2010-09-12,RT @eri9: WUT??? lmao!! RT @SweetOnPeacexx    @coraratliff OMG are there really Adam penis shaped pipes ?!?!?!,73847009,"""what""; nonstandard spelling often used in informal or reactive speech",reaction,casual_conversation,false,
wut,24270988122,2010-09-12,Nite comin to a WONDERFULL close... Wut better way to do It o__O,56191352,"""what""; nonstandard spelling often used in informal or reactive speech",reaction,commenting,false,
wut,25587153477,2010-09-26,soo yeah thats wut happened yesterday.. :) now i have to go .. i have a soccer tournament.. wish me luck.. byeee:D,122708747,"""what""; nonstandard spelling often used in informal or reactive speech",reaction,casual_conversation,false,
wut,25587171227,2010-09-26,@KissingAllowed yeeepaaaayyy! Woohoo! Wut Wut? Oh yeah! haha!,94981057,"""what""; nonstandard spelling often used in informal or reactive speech",reaction,casual_conversation,false,
wut,25587220659,2010-09-26,@MSDELICIOUS1 wut happened,86429568,"""what""; nonstandard spelling often used in informal or reactive speech",reaction,casual_conversation,false,
wut,25587237329,2010-09-26,Fast cars? Ok. But I wanna c wut the next Singapore Airshow brings...,57656800,"""what""; nonstandard spelling often used in informal or reactive speech",reaction,commenting,false,
wut,25587304331,2010-09-26,N s/o 2 evry1 goin 2 church 4 tha 1st time ever jus 2 hear wut he has 2 say smh,26106022,"""what""; nonstandard spelling often used in informal or reactive speech",reaction,commenting,false,
wut,25587305545,2010-09-26,"LOL Wut? XD RT @DserraJo: I just heard the newsreader say ""tersingkir pada balabak kedua"". LOL",86840884,"""what""; nonstandard spelling often used in informal or reactive speech",reaction,casual_conversation,false,
wut,25587308562,2010-09-26,2moro is the big day [externship]....I'm get'n extra nervous now. Don't know wut the hell Imma see 2moro in that O.R. [Operating Room].,31172697,"""what""; nonstandard spelling often used in informal or reactive speech",reaction,commenting,false,
wut,25587325964,2010-09-26,@AroundTheWaySyd. Wut u comin to my hood 4,25067887,"""what""; nonstandard spelling often used in informal or reactive speech",reaction,casual_conversation,false,
wut,25587365985,2010-09-26,@LilTinyBarbie wut is #ftw,33604071,"""what""; nonstandard spelling often used in informal or reactive speech",reaction,casual_conversation,false,
wut,25587396682,2010-09-26,For The Win RT @SisME2 @LilTinyBarbie wut is #ftw,75362583,"""what""; nonstandard spelling often used in informal or reactive speech",reaction,casual_conversation,false,
wut,26180683644,2010-10-02,@Kymmi_B wut u want to go away?,24829073,"""what""; nonstandard spelling often used in informal or reactive speech",reaction,casual_conversation,false,
wut,26180694462,2010-10-02,"i guess i worded that wrong lol cuz that's wut i want ..""i don't wanna be a player no mo"" *joe's voice* lol @moderndiva",30348998,"""what""; nonstandard spelling often used in informal or reactive speech",reaction,casual_conversation,false,
wut,26180729634,2010-10-02,@WEEDandWANG riah member wut we talked about last nite via text message,70140040,"""what""; nonstandard spelling often used in informal or reactive speech",reaction,casual_conversation,false,
wut,26180731659,2010-10-02,"#thoughtofthemorning ,, u are wut u associate urself wit ,, all u talk bout is fukkn or wuteva,,don't be mad if thats all ppl want from u...",167439155,"""what""; nonstandard spelling often used in informal or reactive speech",reaction,commenting,false,
wut,26180738037,2010-10-02,Wut up,76336810,"""what""; nonstandard spelling often used in informal or reactive speech",reaction,commenting,false,
wut,26180768073,2010-10-02,Well everybody still sleep but I'm Hungary wut tooo doo??,176528603,"""what""; nonstandard spelling often used in informal or reactive speech",reaction,commenting,false,
wut,26180801082,2010-10-02,RT @Sexii_Lexii816: @GSmooth0240 lol ok I see you Chef Boy R G!!! Lol «- lmaoOo haha word. Wut happened 2 dat magnificent lasagna?!,72948154,"""what""; nonstandard spelling often used in informal or reactive speech",reaction,casual_conversation,false,
wut,26180868360,2010-10-02,"@IMNDATTHANG not better than my cookn,  yo wut u doin tonight?",138802230,"""what""; nonstandard spelling often used in informal or reactive speech",reaction,casual_conversation,false,
wut,26180871558,2010-10-02,@MisoLoved Lolz!! Drinkn all dat juice!! Wut brand is it? Gooood Morn also Misooooooooooooo!!,37370149,"""what""; nonstandard spelling often used in informal or reactive speech",reaction,casual_conversation,false,
wut,26180872575,2010-10-02,"RT @im_MP: French toast, eggs, bacon & waffles...I'm winning this morning :) &lt;--- damn thas wut I need right now!!",24829073,"""what""; nonstandard spelling often used in informal or reactive speech",reaction,casual_conversation,false,
wut,27143079648,2010-10-12,RT @LILQofENT: @Starrstruckqd Im out dere next month! Wut up!? All u need is like $600 for like 5 nights! Good Money! /// where Oklahoma ???,103033311,"""what""; nonstandard spelling often used in informal or reactive speech",reaction,casual_conversation,false,
wut,27143081386,2010-10-12,Wut it do my tweepeople's!,168596390,"""what""; nonstandard spelling often used in informal or reactive speech",reaction,commenting,false,
wut,27143095036,2010-10-12,RT @J_The4th: lol errybody las nerve is the one that easily annoyed// errbody always gettin on somebody las nerve. Wut happen 2 da other 1s?,25464408,"""what""; nonstandard spelling often used in informal or reactive speech",reaction,casual_conversation,false,
wut,27143100944,2010-10-12,@CHRISHAZEBMC WUT IT DO HOMIE,46140248,"""what""; nonstandard spelling often used in informal or reactive speech",reaction,casual_conversation,false,
wut,27143122143,2010-10-12,Wut the hell is Due Date? RT @SooThenISaid: @Yannid125 @SilkySmoooth I wanna c that other 1 u mentioned too,14181376,"""what""; nonstandard spelling often used in informal or reactive speech",reaction,casual_conversation,false,
wut,27143136169,2010-10-12,Wish I could have for breakfast wut I had yesterday morning...mmmmm,161095586,"""what""; nonstandard spelling often used in informal or reactive speech",reaction,commenting,false,
wut,27143206099,2010-10-12,@Sarounzi r u sure u knw wut urre dooiing ??,135162766,"""what""; nonstandard spelling often used in informal or reactive speech",reaction,casual_conversation,false,
wut,27143224737,2010-10-12,Wonder wut ima do dis weekend.....I think ima steal hym for jst one nite......Friday &lt;3.....O.b.A....,76735610,"""what""; nonstandard spelling often used in informal or reactive speech",reaction,commenting,false,
wut,27143235768,2010-10-12,@RexMajor Lol yea mayne. Greatness is wut it is mayne,34684867,"""what""; nonstandard spelling often used in informal or reactive speech",reaction,casual_conversation,false,
wut,27143266423,2010-10-12,I already know wut type of bred you are just from that last text,114976557,"""what""; nonstandard spelling often used in informal or reactive speech",reaction,commenting,false,
wut,27985577580,2010-10-21,RT @jeffcitii: @OMGsheLEENDA wut color is the drink in the fishbowl?? I'm beastin for that!!*um wen I went I got (cont) http://tl.gd/6j000p,54582526,"""what""; nonstandard spelling often used in informal or reactive speech",reaction,casual_conversation,false,
wut,27985590020,2010-10-21,"yeah dey talk ., But i cant hear wut dey say Cuhz Im Fly'N swear They see Me But im to many Miles Away ! So High I touch the Sky .!",205499479,"""what""; nonstandard spelling often used in informal or reactive speech",reaction,commenting,false,
wut,27985591184,2010-10-21,@HitmanHolla Thas wut i like ta hear plz shut him up cuz he think he been on top since that fightklub shyt.. wait Con bodied him lol,140287149,"""what""; nonstandard spelling often used in informal or reactive speech",reaction,casual_conversation,false,
wut,27985595435,2010-10-21,@channanjohnson wut u didnt drop the blouse/arouse line that ur OVVVVVERRRR the moon for?,36915733,"""what""; nonstandard spelling often used in informal or reactive speech",reaction,casual_conversation,false,
wut,27985597012,2010-10-21,Wat ta do... Wut ta do ??? :o,201146037,"""what""; nonstandard spelling often used in informal or reactive speech",reaction,commenting,false,
wut,27985607623,2010-10-21,Y shuld I care wut other ppl want....im all bout self rite now!,68518994,"""what""; nonstandard spelling often used in informal or reactive speech",reaction,commenting,false,
wut,27985653156,2010-10-21,@CherishMonet wut it do kitchen girl,24517524,"""what""; nonstandard spelling often used in informal or reactive speech",reaction,casual_conversation,false,
wut,27985655002,2010-10-21,@AuthenticSnoopy iight datz wut I'm creatin now u sent allnewhiphop,84024136,"""what""; nonstandard spelling often used in informal or reactive speech",reaction,casual_conversation,false,
wut,27985680547,2010-10-21,"I wonder wut a gay persons last words wud be...""I'm outta her"" *snap and twist* -godfrey",47823330,"""what""; nonstandard spelling often used in informal or reactive speech",reaction,commenting,false,
wut,27985691421,2010-10-21,i think i like pissin ppl off cuz im rlly not effected by wut other ppl say think or do,114954534,"""what""; nonstandard spelling often used in informal or reactive speech",reaction,commenting,false,
wut,1329882273419264,2010-11-07,OMB Im Having A Teen Crisis Right Now &d I Have NO Idea Wut To Do?!............I Have 1 More Bieber Poster &d Theres No More Room To Put It!,55887783,"""what""; nonstandard spelling often used in informal or reactive speech",reaction,commenting,false,
wut,1329882478944258,2010-11-07,"wut a way 2 kill the mood, then there was the 20 min prayer... literally -_-",35913104,"""what""; nonstandard spelling often used in informal or reactive speech",reaction,commenting,false,
wut,1330029304745984,2010-11-07,RT @BlockwatchM3: Nigga fuck wut yall talkn bout #Eternalsqad n blockwatch iz my babies so I got2 feed em n u kno how we do,155268121,"""what""; nonstandard spelling often used in informal or reactive speech",reaction,casual_conversation,false,
wut,1330170283696128,2010-11-07,@dj_prettyricky1 Wut up,33344191,"""what""; nonstandard spelling often used in informal or reactive speech",reaction,casual_conversation,false,
wut,1330191909519360,2010-11-07,@Coke_ster it don't matter wut day,106566919,"""what""; nonstandard spelling often used in informal or reactive speech",reaction,casual_conversation,false,
wut,1330308532150272,2010-11-07,wut?! there's a verified FDA recalls twitter #death. omg u caint make that shit up. Really America has corp takeover brought us 2 this?,85747223,"""what""; nonstandard spelling often used in informal or reactive speech",reaction,reaction,false,
wut,1330312256688128,2010-11-07,RT @Ruga_Rel32: @TeamMikeLarry this nigga ain't right for wut he just did smh&lt;&lt;&lt;lls chill,163280132,"""what""; nonstandard spelling often used in informal or reactive speech",reaction,casual_conversation,false,
wut,1330437628633088,2010-11-07,@SLIME_LIFE_WEEZ idk boii wut ur niggaz 2dayy thou,177852297,"""what""; nonstandard spelling often used in informal or reactive speech",reaction,casual_conversation,false,
wut,1330458201690112,2010-11-07,@dymondbri wut is luckys?,25756057,"""what""; nonstandard spelling often used in informal or reactive speech",reaction,casual_conversation,false,
wut,1330496839618560,2010-11-07,@AY0_yummz SONN WYD.. ND WUT U DID LAS NITE ND DNT HATE E LOL,55346202,"""what""; nonstandard spelling often used in informal or reactive speech",reaction,casual_conversation,false,
wut,6937565257015296,2010-11-23,@carlakaystein ya i know /: wut happened to goin over for movie nite wit da #quincecrew,210656973,"""what""; nonstandard spelling often used in informal or reactive speech",reaction,casual_conversation,false,
wut,6937567190585345,2010-11-23,"""@Ooh_SweetThangg:  #RemeberWhen friends were friends for who u were not wut u have...""&gt;Or wut u can do for em!",78070768,"""what""; nonstandard spelling often used in informal or reactive speech",reaction,casual_conversation,false,
wut,6937575101046784,2010-11-23,Wut if Adolf Hitler got n da wrestling ring wit Hulk Hogan...lmao,63475524,"""what""; nonstandard spelling often used in informal or reactive speech",reaction,commenting,false,
wut,6937580725600256,2010-11-23,RT @simplyyDAWN: RT @Reminade_    Boutta oovoo butt naked &lt;--- wut up doe? lmao,60827097,"""what""; nonstandard spelling often used in informal or reactive speech",reaction,casual_conversation,false,
wut,6937581728038912,2010-11-23,@FriskMe_Good lol but wut u was doin??,198991536,"""what""; nonstandard spelling often used in informal or reactive speech",reaction,casual_conversation,false,
wut,6937649965174784,2010-11-23,@MyndeFreak oh ok! Well I shall see wut I can do! Finals are comin up!,86183306,"""what""; nonstandard spelling often used in informal or reactive speech",reaction,casual_conversation,false,
wut,6937683632852992,2010-11-23,@bieber2theworld HEY NAFIN:)!lol yea idk y mycaps either..lol jus listening to music ndthinking boutsom1..idk wat todo Im scared..wut u up2?,213006003,"""what""; nonstandard spelling often used in informal or reactive speech",reaction,casual_conversation,false,
wut,6937705887825920,2010-11-23,@xxkathleen wut? I already ordered for you at RATKUZEN-- oops! :P,174536970,"""what""; nonstandard spelling often used in informal or reactive speech",reaction,casual_conversation,false,
wut,6937720102326273,2010-11-23,@Flyfatguy i hve no idea wut yur tlking about...,40171786,"""what""; nonstandard spelling often used in informal or reactive speech",reaction,casual_conversation,false,
wut,6937723411636224,2010-11-23,"@CHRIS2PRETTY Nah That ""Real Rap "" Shit On Fb Had To Get Crazy Real Quick But It NATHAN Bitches Know Wut It Is !",95939261,"""what""; nonstandard spelling often used in informal or reactive speech",reaction,casual_conversation,false,
wut,6974276821319681,2010-11-23,@Meaku. Haha wut u up 2 brotha u ready for this weekend or wut!,217205030,"""what""; nonstandard spelling often used in informal or reactive speech",reaction,casual_conversation,false,
wut,6974355972034561,2010-11-23,@alvaropromoter: yea i kno wut yew mean. But if i get into a big promo like yours ill get noticed nd pull crowd u kno?,212681486,"""what""; nonstandard spelling often used in informal or reactive speech",reaction,casual_conversation,false,
wut,6974383201460225,2010-11-23,"@Richie_SMT_Rich all this girl raps bout is dick , big booties , nd titties ! wut kinda rapper is tht ? Is this real HIP HOP ? #negative",30114135,"""what""; nonstandard spelling often used in informal or reactive speech",reaction,casual_conversation,false,
wut,6974383763492864,2010-11-23,"""@trillwill1988: I wonder wut head would feel like from an old lady with no teeteh!!! #random lol"" that is DISGUSTING! lbvs.. woowwww!",121247494,"""what""; nonstandard spelling often used in informal or reactive speech",reaction,casual_conversation,false,
wut,6974503879974912,2010-11-23,@JMac_SOsweet lol wut kinda entertainment u lookin 4?,72859457,"""what""; nonstandard spelling often used in informal or reactive speech",reaction,casual_conversation,false,
wut,6974676265869313,2010-11-23,haha. wut... night,57081755,"""what""; nonstandard spelling often used in informal or reactive speech",reaction,humor,false,
wut,6974710852096001,2010-11-23,"RT@AceTruth:LmfaO, U Ain't NEVA Have 2 Play Me Like That&lt;=NOOOOO!! Thats a quote 4rm #Friday love. I thot thats wut U were doin. #MyBag",206049469,"""what""; nonstandard spelling often used in informal or reactive speech",reaction,casual_conversation,false,
wut,6974890989064192,2010-11-23,@Redbreezy wut u know about the kid Cass?,58522211,"""what""; nonstandard spelling often used in informal or reactive speech",reaction,casual_conversation,false,
wut,6975096212168704,2010-11-23,"'joe, you wanna upload those piks frm tewdae?'-me 'i kant kus i need the thinqy to stick it in there'-j '..das wut she said'-me 'fkk you ...",215458018,"""what""; nonstandard spelling often used in informal or reactive speech",reaction,commenting,false,
wut,6975118282592256,2010-11-23,@badEENJO wut girls? Idk wut ur talkin about,160205733,"""what""; nonstandard spelling often used in informal or reactive speech",reaction,casual_conversation,false,
wut,8050218108981248,2010-11-26,@Jadore_Morgan idk wut we're gonna do about this,32799942,"""what""; nonstandard spelling often used in informal or reactive speech",reaction,casual_conversation,false,
wut,8050269313048576,2010-11-26,Allie? Wut are u talking bout? Are ya smoking da pot? lol ;),24829732,"""what""; nonstandard spelling often used in informal or reactive speech",reaction,humor,false,
wut,8050280922873856,2010-11-26,@BRITCONTROVERSY wut time is it were u live? just wondering lol,130696220,"""what""; nonstandard spelling often used in informal or reactive speech",reaction,casual_conversation,false,
wut,8050281388445697,2010-11-26,@PremiumSwagg WUT WHERE IZ DAT @ ??,217635583,"""what""; nonstandard spelling often used in informal or reactive speech",reaction,casual_conversation,false,
wut,8050378239115265,2010-11-26,@Trizzy07 wut u mean?,135950754,"""what""; nonstandard spelling often used in informal or reactive speech",reaction,casual_conversation,false,
wut,8050442172899328,2010-11-26,boy am i stuffed frm all dat damn turkey nd erethang else lol but shyt wut chall doin toamro i dnt kno wut im doin fucks wit me,151721759,"""what""; nonstandard spelling often used in informal or reactive speech",reaction,humor,false,
wut,8050448464355328,2010-11-26,c wut did i tell u earlier! Smh.,174087928,"""what""; nonstandard spelling often used in informal or reactive speech",reaction,commenting,false,
wut,8050448862806016,2010-11-26,"so at work 2day i had a fortune cookie and my fortune was this""U will soon get something special because of you charm"" .. wonder wut that is",219508314,"""what""; nonstandard spelling often used in informal or reactive speech",reaction,commenting,false,
wut,8050489451085825,2010-11-26,@JiffyMixx wut go dine,66786983,"""what""; nonstandard spelling often used in informal or reactive speech",reaction,casual_conversation,false,
wut,8050523924074497,2010-11-26,@Colapoo22 I just died @ ghetto little scallywags...LOL...i mite need to see wut the 919 has to offer..yall normally produce classy chicks,55871502,"""what""; nonstandard spelling often used in informal or reactive speech",reaction,casual_conversation,false,
wut,8298071238647808,2010-11-26,@CandiB30 oh you go hard mane you aint making a fool outta me I'm aint cop nothing. I'm Still on Fresh wut u ko about that!,48406043,"""what""; nonstandard spelling often used in informal or reactive speech",reaction,casual_conversation,false,
wut,8298159260307458,2010-11-26,@daspoiledchic lol sooooo wut dont read it duhhh gma,81759570,"""what""; nonstandard spelling often used in informal or reactive speech",reaction,casual_conversation,false,
wut,8298170668814336,2010-11-26,@iBiebsJonas http://twitpic.com/3agz48 - Hes wearing two band aids.... Wut happened D:,19846467,"""what""; nonstandard spelling often used in informal or reactive speech",reaction,casual_conversation,false,
wut,8298233587572736,2010-11-26,"""@Coopagirl91: a click of bad bitches on my team pussy clean, feet clean, teeth clean, u know wut i mean""",177348723,"""what""; nonstandard spelling often used in informal or reactive speech",reaction,casual_conversation,false,
wut,8298286221889537,2010-11-26,"*blink, blink* There is a Silly Bandz video game. wut.",27084690,"""what""; nonstandard spelling often used in informal or reactive speech",reaction,commenting,false,
wut,8298332157902848,2010-11-26,"RT @KoolAssBuddy Dear Santa, yo fat ass ain't never gave me shit I asked #wtf ?? &lt;&lt;bahaha wut a bitter kid",40771536,"""what""; nonstandard spelling often used in informal or reactive speech",reaction,casual_conversation,false,
wut,8298332371812354,2010-11-26,@Jourdynalexis drank and coolin.. tryna find wut Imma do in tha A tonite..,29949199,"""what""; nonstandard spelling often used in informal or reactive speech",reaction,casual_conversation,false,
wut,8298333391032321,2010-11-26,"chic aint rednek butta hick similar, makin bitches flop wen they c wut I rock, yeller aka catfish billy shit b bangn makn females act silly",169411537,"""what""; nonstandard spelling often used in informal or reactive speech",reaction,commenting,false,
wut,8298365037051904,2010-11-26,SO EXHAUSTED! UP TILL 730 am SHOPPIN @ WALMART! IT WUZ CRZY! BUT I GT WUT I WENT 4!,186115183,"""what""; nonstandard spelling often used in informal or reactive speech",reaction,casual_conversation,false,
wut,8298439154606080,2010-11-26,@thedjcrisis Wut up nigga,66933462,"""what""; nonstandard spelling often used in informal or reactive speech",reaction,casual_conversation,false,
wut,9099650204176384,2010-11-29,...wut does eryikah badu have on??,48411271,"""what""; nonstandard spelling often used in informal or reactive speech",reaction,commenting,false,
wut,9099658093658112,2010-11-29,Wut does she see in him doh ffor reeal bessides money,24263108,"""what""; nonstandard spelling often used in informal or reactive speech",reaction,commenting,false,
wut,9099681862778880,2010-11-29,@BlowMeThanks lmao ! Wut ugg boots?,27274895,"""what""; nonstandard spelling often used in informal or reactive speech",reaction,casual_conversation,false,
wut,9099785688588288,2010-11-29,@JBieberchick13 haha work for r money! Except we cant live without r hearts! Wut is he doing to 16 million hearts?,154683653,"""what""; nonstandard spelling often used in informal or reactive speech",reaction,casual_conversation,false,
wut,9099851228782592,2010-11-29,Lolololol! RT “@TTTorrez: Wut baby is he serious or is that Ron's grandson?? I'm confused as hell!”,22435379,"""what""; nonstandard spelling often used in informal or reactive speech",reaction,casual_conversation,false,
wut,9099859902599168,2010-11-29,@DailyDon lol nooo that's cold for us wut u talkn bout willis ahah,73263668,"""what""; nonstandard spelling often used in informal or reactive speech",reaction,casual_conversation,false,
wut,9099865283891200,2010-11-29,@therealmikeepps wut tha fucx..lmfao,85113862,"""what""; nonstandard spelling often used in informal or reactive speech",reaction,casual_conversation,false,
wut,9099868903575552,2010-11-29,"Lmfao RT @Beauty_Bee: RT @jackthriller: My lil boy gotta pick one, childsupport or love! I CAN'T DO BOTH!&gt;&gt;wut???? Lmao",31014546,"""what""; nonstandard spelling often used in informal or reactive speech",reaction,casual_conversation,false,
wut,9099883621384192,2010-11-29,RT @TTTorrez: Wut baby is he serious or is that Ron's grandson?? I'm confused as hell!,65246393,"""what""; nonstandard spelling often used in informal or reactive speech",reaction,casual_conversation,false,
wut,9099936620609536,2010-11-29,@keving07 wut happend man I'm a lil lost,128707548,"""what""; nonstandard spelling often used in informal or reactive speech",reaction,casual_conversation,false,
wut,10600970283126784,2010-12-03,@BossTypeNinja wut you talkin bout wut happened,103663593,"""what""; nonstandard spelling often used in informal or reactive speech",reaction,casual_conversation,false,
wut,10600974095753216,2010-12-03,@esquire_BGOV What were we doing with computers before the internet? &lt;  wut da heck were THEY doing b4 smart phones?????????,184298244,"""what""; nonstandard spelling often used in informal or reactive speech",reaction,casual_conversation,false,
wut,10601196523888640,2010-12-03,"Nun, bored. U? RT @_iAM_King @MzNu_ShOoZ hey boo! Wut up?",100564766,"""what""; nonstandard spelling often used in informal or reactive speech",reaction,casual_conversation,false,
wut,10601198587478016,2010-12-03,Lmao smh how u gon tell me wut to do wit my shit RT @candyDEEPTHROAT @Kels757 LOL I WONT OFF THAT LIST! its so not appropriate,18803364,"""what""; nonstandard spelling often used in informal or reactive speech",reaction,casual_conversation,false,
wut,10601224315338752,2010-12-03,alot to do in the morning...and kikin it tomah night...gota figure out wut tho...no matta wut...its gon b a GOOOOODDD night,126127972,"""what""; nonstandard spelling often used in informal or reactive speech",reaction,commenting,false,
wut,10601372592381952,2010-12-03,"OMG i±s alm•s± X~mess!!! Mmmmm..WUT d• I waπ±?¿?.I ©aπ'± wa¡± 2 © m¥ l¡l m•πkey's ƒa©e wheπ she © he® g¡ƒe's.. ¥aaaaa
&lt;3 mi mon!+a &lt;3",135431895,"""what""; nonstandard spelling often used in informal or reactive speech",reaction,commenting,false,
wut,10601412358578176,2010-12-03,Yall wut da fuck is Good?,121814965,"""what""; nonstandard spelling often used in informal or reactive speech",reaction,commenting,false,
wut,10601432226988032,2010-12-03,@TheCarter03 watch wut til tomorrow,117643106,"""what""; nonstandard spelling often used in informal or reactive speech",reaction,casual_conversation,false,
wut,10601491823853568,2010-12-03,FUK Wut u got... FUK Wut u had... IS U HAPPY?,17402123,"""what""; nonstandard spelling often used in informal or reactive speech",reaction,commenting,false,
wut,10601548849618944,2010-12-03,Photo: hotlads: Bim Boms… wut? http://tumblr.com/xpcyecvcm,18578071,"""what""; nonstandard spelling often used in informal or reactive speech",reaction,reaction,false,
wut,19890119993462784,2010-12-28,I dnt care who u r or wut u'v dn if ur rude 2 me 4 absolutely no reason whn I attempt 2 b nice 2 u. U will not (cont) http://tl.gd/7p9bt3,137677995,"""what""; nonstandard spelling often used in informal or reactive speech",reaction,commenting,false,
wut,19890160619487232,2010-12-28,@JaredMontz hows it goin..? wut happend to my advice...?...,190937971,"""what""; nonstandard spelling often used in informal or reactive speech",reaction,casual_conversation,false,
wut,19890165270970368,2010-12-28,"@_ThreeStacks fuck I forgot wut 7 was, I only cared for 4, and 9 really",52560865,"""what""; nonstandard spelling often used in informal or reactive speech",reaction,casual_conversation,false,
wut,19890167389097984,2010-12-28,"wut a stupid gay song
 (YouTube http://youtu.be/g811qeM4xPI?a)",229654308,"""what""; nonstandard spelling often used in informal or reactive speech",reaction,article_sharing,false,
wut,19890230953775104,2010-12-28,Hungry...I'm trying to hold out.....@CallMeMichele wut u doing?,56914043,"""what""; nonstandard spelling often used in informal or reactive speech",reaction,casual_conversation,false,
wut,19890235089358848,2010-12-28,#HBK WUT U KNO ABOUT DAT #TI VOICE,101378562,"""what""; nonstandard spelling often used in informal or reactive speech",reaction,commenting,false,
wut,19890287539126272,2010-12-28,RT @jUSStiltz: SOOO RiGHt !!! RT @TEEYUPPBOYZZ: Ladies A nigga gone do wut u aloud us 2 do!!!!!,27987421,"""what""; nonstandard spelling often used in informal or reactive speech",reaction,casual_conversation,false,
wut,19890300348530688,2010-12-28,LOVING LIFE 4 WUT IZ WORTH IZ LOVING GOD THEN YASELF THEN SO FORTH&lt;3 http://y.ahoo.it/2thhxIyK,230789723,"""what""; nonstandard spelling often used in informal or reactive speech",reaction,commenting,false,
wut,19890328941109248,2010-12-28,And he better not call/txt me askin wut should he do!,178841469,"""what""; nonstandard spelling often used in informal or reactive speech",reaction,commenting,false,
wut,19890329775775744,2010-12-28,RT @TEEYUPPBOYZZ: Ladies I have 2 ask u a question...wut do u get n goin n ur dude phone..if u still gone ... http://tmi.me/4KCGK,160033708,"""what""; nonstandard spelling often used in informal or reactive speech",reaction,casual_conversation,false,
zounds,7282414585,2010-01-01,Zounds!  I was never so bethumped with words:1262388902:90445,19537333,exclamation of surprise or emphasis,reaction,reaction,false,
zounds,7288334815,2010-01-02,kinebees zounds: Philip Catherine end of august: Cover design Gilles Fiszman (AGI) Front cover drawing Dominiqu.. http://bit.ly/6St60I,92256406,exclamation of surprise or emphasis,reaction,music_discussion,false,
zounds,7301391948,2010-01-02,"New blog post, Zounds, Zabriskie ancestors abound - NorthJersey.com - http://tinyurl.com/yd8qskq",94524881,exclamation of surprise or emphasis,reaction,article_sharing,false,
zounds,7309603393,2010-01-02,@loveheroes oo thats zounds great! - i might need to try that sometime! we should go for some zrinks before cinema lol xx,70699624,exclamation of surprise or emphasis,reaction,casual_conversation,false,
zounds,7314669245,2010-01-03,chick in a Zounds shirt at the resale shop is makin me wanna go home and jam my peace punk records... or that JD Wilkes 60 mins of Fear mix,17191877,exclamation of surprise or emphasis,reaction,music_discussion,false,
zounds,7355881663,2010-01-04,RT @moelane: New blog post: 'Zounds! I largely agree with a MSNBC article! http://moelane.com/2010/01/03/zounds-i-largely-agree-with-a-m ...,15795580,exclamation of surprise or emphasis,reaction,article_sharing,false,
zounds,7357922733,2010-01-04,"Good to know that some things don't change. RT @JamesLaRosa: Zounds: Kimiko Date Krumm d. Anna Chakvetadze, 6-1, 6-2 in Auckland.",21468203,exclamation of surprise or emphasis,reaction,sports_discussion,false,
zounds,7358924021,2010-01-04,Zounds! RT: @kevhines @eugcordero - tell @joewengert to watch this: http://bit.ly/8YIdQB,17048651,exclamation of surprise or emphasis,reaction,commenting,false,
zounds,7360952614,2010-01-04,@AlexNord True Blood is sweet. You should get caught up on Californication though...it's zounds better.,88569356,exclamation of surprise or emphasis,reaction,commenting,false,
zounds,7363198517,2010-01-04,Zounds! Avatar makes a billion dollars faster than any other movie in history http://is.gd/5LHEO (via @Sznq),18668029,exclamation of surprise or emphasis,reaction,article_sharing,false,
zounds,7367742662,2010-01-04,"Zounds! Turns out it's Monday after all. Welcome back, lifestyle sustaining job!",24009802,exclamation of surprise or emphasis,reaction,reaction,false,
zounds,7368828661,2010-01-04,@fredhicks You said 814 lifetime sales to date on #S7S? ZOUNDS!,44141440,exclamation of surprise or emphasis,reaction,commenting,false,
zounds,7369084394,2010-01-04,@rangelie zounds!,9981522,exclamation of surprise or emphasis,reaction,commenting,false,
zounds,7369471408,2010-01-04,@nickperusse zounds gooood.,16871487,exclamation of surprise or emphasis,reaction,commenting,false,
zounds,7369832455,2010-01-04,"zounds; my last post was from 7 days ago. here's an obligatory tweet to bring my posts into this decade. happy ""the monday after"" ...",23718355,exclamation of surprise or emphasis,reaction,commenting,false,
zounds,7650158361,2010-01-12,Zounds Hearing Announces New V.P. of Marketing http://bit.ly/8CsDEl,87271781,exclamation of surprise or emphasis,reaction,advertising_spam,false,Corporate press-release repost. | Reaction review override: advertising_spam
zounds,7651011850,2010-01-12,Zounds Hearing Announces New V.P. of Marketing - BusinessWire http://bit.ly/5PLZim,100166247,exclamation of surprise or emphasis,reaction,advertising_spam,false,Corporate press-release repost. | Reaction review override: advertising_spam
zounds,7651030357,2010-01-12,Zounds Hearing Announces New V.P. of Marketing - BusinessWire http://bit.ly/754CvF,100173075,exclamation of surprise or emphasis,reaction,advertising_spam,false,Corporate press-release repost. | Reaction review override: advertising_spam
zounds,7651827644,2010-01-12,Zounds Hearing Announces New V.P. of Marketing http://bit.ly/72FU8X,70932773,exclamation of surprise or emphasis,reaction,advertising_spam,false,Corporate press-release repost. | Reaction review override: advertising_spam
zounds,7658843166,2010-01-12,"@LibbyUnwin Junk! Pure crapolio! Note the word ""Econo!"" Zounds, I hate that knife. For that toy they sent my worthy steed out to pasture.",9208642,exclamation of surprise or emphasis,reaction,commenting,false,
zounds,7659021291,2010-01-12,"@LibbyUnwin And I said ""Zounds"" too, so the conscious double use of obsolete vernacular resolves dorkness to ironic mirth, no?",9208642,exclamation of surprise or emphasis,reaction,commenting,false,
zounds,7659524453,2010-01-12,Two Gentlemen of Lebowski - kevinslane: ZOUNDS MAN! This is brilliant. http://tumblr.com/xvj5giejs,20804655,exclamation of surprise or emphasis,reaction,humor,false,
zounds,7660763884,2010-01-12,Zounds Hearing Announces New V.P. of Marketing http://bit.ly/5P1iaC,96004460,exclamation of surprise or emphasis,reaction,advertising_spam,false,Corporate press-release repost.
zounds,7660769141,2010-01-12,Zounds Hearing Announces New V.P. of Marketing http://bit.ly/5xHaGl,76094101,exclamation of surprise or emphasis,reaction,advertising_spam,false,Corporate press-release repost.
zounds,7666381650,2010-01-12,"super busy all of sudden.. need a temp pa to help me keep track of things, zounds!",8763332,exclamation of surprise or emphasis,reaction,reaction,false,
zounds,7773888952,2010-01-15,Once huzzah takes off -- zounds is next. Here's to rocking Shakespeare's favorite words in 2010.,14560460,exclamation of surprise or emphasis,reaction,commenting,false,
zounds,7774018000,2010-01-15,"Gadzooks, @JennaSchnuer, that's a good idea. Then we can even punctuate it on occasion. 'Zounds!",17839555,exclamation of surprise or emphasis,reaction,commenting,false,
zounds,7777975298,2010-01-15,"@adamlambert 2m's in the Lambert Dictionary, zounds good to mme!",48239454,exclamation of surprise or emphasis,reaction,commenting,false,
zounds,7779727867,2010-01-15,"Dappled Cities's ""Zounds"" + Lisa Mitchell's ""Wonder"" = my late additions for album of the year 2009.",19107306,exclamation of surprise or emphasis,reaction,commenting,false,
zounds,7785440689,2010-01-15,"Zounds. ""Sighted"" rather.",15176131,exclamation of surprise or emphasis,reaction,commenting,false,
zounds,7788577311,2010-01-15,I think I FINALLY understand why it takes me o much time to get things done; I've been using Ockam's Mallet instead of his Razor. Zounds!,15931128,exclamation of surprise or emphasis,reaction,reaction,false,
zounds,7796620070,2010-01-15,"Wouldn't it be great if we could say Zounds!?? Doesn't sound menacing, but it is pretty neat.",22800256,exclamation of surprise or emphasis,reaction,reaction,false,
zounds,7798501389,2010-01-15,"@Liveamyth Zounds, I'm blathering on in the interview and sorry to be seriously behind.  :-)",19095093,exclamation of surprise or emphasis,reaction,commenting,false,
zounds,7800035118,2010-01-15,Zounds' Steve Lake playing Proud Gallery in Feb. I'm there.,43430220,exclamation of surprise or emphasis,reaction,commenting,false,
zounds,7802940486,2010-01-15,I love it when you set something to be done and leave it be and when you come back..ZOUNDS..Its done!..Awesome Feeling. Job1 Done..OntoJob2!,26038531,exclamation of surprise or emphasis,reaction,commenting,false,
zounds,8641520894,2010-02-04,Zounds!  I was never so bethumped with words:1265306402:100169,19537333,exclamation of surprise or emphasis,reaction,reaction,false,
zounds,8642056300,2010-02-04,"Via @bethblog -- the Fallout: New Vegas Teaser Trailer! Zounds, egads, & gadzooks! Congrats, Obsidian! http://bit.ly/d7BWpx #FalloutNewVegas",37177450,exclamation of surprise or emphasis,reaction,gaming,false,
zounds,8643238195,2010-02-04,"zounds,skedaddle",86107552,exclamation of surprise or emphasis,reaction,commenting,false,
zounds,8647265973,2010-02-04,.@delbius I had checked status page and found nothing.  So this is a long term support issue listed in zendesk? Zounds. Never hoid of it. Ty,8431652,exclamation of surprise or emphasis,reaction,commenting,false,
zounds,8647816110,2010-02-04,Zounds!  I was never so bethumped with words:1265317801:100207,19537333,exclamation of surprise or emphasis,reaction,reaction,false,
zounds,8649743589,2010-02-04,Zounds! Every single dryer in the laundrette is empty! Something is very wrong...,29236017,exclamation of surprise or emphasis,reaction,reaction,false,
zounds,8650017828,2010-02-04,That’s it! Grandma's dead! A blackout! Bloody sailboat from Bermuda! Zounds! Your turn: http://tinyurl.com/yhc4s74 Go! Write! #DailyDetritus,14653721,exclamation of surprise or emphasis,reaction,article_sharing,false,
zounds,8650173544,2010-02-04,"@kalikashay ZOUNDS, WOMAN!! That is too kewl for skewl.",25689591,exclamation of surprise or emphasis,reaction,commenting,false,
zounds,8658350364,2010-02-05,@wasdstomp_com decent webcam would be zounds cheaper,55623632,exclamation of surprise or emphasis,reaction,commenting,false,
zounds,9483025223,2010-02-22,Zounds!  I might actually make it to the ruby.mn meeting tonight.  Been awhile.,14589673,exclamation of surprise or emphasis,reaction,reaction,false,
zounds,9483723298,2010-02-22,Aces! Got a photographer for Zounds!! Actually it was one of the first I 'half-had'. Also emailing S L F for passes....should be ok!,43430220,exclamation of surprise or emphasis,reaction,reaction,false,
zounds,9485509925,2010-02-22,@amandare Zounds. Well get well soon!,19976101,exclamation of surprise or emphasis,reaction,commenting,false,
zounds,9513537772,2010-02-23,@manminusone Zounds!,23646885,exclamation of surprise or emphasis,reaction,commenting,false,
zounds,9520599424,2010-02-23,Zounds: The sound of spilling water all over one's work desk... #vintagewordupgrade,62741206,exclamation of surprise or emphasis,reaction,humor,false,
zounds,9782540971,2010-02-28,Voting for IGDA Board... Zounds! There are a lot of women running this year! Fantastic! \o/ www.igda.org/2010election/BoDVote,7315732,exclamation of surprise or emphasis,reaction,reaction,false,
zounds,9784400423,2010-02-28,"Excitement, then disappointment. ZOUNDS!
 http://twitpic.com/15vk70",31480041,exclamation of surprise or emphasis,reaction,article_sharing,false,
zounds,9792851885,2010-02-28,"Zounds! She is a sexually attractive derogatory term for a female, a sexually attractive derogatory term for a female... #poptranslation",22844733,exclamation of surprise or emphasis,reaction,reaction,false,
zounds,9801160164,2010-03-01,"Zounds! @paleofuture points us to ""Rastus Robot, The Mechanical Negro"" (1931):
http://bit.ly/9ml0QW
I nearly choked on my popcorn. Brazen!",4828,exclamation of surprise or emphasis,reaction,article_sharing,false,
zounds,9802180549,2010-03-01,"Zounds!  What a game!  If US of A had to lose, glad it was to Canada.  Boys...you are still a great team.",14527788,exclamation of surprise or emphasis,reaction,reaction,false,
zounds,9810363570,2010-03-01,"Zounds! RT@Revkin Chris Hedges on ""inverted totalitarianism""+ the end of life as we know it http://j.mp/TotalitYikes Hold on for the ride.",28137487,exclamation of surprise or emphasis,reaction,commenting,false,
zounds,9812983450,2010-03-01,"Zounds, what a day! Thanks to all you marvelous actors. You've made me so (da-na-na na naaa) very happy...",23818407,exclamation of surprise or emphasis,reaction,commenting,false,
zounds,9831527129,2010-03-01,Some low clouds but ZOUNDS! Sun!,768626,exclamation of surprise or emphasis,reaction,reaction,false,
zounds,9834161811,2010-03-01,Zounds!! Close to $18K already!,37751919,exclamation of surprise or emphasis,reaction,reaction,false,
zounds,9834276095,2010-03-01,"@RobertThePlant  I've always been fond of ""zounds"" and ""goodbye"" -- and I can use them with impugnity because I'm not in Calif.!",20292589,exclamation of surprise or emphasis,reaction,commenting,false,
zounds,9839832508,2010-03-01,RT @lizzieohreally: the video (sans bird) RT @zbyronwolf: Angry Bunning video:... http://bit.ly/dzHM0o // Zounds. He's truly gone loco!,16031631,exclamation of surprise or emphasis,reaction,commenting,false,
zounds,9843476778,2010-03-01,"Liberalism, atheism, male sexual exclusivity linked to IQ - http://bit.ly/aWE0Xm #cnn - Zounds! This story made my monocle pop!",29220457,exclamation of surprise or emphasis,reaction,commenting,false,
zounds,9844431640,2010-03-01,Steve Zounds just emailed me to show his interest in the pics. Haha he's so paranoid even with things like that. Most ppl never give a crap.,43430220,exclamation of surprise or emphasis,reaction,commenting,false,
zounds,9847449754,2010-03-01,"@azhursaleem oops, sounds like you got the PS3 millennium bug. Zounds!!",10302552,exclamation of surprise or emphasis,reaction,commenting,false,
zounds,9852117734,2010-03-02,http://twitpic.com/164iqp - Laundry at the French Laundry (zounds!!),29877307,exclamation of surprise or emphasis,reaction,article_sharing,false,
zounds,9860561697,2010-03-02,@leewells32 Zounds Kood!!!,24434895,exclamation of surprise or emphasis,reaction,commenting,false,
zounds,9863253021,2010-03-02,"I am going to make a conscious effort to use the phrase ""Zounds!"" more in everyday conversation.",90570026,exclamation of surprise or emphasis,reaction,reaction,false,
zounds,11085817979,2010-03-26,"'Great Caesar's ghost'? RT @wordnik minced oaths -- euphemistic expletives, including zounds, dadgum, and fiddlesticks: http://bit.ly/aGe3S3",78243535,exclamation of surprise or emphasis,reaction,commenting,false,
zounds,11086727954,2010-03-26,"RT @wordnik: List of the day:minced oaths -- euphemistic expletives, including zounds, dadgum, and fiddlesticks: http://bit.ly/aGe3S3 |Dang!",31619745,exclamation of surprise or emphasis,reaction,commenting,false,
zounds,11088321595,2010-03-26,Zounds! Dallas Comedy House on KERA!,23996246,exclamation of surprise or emphasis,reaction,reaction,false,
zounds,11091254998,2010-03-26,http://bit.ly/ornki ****ZOUNDS!!! WINDERMERE FORECLOSURE**2419SF 4BR 3.5BTH (WINDERMERE FLORIDA) $239900 4bd: YOU ... http://bit.ly/9dgLXa,40085962,exclamation of surprise or emphasis,reaction,commenting,false,
zounds,11100000323,2010-03-26,@budkennedy  Couldn't DM you to thank for info re Ted becuz you're not following me.  (ZOUNDS! You're not?)  ;-),17236806,exclamation of surprise or emphasis,reaction,commenting,false,
zounds,11101539563,2010-03-26,@b_dub91 poetic!?!?! Poetic!?! Zounds! What's this world coming to.,50926946,exclamation of surprise or emphasis,reaction,commenting,false,
zounds,11103488520,2010-03-26,"RT @wordnik: List of the day: minced oaths -- euphemistic expletives, including zounds, dadgum, and fiddlesticks: http://bit.ly/aGe3S3",10507282,exclamation of surprise or emphasis,reaction,commenting,false,
zounds,11307510230,2010-03-30,Zounds! Five Reflections on the Wounds of Christ http://catholicedition.com #RomanCatholic #Pro life #tcot #hhrs #nrcc #gopcodered,37704252,exclamation of surprise or emphasis,reaction,commenting,false,
zounds,11314810250,2010-03-30,"Zounds! Not every1 loves Apple? RT @AmplicateInfo:  Re. #apple 11,503 negative opinions http://j.mp/6LocZ? vs 16,417 pos http://j.mp/uVi6M?",8431652,exclamation of surprise or emphasis,reaction,commenting,false,
zounds,11315050826,2010-03-30,".@Shoq
  
Zounds! Not every1 loves Apple? RT @AmplicateInfo: //Love Apple! Buy only MACs, have gotten family members hooked, too. To each..",80333837,exclamation of surprise or emphasis,reaction,commenting,false,
zounds,11340676463,2010-03-31,"@Neil_Ford 'Zounds, sir! But for a peg, a manky pirate's wit might fly! #Cod16thCenturyRamblingsWithPoorScansion",23665072,exclamation of surprise or emphasis,reaction,commenting,false,
zounds,11814096231,2010-04-08,Zounds! I'm supposed to be putting a newsletter together. Completely forgot! *bustles about*,39499480,exclamation of surprise or emphasis,reaction,reaction,false,
zounds,11836719159,2010-04-08,"Zowie! Zounds! And all happy introjections! @ChicagoManual is now on Twitter! Hurray! (Hat tip, @lburwash.)",18815110,exclamation of surprise or emphasis,reaction,commenting,false,
zounds,11836757211,2010-04-08,RT @KOKEdit Zowie! Zounds! And all happy introjections! @ChicagoManual is now on Twitter! Hurray!,13298432,exclamation of surprise or emphasis,reaction,commenting,false,
zounds,11836839116,2010-04-08,"RT @KOKEdit: Zowie! Zounds! And all happy introjections! @ChicagoManual is now on Twitter! Hurray! (Hat tip, @lburwash.) // Woot, woot.",17949255,exclamation of surprise or emphasis,reaction,commenting,false,
zounds,11837006942,2010-04-08,"RT @KOKEdit: Zowie! Zounds! And all happy introjections! @ChicagoManual is now on Twitter! Hurray! (Hat tip, @lburwash.) [Wow]",17837285,exclamation of surprise or emphasis,reaction,commenting,false,
zounds,11837029609,2010-04-08,Sharing the excitement! RT @KOKEdit: Zowie! Zounds! And all happy introjections! @ChicagoManual is now on Twitter! Hurray! via@lburwash,107097659,exclamation of surprise or emphasis,reaction,commenting,false,
zounds,11838288267,2010-04-08,zounds! 2 hours after lunch and I'm already hungry again . . . .,130170772,exclamation of surprise or emphasis,reaction,reaction,false,
zounds,11839078946,2010-04-08,@g_willow Zounds! There are women making and reading comics? I'd never have guessed!,100301510,exclamation of surprise or emphasis,reaction,commenting,false,
zounds,11849426369,2010-04-08,Zounds I've been spending too much time in this hospital and I haven't even started working yet. This shit on Oprah is pathetic.,93911117,exclamation of surprise or emphasis,reaction,commenting,false,
zounds,11855335392,2010-04-09,"@Janetjeannette Holy Zounds! I just thought of FINGER, SINGER & BINGER! Double Bam!",20648508,exclamation of surprise or emphasis,reaction,commenting,false,
zounds,11952819133,2010-04-10,They finally got that Zounds sound back #moretroublecomingeveryday,14646470,exclamation of surprise or emphasis,reaction,commenting,false,
zounds,11955596646,2010-04-10,"Zounds! Spouse has discovered Batman on YouTube. Why, why, why?",16836040,exclamation of surprise or emphasis,reaction,reaction,false,
zounds,11962969691,2010-04-11,Zounds! A scotsman! And I without my dueling pistols... #19cdrunk,28116807,exclamation of surprise or emphasis,reaction,reaction,false,
zounds,11974439419,2010-04-11,Tomorrow (April 11) = 24 years with the missus. Zounds!,19550535,exclamation of surprise or emphasis,reaction,reaction,false,
zounds,11975585625,2010-04-11,"Oh Japanese food, thou art a treacherous wretch and a villain! Why hast thou betrayed me?! Zounds knave! I bite my thumb at thee!",27402442,exclamation of surprise or emphasis,reaction,commenting,false,
zounds,11979181101,2010-04-11,Wow! Congratulations! RT @Greenspeak Tomorrow (April 11) = 24 years with the missus. Zounds!,16179898,exclamation of surprise or emphasis,reaction,commenting,false,
zounds,12581712658,2010-04-21,The amazing paper creations of Real Simple's on-staff sculptor. Zounds! http://bit.ly/dCEqxg,60614468,exclamation of surprise or emphasis,reaction,commenting,false,
zounds,12583273817,2010-04-21,@danlondon // Zounds! You wound my pride. ... (Just kidding.) Thanks for the add. ... You're on two of mine.,15411800,exclamation of surprise or emphasis,reaction,commenting,false,
zounds,12584797357,2010-04-21,"zounds, a google alert for something i listed ten minutes ago...that was fast",25230509,exclamation of surprise or emphasis,reaction,commenting,false,
zounds,12589525803,2010-04-21,stretching what little SQL brain I have left. zounds,17329769,exclamation of surprise or emphasis,reaction,commenting,false,
zounds,12594043296,2010-04-21,@MSLILAK Zounds! Tell them you'd never deign to marry a filthy Portuguese man like @JasonArnopp? Especially in light of his fob-jockeying!,21063961,exclamation of surprise or emphasis,reaction,commenting,false,
zounds,12599353447,2010-04-21,"says 'zounds, I would make him eat a piece of my sword. http://plurk.com/p/4sw0sf",15126599,exclamation of surprise or emphasis,reaction,commenting,false,
zounds,12610366754,2010-04-22,#HelsinkiJam i really remind this zOng.. but suree zOunds veryy greatt!! ;DD,14807949,exclamation of surprise or emphasis,reaction,commenting,false,
zounds,12613060601,2010-04-22,@queenbeemae Zounds exciting! Congrats direk! :D,30474418,exclamation of surprise or emphasis,reaction,commenting,false,
zounds,12629920854,2010-04-22,"@jamiedavinci because of their pasalubong(omiyage) culture, they've got zounds of packaged treats to plunder! sama ako a!",15165389,exclamation of surprise or emphasis,reaction,commenting,false,
zounds,12849712298,2010-04-25,Strong consensus that napping is OK for all ages. So hard to break my jewish protestant work ethic. What? Not work for an hour? Zounds!,5388852,exclamation of surprise or emphasis,reaction,reaction,false,
zounds,12858251805,2010-04-26,"Too many amazing things on the airwaves tonight... America the Story of Us, Stephen Hawking's new series... zounds! :)",4303181,exclamation of surprise or emphasis,reaction,reaction,false,
zounds,12866446374,2010-04-26,This silent movie just showed me a guy getting killed by a wind machine. Zounds!,16673523,exclamation of surprise or emphasis,reaction,reaction,false,
zounds,12867224599,2010-04-26,"The London Police jump on Interactive Video before Nike, Adidas and Diesel. Zounds! Who is their agency? http://tinyurl.com/lhq8s5",18690444,exclamation of surprise or emphasis,reaction,article_sharing,false,
zounds,12868006697,2010-04-26,Schwabe! RT @hrheingold: napping is OK for all ages. So hard to break my jewish protestant work ethic. What? Not work for an hour? Zounds!,54508216,exclamation of surprise or emphasis,reaction,commenting,false,
zounds,13579434425,2010-05-08,"@jamescousins And Huzzah! Zounds, man...",17738295,exclamation of surprise or emphasis,reaction,commenting,false,
zounds,13590231532,2010-05-08,This weekend is gonna suck ass. Ugh Zounds. I just want it to be Monday&gt;_&lt;,108447736,exclamation of surprise or emphasis,reaction,commenting,false,
zounds,13594636742,2010-05-08,@helarias Zounds.  He's going to rape you.  Don't stiffy your ass-lips; he's gonna get in anyways.,136946678,exclamation of surprise or emphasis,reaction,commenting,false,
zounds,13613203437,2010-05-08,Squarepusher – Zounds Perspex ♫ http://blip.fm/~q0vnu,114555140,exclamation of surprise or emphasis,reaction,commenting,false,
zounds,13616502161,2010-05-08,"listening to ""Zounds - Knife"" ♫ http://blip.fm/~q0zng",14701615,exclamation of surprise or emphasis,reaction,commenting,false,
zounds,13617794678,2010-05-08,So yeah. Hyjal is so severely unstable it crashed my computer. Zounds.,92880571,exclamation of surprise or emphasis,reaction,commenting,false,
zounds,13630036425,2010-05-08,"@jrotem YES! Just like that. Zounds, who comes up with these fashions?",14750617,exclamation of surprise or emphasis,reaction,commenting,false,
zounds,14170793739,2010-05-17,"RT @raganmd: Cognitive Bias flash cards http://bit.ly/bSW9li 105 types of bias! Zounds!  Great for critical thinking, too. thnx Matthew.",80854029,exclamation of surprise or emphasis,reaction,commenting,false,
zounds,14176443531,2010-05-17,Zounds! There is an apiary in th'drawing room. Stella's NEWe AGE fad extends to cultivating honey & a cheap substitute crunchy bar.,68397714,exclamation of surprise or emphasis,reaction,reaction,false,
zounds,14185328870,2010-05-17,"'Zounds, a dog, a rat, a mouse, a cat, to scratch a man to death! a braggart, a rogue, a villain, that fights by the book of arithmetic!",14483833,exclamation of surprise or emphasis,reaction,commenting,false,
zounds,14185737254,2010-05-17,@bureaukat Zounds!,6564072,exclamation of surprise or emphasis,reaction,commenting,false,
zounds,14196826639,2010-05-18,"New event; Zounds + Eastfield + Touch of Hysteria at Wagon and Horses, Birmingham, West Midlands on 11 Jun 2... http://tinyurl.com/3676dzj",21758350,exclamation of surprise or emphasis,reaction,article_sharing,false,
zounds,14209491787,2010-05-18,I have 5 chains to finish for orders tomorrow. Zounds! And a massive ring reorder to do. Good thing the boss is ok if I sleep in.,25230509,exclamation of surprise or emphasis,reaction,reaction,false,
zounds,14324550957,2010-05-19,"Here's Lush lighting up Zounds' ""Demystificaton""! Don't come round for me unless you got what I want... ♫ http://blip.fm/~qoex9",44815180,exclamation of surprise or emphasis,reaction,commenting,false,
zounds,14326065037,2010-05-20,@wolfhard Zounds!,113193179,exclamation of surprise or emphasis,reaction,commenting,false,
zounds,14339842176,2010-05-20,Valtrex Side Effects Dizziness / On The Net: Every where into whenas speechlessly zounds may side sideling though ... http://bit.ly/dmZUXL,118189915,exclamation of surprise or emphasis,reaction,commenting,false,
zounds,14342755588,2010-05-20,"Oh man, found a real, honest-to-god presentation bug on Google mobile search. Zounds!",8883732,exclamation of surprise or emphasis,reaction,reaction,false,
zounds,14346041034,2010-05-20,"...yes, in fact, I see it all now. It's all so clear...so clear...ZOUNDS! I have it! The philosopher's stone is mine, all mine...",94973473,exclamation of surprise or emphasis,reaction,reaction,false,
zounds,14347386639,2010-05-20,Oh dear... what could this be... period pain? Zounds! It cannot be.,23742620,exclamation of surprise or emphasis,reaction,reaction,false,
zounds,14365286461,2010-05-20,MT @SexCigarsBooze Merde! Sheet always zounds betteur in Fronsh.,18244350,exclamation of surprise or emphasis,reaction,commenting,false,
zounds,14378445439,2010-05-20,@madhouse6 DRAT!!!ZOUNDS!,23213634,exclamation of surprise or emphasis,reaction,commenting,false,
zounds,14385736856,2010-05-20,"Zounds. That's actually ""Magnetic Blackness"" not Magentic. It also features Stas & Kat from Thee Satisfaction. http://bit.ly/9s1AK6",17201929,exclamation of surprise or emphasis,reaction,commenting,false,
zounds,14385908269,2010-05-20,"Apparently, the noble Larry King still has an entertainment program! Zounds! I myself remember him interviewing me. He's unstoppable!",125452982,exclamation of surprise or emphasis,reaction,reaction,false,
zounds,14431110052,2010-05-21,Unreal: This @phillipsmuseum show is the first Ryman solo show in Washington? Zounds. http://bit.ly/c1wwfV,14356601,exclamation of surprise or emphasis,reaction,commenting,false,
zounds,14442240995,2010-05-21,"ZOUNDS! After a month of stealing others' wifi, I finally have the internets again. So where to start? (here, obv: http://bit.ly/SesE8)",18171079,exclamation of surprise or emphasis,reaction,commenting,false,
zounds,14452989267,2010-05-21,@Americymru Bill Tillman replied to Quentin Whistleton Thynne's discussion 'ZOUNDS': Bill Tillman replied to Quent... http://bit.ly/9Z6JK9,41501037,exclamation of surprise or emphasis,reaction,commenting,false,
zounds,14454758590,2010-05-21,My Zounds interview http://www.distortedmagazine.com/features/zounds-new-oppertunities Call me Simona Reynolds.,43430220,exclamation of surprise or emphasis,reaction,commenting,false,
zounds,14583985488,2010-05-23,"Holy Shit! Zounds! ZOMG! What the fuuu...??? You tell 'em Jack! Smoke Monster say, ""Whaa?"" That explosion was lame. OMG I'm in love with Des",14865212,exclamation of surprise or emphasis,reaction,reaction,false,
zounds,14620207236,2010-05-24,ZOUNDS! AG Cuomo (D) running for Governor!  http://bit.ly/amv8BP #tcot #rs #nyo #nygop,81853097,exclamation of surprise or emphasis,reaction,commenting,false,
zounds,14626216211,2010-05-24,Photo: Zounds! http://tumblr.com/xk9ae2k0f,34455733,exclamation of surprise or emphasis,reaction,commenting,false,
zounds,14634894090,2010-05-24,"Zounds! Two new episodes of #castatdemonhead in four days!? Both featuring me? Strange, but true!",52462278,exclamation of surprise or emphasis,reaction,reaction,false,
zounds,14635184168,2010-05-24,.@00spiltmilk00  ZOUNDs and BODIKINs! @Henry_Fuseli is abroad in full GOTHIk.  VARLOt Pass My No1 Iron! *Clangs visor down* @ladycrafthole,21082202,exclamation of surprise or emphasis,reaction,commenting,false,
zounds,14640286939,2010-05-24,"Zounds! I am so hot, my tunic has become stuck to my undergarments. My periwig slid off my head in th'middle of a most profound thought.",68397714,exclamation of surprise or emphasis,reaction,reaction,false,
zounds,14642425767,2010-05-24,Zounds; BBC News using footage from YouTube.,105678236,exclamation of surprise or emphasis,reaction,commenting,false,
zounds,14644060561,2010-05-24,@marillawex Wait...you're a poet now? Zounds.,10903722,exclamation of surprise or emphasis,reaction,commenting,false,
zounds,14645386745,2010-05-24,Toy Story 3 -- in3-D SOUND?  Zounds!  http://bit.ly/9qjvUG,13262862,exclamation of surprise or emphasis,reaction,commenting,false,
zounds,14736916984,2010-05-26,"@jayjayne HAH I'm glad - we should start saying ""Blast!"" and ""Zounds!"" when upset, shaking fists and whatnot",16043344,exclamation of surprise or emphasis,reaction,commenting,false,
zounds,14742400909,2010-05-26,"@VivianArend Ah, I watched a few episodes but haven't followed it.  But zounds--really?  No Seinfeld, Friends, or Simpsons?!  Zowie!",78740907,exclamation of surprise or emphasis,reaction,commenting,false,
zounds,14745368972,2010-05-26,Zounds! RT @hifructosemag: Oops! Here's the new link for the Hi-Fructose Coll2 : http://bit.ly/92LzRl,7666122,exclamation of surprise or emphasis,reaction,commenting,false,
zounds,14754670469,2010-05-26,Zounds!,21954560,exclamation of surprise or emphasis,reaction,reaction,false,
zounds,14766925325,2010-05-26,RT @ForgottenBkmrks: Zounds!  Well said.,9312452,exclamation of surprise or emphasis,reaction,commenting,false,
zounds,14769289746,2010-05-26,Zounds.  Just conducted my first ever interviews IN FRENCH.  My wife and kid will tell me later whether I butchered the language or not.,19550535,exclamation of surprise or emphasis,reaction,commenting,false,
zounds,14789995028,2010-05-26,"For every time someone says/types, ""Fail!"" I'm going to say something old-timey, like ""Gadzooks"" or ""Zounds"" or ""Good grief, Charlie Brown""",18486446,exclamation of surprise or emphasis,reaction,commenting,false,
zounds,14794808123,2010-05-26,"Zomeone zounds like wants ta fight, so wattup then so wattup lmaoo RT @PrinceofSOCA LAWD LMFAO!!!! @Incog_negro #HOODRATSHIT!",31642789,exclamation of surprise or emphasis,reaction,commenting,false,
zounds,14795585558,2010-05-26,Zounds! And all I have is an old iPod - Apple now worth more than Microsoft http://ow.ly/1QnCN,43815505,exclamation of surprise or emphasis,reaction,commenting,false,
zounds,14942950808,2010-05-29,@tvoti Zounds.  I'll vouch for that.,15026000,exclamation of surprise or emphasis,reaction,commenting,false,
zounds,14956162412,2010-05-29,"@jaime_fox Well @Jason_McIntyre are bringing back ""zounds!""",21271209,exclamation of surprise or emphasis,reaction,commenting,false,
zounds,14956682795,2010-05-29,"@Seanthings You are more than welcome to join us in bring back dope. Zounds will come back, dope is the gamble",21166240,exclamation of surprise or emphasis,reaction,commenting,false,
zounds,14962345027,2010-05-29,@MitchSquires sitting on bed with icy ice on knee and laptop- thanks hubby!! Was literally about to start assignment when I fell. Zounds!,43527141,exclamation of surprise or emphasis,reaction,commenting,false,
zounds,14976326186,2010-05-29,@janet_reid ZOUNDS! Your insolence knows no bounds! Time to prep the piranha tank.,25435983,exclamation of surprise or emphasis,reaction,commenting,false,
zounds,14988049222,2010-05-29,"Blanket ""Happy Birthday"" to everyone today. zounds! that's 14 people this weekend. http://bit.ly/c7w518",14266314,exclamation of surprise or emphasis,reaction,commenting,false,
zounds,15151475294,2010-06-01,Zounds! RT @dougmcarthur: Google Abandons Windows for Better Security http://j.mp/cJvdSa,26088004,exclamation of surprise or emphasis,reaction,commenting,false,
zounds,15155880543,2010-06-01,Zounds! All of London seems to have rewound time. Some sort of disturbance in the Aether? We're sure the Masters will patch it all up! #ebz,110195809,exclamation of surprise or emphasis,reaction,reaction,false,
zounds,15167838816,2010-06-01,"Zounds! I was never so bethumped with words since I first called my brother's father dad. -- William Shakespeare, ""Kind John""",51663451,exclamation of surprise or emphasis,reaction,reaction,false,
zounds,15944587695,2010-06-11,"I love that our fake band has fake alter ego names. Christopher Molestache, zounds! Halfstachio, gads! With Fingermanchu we are 20 Beard!!",70979734,exclamation of surprise or emphasis,reaction,reaction,false,
zounds,15945809024,2010-06-11,@VinceBon ZOUNDS!,13463262,exclamation of surprise or emphasis,reaction,commenting,false,
zounds,16860275388,2010-06-23,"Saying it's hot out is an understatement. Zounds, even the post office was too far away to walk :(",15170909,exclamation of surprise or emphasis,reaction,commenting,false,
zounds,16865903135,2010-06-23,@ladymacbeth13 Zounds! I'm four hours away :/,48477329,exclamation of surprise or emphasis,reaction,commenting,false,
zounds,16868734285,2010-06-23,"Bike ride = loads better, and being able to track my rides with GPS and opening them in Google Earth = zounds better still.",55284019,exclamation of surprise or emphasis,reaction,commenting,false,
zounds,16879442031,2010-06-23,Zounds! Is @TheEntertainer being seductively enlightening again? RE sssssssshhhh ~@EarthPR,45674330,exclamation of surprise or emphasis,reaction,commenting,false,
zounds,16882246506,2010-06-23,@pictureplane I love ZOUNDS!,85708023,exclamation of surprise or emphasis,reaction,commenting,false,
zounds,16899584880,2010-06-24,"@nika7k  When the quake hit, I was in N.west Mtl, standing on solid ground and did not feel a thing! Zounds!",49989431,exclamation of surprise or emphasis,reaction,commenting,false,
zounds,17843857163,2010-07-06,Zounds - Can't cheat Karma,54655686,exclamation of surprise or emphasis,reaction,commenting,false,
zounds,17862936135,2010-07-06,"Dean Elliot ""Lonesome Road (from ""Zounds! What Sounds!)"" http://bit.ly/dr5j6I",40250780,exclamation of surprise or emphasis,reaction,commenting,false,
zounds,17864734041,2010-07-06,@lalscotton Zounds! Pray continue this serendipitous surveillance for your sev'ral eager correspondents. Or summat.,14930965,exclamation of surprise or emphasis,reaction,commenting,false,
zounds,17879819140,2010-07-06,Feeling very in touch with my body. I just took my glasses off and actually felt a little cooler. Zounds!,18707903,exclamation of surprise or emphasis,reaction,reaction,false,
zounds,17885612969,2010-07-06,@boysnoizerec @boysnoize Really need that Brap track in 2 weeks. The kids need to hear the scrumptious zounds,155557173,exclamation of surprise or emphasis,reaction,commenting,false,
zounds,17888534196,2010-07-06,Zounds! I'm on the FUUF agenda after all -- hope I can squeeze in prep while watching Netherlands v. Uruguay. #worldcup,150329878,exclamation of surprise or emphasis,reaction,reaction,false,
zounds,17888720347,2010-07-06,@coop_cwc Zounds! u saw me fueling up? Time for a wardrobe change back to Pendletons and Red Wings... i been working on the railroad...,68346852,exclamation of surprise or emphasis,reaction,commenting,false,
zounds,17899673525,2010-07-06,Here's that shall make you dance! Zounds! Consort!,15682936,exclamation of surprise or emphasis,reaction,reaction,false,
zounds,18990347821,2010-07-20,Zounds—Zeus at work. RT @mariapage RT @apod Lightning Over Athens: http://apod.nasa.gov/apod/ap100720.html (via @StanCarey),21273877,exclamation of surprise or emphasis,reaction,commenting,false,
zounds,19000191699,2010-07-20,Holy merciful zounds! Free blogs! Courtesy of @JohnnyBTruant  http://ht.ly/2dYlm,14717300,exclamation of surprise or emphasis,reaction,commenting,false,
zounds,19003119216,2010-07-20,@SweetJaneMusic Zounds! We may just take you up on that!,67570763,exclamation of surprise or emphasis,reaction,commenting,false,
zounds,19004186218,2010-07-20,"Zounds! Just learned that some imposter (a ""Mr. Philips"") signed for a delivery chez moi and stole my imported pasta!",12399882,exclamation of surprise or emphasis,reaction,reaction,false,
zounds,19005891113,2010-07-20,Tweet O' Day: RT @saradotdub: Zounds! Just learned that some imposter signed for a delivery chez moi and stole my imported pasta!,14217236,exclamation of surprise or emphasis,reaction,commenting,false,
zounds,19018179843,2010-07-20,@KarinaAllrich zounds like a keeper.,19957653,exclamation of surprise or emphasis,reaction,commenting,false,
zounds,19031661310,2010-07-20,'Zounds!I was never so bethump'd with words Since I first call'd my daughter's father bad  #Shakespalin,168856794,exclamation of surprise or emphasis,reaction,reaction,false,
zounds,19033295592,2010-07-21,Zounds good :) I'll stop by later,24337487,exclamation of surprise or emphasis,reaction,commenting,false,
zounds,19034570062,2010-07-21,Zounds! Time is out of joint -  I somehow made #HuffingtonPosts top 10 #shakespalin tweets. Vote here: http://ow.ly/2ea81  - and thank you!,1525391,exclamation of surprise or emphasis,reaction,commenting,false,
zounds,19333270972,2010-07-23,@Samii_the_ninja OWWWWWWWWWWWWWWWWWWWWWWW YOU STAB AT MY ZOUNDS!,29858206,exclamation of surprise or emphasis,reaction,commenting,false,
zounds,19336657994,2010-07-23,@swiftkaratechop why for art thou not following me? Am i not jesterly? Art thou not entertained?! Zounds!,16964030,exclamation of surprise or emphasis,reaction,commenting,false,
zounds,19365091215,2010-07-23,@evula Zounds! Sorry I didn't get this sooner. It just ended about 15 minutes ago. The kids were good stuff.,15622297,exclamation of surprise or emphasis,reaction,commenting,false,
zounds,19369383622,2010-07-23,@DavidGlennShow  Zounds! Surely your Tar Heel friends will pay the score! Or their agents and low attorneys!,169159616,exclamation of surprise or emphasis,reaction,commenting,false,
zounds,19371321532,2010-07-23,@theHeartquake I BEQUEATH THEE.  Dost my fanceh words astound you? I trow so! Oh ho ho ho. -clears throat- Zounds.,110061786,exclamation of surprise or emphasis,reaction,commenting,false,
zounds,19374203409,2010-07-23,@MarcusHoustonLA its alright papa....whtats goin on.....talk to leaderz of zounds..lol,57181984,exclamation of surprise or emphasis,reaction,commenting,false,
zounds,19384459387,2010-07-24,"@Gecko85 Zounds, Oh My Gawd, WTF, Bery Bery Q-te. Yeah, I know. Too many Lolcats.",30290813,exclamation of surprise or emphasis,reaction,commenting,false,
zounds,19392231115,2010-07-24,Zounds!  A foul robot is blocking my path!  These can can only be defeated by causing a reverse logical loop.  I better think of one fast!,169652637,exclamation of surprise or emphasis,reaction,reaction,false,
zounds,19396481913,2010-07-24,YouTube - Zounds - Can`t Cheat Karma http://ht.ly/2fqo7,55124314,exclamation of surprise or emphasis,reaction,commenting,false,
zounds,20290453614,2010-08-04,"Zounds!  I was never so bethumped with words
since I first called my brother's father dad.
		-- William Shakespeare, ""Kind John""",77241389,exclamation of surprise or emphasis,reaction,reaction,false,
zounds,20300439857,2010-08-04,Dappled Cities - Zounds http://bit.ly/aij1Ce,19830886,exclamation of surprise or emphasis,reaction,commenting,false,
zounds,20309769898,2010-08-04,'zounds! It appears the target of this hyperlink has been replaced with a zoetrope of a ginger-haired fellow. Curses! #18thcenturyinternet,14077911,exclamation of surprise or emphasis,reaction,reaction,false,
zounds,20322494837,2010-08-04,"I can behold not one, but two spectrums of color, on my own land! Zounds! What does this signify? #18thcenturyinternet",7135882,exclamation of surprise or emphasis,reaction,reaction,false,
zounds,20326286798,2010-08-04,"RT @wugmump: I can behold not one, but two spectrums of color, on my own land! Zounds! What does this signify? #18thcenturyinternet",37584737,exclamation of surprise or emphasis,reaction,commenting,false,
zounds,20343129556,2010-08-04,"@haytimj dude, i just read your biking journey posts.  #zounds #crazy ! r u tired?",13724602,exclamation of surprise or emphasis,reaction,commenting,false,
zounds,20344774693,2010-08-05,@treacletwit zounds like a job for inspector clusoe.,28582076,exclamation of surprise or emphasis,reaction,commenting,false,
zounds,20354880996,2010-08-05,@capitaln Your pup's snoring sounds like neighbor sex?  Zounds!,16091355,exclamation of surprise or emphasis,reaction,commenting,false,
zounds,20420570002,2010-08-05,YouTube - Zounds: Dirty Squatters http://ht.ly/2lICf,55124314,exclamation of surprise or emphasis,reaction,commenting,false,
zounds,20421574512,2010-08-05,@angelthecellist Zounds! What dastards! (Is TOO a word.),19791713,exclamation of surprise or emphasis,reaction,commenting,false,
zounds,20430960717,2010-08-06,"Huh, I just saw what time it is.  Zounds.  We'll this show under way soon.  Probably.  Right?  {:D",82292004,exclamation of surprise or emphasis,reaction,commenting,false,
zounds,20445278379,2010-08-06,Flea.sg: oh!zounds http://bit.ly/awDI1Q,91032684,exclamation of surprise or emphasis,reaction,commenting,false,
zounds,20460774012,2010-08-06,"So, it's Friday again and I still have that new phone itch. Zounds, what to do?",14940505,exclamation of surprise or emphasis,reaction,commenting,false,
zounds,20463554578,2010-08-06,Sounds and Zounds mini post... Listening Wind Cover... http://bit.ly/6QAdpd,36661959,exclamation of surprise or emphasis,reaction,commenting,false,
zounds,20474757037,2010-08-06,Azul Zounds: How to Dress Well http://goo.gl/b/Mvb0,23926749,exclamation of surprise or emphasis,reaction,commenting,false,
zounds,20485433369,2010-08-06,@jaymcgavren you mean that's not common verbiage?  Zounds.,104574728,exclamation of surprise or emphasis,reaction,commenting,false,
zounds,20497377535,2010-08-06,"@AlabasterSkye I'm fond of ""zounds,"" as a post-Reformation contraction of ""God's Wounds.""",15170902,exclamation of surprise or emphasis,reaction,commenting,false,
zounds,21488353335,2010-08-18,"Zounds! The kid's off to 4th grade & summer break is over. Yes, I think ""zounds"" should be ushered back into the lexicon. Zounds *and* egads",52107289,exclamation of surprise or emphasis,reaction,reaction,false,
zounds,21489125081,2010-08-18,Zounds show this sunday. Will be butchering an @mybandowen song as well as a donnie cover. Sorry in advance.,24790373,exclamation of surprise or emphasis,reaction,commenting,false,
zounds,21504670486,2010-08-18,Zounds! It's Transformer Couch. I must have one http://bit.ly/coUhry,19288751,exclamation of surprise or emphasis,reaction,commenting,false,
zounds,21519450210,2010-08-18,Zounds! On Campus is going to be radically different with LCSH thrown into the mix!,61043246,exclamation of surprise or emphasis,reaction,reaction,false,
zounds,21522254237,2010-08-18,East coast zounds.broadcasting live tonite on Ustream TV. Dj uniqui1 dj Pudge dj dave elcalbo mixing it up.hump day jamm,67462569,exclamation of surprise or emphasis,reaction,commenting,false,
zounds,21534592323,2010-08-19,East coast zounds broadcasting live on ustreamtv.com channel east coast radio. Check it out,67462569,exclamation of surprise or emphasis,reaction,commenting,false,
zounds,21549160713,2010-08-19,"Sir,do not swear. RT @hatatsuki: Zounds! Fly away, get thee hence, thou nasty fly!",147093434,exclamation of surprise or emphasis,reaction,commenting,false,
zounds,21551184586,2010-08-19,performing Lithuania this week end Zounds - War-Subvert/Can't Cheat Karma (1980) http://t.co/oX5LoRF via @youtube,153240665,exclamation of surprise or emphasis,reaction,commenting,false,
zounds,21932410844,2010-08-23,"Setting up a new work machine … #xcode download is how big, exactly? #zounds #ionlywantgcc",27971421,exclamation of surprise or emphasis,reaction,commenting,false,
zounds,21933825200,2010-08-23,@LilP_LaCarta zounds fun...lol,37231732,exclamation of surprise or emphasis,reaction,commenting,false,
zounds,21934565899,2010-08-23,@GawainLNS @ConceptKevLNS You're going to see a Zounds! Paratroopers!,46829926,exclamation of surprise or emphasis,reaction,commenting,false,
zounds,21939502189,2010-08-23,yes!!finally cracked the megavideo usage time limit problem...zounds!!take that u megashites at megavideo!!,83311872,exclamation of surprise or emphasis,reaction,reaction,false,
zounds,21940574858,2010-08-23,"My Top 3 Weekly #lastfm artists: Mindless Self Indulgence (27), AFI (19) and Zounds (18) #tweeklyfm http://bit.ly/cbAu57",20473794,exclamation of surprise or emphasis,reaction,commenting,false,
zounds,21960623198,2010-08-24,"#fsm Zounds!  Frnchise devlpmnt mnger @ this confrnce jst said out loud – right out of his mouth – ""I've never seen a blog in my life!""",18381819,exclamation of surprise or emphasis,reaction,commenting,false,
zounds,22000570659,2010-08-24,Zounds! Mine ADVENTURES at the FAIRE of the RENAISSANCE in NEW YORK are finally up. http://tinyurl.com/2axl9o4,19398948,exclamation of surprise or emphasis,reaction,article_sharing,false,
zounds,22009542374,2010-08-24,Zounds! Mine ADVENTURES at the FAIRE of the RENAISSANCE in NEW YORK @nyrenfair are up! http://tinyurl.com/2axl9o4 #nyrf,19398948,exclamation of surprise or emphasis,reaction,article_sharing,false,
zounds,22938751335,2010-09-04,@pcharing Zounds!,3325581,exclamation of surprise or emphasis,reaction,commenting,false,
zounds,22943722592,2010-09-04,"zounds! i just now realized that my computer does, in fact, have AppleCare. #snap",34124395,exclamation of surprise or emphasis,reaction,reaction,false,
zounds,22964176447,2010-09-04,Tonight! ZOUNDS live @ bookfair benefit http://bit.ly/diHNIG,21181478,exclamation of surprise or emphasis,reaction,commenting,false,
zounds,22977610338,2010-09-04,"@SanchtanaDaDon betwixt, methinks, and 'zounds! Lol",116619016,exclamation of surprise or emphasis,reaction,commenting,false,
zounds,22979413871,2010-09-04,Zounds!  The zombie zebra's zigzag zipping to the zookeeper's zone!,22337306,exclamation of surprise or emphasis,reaction,reaction,false,
zounds,22979543832,2010-09-04,RT @Alphrabet Zounds! The zombie zebra's zigzag zipping to the zookeeper's zone! http://bit.ly/aHWMxA,132222271,exclamation of surprise or emphasis,reaction,commenting,false,
zounds,22980856889,2010-09-04,"@dryandclean Hmmm...I know there was a reason for zounds and congrats - but canna remember. Anyway, enjoy the weekend - you've earned it!",183992757,exclamation of surprise or emphasis,reaction,commenting,false,
zounds,22985876866,2010-09-04,STEVE LAKE Murder LP 1985 UK darkwave/synth/goth ZOUNDS #E_BAY #forsale #media #SFO http://3taps.com/w/KACK9N,125268321,exclamation of surprise or emphasis,reaction,commenting,false,
zounds,22996883157,2010-09-04,Zounds. Sept 1 comes and austin begins Autumn! Temps drop 10 degrees all around; now we plunge overnight to nearly 70. Where's my coat?,18391687,exclamation of surprise or emphasis,reaction,commenting,false,
zounds,23010101469,2010-09-04,"@BinaryDad ""zounds"" probably hasn't counted as rude for 500yrs, has it? (& maybe not even then). Sorry, I got nothing.",21454187,exclamation of surprise or emphasis,reaction,commenting,false,
zounds,23025903194,2010-09-05,"@SphericalTwat Yes they are. Tell me anyone who has used ""Zounds"" seriously in this century",17010273,exclamation of surprise or emphasis,reaction,commenting,false,
zounds,23033102351,2010-09-05,Zounds..Can't cheat karma!...,16918714,exclamation of surprise or emphasis,reaction,commenting,false,
zounds,23036191002,2010-09-05,"@tedleo Brilliant set tonight, despite the fog machine/mic stand malfunctions. Loved the discog span & you rocking the ZOUNDS shirt.",87761759,exclamation of surprise or emphasis,reaction,commenting,false,
zounds,23036572440,2010-09-05,Christian reviews of video games. http://objectiveministries.org/zounds/gaming.html,100678568,exclamation of surprise or emphasis,reaction,commenting,false,
zounds,23049771640,2010-09-05,@KevinMcCallum zounds! nuffin' gets past the eaglish eye of the sentinel of sportfulness,19815434,exclamation of surprise or emphasis,reaction,commenting,false,
zounds,23212099266,2010-09-07,Tomorrow is the last day of my twenties.  Zounds.,67406945,exclamation of surprise or emphasis,reaction,commenting,false,
zounds,23213490429,2010-09-07,"@gtkashi In fact, that's probably the twist. Hallucinogenic gas + angry janitor = 6 people in a room with the devil. Zounds!",23963470,exclamation of surprise or emphasis,reaction,commenting,false,
zounds,23244908993,2010-09-07,"@DeanAllen2006 lol zounds like i need to send you a 24 pack! Hey, how is your home town being affected by Hermine?",182495192,exclamation of surprise or emphasis,reaction,commenting,false,
zounds,23268230180,2010-09-07,"@ChantalBarlow watch your language, young lady, that is not how I raised you to behave.  Want me to send some shakespeare your way? zounds!!",21770771,exclamation of surprise or emphasis,reaction,commenting,false,
zounds,23861222313,2010-09-07,Zounds!  RT @buriedwithkids    Is this not the scariest doll ever! I am going to have nightmares for weeks. http://plixi.com/p/43791347,67293124,exclamation of surprise or emphasis,reaction,commenting,false,
zounds,23867612438,2010-09-08,@giugiu zounds I &lt;3 you even more.,14238140,exclamation of surprise or emphasis,reaction,commenting,false,
zounds,25859079866,2010-09-29,@amifunnyyet zounds so painful! Which toe is it?,175337235,exclamation of surprise or emphasis,reaction,commenting,false,
zounds,25874292762,2010-09-29,zounds.,159580128,exclamation of surprise or emphasis,reaction,commenting,false,
zounds,25886926491,2010-09-29,This just in... Zounds and Gadzooks! That.Is.All.,16598233,exclamation of surprise or emphasis,reaction,commenting,false,
zounds,25888202567,2010-09-29,"Zounds! Just preordered books that come out Oct12: BRIGHT YOUNG THINGS, JANE, BEAUTIFUL DARKNESS, CURSE OF WENDIGO, SCORCH TRIALS, +4 more!",15821691,exclamation of surprise or emphasis,reaction,reaction,false,
zounds,25889163924,2010-09-29,"Photo Scoop: Zounds, it's that young Harry Potter, the popular wizarding
type person. Conjuring up his Crystal Aw http://twitpic.com/2t2xmn",36318050,exclamation of surprise or emphasis,reaction,article_sharing,false,
zounds,25896649179,2010-09-29,"@stephenfry, Zounds!! Can you please, dear sir, verify you're playing Mycroft in the 2nd Sherlock H. film? Fabulous, if so.",10954822,exclamation of surprise or emphasis,reaction,commenting,false,
zounds,25916332422,2010-09-29,@dkneupper Zounds promising....let us know how it is.,14315176,exclamation of surprise or emphasis,reaction,commenting,false,
zounds,25945619331,2010-09-30,"@BattleStudio I think it would be fun. I would even draw a curly mustache on myself. And wring my hands and say ""zounds"" a lot.",29156198,exclamation of surprise or emphasis,reaction,commenting,false,
zounds,25958502539,2010-09-30,The Curse of Zounds.,25092638,exclamation of surprise or emphasis,reaction,commenting,false,
zounds,25975730656,2010-09-30,Opening for @_warpaint tonight with Magic Shadows at This Ain't Hollywood #greatscott #zounds #holymoly,19099996,exclamation of surprise or emphasis,reaction,commenting,false,
zounds,25978178119,2010-09-30,"Woah, those WHEELS.  Zounds. RT @AutoSpotters: V @chashallett: Here's the Jag from the back #parismotorshow http://twitpic.com/2t4o9d",18399068,exclamation of surprise or emphasis,reaction,article_sharing,false,
zounds,25983058117,2010-09-30,Announcing Infinite Zounds! Here's the introductory post: http://infinitezounds.blogspot.com/2010/09/infinite-zounds.html,197030112,exclamation of surprise or emphasis,reaction,commenting,false,
zounds,25983624838,2010-09-30,"(IZ) Infinite Zounds: What will happen?
I'll be posting a new question (if not more) each day on this blog. What's... http://bit.ly/d3KbWB",197030112,exclamation of surprise or emphasis,reaction,commenting,false,
zounds,25984592540,2010-09-30,@notch Thoughts? http://www.objectiveministries.org/zounds/review-minecraft.html,174984319,exclamation of surprise or emphasis,reaction,commenting,false,
zounds,25984707547,2010-09-30,Made it to prod meeting and Martha took my seat!  Zounds!!  This is what I get for being late.,37732025,exclamation of surprise or emphasis,reaction,reaction,false,
zounds,25995462409,2010-09-30,RT @LooseTeeth: Opening for @_warpaint tonight with Magic Shadows at This Ain't Hollywood #greatscott #zounds #holymoly,23375966,exclamation of surprise or emphasis,reaction,commenting,false,
zounds,25996653206,2010-09-30,RT @AIDS9001: @notch Thoughts? http://www.objectiveministries.org/zounds/review-minecraft.html,12424882,exclamation of surprise or emphasis,reaction,commenting,false,
zounds,26553679983,2010-10-06,Egads and zounds! It's not even Hallowe'en yet! RT @aMAYzin: Christmas cards are now on display at Carlton Cards ...,90711554,exclamation of surprise or emphasis,reaction,commenting,false,
zounds,26574695439,2010-10-06,"@tetsell Zounds! Animated characters is one thing, but animated children!!!",35568958,exclamation of surprise or emphasis,reaction,commenting,false,
zounds,26576047342,2010-10-06,Zounds RT @bardfilm: Wait two months for Taymor's Tempest http://bit.ly/a899pE or watch Stewart's Macbeth tonight http://bit.ly/9p02zl,41874610,exclamation of surprise or emphasis,reaction,commenting,false,
zounds,26577140724,2010-10-06,Back in stock! RT @JordanTimm: Zounds. Lawrence Martin's 'Harperland' is temporarily out of stock at Amazon.ca.,17654134,exclamation of surprise or emphasis,reaction,commenting,false,
zounds,26577169334,2010-10-06,RT @hangingnoodles: Zounds RT @bardfilm: Wait two months for Taymor's Tempest http://bit.ly/a899pE or watch Stewart's Macbeth tonight ht ...,128292609,exclamation of surprise or emphasis,reaction,commenting,false,
zounds,26581300536,2010-10-06,"@dentaldiva1 Ya, Ze Tweets. Zounds zo German.",28302031,exclamation of surprise or emphasis,reaction,commenting,false,
zounds,26637853178,2010-10-07,@davidnicholl in one class to read for him. He has above average reading ability. They thought he had dyslexia. ZOUNDS!,19027281,exclamation of surprise or emphasis,reaction,commenting,false,
zounds,26661739051,2010-10-07,Zounds. (People still say that right?) Anyway zounds this tech upgrade is a cluster fuck entering hour14 of installation,94971686,exclamation of surprise or emphasis,reaction,commenting,false,
zounds,26661798912,2010-10-07,Zounds! Our hallways are zero degrees! #I'manicecube,19655654,exclamation of surprise or emphasis,reaction,reaction,false,
zounds,26670207874,2010-10-07,Zounds! We are Finalist for 6 prodigious Mitx awards! Kudos to the whole OVRDRV team and to our awesome clients: http://bit.ly/2UIYrZ,16467871,exclamation of surprise or emphasis,reaction,commenting,false,
zounds,26670392763,2010-10-07,RT @ovrdrv: Zounds! We are Finalist for 6 prodigious Mitx awards! Kudos to the whole OVRDRV team and to our awesome clients: http://bit. ...,14313721,exclamation of surprise or emphasis,reaction,commenting,false,
zounds,28952825701,2010-10-28,So the sandwich uses fillets of chicken as the buns? Zounds! #quotesiwishjohngielgudhadsaid,24993506,exclamation of surprise or emphasis,reaction,reaction,false,
zounds,28972854650,2010-10-28,"(Which, btw, would make a thoroughly charming SIGN THY NAME SI substrate for anyone visiting the MCM Expo this weekend.  Zounds!)",15425613,exclamation of surprise or emphasis,reaction,reaction,false,
zounds,28978396842,2010-10-28,"Rather bizarre atmosphere thus far at today's #FMQ Flat, weary, sad even... Zounds. Eck seems to have come alive as I type ...!",119322585,exclamation of surprise or emphasis,reaction,commenting,false,
zounds,28979179559,2010-10-28,@ijustine http://twitpic.com/31guum - Zounds man!,45164919,exclamation of surprise or emphasis,reaction,article_sharing,false,
zounds,28992865210,2010-10-28,"Zounds in doing new album this weekend, dirty squatters!",163503958,exclamation of surprise or emphasis,reaction,commenting,false,
zounds,29001804929,2010-10-28,A Perfect Circle still zounds zexxxy: http://www.youtube.com/watch?v=XxViGcO_HTk&feature=player_embedded,37533366,exclamation of surprise or emphasis,reaction,commenting,false,
zounds,29013765425,2010-10-28,"I just realized that the thing that gives me nasty sloppy seconds at churrasco restaurants is not meat, but undercooked garlic.  Zounds!",39578604,exclamation of surprise or emphasis,reaction,reaction,false,
zounds,29026121922,2010-10-28,Zounds!  I have finished the stability test!,182978048,exclamation of surprise or emphasis,reaction,reaction,false,
zounds,29030750667,2010-10-28,"is donning a seersucker suit, bowler, cane, & handlebar mustache for tonight's @WFNX 1890 Prom! Wait, what? It's the 1990 Prom? Zounds!",23993915,exclamation of surprise or emphasis,reaction,commenting,false,
zounds,29037260764,2010-10-29,"RT @adamxii: is donning a seersucker suit, bowler, cane, & handlebar mustache for tonight's @WFNX 1890 Prom! Wait, what? It's the 1990 P ...",16816441,exclamation of surprise or emphasis,reaction,commenting,false,
zounds,29264807137,2010-10-31,"Zounds, I am undone!",21265289,exclamation of surprise or emphasis,reaction,commenting,false,
zounds,29278840053,2010-10-31,Recording @hyapodcast with @adamchristie_ and @mark_forward! Zounds!,18936235,exclamation of surprise or emphasis,reaction,commenting,false,
zounds,29287211031,2010-10-31,ZOUNDS! I found a box of my father's clothes from the '70's so I'm going out for Halloween this year as @paulwhankins.,25435983,exclamation of surprise or emphasis,reaction,commenting,false,
zounds,29287460113,2010-10-31,RT @Vordak: ZOUNDS! I found a box of my father's clothes from the '70's so I'm going out for Halloween this year as @paulwhankins.,147602134,exclamation of surprise or emphasis,reaction,commenting,false,
zounds,29319984496,2010-10-31,Zounds!  http://lnk.ms/G45yY,124734009,exclamation of surprise or emphasis,reaction,commenting,false,
zounds,2164837249458176,2010-11-10,...Zounds (Applause)...,34435764,exclamation of surprise or emphasis,reaction,commenting,false,
zounds,2188217507905536,2010-11-10,Zounds #glee! I'm SO downloading that!,109164038,exclamation of surprise or emphasis,reaction,commenting,false,
zounds,2226356834275328,2010-11-10,"@JeromeParadis zounds!  get thee to a store, man!",18165973,exclamation of surprise or emphasis,reaction,commenting,false,
zounds,2402340975939584,2010-11-10,Zounds! My Wednesday comic is here! | FiCKLE PiCNiC - Breakfast Bites http://bit.ly/driyFS #webcomics,3673721,exclamation of surprise or emphasis,reaction,commenting,false,
zounds,2414920482160640,2010-11-10,People talking about Black Friday like it's this brand new thing they just heard about. Zounds.,21428883,exclamation of surprise or emphasis,reaction,commenting,false,
zounds,2416762695974913,2010-11-10,"Zounds! RT @pourmecoffee: NASA's Fermi telescope has found a ""gigantic, mysterious structure in our galaxy."" http://bit.ly/9MtnCu",8431652,exclamation of surprise or emphasis,reaction,commenting,false,
zounds,2416884133658625,2010-11-10,"RT @Shoq: Zounds! RT @pourmecoffee: NASA's Fermi telescope has found a ""gigantic, mysterious structure in our galaxy."" http://bit.ly/9MtnCu",16837881,exclamation of surprise or emphasis,reaction,commenting,false,
zounds,2433515849261056,2010-11-10,"My Top 3 Weekly #lastfm artists: statues (24), Wire (20) & Zounds (17) http://bit.ly/bPYHQA",36050526,exclamation of surprise or emphasis,reaction,commenting,false,
zounds,2495944901795841,2010-11-10,"@notch, what do you think about this: http://objectiveministries.org/zounds/review-minecraft.html",43629011,exclamation of surprise or emphasis,reaction,commenting,false,
zounds,2498175629791232,2010-11-10,@Lex86 ZOUNDS #sasparillaswimminghole,15529433,exclamation of surprise or emphasis,reaction,commenting,false,
zounds,3086863413809152,2010-11-12,@republicofmath Zounds! Fixing that.,15769716,exclamation of surprise or emphasis,reaction,commenting,false,
zounds,3087589145837568,2010-11-12,And gadzooks! @tweedcap Zounds! Fixing that.,84653539,exclamation of surprise or emphasis,reaction,commenting,false,
zounds,3113804745416704,2010-11-12,"Zounds! Sherwood Forest is aflame. You've a ha'fortnight to admit defeat, else I release the hounds!! #IAmSpartacus",83628504,exclamation of surprise or emphasis,reaction,reaction,false,
zounds,3141796238462976,2010-11-12,"@DJGINATURNER Hah, zounds of musicians would love to wake up in that place ^^",82849640,exclamation of surprise or emphasis,reaction,commenting,false,
zounds,3148446328430592,2010-11-12,@kizzle48 @mwilliams8252  Zounds like the A.K-Rowdy!,29902620,exclamation of surprise or emphasis,reaction,commenting,false,
zounds,3236850579804160,2010-11-13,I'm just catching up to this twitter joke thing in England. Zounds! Best be careful what I say about doing you-know-what to you-know-who.,43918584,exclamation of surprise or emphasis,reaction,reaction,false,
zounds,3242421416624128,2010-11-13,MERZBOW ALL OVER THE PLACE #japanoise  #zounds,22019508,exclamation of surprise or emphasis,reaction,commenting,false,
zounds,3269576569659392,2010-11-13,Nobody ever mentioned anything about one day weekends. Zounds!,207055361,exclamation of surprise or emphasis,reaction,reaction,false,
zounds,3279325675655169,2010-11-13,"OMG! I passed 1,000 tweets recently and didn't make a public note of it. What does this say? Now next chance is 2,000.  Zounds/gadzooks.",24815255,exclamation of surprise or emphasis,reaction,commenting,false,
zounds,3291107035193346,2010-11-13,@BR_ToddKaufmann You know I think I've had that tweeted about me before. Wait....Dammit! Zounds! I'll get you yet! KAAAAAUFMANNNNN!!!!!!!!!!,46535923,exclamation of surprise or emphasis,reaction,commenting,false,
zounds,7488127945932801,2010-11-24,"@SIRJoshuaToThee @BenatIpsosMORI Zounds, Sir! They will thin when he arrives. First good idea the man CLEGG has had.",95047467,exclamation of surprise or emphasis,reaction,commenting,false,
zounds,7497228985835520,2010-11-24,"@mkamman Zounds, girl! What in the world did you eat/drink?",15240048,exclamation of surprise or emphasis,reaction,commenting,false,
zounds,7500804088922112,2010-11-24,"Tonite we rocking in Amboy, East Coast Zounds Style......................",67462569,exclamation of surprise or emphasis,reaction,commenting,false,
zounds,7509725230931968,2010-11-24,Zounds! RT @thom_sean: Just a teaser... http://bit.ly/ghYXho,52862857,exclamation of surprise or emphasis,reaction,commenting,false,
zounds,7510980116353024,2010-11-24,http://www.economist.com/node/16930866  Zounds!  Physics is awesome!,20868321,exclamation of surprise or emphasis,reaction,commenting,false,
zounds,7521496297644032,2010-11-24,'ZOUNDS http://www.redroom.com/blog/dale-estey/of-all-the-words-in-all-the-dictionaries-you-had-to-walk-into-this-one #amwriting #words,81873794,exclamation of surprise or emphasis,reaction,commenting,false,
zounds,7551613992435712,2010-11-24,The #converge10 crew needed to borrow Beijing's cloud seeding rockets. Rain? In Melbourne? Zounds!,13805952,exclamation of surprise or emphasis,reaction,reaction,false,
zounds,7571709221666817,2010-11-24,@squashmaker A murder of crows? Zounds!,15373883,exclamation of surprise or emphasis,reaction,commenting,false,
zounds,7628622747668480,2010-11-25,"Pounds rhymes with Zounds, Founds, Sounds, Rounds, Mounds, Hounds,... Tip: http://bit.ly/rhymeapp #rhyme for #iPhone, #poet",215931327,exclamation of surprise or emphasis,reaction,commenting,false,
zounds,7656734919229440,2010-11-25,"Zounds, What Sounds! http://fb.me/Jacb78Tt",71689344,exclamation of surprise or emphasis,reaction,commenting,false,
zounds,7799730117545985,2010-11-25,My sis-in-law made a southern dish called Chitterlings. Zounds! It was an experience I won't oon forget!,89120565,exclamation of surprise or emphasis,reaction,reaction,false,
zounds,7815762941050882,2010-11-25,"@Mcrmy_London @MCRmyLeicester Well, Zounds and S'blood! The CD arrived while I was out! Postie must have come about 2.30pm #postiegoslow",195280467,exclamation of surprise or emphasis,reaction,commenting,false,
zounds,7824857580445696,2010-11-25,Listen to the busic...zounds ov the anchels!! Lmao RT @Keemah_Sabi @seanvelous That song always makes me cry!,108846775,exclamation of surprise or emphasis,reaction,commenting,false,
zounds,7960063641649152,2010-11-26,"REVIEW: THE RIVALS, THEATRE ROYAL HAYMARKET, LONDON: By Neil Norman ZOUNDS! Sir Peter Hall has given us as prett... http://bit.ly/dY3n4f",156053453,exclamation of surprise or emphasis,reaction,commenting,false,
zounds,7985316946255872,2010-11-26,Submission currently booked for morning of December 22nd.  THAT'S THREE WEEKS AWAY.  #zounds #zomgded,17927953,exclamation of surprise or emphasis,reaction,commenting,false,
zounds,8050645588250624,2010-11-26,"Battlegrounds rhymes with Zounds, Hounds, Mounds, Pounds, Rounds, Sounds,... Check out: http://bit.ly/rhymeapp #rhyme for #iPhone, #rap",215931327,exclamation of surprise or emphasis,reaction,commenting,false,
zounds,8208884166561793,2010-11-26,"Ahoy, everyone! Today is our Black Friday Sale! 30% Off EVERYTHING at both JHU Locations! Zounds! www.t.co/lI3skvN http://twitpic.com/39t4nz",90914746,exclamation of surprise or emphasis,reaction,article_sharing,false,
zounds,8218805893341184,2010-11-26,"RT @JHUniverse: Ahoy, everyone! Today is our Black Friday Sale! 30% Off EVERYTHING at both JHU Locations! Zounds! www.t.co/lI3skvN http: ...",147808148,exclamation of surprise or emphasis,reaction,commenting,false,
zounds,8304037736751104,2010-11-26,@GIJuicy Zounds!,28401090,exclamation of surprise or emphasis,reaction,commenting,false,
zounds,8313805012467712,2010-11-27,Zounds. Be these infernal war drums the harbingers of death? From the periphery I sense its approach.,180979726,exclamation of surprise or emphasis,reaction,commenting,false,
zounds,8330049979686913,2010-11-27,"@taswell #HuntforLatesgiving ""Onc-sh-e again we play our dangeroush game, againsht our old ad-ver-shary..."" Zounds lad! Connerific quotes!",105161192,exclamation of surprise or emphasis,reaction,commenting,false,
zounds,8436435078090752,2010-11-27,"Abounds rhymes with Zounds, Hounds, Mounds, Pounds, Rounds, Sounds,... Dont's miss: http://bit.ly/rhymeapp #rhyme for #iPhone, #song",215931327,exclamation of surprise or emphasis,reaction,commenting,false,
zounds,8524541152202752,2010-11-27,"Maurice D. Hinchey Will You Please Go Now!: Zounds, if this is who is running the show in D.C., no wonder ... http://tinyurl.com/22poa4w",155977444,exclamation of surprise or emphasis,reaction,article_sharing,false,
zounds,13094708695801856,2010-12-10,"""Don't say 'Zounds!,' say 'Holy SHIT!'"" - @StephenAtHome #shakespeare",22158184,exclamation of surprise or emphasis,reaction,commenting,false,
zounds,13096320378077184,2010-12-10,"Zounds, The #Tempest looks like a great movie. Who's coming with me?",17580954,exclamation of surprise or emphasis,reaction,commenting,false,
zounds,13112769935056896,2010-12-10,@JoeQuesada Zounds!,15498993,exclamation of surprise or emphasis,reaction,commenting,false,
zounds,13185894336962560,2010-12-10,"Resounds rhymes with Zounds, Hounds, Mounds, Pounds, Rounds, Sounds,... Check out: http://bit.ly/rhymeapp #rhyme for #iPhone, #rap",215931327,exclamation of surprise or emphasis,reaction,commenting,false,
zounds,13208114132164608,2010-12-10,"""Modernize the language! Don't say thou, say you. Don't say zounds, say holy shit!"" - Stephen Colbert to Julie Taymor",15454292,exclamation of surprise or emphasis,reaction,commenting,false,
zounds,13223619442245632,2010-12-10,"RT @ShakespeareGeek: ""Modernize the language! Don't say thou, say you. Don't say zounds, say holy shit!"" - Stephen Colbert to Julie Taymor",20383580,exclamation of surprise or emphasis,reaction,commenting,false,
zounds,13272906037465088,2010-12-10,"Also tomorrow @ Cowley Club, Fanzine & Comic Fair in the day (£free) then Zounds, Pog, Mark Astronaut (£5) in the evening! #brighton",20077638,exclamation of surprise or emphasis,reaction,commenting,false,
zounds,13287515494555648,2010-12-10,@anpond Zounds! I have been undone! (Exits pursued by wolf) (dies),133660220,exclamation of surprise or emphasis,reaction,commenting,false,
zounds,13351972564377600,2010-12-10,@ComixBookGurl ZOUNDS!,218989357,exclamation of surprise or emphasis,reaction,commenting,false,
zounds,13422476771991552,2010-12-11,#zounds is an underrated word,95839795,exclamation of surprise or emphasis,reaction,commenting,false,
zounds,19035294862942208,2010-12-26,"now playing: zounds ""the curse of zounds ＋ singles""",167726491,exclamation of surprise or emphasis,reaction,commenting,false,
zounds,19037133029244928,2010-12-26,"interesting chenge of tempo : zounds "" dirty squatters""",167726491,exclamation of surprise or emphasis,reaction,commenting,false,
zounds,19161753262755840,2010-12-26,@GurkenIsTheShiz I'm a solo musician but i record full band tracks. I have released an EP called 'Zounds!'...,103748107,exclamation of surprise or emphasis,reaction,commenting,false,
zounds,19209636989116416,2010-12-27,"Just played ""zounds"" for 52 points in #Scrabble",25996065,exclamation of surprise or emphasis,reaction,commenting,false,
zounds,19259831156219904,2010-12-27,"ZOUNDS! New comic is up. Really, this comic is all about the fact that I like writing ""Zounds!""  http://bit.ly/fZF00o",162569573,exclamation of surprise or emphasis,reaction,commenting,false,
zounds,19283576004550656,2010-12-27,@mcabain zounds! My limit is around 100.,61595492,exclamation of surprise or emphasis,reaction,commenting,false,
zounds,19305815940796416,2010-12-27,"@fanniemaef Zounds! And to think I attempted it at High Risk! I must have been very lucky indeed. I'm sure I've missed other items, however.",216863747,exclamation of surprise or emphasis,reaction,commenting,false,
zounds,19371651946774528,2010-12-27,Zounds!!!,143808817,exclamation of surprise or emphasis,reaction,reaction,false,
