word,id,date,text,author_id,term_meaning,term_category,usage_context,is_ironic,annotation_notes
Bible-thumping,7978964098,2010-01-20,"ummmmm hellooo? Flowers being pollinated by bees is CLEARLY heterosexual. Now your ideas are shit, you bible thumping bastard.",79403862,"aggressively pious, preachy, or moralizing",religion,criticism,false,
Bible-thumping,7980138749,2010-01-20,Q:Are you religious?  A:Not super bible thumping religious but I am Catholicand I do stro... http://formspring.me/sexiunplstcbrbi/q/58549893,89661269,"aggressively pious, preachy, or moralizing",religion,self_description,false,"Formspring answer about the speaker's religiosity, not article sharing."
Bible-thumping,7985394754,2010-01-20,"backslidious hypocritious is an Epithet for a moralizing, bible-thumping, back-sliding hypocrite. #STOTD",14343245,"aggressively pious, preachy, or moralizing",religion,commenting,false,
Bible-thumping,7985850792,2010-01-20,RT @matthiasrascher RT @stevesilberman Bible-thumping science teacher divides town - http://bit.ly/8n0KbT #education #science #Bible OH DEAR,57722810,"aggressively pious, preachy, or moralizing",religion,news_reaction,false,"Linked news item with explicit reaction (""OH DEAR"")."
Bible-thumping,7986926148,2010-01-20,Magic Love Spells Used to Turn Bible Thumping Kentucky Preacher ...  http://bit.ly/RrkXb,47764805,"aggressively pious, preachy, or moralizing",religion,article_sharing,false,
Bible-thumping,7995380386,2010-01-20,@Newfederalist1l Teabags like you are all vitriol and have low self-esteem. Bring your C Street gang & bible thumping Teabag friends in NOV,39609732,"aggressively pious, preachy, or moralizing",religion,criticism,false,
Bible-thumping,8000684713,2010-01-20,"Ready, aim, cite Bible verse, fire « Standard Examiner Blogs: Bible thumping has a new meaning here, as our people... http://bit.ly/7lVJ9C",55838130,"aggressively pious, preachy, or moralizing",religion,article_sharing,false,
Bible-thumping,8003275220,2010-01-20,"To add to the fact I can't stand Tebow & believe he'll do nothing in the NFL, he's got a bible-thumping Super Bowl ad on deck. Barf.",26897109,"aggressively pious, preachy, or moralizing",religion,reaction,false,
Bible-thumping,8005194172,2010-01-20,@Fredschickens you a fucking fruit cake. you bible thumping dick.,15573394,"aggressively pious, preachy, or moralizing",religion,criticism,false,
Bible-thumping,8008215199,2010-01-21,I think we both know how to dear with bible-thumping parents,41503438,"aggressively pious, preachy, or moralizing",religion,casual_conversation,false,
Bible-thumping,8329548187,2010-01-28,"@blueutopiah I second that. Winter is a whore. Actually, I like whores, winter is an uppity, holier than though, bible thumping bitch.",48668460,"aggressively pious, preachy, or moralizing",religion,criticism,false,
Bible-thumping,8334974539,2010-01-28,"""Usually, when I want the opinion of a multiply-concussed, bible-thumping, former college football star,..."" http://tumblr.com/xsh5xawkj",1884211,"aggressively pious, preachy, or moralizing",religion,article_sharing,false,
Bible-thumping,8816178616,2010-02-08,The man who makes Bible Thumping hip ♫ http://blip.fm/~kky3m,6995972,"aggressively pious, preachy, or moralizing",religion,commenting,false,
Bible-thumping,8817760860,2010-02-08,@Bookgirl96 gotta watch those bible-thumping politicians - they'll steal every dime from a poor man's pocket to spend on booze and broads,2497401,"aggressively pious, preachy, or moralizing",religion,casual_conversation,false,
Bible-thumping,8819650948,2010-02-08,"GOD IS AWESOME! who would of thought i would of turned into a bible-thumping, Jesus freak.... thank you Lord for your patience in me..",39562781,"aggressively pious, preachy, or moralizing",religion,self_description,false,
Bible-thumping,8823554717,2010-02-08,@PerezHilton ...Totally unethical but completely legal. (They just assumed that the bible thumping sheep would believe it to be the couple..,20340062,"aggressively pious, preachy, or moralizing",religion,commenting,false,
Bible-thumping,8827541007,2010-02-08,@ErinJMeier Damn bible thumping incestrious bastard. LOL,32514677,"aggressively pious, preachy, or moralizing",religion,criticism,false,
Bible-thumping,8827620639,2010-02-08,She broke up w/ Mitch Lawrence. RT @oddchick: Wth RT @gigi4462: Damn bible thumping incestrious bastard. LOL,24394944,"aggressively pious, preachy, or moralizing",religion,criticism,false,
Bible-thumping,8840534203,2010-02-09,"@adivinetwiggy it's keeping her from me. Fuck it, it's a shitty bible-thumping city anyway.",29286019,"aggressively pious, preachy, or moralizing",religion,criticism,false,
Bible-thumping,8842675697,2010-02-09,Bible thumping forked tongue bitches.,75429971,"aggressively pious, preachy, or moralizing",religion,criticism,false,
Bible-thumping,9367607619,2010-02-20,"agrees. RT @MarioArenas: Anyone who is ""anti-fur"" and not vegan is nothing but a puffed up, bible thumping hypocrite.",36062583,"aggressively pious, preachy, or moralizing",religion,criticism,false,
Bible-thumping,9396169484,2010-02-20,"@Sabba_Yossi Micro-nuclear so I could power my off the grid commune of gun toting, bible thumping secessionist? You bet that would work!",18752410,"aggressively pious, preachy, or moralizing",religion,casual_conversation,false,
Bible-thumping,9396629877,2010-02-20,"@Amanda_Rudelt It may work, but please keep your commune of gun toting, bible thumping secessionists AWAY from us :-)",37730025,"aggressively pious, preachy, or moralizing",religion,casual_conversation,false,
Bible-thumping,9405645036,2010-02-21,@SartoriallyInc anyway to the top right? Even if it's via bible thumping freaks,82153794,"aggressively pious, preachy, or moralizing",religion,criticism,false,
Bible-thumping,9643284935,2010-02-25,@diorabaird1 This is america.  We must suffer for the simple fact that the first white people that came here were bible-thumping puritans.,86378115,"aggressively pious, preachy, or moralizing",religion,criticism,false,
Bible-thumping,9649630432,2010-02-25,"One piece of the ""Growing Pains"" reunion in place....next - that bible thumping assface Kurt Cameron.",35622127,"aggressively pious, preachy, or moralizing",religion,criticism,false,
Bible-thumping,10488832523,2010-03-14,"I sang some raunchy punk rock songs to my bible thumping, religious music blaring neighbor while another neighbor laughed. I feel better.",15566106,"aggressively pious, preachy, or moralizing",religion,commenting,false,
Bible-thumping,10489813432,2010-03-14,"Dont mind when crazy bible thumping conservatives follow me in hopes of offending me, I know theyre looking @ my smut feverishly wacking off",38849863,"aggressively pious, preachy, or moralizing",religion,criticism,false,
Bible-thumping,10507084145,2010-03-15,Overheard: When My Crazy Bible thumping ex tried to get me to talk on the phone with her... - 12:01:21 AM:... http://tumblr.com/x3s7fmnd5,55780103,"aggressively pious, preachy, or moralizing",religion,article_sharing,false,
Bible-thumping,10928835438,2010-03-23,Thinking of killing my FB acct. Sick of the bible thumping & hyper-partisan histrionics.,59027489,"aggressively pious, preachy, or moralizing",religion,commenting,false,
Bible-thumping,10938388638,2010-03-23,If I haven't angered at least one Bible-thumping Christian or progress-yielding republican a day then I haven't done my job right,35482690,"aggressively pious, preachy, or moralizing",religion,commenting,false,
Bible-thumping,10952647107,2010-03-24,"Fuck that goody 2 shoes bible thumping school RT @sportsguy33 I lost out to Andy Katz??? That's it, I'm rooting for Baylor. RT @OmarSamhan:",57487938,"aggressively pious, preachy, or moralizing",religion,criticism,false,
Bible-thumping,10988734924,2010-03-24,"@SimplyGilly That makes your ilk as gun carrying red neck bible thumping, teabagging, god fearing, from my dead cold hands Republican RINOs.",39609732,"aggressively pious, preachy, or moralizing",religion,commenting,false,
Bible-thumping,10994235836,2010-03-24,"@NewHopeCounsel Yes, we all only know Him in part....which is why there is 40,000 bible thumping denominations in the world (lol)",68885399,"aggressively pious, preachy, or moralizing",religion,criticism,false,
Bible-thumping,11001879899,2010-03-24,... you gawldarned gun-toting flag-waving bible-thumping people. YOU got it ALL wrong!!! no rapture for YOU! sorry. pissed off abt nonsense.,33582909,"aggressively pious, preachy, or moralizing",religion,commenting,false,
Bible-thumping,11500228828,2010-04-02,"@hopeforfeeling ehh. it's not a determined path either way so i'm not too worried about it, for all i know i could be a bible thumping, self",9189862,"aggressively pious, preachy, or moralizing",religion,commenting,false,
Bible-thumping,11502787592,2010-04-02,"People are afraid to speak the word of God, thinking they are 'bible thumping'. Be like Jesus, who spoke the Word of God. Bring it.",42491474,"aggressively pious, preachy, or moralizing",religion,commenting,false,
Bible-thumping,11509411798,2010-04-03,"Guys, I'm at a bar w/my bible thumping friend. Good Friday is about to get real interesting.",16503369,"aggressively pious, preachy, or moralizing",religion,commenting,false,
Bible-thumping,11511962903,2010-04-03,@devlzadvoct that's a done fucking deal!! They'd love that!! Those bible thumping fuckers would eat that up!! They think I'm the antichrist!,109156249,"aggressively pious, preachy, or moralizing",religion,criticism,false,
Bible-thumping,11522211474,2010-04-03,So now we Jesus trippin and bible thumping??? Sinkin my ship. #dead,55291737,"aggressively pious, preachy, or moralizing",religion,commenting,false,
Bible-thumping,11624239230,2010-04-05,I can say this on my Twitter but not Facebook.... but big old FUCK YOU to my bible thumping hypocrite sister Laine... FUCK FUCK FUCK YOU!!!!,24231225,"aggressively pious, preachy, or moralizing",religion,criticism,false,
Bible-thumping,11657241467,2010-04-05,"Isn't bible thumping on a college campus illegal? And if not, isn't it annoying?",108216640,"aggressively pious, preachy, or moralizing",religion,commenting,false,
Bible-thumping,11664797088,2010-04-05,Someone shut this bible thumping asshole the hell up.,40969641,"aggressively pious, preachy, or moralizing",religion,criticism,false,Condemnation-first use of Bible-thumping.
Bible-thumping,11674651215,2010-04-06,"Ah, well shit me fuk me, I have a bible-thumping, ignint Christian who wants to follow me, ostensibly to save me from myself! LMGrkAO!",122485617,"aggressively pious, preachy, or moralizing",religion,commenting,false,
Bible-thumping,12127758717,2010-04-13,@LipsmackedB Oh god. I had a bible thumping promise keeper boss who liked to grope. Finally got fired after I left. Sick assholes.,14915466,"aggressively pious, preachy, or moralizing",religion,commenting,false,
Bible-thumping,12138161990,2010-04-14,We now have our usual bible thumping stockholder at the mic now. Audience does massive eyeroll as usual.,5464902,"aggressively pious, preachy, or moralizing",religion,commenting,false,
Bible-thumping,12161982354,2010-04-14,"@Leontine1976 I liked Patience too, didn't like the bible thumping, but not bec  of what most others complained of, but what you said",67177879,"aggressively pious, preachy, or moralizing",religion,commenting,false,
Bible-thumping,12164573173,2010-04-14,"@AlfieCrow you could always draft a bible thumping family guy to play QB (Tebow). I mean honestly, Jags fans need to stop analyzing players",22834783,"aggressively pious, preachy, or moralizing",religion,commenting,false,
Bible-thumping,12371449760,2010-04-18,@3rdVentureBro I have no idea. Possibly because I'm not a bible thumping racist. I have piercings. I went to college. I like dirty jokes.**,58072029,"aggressively pious, preachy, or moralizing",religion,commenting,false,
Bible-thumping,12407510645,2010-04-18,Having fun messing with some Bible thumping idiots!  *evil grin*,22506242,"aggressively pious, preachy, or moralizing",religion,commenting,false,
Bible-thumping,12412478199,2010-04-18,Cranked up my favorite Stryper mix for the drive home. The string shredding bible thumping bumble bees are awesome!,17016789,"aggressively pious, preachy, or moralizing",religion,commenting,false,
Bible-thumping,12419143545,2010-04-18,@msnbc_politics Bible thumping racist neanderthals.& that's besmirching neanders secede dont let the door hit you where the Sun don't shine.,19508842,"aggressively pious, preachy, or moralizing",religion,criticism,false,Condemnation-first use of Bible-thumping.
Bible-thumping,13396703429,2010-05-05,"Those wacky, Bible-thumping Founding Fathers! Man, we could use some of their wisdom now.http://bit.ly/cdMqiI",123423773,"aggressively pious, preachy, or moralizing",religion,commenting,false,Opinionated remark with a link rather than neutral article sharing.
Bible-thumping,13398183312,2010-05-05,http://i40.tinypic.com/kd67as.jpg HQ MOTHERFUCKER YAY. wtf is that in shiwon's hand? a paddle? taking bible-thumping to a whole new level?,15818213,"aggressively pious, preachy, or moralizing",religion,criticism,false,
Bible-thumping,13404305991,2010-05-05,My doctor told me where the term bible-thumping comes from. People used to use bibles to break open cysts :/,50764277,"aggressively pious, preachy, or moralizing",religion,commenting,false,
Bible-thumping,13435965782,2010-05-05,"starting on some harmless bullshit play. We'd start on that ignorant-ass, Bible-thumping Fred Phelps homophobic shit.",24126614,"aggressively pious, preachy, or moralizing",religion,criticism,false,Condemnation-first use of Bible-thumping.
Bible-thumping,13437590404,2010-05-05,@christellar wouldn't have been good to say it in a small bible thumping Virginia town :P,122393631,"aggressively pious, preachy, or moralizing",religion,commenting,false,
Bible-thumping,13438042124,2010-05-05,eeek! no way! understandable Chris. RT @SsmDad @christellar wouldn't have been good to say it in a small bible thumping Virginia town :P,19038416,"aggressively pious, preachy, or moralizing",religion,commenting,false,
Bible-thumping,13440560393,2010-05-05,"As much as I don't like Gordon Brown, I would take him over that smarmy, self-absorbed, bible-thumping little bastard any time.",80057625,"aggressively pious, preachy, or moralizing",religion,criticism,false,
Bible-thumping,13551344324,2010-05-07,@jkwseattle because pat Robertson is a senile hateful bible thumping fuck? Just a guess...,59770507,"aggressively pious, preachy, or moralizing",religion,criticism,false,
Bible-thumping,13561497934,2010-05-07,"My favorite bible thumping protest sign spotted last weekend at the derby: ""Santa Claus is a Lie!""",16274841,"aggressively pious, preachy, or moralizing",religion,commenting,false,
Bible-thumping,13565702841,2010-05-07,"Dear Facebook, I have no interest in being friends with my wife's crazy, right wing, bible thumping uncles.  Thank you. Sincerely, Mo",18201761,"aggressively pious, preachy, or moralizing",religion,criticism,false,
Bible-thumping,13579220734,2010-05-08,@dp57 haha I got it from a bible thumping #Yankees  fan friend,16960548,"aggressively pious, preachy, or moralizing",religion,commenting,false,
Bible-thumping,13584953694,2010-05-08,@GriffinDeJaco arkansas is a giant backward bible thumping bullshit state! :),109156249,"aggressively pious, preachy, or moralizing",religion,commenting,false,
Bible-thumping,13585057183,2010-05-08,"What's Alabama? Oyeah, the same. RT @MrsMalicious666: @GriffinDeJaco arkansas is a giant backward bible thumping bullshit state! :)",36396941,"aggressively pious, preachy, or moralizing",religion,commenting,false,
Bible-thumping,13588904461,2010-05-08,"Sorry, I just don't like shrill bitch, uneducated, low IQ, bible thumping hypocrites trying to influence the direction of our country.",21044057,"aggressively pious, preachy, or moralizing",religion,criticism,false,
Bible-thumping,13805155314,2010-05-11,"AB ND Leader Brian Mason likes Sarah Palin: ""If a gun-totin, Bible-thumping rightwinger can raise royalties, what's wrong with our crew?""",45637133,"aggressively pious, preachy, or moralizing",religion,commenting,false,
Bible-thumping,13808507509,2010-05-11,"Just cause obummer has a brain and isn't a bible thumping warhawk,
(C republicans)does not now nor will it ever make him a good president",35382306,"aggressively pious, preachy, or moralizing",religion,commenting,false,
Bible-thumping,13819155293,2010-05-12,"RT @Crockatteer: AB ND Leader Brian Mason likes Sarah Palin: ""If a gun-totin, Bible-thumping rightwinger can raise royalties, what's wro ...",40704088,"aggressively pious, preachy, or moralizing",religion,commenting,false,
Bible-thumping,13827181596,2010-05-12,These homophobe bible thumping prostitute users never cease to amaze me lol,3739071,"aggressively pious, preachy, or moralizing",religion,reaction,false,
Bible-thumping,13833702186,2010-05-12,"#AsLongAsYou understand that the most religious, bible thumping people are the biggest heathens, than nothing will suprise you.",41223675,"aggressively pious, preachy, or moralizing",religion,commenting,false,
Bible-thumping,13836350029,2010-05-12,@minneapolisnice i am sure he's not the bible-thumping type....and...and...dont burst my bubble Leslie!,5509072,"aggressively pious, preachy, or moralizing",religion,commenting,false,
Bible-thumping,15442489598,2010-06-04,"@rebeccaebrown You see, we don't mean YOU. really we don't. We mean the ""bible thumping you're going to hell cos you're"" not kind",18881684,"aggressively pious, preachy, or moralizing",religion,commenting,false,
Bible-thumping,15442895549,2010-06-04,@NettieWriter well I am kind of Bible thumping but haven't got the whole hell thing figured out yet. But I do love you all. Even Jane. ;),22241485,"aggressively pious, preachy, or moralizing",religion,commenting,false,
Bible-thumping,15444311550,2010-06-04,I realized that i hate bible thumping nerds who insists their beliefs on others,49095233,"aggressively pious, preachy, or moralizing",religion,criticism,false,Condemnation-first use of Bible-thumping.
Bible-thumping,15455090197,2010-06-05,I expect 2 endure #obloquy once my newspaper column on irreligiosity starts being published shortly in my #Bible thumping community #atheist,46026799,"aggressively pious, preachy, or moralizing",religion,commenting,false,
Bible-thumping,15478699801,2010-06-05,"Why in the name of all things fucked up do I get bible thumping freaks following me all time? Hey new Jesus freak follower, GO FUCK YOURSELF",14471465,"aggressively pious, preachy, or moralizing",religion,criticism,false,
Bible-thumping,15504007565,2010-06-05,Bible thumping....thump thump,83779608,"aggressively pious, preachy, or moralizing",religion,commenting,false,
Bible-thumping,15522960925,2010-06-06,"My Bible-thumping uncle is here, basically bashing my father (who passed away) for not being religious. #FunCity",44481763,"aggressively pious, preachy, or moralizing",religion,commenting,false,
Bible-thumping,15859344618,2010-06-10,"How Do I Keep My Sociopath, Bible-thumping, Ex-wife Away From Me ...: During our marriage my ex wife was a mentall... http://bit.ly/9aWKQa",143474920,"aggressively pious, preachy, or moralizing",religion,article_sharing,false,
Bible-thumping,15883248555,2010-06-10,What Happens When Bible-Thumping Christians Aren't Parents http://bit.ly/dqNvwf,45862526,"aggressively pious, preachy, or moralizing",religion,article_sharing,false,
Bible-thumping,15889429098,2010-06-11,@DFresa BIBLE THUMPING HO-BAG #Emily,126417321,"aggressively pious, preachy, or moralizing",religion,criticism,false,Condemnation-first use of Bible-thumping.
Bible-thumping,15900980832,2010-06-11,"@SkhyeRing We Christians get this all the time. So-and-so is a manicacal bible-thumping biggot, so why are you areasonably nice guy, Bruce?",14764209,"aggressively pious, preachy, or moralizing",religion,commenting,false,
Bible-thumping,16238101432,2010-06-15,"""Some guy called me a gay-bashing bible-thumping Christian. I resemble that remark."" Wiley Drake, 6/15/2010",28504030,"aggressively pious, preachy, or moralizing",religion,commenting,true,Overtly joking quoted use.
Bible-thumping,16255369022,2010-06-15,AimGuest.. Go Bible thumping else where or I will burn a cross and poop on a bible. (#E3onG4 live at http://ustre.am/iExu ),132222459,"aggressively pious, preachy, or moralizing",religion,commenting,false,
Bible-thumping,16262006930,2010-06-15,"@3mily_Ox Thumping,thumping, bible thumping.",20865555,"aggressively pious, preachy, or moralizing",religion,commenting,false,
Bible-thumping,16262123489,2010-06-15,"@Incwell yeah I'm still not sure if he was blind. at first I didn't like the bible thumping but after I thought about it I agree,tight flick",148632172,"aggressively pious, preachy, or moralizing",religion,commenting,false,
Bible-thumping,16263797468,2010-06-15,@ebmradio (damn keyboard)...because we're not Bible thumping assholes,14199872,"aggressively pious, preachy, or moralizing",religion,commenting,false,
Bible-thumping,16275371088,2010-06-16,@RelentlessIV Thanks Man! I hope he starts so the #RAIDERS can knock the shit out of his bible thumping ass.,44445020,"aggressively pious, preachy, or moralizing",religion,commenting,false,
Bible-thumping,16966664750,2010-06-24,@GodHatesFags first of all FUCK YOU you think gays is wrong wit the world WERE not YOU ARE I hate you bible thumping ASSHOLES FUCK YOU,94888053,"aggressively pious, preachy, or moralizing",religion,criticism,false,
Bible-thumping,16980288602,2010-06-25,"RT @gyokusai: Will this, hopefully, spell the end of #cleanfeed and all that hypocrite circus of bipartisan bible-thumping? http://u.nu/ ...",26790420,"aggressively pious, preachy, or moralizing",religion,commenting,false,
Bible-thumping,16987468361,2010-06-25,Its the kindness of Jesus that lead men to repentance. Not bible thumping rules.,114254493,"aggressively pious, preachy, or moralizing",religion,commenting,false,
Bible-thumping,17010755763,2010-06-25,RT @Jon_Pollard: Its the kindness of Jesus that lead men to repentance. Not bible thumping rules.,153882962,"aggressively pious, preachy, or moralizing",religion,commenting,false,
Bible-thumping,17033175439,2010-06-25,"On the road to Cooperstown NY for my brother-in-laws wedding. Haven't killed my degenerate, Bible thumping father-in-law.... yet.",8356632,"aggressively pious, preachy, or moralizing",religion,commenting,false,
Bible-thumping,17049197330,2010-06-25,"I can tell this conservative, no clothes matching, bible thumping group will be fun to cater... I fuckin hate this shit.",25512437,"aggressively pious, preachy, or moralizing",religion,criticism,false,
Bible-thumping,17055489818,2010-06-26,"Driving thru the NC bible belt. No effing NPR, just country, bible thumping, & wacko conservative radio station (which crack me up!)",14499914,"aggressively pious, preachy, or moralizing",religion,commenting,false,
Bible-thumping,17061451744,2010-06-26,@Amemait They're all incestuous inbred red-dirt chewing potato-eating Bible-thumping worshippers of the chaos goddess Anne.,18697376,"aggressively pious, preachy, or moralizing",religion,commenting,false,
Bible-thumping,17261005317,2010-06-28,Dear bible thumping nitwits: I'm in no mood for your shit today if you're too fucking stupid to read. kfuckoffbai.,15077575,"aggressively pious, preachy, or moralizing",religion,criticism,false,
Bible-thumping,17263705564,2010-06-28,S/O to all you bible thumping hypocrites who preach about forgiveness but still hold 50-year grudges,34274631,"aggressively pious, preachy, or moralizing",religion,criticism,false,
Bible-thumping,17269608848,2010-06-28,Just called somebody I've never met a bible thumping retard on FB. That was awesome.,96477450,"aggressively pious, preachy, or moralizing",religion,commenting,false,
Bible-thumping,17288653996,2010-06-28,man i cant stand bible thumping douchebags,16304259,"aggressively pious, preachy, or moralizing",religion,commenting,false,
Bible-thumping,17302661647,2010-06-29,The person who plays Pam on true blood is a bible thumping mom on secret life. Ahahahahaha,16100642,"aggressively pious, preachy, or moralizing",religion,commenting,false,
Bible-thumping,17305487309,2010-06-29,We've got Abbott promising a new wave of bible thumping: http://bit.ly/bIX2t3 Vs Gillard saying she doesn't believe & not going to pretend,5526692,"aggressively pious, preachy, or moralizing",religion,news_reaction,false,Reaction/comparison about a political-religious news item.
Bible-thumping,17331279395,2010-06-29,"GOP, Bible thumping alone won't get ya to Heaven, & I suspect that choking off whole families might get ya pulled over at the Pearly Gates.",99139992,"aggressively pious, preachy, or moralizing",religion,commenting,false,
Bible-thumping,17336058153,2010-06-29,@DenisaTheJihadD Objecting to teaching children to be homicide bombers makes one a Bible-thumping Jesus freak? #Islam #p2 @JD_Long #tcot,96409788,"aggressively pious, preachy, or moralizing",religion,commenting,false,
Bible-thumping,17340060652,2010-06-29,@April_Slaughter Do you think if will have more of an effect on the 'Bible Thumping' radicals or the moderate groups?,44101564,"aggressively pious, preachy, or moralizing",religion,commenting,false,
Bible-thumping,17732966869,2010-07-04,@yllekjean I did that to a RL friend yesterday. Cos I couldn't stand seeing his Catholic semi-bible thumping tweets and arguing with him.,68756655,"aggressively pious, preachy, or moralizing",religion,commenting,false,
Bible-thumping,17747055030,2010-07-04,"RT @ferndalebear: RT @OnLettingGo731: Sorry teaparty, founding fathers were intellectuals not a bunch of bible thumping hicks. #maddow",40879267,"aggressively pious, preachy, or moralizing",religion,commenting,false,
Bible-thumping,17781319241,2010-07-05,Armageddon begins with rebuilding the great temple. Wouldn't Bible thumping Repubs want to stop that by letting Israel get destroyed.,30100341,"aggressively pious, preachy, or moralizing",religion,commenting,false,
Bible-thumping,18288176105,2010-07-11,"@jpohja & I neglected to mention the elementary school teacher I was listening to at the car wash was a die-hard, bible thumping Christian.",28447135,"aggressively pious, preachy, or moralizing",religion,commenting,false,
Bible-thumping,18312252073,2010-07-11,"I'd ask my Bible-thumping friend to compare the number of anti-poverty and anti-gay verses, and to proportion his moral outrage accordingly.",136596940,"aggressively pious, preachy, or moralizing",religion,commenting,false,
Bible-thumping,18365921511,2010-07-12,"Patriot Dog: Meet Mayor Cutie: Who's the racist, homophobic, bible-thumping, lunatic of a Chihuahua? It's the ador... http://bit.ly/bkScJy",23513360,"aggressively pious, preachy, or moralizing",religion,article_sharing,false,
Bible-thumping,18645498751,2010-07-16,@SashaMallory thattt would be whack jobs from bible thumping america... :( rise above their ignorance all we need in this world is some love,23146673,"aggressively pious, preachy, or moralizing",religion,commenting,false,
Bible-thumping,18657537815,2010-07-16,@glitteryjade @AuntieVenom OK - it's settled then. We'll join @Monterrific and kick some bible-thumping ass!,34867965,"aggressively pious, preachy, or moralizing",religion,commenting,false,
Bible-thumping,18660735470,2010-07-16,"@i_r_squared I have been there too sonny.deep in bible thumping country-North and South Carolinas,georgia.nothing ventured,nothing gained",41083120,"aggressively pious, preachy, or moralizing",religion,commenting,false,
Bible-thumping,18700856468,2010-07-16,You know what I love? Being the devil's advocate for self righteous bible thumping types. It makes me unbelievably happy.,36984799,"aggressively pious, preachy, or moralizing",religion,commenting,false,
Bible-thumping,18712731306,2010-07-16,"@LycanJezzy They def need help & more people like u, who understand that bible thumping is all well & good but it doesn't shovel rubble",22381552,"aggressively pious, preachy, or moralizing",religion,commenting,false,
Bible-thumping,18780817792,2010-07-17,"@Teradoll You ever checked out #tcot? These are the racist, Bible thumping, war mongering, morons we are up against. They have a voice too",53210156,"aggressively pious, preachy, or moralizing",religion,commenting,false,
Bible-thumping,18788819190,2010-07-17,@ATMMD ehhh. i din't mean that in some freaky bible-thumping sort of way. :),33582909,"aggressively pious, preachy, or moralizing",religion,commenting,false,
Bible-thumping,19288467420,2010-07-22,#idontassociatewith Bible-thumping hypocrites.,165727279,"aggressively pious, preachy, or moralizing",religion,commenting,false,
Bible-thumping,19293603911,2010-07-22,"#Followmyass because my version of bible thumping is screaming ""Oh lord!"" during crime scene sex. Or pulling it out the hotel room drawer.",28725131,"aggressively pious, preachy, or moralizing",religion,humor,true,Self-aware comic/nonliteral use of Bible-thumping.
Bible-thumping,19298889304,2010-07-23,Bible-thumping Comic-Con protesters get 'God Loves Gay Robin' in reply. #fictionalcharactersvfictionalcharacter. http://bit.ly/dANY19,17009360,"aggressively pious, preachy, or moralizing",religion,article_sharing,false,
Bible-thumping,19307182515,2010-07-23,"GOP think their so Bible thumping. Check out Deuteronomy 15:11, ""be open handed to your brothers"" contradicts your selfish attitude.",147634420,"aggressively pious, preachy, or moralizing",religion,commenting,false,
Bible-thumping,19322385513,2010-07-23,"Self Righteous bible thumping people that use god to elevate themselves and judge, condemn others yet live in darkness are sick! (Lostsouls)",27822736,"aggressively pious, preachy, or moralizing",religion,commenting,false,
Bible-thumping,19600179754,2010-07-26,"Everything between NM and Florida and below Tennessee can kindly fall into the oil soaked gulf. You redneck, ignorant, bible thumping hicks.",15185407,"aggressively pious, preachy, or moralizing",religion,commenting,false,
Bible-thumping,19628619684,2010-07-27,"@JohnFugelsang yet those same snake handling, tongues speaking, foaming at the mouth bible thumping freaks HATE 'last temptation'.",18150370,"aggressively pious, preachy, or moralizing",religion,criticism,false,
Bible-thumping,21931061308,2010-08-23,This play is going to bitch slap broadway like a cheap hooker. And those bible thumping protesters can suck a bag of dicks,132319220,"aggressively pious, preachy, or moralizing",religion,criticism,false,
Bible-thumping,23045041106,2010-09-05,"Abbott: extreme right wing, redneck, homophobic, sexist, bible-thumping,  mining sector puppet, climate change-denying dinosaur #ausvotes",25755258,"aggressively pious, preachy, or moralizing",religion,commenting,false,
Bible-thumping,23045317531,2010-09-05,@anniewestdotcom  I don't mean enforced Radio One John Murray listening.....I mean Bible-thumping and Taig-baiting.,139643092,"aggressively pious, preachy, or moralizing",religion,commenting,false,
Bible-thumping,23046005552,2010-09-05,"RT @Cruisin_Music: Abbott: extreme right wing, redneck, homophobic, sexist, bible-thumping,  mining sector puppet, climate change-denyin ...",167638520,"aggressively pious, preachy, or moralizing",religion,commenting,false,
Bible-thumping,23072336170,2010-09-05,"""Prop 8 - The Musical"" starring Jack Black, John C. Reilly, http://t.co/qgDwoXK via @youtube Shows bible thumping idiots are stupid, stupid",16315028,"aggressively pious, preachy, or moralizing",religion,commenting,false,
Bible-thumping,23072628155,2010-09-05,"""Prop 8 - The Musical"" starring Jack Black, John C. Reilly, http://t.co/qgDwoXK via @youtube Shows bible thumping ... http://bit.ly/apPXFt",44227356,"aggressively pious, preachy, or moralizing",religion,article_sharing,false,
Bible-thumping,23092777329,2010-09-05,"@lukeclement Get out of here, you damn bible thumping conservative! Power to the hippies!! jkjk ilu",109955850,"aggressively pious, preachy, or moralizing",religion,commenting,false,
Bible-thumping,23094548073,2010-09-05,"I am a pistol packing, Bible thumping, horse riding, God fearing, ultra Conservative, red blooded American. You have a problem with that",30663693,"aggressively pious, preachy, or moralizing",religion,commenting,false,
Bible-thumping,23122793764,2010-09-06,"ok so i have officially changed my fave X files ep to ""signs and wonders"". gotta love those wacky snake handling bible thumping retards!",179701077,"aggressively pious, preachy, or moralizing",religion,commenting,false,
Bible-thumping,23239423270,2010-09-07,"Dear Sheep of America (poor, ignorant, bible thumping voters), the GOP is a wolf in sheeps clothing, preying on u for personal gain. WAKE UP",183022833,"aggressively pious, preachy, or moralizing",religion,commenting,false,
Bible-thumping,23242332654,2010-09-07,RT @atheistsheaven: Forum: Just another bible thumping atheist #atheist #atheism #antitheist #religion #christian #bible #islam #koran h ...,155919841,"aggressively pious, preachy, or moralizing",religion,commenting,false,
Bible-thumping,23262001349,2010-09-07,Wonders how may Americans will ultimately be hurt if that idiotic group of bible thumping jackwagons in FL decide 2 burn the Koran on 9/11?,110552898,"aggressively pious, preachy, or moralizing",religion,commenting,false,
Bible-thumping,23880100485,2010-09-08,"how u gonna burn the koran in protest of islam on 9/11 you ignorant, bible thumping, hypocrite! try reading it dummy u might learn something",149018441,"aggressively pious, preachy, or moralizing",religion,commenting,false,
Bible-thumping,23909619339,2010-09-08,What to do about Bible-thumping students in the science classroom: http://tinyurl.com/2eukumo,21866842,"aggressively pious, preachy, or moralizing",religion,article_sharing,false,
Bible-thumping,23933389634,2010-09-08,What to do about Bible-thumping students in the science classroom ....,188410124,"aggressively pious, preachy, or moralizing",religion,commenting,false,
Bible-thumping,23936662088,2010-09-08,"I'd rather have a 'foreign born Muslim' for my POTUS than an uneducated, bible-thumping hypocrite from Alaska. #Thatisall",23156750,"aggressively pious, preachy, or moralizing",religion,commenting,false,
Bible-thumping,23939484270,2010-09-08,"@GStuedler Really. He is a propagandist, an attention-seeking redneck, bible-thumping liar. For starters. And he hates America & our troops.",7619982,"aggressively pious, preachy, or moralizing",religion,commenting,false,
Bible-thumping,23940854602,2010-09-08,i never can understand Bible Thumping Hypocrites who do hateful things in the name of church. i thought it wasnt our place to judge.,19044399,"aggressively pious, preachy, or moralizing",religion,criticism,false,
Bible-thumping,23940975097,2010-09-08,RT @CherrellRene: i never can understand Bible Thumping Hypocrites who do hateful things in the name of church. i thought it wasnt our p ...,70335023,"aggressively pious, preachy, or moralizing",religion,criticism,false,
Bible-thumping,23941333063,2010-09-08,@Shadow_stallion This bible thumping ass-clown will have blood on his hands,138914345,"aggressively pious, preachy, or moralizing",religion,commenting,false,
Bible-thumping,23947411532,2010-09-08,"@vinnipukh As usual, we see eye-to-eye. I hope that Bible-thumping bastard falls in. (They were refused a permit to burn, FYI.)",46479729,"aggressively pious, preachy, or moralizing",religion,criticism,false,
Bible-thumping,23963675265,2010-09-09,why is there always some holy rolling bible thumping black girl model thats never been exposed to anything always picked to be on #ANTM,17599061,"aggressively pious, preachy, or moralizing",religion,commenting,false,
Bible-thumping,23963765716,2010-09-09,RT @KimWeber: why is there always some holy rolling bible thumping black girl model thats never been exposed to anything always picked t ...,17796829,"aggressively pious, preachy, or moralizing",religion,commenting,false,
Bible-thumping,23976913693,2010-09-09,"fb Susan Adada really?!!? some ignorant, radical, bible thumping buffalo bill lookin', saggy redneck from GAINESVI... http://bit.ly/dByLSv",23364862,"aggressively pious, preachy, or moralizing",religion,article_sharing,false,
Bible-thumping,24563341182,2010-09-15,I'm loving the Bible-Thumping bigots in the Tea Party. The Republicans are getting eaten by their children.,15016547,"aggressively pious, preachy, or moralizing",religion,commenting,false,
Bible-thumping,24575695754,2010-09-15,RT @OvidPerl: I'm loving the Bible-Thumping bigots in the Tea Party. The Republicans are getting eaten by their children.,15203581,"aggressively pious, preachy, or moralizing",religion,commenting,false,
Bible-thumping,24590838174,2010-09-15,A guy just gave an entertaining presentation in the style of the Sham-Wow guy crossed with a Bible-thumping preacher. W/e he's selling I buy,24299103,"aggressively pious, preachy, or moralizing",religion,commenting,false,
Bible-thumping,24597437320,2010-09-15,"@Samosaur Terrific. The more insufferable Bible-thumping hypocrites become, the happier I am that I don't support organized religion.",1256311,"aggressively pious, preachy, or moralizing",religion,commenting,false,
Bible-thumping,24601316262,2010-09-15,Florida really needs better radio. So many bible thumping and country stations.,16789847,"aggressively pious, preachy, or moralizing",religion,commenting,false,
Bible-thumping,24632226216,2010-09-16,"To which my teen son replied, ""I thought that was called bible thumping."" LMAO! #atheist #atheism",34872935,"aggressively pious, preachy, or moralizing",religion,commenting,false,
Bible-thumping,24777821331,2010-09-17,"It is useless to try to have a rational discussion w/ @BenWeasel -he's a Palin-loving, bible thumping neo-con. Ted Nugent of Punk Rock.",65469360,"aggressively pious, preachy, or moralizing",religion,commenting,false,
Bible-thumping,24781823730,2010-09-17,Thinks separation of church & state makes the repeal of #DADT necessary.... So why did my Bible thumping students disagree w/me?,24954174,"aggressively pious, preachy, or moralizing",religion,commenting,false,
Bible-thumping,24800829288,2010-09-17,"The American, right-wing, evangelist fucknuts scare the shit out of us. Bible thumping assholes plying the platitude among the useful idiots",30071492,"aggressively pious, preachy, or moralizing",religion,criticism,false,
Bible-thumping,24802757259,2010-09-17,"RT @idiotpatch: It is useless to try to have a rational discussion w/ @BenWeasel -he's a Palin-loving, bible thumping neo-con. Ted Nugen ...",43179535,"aggressively pious, preachy, or moralizing",religion,commenting,false,
Bible-thumping,24809681092,2010-09-18,now watch some bible thumping bastard come around and ruin oh wait my husband is here,96660952,"aggressively pious, preachy, or moralizing",religion,criticism,false,
Bible-thumping,24815451612,2010-09-18,WORD. RT @FreeChildhood: I hate when bible-thumping Jesus-worshippers hate on government support for the less fortunate. Fucking hypocrites.,20882259,"aggressively pious, preachy, or moralizing",religion,criticism,false,
Bible-thumping,26440929676,2010-10-05,"""Bible-Thumping at the Air Force Academy""  @  http://pa-rocks-ramble.blogspot.com/2010/10/bible-thumping-at-air-force-academy.html",51785311,"aggressively pious, preachy, or moralizing",religion,article_sharing,false,
Bible-thumping,26463468115,2010-10-05,@JaguarGabriel I like to piss my bible thumping cousin off when I tell him Xmas evolved from the pagan tradition of celebrating the &gt;&gt;,189977866,"aggressively pious, preachy, or moralizing",religion,commenting,false,
Bible-thumping,26478405717,2010-10-05,"RT @HereticChick Seriously, cannot understand how you can be gay AND a bible-thumping Christian. The ultimate contradiction!",24345879,"aggressively pious, preachy, or moralizing",religion,commenting,false,
Bible-thumping,26483654792,2010-10-05,"Christine O'Donnell: Virgo earth Rooster, yin earth & yin earth plus metal. This asexual Bible-thumping freak is affirmative hell.",172538459,"aggressively pious, preachy, or moralizing",religion,commenting,false,
Bible-thumping,26493339506,2010-10-05,"@StopBeck According to my Bible-thumping sources, you're already going. At least it's warmer than Detroit. XD",124783936,"aggressively pious, preachy, or moralizing",religion,commenting,false,
Bible-thumping,26504181997,2010-10-06,"What does a crying baby, plus 2 bible thumping/prayer reciting/loud girls equal? One annoyed S.O.B.  #blaaaaaahhhhh",34997731,"aggressively pious, preachy, or moralizing",religion,commenting,false,
Bible-thumping,27042989017,2010-10-11,@Randi415510 I wish the Bible thumping jackasses who prowl my subdivision would be like that. They make me want to dump boiling oil on them.,17883811,"aggressively pious, preachy, or moralizing",religion,commenting,false,
Bible-thumping,27067457740,2010-10-11,"I REFUSE to hail you and call you a ""wonderful mother"". You're the opposite, you homophobic, bible thumping BITCH. Let her live her life.",188791700,"aggressively pious, preachy, or moralizing",religion,criticism,false,
Bible-thumping,27102371173,2010-10-12,"@LeslieMarshall Obama claims 2 b Christian,Bible thumping guru Jeramiah Wright, & he actively plays race card inciting race riots in USA.",157851432,"aggressively pious, preachy, or moralizing",religion,commenting,false,
Bible-thumping,27130918509,2010-10-12,"RT @LeslieMarshall: Lack of knowledge and lack of tact on social issues, is the tea party just a group of bible thumping GOP candidates? ...",29750890,"aggressively pious, preachy, or moralizing",religion,commenting,false,
Bible-thumping,27167183527,2010-10-12,"@lizzwinstead @ilyseh @MSNBC #hotrepublicanwomen sponsored  by middle aged, ignorant, bible-thumping,Viagra-popping, porn-humping white men",20460634,"aggressively pious, preachy, or moralizing",religion,commenting,false,
Bible-thumping,27172729541,2010-10-12,It makes /me/ uncomfortable when other people make another group of people uncomfortable by bible-thumping or not being open/,58879480,"aggressively pious, preachy, or moralizing",religion,commenting,false,
Bible-thumping,380452795842561,2010-11-05,I wonder do @MCHammer feel stupid for making that wack ass bible thumping song #deviltweet,187695074,"aggressively pious, preachy, or moralizing",religion,commenting,false,
Bible-thumping,389731502260224,2010-11-05,"""im a wholesome, god-fearing, bible thumping man"" #liesthateddietells @Phlight3000",92854966,"aggressively pious, preachy, or moralizing",religion,commenting,false,
Bible-thumping,389912314515456,2010-11-05,"RT @Eh_Kees: ""im a wholesome, god-fearing, bible thumping man"" #liesthateddietells @Phlight3000",109914315,"aggressively pious, preachy, or moralizing",religion,commenting,false,
Bible-thumping,551337863417856,2010-11-05,great way to start my day- almost got hit by some bible thumping crazy ass bitch single-mindedly focused on a parking spot by the church B|,28353879,"aggressively pious, preachy, or moralizing",religion,criticism,false,
Bible-thumping,599129591906304,2010-11-05,"says ""Yes, I am a bible thumping, close minded Jesus Freak thanks for noticing.""",131248865,"aggressively pious, preachy, or moralizing",religion,commenting,false,
Bible-thumping,609749070512128,2010-11-05,"Forgot the link. Why must Republicans live up to their Bible-thumping, hillbilly image? http://j.mp/bSpdw0",15175214,"aggressively pious, preachy, or moralizing",religion,commenting,false,
Bible-thumping,629207679901696,2010-11-05,HARD to believe MSM @MSNBC & #CNN Threw us #p2 under the bus for BRAINLESS BIBLE THUMPING FAKE JESUS HILLBILLIES !~ Will do the SAME,16082787,"aggressively pious, preachy, or moralizing",religion,commenting,false,
Bible-thumping,629315381235713,2010-11-05,RT @slackadjuster: HARD to believe MSM @MSNBC & #CNN Threw us #p2 under the bus for BRAINLESS BIBLE THUMPING FAKE JESUS HILLBILLIES !~ W ...,28357652,"aggressively pious, preachy, or moralizing",religion,commenting,false,
Bible-thumping,652721900228608,2010-11-05,"""bible thumping steeple fuck, you are the worst of all scum""",20728388,"aggressively pious, preachy, or moralizing",religion,criticism,false,
Bible-thumping,659544292200450,2010-11-05,I hope my bible thumping grandparents enjoy that I bought a tarot deck and a marriage equality bracelet with my birthday money from them.,16600087,"aggressively pious, preachy, or moralizing",religion,casual_conversation,false,
Bible-thumping,1942325861285888,2010-11-09,random bible thumping valleygirls following me on twitter.. so very very lame,92969732,"aggressively pious, preachy, or moralizing",religion,commenting,false,
Bible-thumping,2005025261879296,2010-11-09,@RadarEcho Delusional BS of the bible thumping right wing crazies.  Why can't they just leave our gay friends alone?,56813667,"aggressively pious, preachy, or moralizing",religion,commenting,false,
Bible-thumping,2033905284685824,2010-11-09,I just put marbury #inthebox.  Coulndt take the bible thumping anymore.....what happened to eating vaseline and singing?  I miss that.,69568240,"aggressively pious, preachy, or moralizing",religion,commenting,false,
Bible-thumping,2098865629044736,2010-11-09,"@icedborscht I happen to have a rare, NOSEY neighbor. When I moved in years ago, i was single, so this elderly bible-thumping couple...",14896016,"aggressively pious, preachy, or moralizing",religion,commenting,false,
Bible-thumping,2314285975871488,2010-11-10,"Global Warming denier, & Bible-thumping whackjob now wants to head the energy & commerce cmte. http://bit.ly/dyFxCY #p2",44155069,"aggressively pious, preachy, or moralizing",religion,article_sharing,false,
Bible-thumping,2373573079470080,2010-11-10,Just thought it may be useful to talk to yall instead of cliche quotes and bible thumping. Youtube.com/pincgator,20432404,"aggressively pious, preachy, or moralizing",religion,commenting,false,
Bible-thumping,2374582266757121,2010-11-10,RT @PINCGATOR: Just thought it may be useful to talk to yall instead of cliche quotes and bible thumping. Youtube.com/pincgator,19377117,"aggressively pious, preachy, or moralizing",religion,commenting,false,
Bible-thumping,2401410473791488,2010-11-10,"@Allie_Townsend // People don't play COD or Halo to get preached to. If you make headway, its because of friendship, not Bible thumping.",17029652,"aggressively pious, preachy, or moralizing",religion,commenting,false,
Bible-thumping,2449559171112960,2010-11-10,The bible-thumping white underclass have given a big boost to the corporate bottom line http://bit.ly/doUlyF,51235378,"aggressively pious, preachy, or moralizing",religion,article_sharing,false,
Bible-thumping,3228880785645568,2010-11-12,"So Liberals, How Does Being Patriotic Make You A Bible Thumping Redneck?: Personally I have known a lot of Latin... http://bit.ly/ci1O7e",174612793,"aggressively pious, preachy, or moralizing",religion,article_sharing,false,
Bible-thumping,3246601187368960,2010-11-13,"There you go, bible thumping again. The only thing prevailing is asshattery. And yes, that is a word.",136908323,"aggressively pious, preachy, or moralizing",religion,commenting,false,
Bible-thumping,3257136884744192,2010-11-13,"Eh, @MissRaissa bores me. Just another Bible-thumping, loud-mouthed, ignorant, closed-minded, preaching nitwit. #yawn",65064406,"aggressively pious, preachy, or moralizing",religion,commenting,false,
Bible-thumping,3443199393665024,2010-11-13,RT @SimonBishop: There should be at least one bible-thumping nutjob in Piccadilly Gardens. I feel like a bit of sport.,21889071,"aggressively pious, preachy, or moralizing",religion,commenting,false,
Bible-thumping,3570856827559936,2010-11-13,"...so your Bible thumping? Save it for someone who doesn't yet know His peace, because from day none, I've been blessed enough to know it.",22630999,"aggressively pious, preachy, or moralizing",religion,commenting,false,
Bible-thumping,3615624978763778,2010-11-14,"@Harmalicious she might. But what if im less than a fan of her. For all I know she's a bible thumping, gun carrying, meat loving Buffy hater",31451736,"aggressively pious, preachy, or moralizing",religion,commenting,false,
Bible-thumping,3638700147744768,2010-11-14,#nw #TheMist just to see the scene where this bible thumping b*tcfinally gets killed,57169876,"aggressively pious, preachy, or moralizing",religion,commenting,false,
Bible-thumping,3658523808374784,2010-11-14,"just schooled a conformist / Bible thumping / ignorant via facebook about marijuana use. im not even a stoner, just semi educated..",37551329,"aggressively pious, preachy, or moralizing",religion,commenting,false,
Bible-thumping,3778179697213440,2010-11-14,"@Nadine_MP Ha! The people no more trust bumbling, bible-thumping IDS with his brief than they would you as Health Secretary.",123669384,"aggressively pious, preachy, or moralizing",religion,commenting,false,
Bible-thumping,7097570845270016,2010-11-23,Its not even 8am. Those crazy bible thumping protesters need to give it a rest. I'm not even sure why they're protesting.,38990526,"aggressively pious, preachy, or moralizing",religion,criticism,false,
Bible-thumping,7171201948459009,2010-11-23,"Oh good. My bible-thumping sister just commented on my FB link looking for a ""main gay."" She said ""A main GAY?"" *blink* Ugh.",14732061,"aggressively pious, preachy, or moralizing",religion,commenting,false,
Bible-thumping,7210532998225921,2010-11-23,"QLD Labor, Just bible thumping bastards just Sir Joh. And so corrupt, they make rapists look so like angels. @TheQldPremier",28095883,"aggressively pious, preachy, or moralizing",religion,criticism,false,
Bible-thumping,7249283505979392,2010-11-24,"Bible-thumping to the extreme: RT @cnnbrk: Priest facing sex abuse charges tried to have accuser killed, police say http://on.cnn.com/gosAsM",17633987,"aggressively pious, preachy, or moralizing",religion,commenting,false,
Bible-thumping,7412458750738432,2010-11-24,"@PeterOuld 
Until today i imagined that Bible thumping and threatening eternal damnation was a thing of the past. Clearly not",148462764,"aggressively pious, preachy, or moralizing",religion,commenting,false,
Bible-thumping,7423373529317376,2010-11-24,"@revjean1 Then don't use language like ""bible thumping"" and ""threatening damnation"" in a derogatory manner",14088007,"aggressively pious, preachy, or moralizing",religion,commenting,false,
Bible-thumping,10687941332439040,2010-12-03,"@NBomb righfully so! If I wasn't so comfy on my couch, I'd find those bible thumping a-holes from Leslieville and march them over to you!",25365919,"aggressively pious, preachy, or moralizing",religion,commenting,false,
Bible-thumping,10720688805515264,2010-12-03,"@globewriter Ssshh! You'll scare off the healthy-eating, Bible-thumping, life-coaching tea bags following me. @MugOfAwkward @mudlarklives",20753548,"aggressively pious, preachy, or moralizing",religion,commenting,false,
Bible-thumping,10774690641477632,2010-12-03,@jburak1101 That is good to know. Feels like it sometimes. Lots of bible thumping hicks 2 fight w/here.,167489997,"aggressively pious, preachy, or moralizing",religion,commenting,false,
Bible-thumping,10907411246223360,2010-12-04,@donbov I guess it is always the pretty ones. She has a purple streak in her hair...I love purple...hate bible thumping.,14393068,"aggressively pious, preachy, or moralizing",religion,commenting,false,
Bible-thumping,10920213176385536,2010-12-04,"@luvtheheaven LOL! But my dad's side is like the biggest bible-thumping family you've ever met. LMAO, my dad lost his job awhile ago and...",52567534,"aggressively pious, preachy, or moralizing",religion,reaction,false,
Bible-thumping,11218141451386880,2010-12-05,"Love cam newton. Worth every penny of that 180k. Better than those bible-thumping boring white qb's at Bama, Texas, SC and Florida",21812347,"aggressively pious, preachy, or moralizing",religion,commenting,false,
Bible-thumping,11289666594545664,2010-12-05,For the geeks so loved Adam Baldwin that they were utterly dismayed to hear about his extreme bible-thumping. Jayne would disapprove. :(,15181093,"aggressively pious, preachy, or moralizing",religion,commenting,false,
Bible-thumping,11331348685918208,2010-12-05,"@mas_bella They're not all bible thumping, racist, elitists. Just like how not all Dems are European loving, tree hugging, Atheists.",23734368,"aggressively pious, preachy, or moralizing",religion,commenting,false,
Bible-thumping,11454868636049408,2010-12-05,"@meganphelps Oh, must have been a different Bible-thumping nutcase. My apologies, ma'am.",80452385,"aggressively pious, preachy, or moralizing",religion,commenting,false,
Bible-thumping,11520685910269952,2010-12-05,"@kath_brentford I know, way back in history I really envied catholic and jewish kids cos they didn't come in til bible thumping part was dun",46611555,"aggressively pious, preachy, or moralizing",religion,commenting,false,
Bible-thumping,13696049109536768,2010-12-11,Bible thumping coworker is getting increasingly more annoying everyday.,17343848,"aggressively pious, preachy, or moralizing",religion,commenting,false,
Bible-thumping,13704723534184448,2010-12-11,@kellyoxford fuck that wench and her bible thumping ideology.,28394074,"aggressively pious, preachy, or moralizing",religion,criticism,false,
Bible-thumping,13758469572141056,2010-12-12,"I just realized something watchin this movie, the only people I hate more than indians are bible thumping super christians.",33587574,"aggressively pious, preachy, or moralizing",religion,commenting,false,
Bible-thumping,13764740127916032,2010-12-12,2008 Election: The bible-thumping white underclass have given a b... http://t.co/P2AM1Ph,133987529,"aggressively pious, preachy, or moralizing",religion,commenting,false,
Bible-thumping,13809869840719872,2010-12-12,"If religion has taught us anything, it's that Ecstasy and bible thumping can make a sweet drum and bass song.",195124407,"aggressively pious, preachy, or moralizing",religion,commenting,false,
Bible-thumping,13810677613338624,2010-12-12,"@socialmoof Thanks, but it's actually kind of reassuring. I now know that I have at least 1 cousin who isn't a bible-thumping racist.",16562933,"aggressively pious, preachy, or moralizing",religion,commenting,false,
Bible-thumping,13814218964869120,2010-12-12,I feel like deleting My cousin on Facebook. She's a redundant bible thumping MORON!!! It's either delete her or kill her...,25364551,"aggressively pious, preachy, or moralizing",religion,criticism,false,Condemnation-first use of Bible-thumping.
Bible-thumping,13818336693460992,2010-12-12,"A transgender female was harassed by a selfish, hateful, bible-thumping DMV clerk-http://bit.ly/hq3AL6. I'm glad the clerk was suspended.",200412119,"aggressively pious, preachy, or moralizing",religion,article_sharing,false,
Bible-thumping,13855593945104384,2010-12-12,"well, you managed to use me. No amount of bible thumping can save your demon soul now.",148185517,"aggressively pious, preachy, or moralizing",religion,commenting,false,
Bible-thumping,20287561096241152,2010-12-30,"OMISSION, CHERRY PICKING, SPINNING, EQUIVOCATING all fall under the DISHONESTY umbrella. A la carte Bible Thumping is self-serving claptrap.",30833130,"aggressively pious, preachy, or moralizing",religion,commenting,false,
Bible-thumping,20330834644963328,2010-12-30,"I'm a pistol packing,Bible thumping,horse riding,God fearing,ultra Conservative, red blooded,female American.You have a problem with that.",30663693,"aggressively pious, preachy, or moralizing",religion,commenting,false,
Bible-thumping,20584614338760704,2010-12-30,#newyeariscoming ill be in Detroit...thinking about hitting up Perfecting Church...hit me up...where is the bible thumping church in the D?,175770277,"aggressively pious, preachy, or moralizing",religion,commenting,false,
Bible-thumping,20590862639562752,2010-12-30,Why is this woman in the beauty parlor bible thumping,51240999,"aggressively pious, preachy, or moralizing",religion,commenting,false,
Bible-thumping,20631370036420608,2010-12-31,"@Pattyoboe these days there are unbelievably detailed curricula available ... of course, many of them have a bible-thumping bent ...",15762688,"aggressively pious, preachy, or moralizing",religion,commenting,false,
God,7555947338,2010-01-09,"*Wanders down the road, unable to sleep. Glances across the road and notices @ReinettePoisson* Oh My God... Madame De Pompadour?!",101246332,the deity; including use in religious reference and as exclamation/emphasis,religion,reaction,false,
God,7555947447,2010-01-09,"@qaphsiel god. He's a bastard. Just like Dumbledore. In other words, a fictional bastard.",45458704,the deity; including use in religious reference and as exclamation/emphasis,religion,commenting,false,
God,7555947803,2010-01-09,Thank God for good movies!!!,102445905,the deity; including use in religious reference and as exclamation/emphasis,religion,reaction,false,
God,7555949178,2010-01-09,"trisha5751909 wrote a new blog post: Buy Immediately - Aguirre, the Wrath of God See It Right Now!: trisha57519.. http://bit.ly/8d0FXz",36706326,the deity; including use in religious reference and as exclamation/emphasis,religion,article_sharing,false,
God,7555949353,2010-01-09,"Sweet you, thanks god I have u dear :)",41303878,the deity; including use in religious reference and as exclamation/emphasis,religion,commenting,false,
God,7555950716,2010-01-09,Genesis 17 - God comes to Abram and promises descendants again. Abram laughs - makes things awkward. God commands circumcision.,40262522,the deity; including use in religious reference and as exclamation/emphasis,religion,commenting,false,
God,7555950949,2010-01-09,"Having thawed out off to Ellerton, Prees and Calverhall in that order to visit friends and take photo's God its good to be alive",61296248,the deity; including use in religious reference and as exclamation/emphasis,religion,commenting,false,
God,7555952140,2010-01-09,God of fire grant mercy on my ring,37538544,the deity; including use in religious reference and as exclamation/emphasis,religion,commenting,false,
God,7934276152,2010-01-19,Thank God my aunt is a nurse! I feel better already,81448145,the deity; including use in religious reference and as exclamation/emphasis,religion,reaction,false,
God,7934276392,2010-01-19,I should probably go to bed. But thatd be to easy. Auto show tomorrow. Thank god for no classes.,28464254,the deity; including use in religious reference and as exclamation/emphasis,religion,reaction,false,
God,7934276667,2010-01-19,RT @WhoButMy #donttalktome if u dont believe in GOD.. &lt;preachhh!,58633066,the deity; including use in religious reference and as exclamation/emphasis,religion,commenting,false,
God,7934278015,2010-01-19,I swear my fam moved while I left...lol...im still standing here waiting and I live 5minutes away haha...thank god for twitter,30091101,the deity; including use in religious reference and as exclamation/emphasis,religion,reaction,false,
God,7934278206,2010-01-19,Goodnight everybody may God watch over you wherever you are. Peace and love to all of my internet family.,54704438,the deity; including use in religious reference and as exclamation/emphasis,religion,self_description,false,
God,7934278680,2010-01-19,"God, give me a boyfriend.",56206488,the deity; including use in religious reference and as exclamation/emphasis,religion,reaction,false,
God,7934279133,2010-01-19,arite twitter im out. good twight and God Bless :),41302368,the deity; including use in religious reference and as exclamation/emphasis,religion,self_description,false,
God,7934280301,2010-01-19,"Looking @ Recording packages on guitar center website for my future recording studio. :) God, I miss making music...",61532944,the deity; including use in religious reference and as exclamation/emphasis,religion,commenting,false,
God,7934281186,2010-01-19,"I want to find these guys that go to my gym on twitter, my god they are FOIN",25898696,the deity; including use in religious reference and as exclamation/emphasis,religion,reaction,false,
God,7934281613,2010-01-19,RT @Atrains_world Just letting God do his work right now. I know he has a BIGGER plan than the bs I'm goin through right now.Smh Feel U 100%,87613663,the deity; including use in religious reference and as exclamation/emphasis,religion,commenting,false,
God,8039416035,2010-01-21,Ah! The rain is so depressing. Almost as if God were crying. What have we done to piss him off?,106483602,the deity; including use in religious reference and as exclamation/emphasis,religion,commenting,false,
God,8039418137,2010-01-21,@Erickavv God save us......,94700063,the deity; including use in religious reference and as exclamation/emphasis,religion,reaction,false,
God,8039418301,2010-01-21,@DjTeknikz  @AllStarrDaGreat - I Swear 2 God Video on ONSMASH  http://videos.onsmash.com/v/F9xUDgCSHzJGKh6P @HaHzyRu,26432811,the deity; including use in religious reference and as exclamation/emphasis,religion,article_sharing,false,
God,8039418438,2010-01-21,"God blass this UPS guy, I came home to put a note for him, and he came that very second. #dopeski",18976254,the deity; including use in religious reference and as exclamation/emphasis,religion,commenting,false,
God,8039418789,2010-01-21,i love Jimmy Pop! He is GOD!,106986616,the deity; including use in religious reference and as exclamation/emphasis,religion,commenting,true,Irony audit: Clearly hyperbolic nonliteral praise.
God,8039420026,2010-01-21,@sjweitzel You're welcome for the RTs. God Bless!,21515246,the deity; including use in religious reference and as exclamation/emphasis,religion,self_description,false,
God,8039420355,2010-01-21,@stephie423 wow I haven't had a McRib in god knows how long.... I wonder if Ill still like it... Lol,16959361,the deity; including use in religious reference and as exclamation/emphasis,religion,reaction,false,
God,8039421002,2010-01-21,When You Have A Vision From GOD On The Inside. You Won't Let What You See On The Outside Affect Your Faith.,24720615,the deity; including use in religious reference and as exclamation/emphasis,religion,self_description,false,
God,8039421916,2010-01-21,@Missinfo  #ISUPPORTNJ @AllStarrDaGreat - I Swear 2 God Video on ONSMASH http://videos.onsmash.com/v/F9xUDgCSHzJGKh6P @HaHzyRu,42574940,the deity; including use in religious reference and as exclamation/emphasis,religion,article_sharing,false,
God,8039422142,2010-01-21,Ohh GOD! give me strength!! I know you are here near me.. i can feel you.. i can breath you :),39933165,the deity; including use in religious reference and as exclamation/emphasis,religion,self_description,false,Prayer-like devotional statement.
God,8383899352,2010-01-29,LOL. My dad is watching such a crappy film. God knows how he finds these...it's hilarious xD,18848106,the deity; including use in religious reference and as exclamation/emphasis,religion,reaction,false,
God,8383900120,2010-01-29,"""Now behold The Lamb, the precious Lamb of God..."" Assistam: http://www.youtube.com/watch?v=zXzfhG9NvFw",89605823,the deity; including use in religious reference and as exclamation/emphasis,religion,article_sharing,false,
God,8383900479,2010-01-29,RT @IMluvinMe:  RT @grammynomyon:  What's up I wish u tha best  god bless u...Snap sum pics so we can c u lookin so fresh nd so clean,46004869,the deity; including use in religious reference and as exclamation/emphasis,religion,self_description,false,
God,8383900803,2010-01-29,@xo_sarahyoung ilike the song2 ilike Scandanavia.....&lt;33 FAVE EVER. KEVIN IS GOD,36831930,the deity; including use in religious reference and as exclamation/emphasis,religion,commenting,true,Irony audit: Clearly hyperbolic nonliteral praise.
God,8383901239,2010-01-29,@kamelledmills they didn't want to forfeit our spot in the tourny so we were going to go anyway but we're back at SMU and staying Praise God,55022038,the deity; including use in religious reference and as exclamation/emphasis,religion,self_description,false,
God,8383901672,2010-01-29,Theres nothing to do god iM bored,62197250,the deity; including use in religious reference and as exclamation/emphasis,religion,commenting,false,
God,8383901695,2010-01-29,"@Sunfell @redeyeskye72 @fenraven Oh god, yeah. PH. You'd need fumigating. He draws obscene images on pics, Is he 12? He thinks that's funny?",69911278,the deity; including use in religious reference and as exclamation/emphasis,religion,reaction,false,Short affective outburst.
God,8383901832,2010-01-29,fox news on south park ..... uahauhauhauhaua oh my god they killed kenny!!!,13470542,the deity; including use in religious reference and as exclamation/emphasis,religion,reaction,false,
God,8383902522,2010-01-29,"RT @worldprayr: God is the light that shows me the way, for there is nothing        that God cannot do.",61376823,the deity; including use in religious reference and as exclamation/emphasis,religion,commenting,false,
God,8383902554,2010-01-29,What the fuck! Fake tea lights.....oh god,91352448,the deity; including use in religious reference and as exclamation/emphasis,religion,reaction,false,
God,8722105207,2010-02-06,@tommcfly back to the future &lt;3 god I miss that movie,95482219,the deity; including use in religious reference and as exclamation/emphasis,religion,commenting,false,
God,8722107173,2010-02-06,"@madswinther Oh God, that's awful. I hope she's okay.",33853892,the deity; including use in religious reference and as exclamation/emphasis,religion,reaction,false,
God,8722107520,2010-02-06,RT @dahara: God doesn't require us to succeed; he only requires that you try. ~Mother Teresa #quote,22711668,the deity; including use in religious reference and as exclamation/emphasis,religion,commenting,false,
God,8722107584,2010-02-06,"Good News - car passes MOT with little problem!!
Bad News - Now needs new clutch
God has a wicked sense of humour",84840133,the deity; including use in religious reference and as exclamation/emphasis,religion,commenting,false,
God,8722108118,2010-02-06,My stomach was hurtin sooo badly yesterday. It feels a lot better today...thank God,35916907,the deity; including use in religious reference and as exclamation/emphasis,religion,reaction,false,
God,8722108518,2010-02-06,"Seruu tau man! RT @amandaveb: At first I really wish to have 6th sense, but after reading @christabunga 's tweets, I thank god that he doesn",37670844,the deity; including use in religious reference and as exclamation/emphasis,religion,commenting,false,
God,8722109182,2010-02-06,Goodmorning god is good ain't he,29892315,the deity; including use in religious reference and as exclamation/emphasis,religion,commenting,false,
God,8722109888,2010-02-06,at tha ER chillin with the krew glad to know my nigga boobies is fine thank god,76415540,the deity; including use in religious reference and as exclamation/emphasis,religion,reaction,false,
God,8722111090,2010-02-06,"White! everywhere! God bless those doing insanity this morning, i will not be joining you.",18593068,the deity; including use in religious reference and as exclamation/emphasis,religion,self_description,false,
God,8722111755,2010-02-06,"I KNEW IT! Some people are blaming Obama for this storm. God, these morons are sooo predictable!",15741874,the deity; including use in religious reference and as exclamation/emphasis,religion,commenting,false,
God,9130310657,2010-02-15,"@Shiznigablis Oh god, do it.  Worst.  Sound.  Ever.",85171759,the deity; including use in religious reference and as exclamation/emphasis,religion,reaction,false,
God,9130311982,2010-02-15,@JenniFren cool I was at Grace today...  We were talking about God's vision of marraige,22174339,the deity; including use in religious reference and as exclamation/emphasis,religion,commenting,false,
God,9130312111,2010-02-15,hmmmmm........feel lyk havin choco lava rite naw....along wd cheese burst...god help me!!!!,102299934,the deity; including use in religious reference and as exclamation/emphasis,religion,reaction,false,Short affective outburst.
God,9130312334,2010-02-15,@KashMariee asked for what ? and good god ! haha,111579499,the deity; including use in religious reference and as exclamation/emphasis,religion,commenting,false,
God,9130313167,2010-02-15,@MzKimbo_ understandable....im by myself too!!! thank God for webcams tho....lol,78985058,the deity; including use in religious reference and as exclamation/emphasis,religion,reaction,false,
God,9130313829,2010-02-15,Back to Bang ... Had a wonderful trip to God's own country ..,21236461,the deity; including use in religious reference and as exclamation/emphasis,religion,commenting,false,
God,9130314107,2010-02-15,"#Shoutout to J.Hill, Meilia, Mo, B.Moore, Re, B.Swin, Court, Spittu & Shunta! GOD, I HUMBLY THANK YOU FOR ALL OF YOUR BLESSINGS!!!!!!! =)",68864478,the deity; including use in religious reference and as exclamation/emphasis,religion,commenting,false,
God,9130315820,2010-02-15,"RT @dewianaliku: RT @zulhamyoga god,please take me out.i'm in hell :( http://myloc.me/3Q6s1",47302010,the deity; including use in religious reference and as exclamation/emphasis,religion,commenting,false,
God,9130316260,2010-02-15,God I love three days weekends!,14496781,the deity; including use in religious reference and as exclamation/emphasis,religion,reaction,false,Short affective outburst.
God,9130317901,2010-02-15,@NTJBisLOSTinLGR oh my god.. u didn't know??? i saw that somewhere! hmmmm.... *runs to check it*,58137261,the deity; including use in religious reference and as exclamation/emphasis,religion,reaction,false,
God,9377264402,2010-02-20,Today as you all know is a very special day as it is the Day of God Shani,100251614,the deity; including use in religious reference and as exclamation/emphasis,religion,commenting,false,
God,9377265372,2010-02-20,@bermada Well this season is gonna b super interesting.....God they're fucking with us again I just know it !,90552933,the deity; including use in religious reference and as exclamation/emphasis,religion,reaction,false,Short affective outburst.
God,9377265526,2010-02-20,God Golly i have to go now :o Bye de bye!!,50256589,the deity; including use in religious reference and as exclamation/emphasis,religion,commenting,false,
God,9377267424,2010-02-20,"God. I'm still alive - that's quite a shocker. One severely bloodshot eye, a hell of a hangover and a ropey cough. Round 2 starts soon.",17593278,the deity; including use in religious reference and as exclamation/emphasis,religion,commenting,false,
God,9377268829,2010-02-20,"back at home more new meds,good morning and god bless and have a wonderful weekend: http://chatter.com/a/22yqo",100472426,the deity; including use in religious reference and as exclamation/emphasis,religion,self_description,false,
God,9377269523,2010-02-20,God iz my EVERYTHING!,51259056,the deity; including use in religious reference and as exclamation/emphasis,religion,commenting,false,
God,9377269689,2010-02-20,"Just because (Eddie Murphy, ""My God is Color Blind"" http://www.youtube.com/watch?v=JPsEZOuHKz8 http://ff.im/-gfKTV",14716703,the deity; including use in religious reference and as exclamation/emphasis,religion,article_sharing,false,
God,9377273048,2010-02-20,Tattoo party ain't even qet tatted ... to be continued 2morrow.. Thank God I took off of work!,98735896,the deity; including use in religious reference and as exclamation/emphasis,religion,reaction,false,
God,9377275558,2010-02-20,"Nyewo badut ancol ae RT @AkifatusZakiyah: God, I beg u for happiness, that's it! I beg u God!",41068470,the deity; including use in religious reference and as exclamation/emphasis,religion,commenting,false,
God,9377276368,2010-02-20,"my eyes r dry, finally headn 2 bed, cnt wait 2 c tha fam 2mrw.God bless Haiti!",28720695,the deity; including use in religious reference and as exclamation/emphasis,religion,self_description,false,
God,9791188568,2010-02-28,"@sillyheathen Oh God, I know. I had to hurry that tweet because others were watching.",10199112,the deity; including use in religious reference and as exclamation/emphasis,religion,reaction,false,
God,9791189719,2010-02-28,"He's an on time God, Yes he is Oh..On time God...Yes he is,He may not come when you want him.. But he'll be there right on time..",23219954,the deity; including use in religious reference and as exclamation/emphasis,religion,commenting,false,
God,9791189758,2010-02-28,"and i realised i don't like chat roulette. I even feel bad to next someone. God, i'm not using it anymore.",43646209,the deity; including use in religious reference and as exclamation/emphasis,religion,commenting,false,
God,9791190000,2010-02-28,"Prayer went well today, amen and thanks to God for the words.",24642373,the deity; including use in religious reference and as exclamation/emphasis,religion,commenting,false,
God,9791190254,2010-02-28,"RT @ConanOBrien: This is only my 5th tweet and I’m already exhausted. My God, how does Ashton do it?",28821517,the deity; including use in religious reference and as exclamation/emphasis,religion,reaction,false,
God,9791191042,2010-02-28,@clueless_bimbo My god! Dedication! ;) @30secondstomars are so lucky to have such hardcore fans like you. :) Hahaa,64560668,the deity; including use in religious reference and as exclamation/emphasis,religion,reaction,false,
God,9791191786,2010-02-28,Amazing morning @monroechapel! So excited to see what God does through us over the next month!,12050932,the deity; including use in religious reference and as exclamation/emphasis,religion,commenting,false,
God,9791192553,2010-02-28,RT @iamdiddy: Do you BELIEVE in GOD????? #IBELIEVE !!!!!!!!!!!!!!!!!! Rt and let the world know!!! #IBELIEVE !!!!!!!,31526126,the deity; including use in religious reference and as exclamation/emphasis,religion,commenting,false,
God,9791192770,2010-02-28,@kiima7 lls I don't have my son till tonite thank god lol,62541426,the deity; including use in religious reference and as exclamation/emphasis,religion,reaction,false,
God,9924329819,2010-03-03,"RT @soulsupply: THINKING TINKERING: ""Satan's hate filled venom is the poison of distrust in my love-filled God."" http://myloc.me/4oDp5",77369374,the deity; including use in religious reference and as exclamation/emphasis,religion,commenting,false,
God,9924329836,2010-03-03,"Dear God, thank you for taking care of us through sickness and health. Heal, comfort, restore & renew us. In Jesus' name, Amen.",21743673,the deity; including use in religious reference and as exclamation/emphasis,religion,self_description,false,Prayer/devotional statement.
God,9924329851,2010-03-03,@smsutherland    Hope everyone has a great Wednesday! //Thk u..U2 God Bless,69951028,the deity; including use in religious reference and as exclamation/emphasis,religion,self_description,false,
God,9924330196,2010-03-03,Im super hungry like oh my god!!,65730086,the deity; including use in religious reference and as exclamation/emphasis,religion,reaction,false,
God,9924332070,2010-03-03,saw a beautiful blue jay this morning! God is awesome!,24034080,the deity; including use in religious reference and as exclamation/emphasis,religion,commenting,false,
God,9924332381,2010-03-03,"@Sundaytwist ohhh, god. Thats a good name for it!",18528929,the deity; including use in religious reference and as exclamation/emphasis,religion,commenting,false,
God,9924333261,2010-03-03,RT: @Feel_Like_God: @josephjeevan Guess it was okay...Saw many seniors from #Fisat also...Its the first time im comin to #Poornam..lovd it!,10816692,the deity; including use in religious reference and as exclamation/emphasis,religion,commenting,false,
God,9924333465,2010-03-03,Oh my god now I'm going to punch someone. Possibly I shouldn't read reviews on goodreads.,14856861,the deity; including use in religious reference and as exclamation/emphasis,religion,reaction,false,
God,9924333652,2010-03-03,"God is good, all the time! http://bit.ly/ctyCbk",118794833,the deity; including use in religious reference and as exclamation/emphasis,religion,article_sharing,false,
God,9924333661,2010-03-03,"@shreyaghoshal Had a great day with ur superb words today !! Sorry for crapiness ,but being the biggest fan of God is not at all easy :):)",98597788,the deity; including use in religious reference and as exclamation/emphasis,religion,commenting,false,
God,10007901514,2010-03-05,"@FarahKhanAli   if we be honest with our self then we will fnd the god, we human we are not honest and loyal to our self.",35219105,the deity; including use in religious reference and as exclamation/emphasis,religion,commenting,false,
God,10007901671,2010-03-05,RT @djoptimistic: Be gratefull for what you have...cause many others dont nearly have what you have. Thank god for that,82976357,the deity; including use in religious reference and as exclamation/emphasis,religion,reaction,false,
God,10007901673,2010-03-05,SO EXCITED!!! I finally found my two cousins Cathy and Barbie...haven't talked to or seen them in about 10 years! God i love social network…,48443538,the deity; including use in religious reference and as exclamation/emphasis,religion,commenting,false,
God,10007901863,2010-03-05,Ask me something - I'm gone....hoping for a good day tomorrow God Bless! :) http://www.formspring.me/clarissaduuude,95776012,the deity; including use in religious reference and as exclamation/emphasis,religion,self_description,false,
God,10007902248,2010-03-05,"Esta genial RT @geoffkeighley http://twitpic.com/16o8e1 - Custom etched God of War 3 Slim PS3, from the set of Last Titan Standing",59100411,the deity; including use in religious reference and as exclamation/emphasis,religion,commenting,false,
God,10007902723,2010-03-05,"@smashedthehomie yes, give glory to God! *stomps foot*",12254972,the deity; including use in religious reference and as exclamation/emphasis,religion,commenting,false,
God,10007903968,2010-03-05,I feel so useless in high school. Its wearing me down. Wasting all of my time. There's so much more out there God wants me to do. I feel ...,101906167,the deity; including use in religious reference and as exclamation/emphasis,religion,commenting,false,
God,10007904018,2010-03-05,#letsbereal choosing God was the BEST decision I EVER made!,43296244,the deity; including use in religious reference and as exclamation/emphasis,religion,commenting,false,
God,10007904431,2010-03-05,I wanna go to shang hai ! I wanna watch super show 2 ! OH GOD ! At least let me watch it at KL??,40448760,the deity; including use in religious reference and as exclamation/emphasis,religion,reaction,false,
God,10007905868,2010-03-05,"God, I think I have A.D.D. I can't fucking concentrate",119227660,the deity; including use in religious reference and as exclamation/emphasis,religion,reaction,false,Short affective outburst.
God,10312650450,2010-03-11,@iamashleynicole But the video WILL be posted whenever it decides to finish being uploaded haha. Oh God its gonna be at like 3 am my time :(,21376636,the deity; including use in religious reference and as exclamation/emphasis,religion,commenting,false,
God,10312650579,2010-03-11,"hapi pbk po,,,to God be the glory",105711409,the deity; including use in religious reference and as exclamation/emphasis,religion,commenting,false,
God,10312650767,2010-03-11,Good morning beautiful people with all the terrible things happening around us...lets still thank God cuz it can be worse! God bless :D,50647618,the deity; including use in religious reference and as exclamation/emphasis,religion,reaction,false,
God,10312651747,2010-03-11,The Laws of God are Higher then the Laws of man.....,26880234,the deity; including use in religious reference and as exclamation/emphasis,religion,commenting,false,
God,10312652173,2010-03-11,"@crazy4JJ for god's sake, he doesnt need to fvckin SELL his body to get fame! But i think he wont do it, its just so not like him at all...",50609841,the deity; including use in religious reference and as exclamation/emphasis,religion,commenting,false,
God,10312652236,2010-03-11,RT @amelptr: HappyB @JoelMadden and @benjaminmadden God bless y'all (:,82057033,the deity; including use in religious reference and as exclamation/emphasis,religion,self_description,false,
God,10312653701,2010-03-11,@Angeltiger33 oh god please don't tell me that! Which scene so I can be prepared lol,25368727,the deity; including use in religious reference and as exclamation/emphasis,religion,reaction,false,
God,10312656009,2010-03-11,Playing Healing Hand Of God by Jeremy Camp from the album Speaking Louder Than Before - iTunes: http://tinyurl.com/yebmozc,104510824,the deity; including use in religious reference and as exclamation/emphasis,religion,commenting,false,
God,10312656398,2010-03-11,"if hate is a byproduct of love, then the devil is a byproduct of god.",56372460,the deity; including use in religious reference and as exclamation/emphasis,religion,commenting,false,
God,10312656709,2010-03-11,thank god for Last.fm... the tunes they recommend are sometimes pretty awesome..,15113604,the deity; including use in religious reference and as exclamation/emphasis,religion,reaction,false,
God,10659584071,2010-03-18,Q:Do you believe in God? A:i believe in Greater Things But i am An Agnostic... http://formspring.me/JimmyRiot/q/323245875,30340584,the deity; including use in religious reference and as exclamation/emphasis,religion,commenting,false,
God,10659585414,2010-03-18,"Dear God, 50 days of this nightmare is plenty, can i wake up now?",76535926,the deity; including use in religious reference and as exclamation/emphasis,religion,reaction,false,
God,10659585920,2010-03-18,"Watching The Root of All Evil: The God Delusion and sewing. Life is pretty good, eh?",15530899,the deity; including use in religious reference and as exclamation/emphasis,religion,commenting,false,
God,10659587510,2010-03-18,""" On God "" lol",112912607,the deity; including use in religious reference and as exclamation/emphasis,religion,commenting,true,"Irony audit: Self-aware/nonliteral ""On God"" use with lol."
God,10659589690,2010-03-18,@Diyana_A God I'm purposely avoiding that.,55872580,the deity; including use in religious reference and as exclamation/emphasis,religion,commenting,false,
God,10659590721,2010-03-18,#jvsp trip jst got more epic. jst had a kid puke @ 130am. Idk how I got thru cleanin it up. But Thanks God. 1 pnt @liamohara & @BennyFy24,34673427,the deity; including use in religious reference and as exclamation/emphasis,religion,commenting,false,
God,10659591147,2010-03-18,"""I press towards the goal to win the prize for which God has called me heavenwards in Christ Jesus."" - Philippians... http://bit.ly/ac5oxH",53635513,the deity; including use in religious reference and as exclamation/emphasis,religion,article_sharing,false,
God,10659591632,2010-03-18,aint she tho? RT @Feezus_: @fatbellybella god you are beautiful,19524359,the deity; including use in religious reference and as exclamation/emphasis,religion,commenting,false,
God,10659596176,2010-03-18,"RT @Adipff: god bless @polyestermbassy for their next releases, god bless me for my national exam, god bless us.",49837267,the deity; including use in religious reference and as exclamation/emphasis,religion,self_description,false,
God,10659596417,2010-03-18,@TheKevinButler I need a way to make some quick cash for a PS3 and God of War 3. Advice?,16410191,the deity; including use in religious reference and as exclamation/emphasis,religion,commenting,false,
God,10797101019,2010-03-21,"CyndiLuvsGod: To fall in love with God is the greatest of all romances;  To seek him, the greatest a",59982430,the deity; including use in religious reference and as exclamation/emphasis,religion,commenting,false,
God,10797102013,2010-03-21,@AutumnBrooke_8 i think that is a lot of it. and he started getting really into church and god. which is when he mostly started to change.,30055671,the deity; including use in religious reference and as exclamation/emphasis,religion,commenting,false,
God,10797102052,2010-03-21,"RT @therealromance: #WhiteCussWords ""Oh my God..black people *whispers* Lets cross the street""",26543336,the deity; including use in religious reference and as exclamation/emphasis,religion,reaction,false,
God,10797102339,2010-03-21,"RT @desinduty: RT @soengkono: Dear God, please bless me to face the national exam.",83259709,the deity; including use in religious reference and as exclamation/emphasis,religion,reaction,false,
God,10797102924,2010-03-21,2keep a pure heart means keeping a pure mind Keeping a pure mind entails bein wary of wat u see and wat u hear & asking is God happy w this?,78418308,the deity; including use in religious reference and as exclamation/emphasis,religion,commenting,false,
God,10797102970,2010-03-21,Peng urg dgr mane dr rmh sakit ? Sakit ap peng ?RT @rizdead Thank god today I back home,65888218,the deity; including use in religious reference and as exclamation/emphasis,religion,reaction,false,
God,10797103038,2010-03-21,RT @sjled83: God loves an underdog. Just look at David... #ncaa,15616926,the deity; including use in religious reference and as exclamation/emphasis,religion,commenting,false,
God,10797103110,2010-03-21,Enjoy the island of god @wenzrawk @RockNal ayooo bandel dong kalian...!! :D http://myloc.me/52Ups,73319813,the deity; including use in religious reference and as exclamation/emphasis,religion,commenting,false,
God,10797104179,2010-03-21,@zoey_bird welcome back to the state god forgot,46690252,the deity; including use in religious reference and as exclamation/emphasis,religion,commenting,false,
God,10797104914,2010-03-21,People are worse off than me & my family... I just gotta keep tellin myself that & thank God for what I do have,47426890,the deity; including use in religious reference and as exclamation/emphasis,religion,reaction,false,
God,11178934893,2010-03-28,"#listeningto ""LAMB OF GOD, Beating On Death's Door"" ... i like this song... http://bit.ly/cW9LyD",54286983,the deity; including use in religious reference and as exclamation/emphasis,religion,article_sharing,false,
God,11178935460,2010-03-28,"@jay_dodd And so it is. I am still crying. Happy, happy, happy, happy. Proud mommy before other folks said it. Grateful to God they had to!",33657141,the deity; including use in religious reference and as exclamation/emphasis,religion,commenting,false,
God,11178935860,2010-03-28,"RT @ireneyulinda: RT @wafdani: Dear God,give me your lucky star, just for tomorrow and 3 following days, I've try so hard, I've pray, now I",41836104,the deity; including use in religious reference and as exclamation/emphasis,religion,reaction,false,
God,11178935964,2010-03-28,Dan hardy is one tough ahole. Totally outmatched but god damn he's slippery!,32691518,the deity; including use in religious reference and as exclamation/emphasis,religion,commenting,false,
God,11178936241,2010-03-28,"RT @icpchad    LOL ... when @DailyWordofGod has BLOCKED me, I take that as a sign from God. Thank you Jesus, Isis, Mirthra, Amen Ra, El, etc",46231145,the deity; including use in religious reference and as exclamation/emphasis,religion,commenting,true,"Irony audit: Sarcastic/nonliteral ""sign from God"" framing."
God,11178936500,2010-03-28,Oh god the ads!! Make it stop #F1,90125716,the deity; including use in religious reference and as exclamation/emphasis,religion,reaction,false,
God,11178936825,2010-03-28,"I love the rain, I even played in it. Nature reveals God so much :) Dear Jesus, my chest, open door, as the key becomes yours!!!",112440884,the deity; including use in religious reference and as exclamation/emphasis,religion,commenting,false,
God,11178937332,2010-03-28,RT @jesustweeters :Saved by grace through faith. Ephesians 2:8-9 http://bit.ly/dmUJrK #jesustweeters // AMEN! Thank GOD for THAT!!! ,31468416,the deity; including use in religious reference and as exclamation/emphasis,religion,article_sharing,false,
God,11178938647,2010-03-28,"RT @SgBz: Politics is like driving: Use D 2 go Forward, R 2 god backward #p2 #tcot #pX",37375968,the deity; including use in religious reference and as exclamation/emphasis,religion,commenting,false,
God,11178938697,2010-03-28,there is a wedding at the stube.. i want that. singing living on a prayer. oh my god I want that.,27754539,the deity; including use in religious reference and as exclamation/emphasis,religion,reaction,false,
God,11871326877,2010-04-09,baby Cuz born last night yay seeing her today GOD BLESS JANETZI GISELLEL ZARATE nd prayers to the rest of the ZARATE familia,76727851,the deity; including use in religious reference and as exclamation/emphasis,religion,self_description,false,
God,11871327690,2010-04-09,Does the Bible teach that Jesus is God? ( Jalal's Opening... http://bit.ly/djFLHP #bible #jalal's #jesus #opening #statement #teach,47111800,the deity; including use in religious reference and as exclamation/emphasis,religion,article_sharing,false,
God,11871328885,2010-04-09,Thank God iit's #Fridaii:),94841416,the deity; including use in religious reference and as exclamation/emphasis,religion,reaction,false,
God,11871329472,2010-04-09,Currently watching @LordThayer play God of War 3. This game looks amazing... Also potentially one of the most brutal games I have ever seen.,24674470,the deity; including use in religious reference and as exclamation/emphasis,religion,self_description,false,
God,11871330762,2010-04-09,"getting another beer, god that's good on a friday night.",36357358,the deity; including use in religious reference and as exclamation/emphasis,religion,commenting,false,
God,11871331679,2010-04-09,"360 photo shoot today. For the love of God, @SomersetHouse, please turn on the fountains!",30202351,the deity; including use in religious reference and as exclamation/emphasis,religion,commenting,false,
God,11871331880,2010-04-09,DO YOU WANT GOD'S LOVE? THEN ACCEPT THE LOVE OF GOD FOUND IN THE BLOOD OF JESUS AT THE CROSS-- LOVE - Jaeson Ma http://youtu.be/73kZ6wBoqTk,42283006,the deity; including use in religious reference and as exclamation/emphasis,religion,commenting,false,
God,11871333023,2010-04-09,Ja! RT @simongerber: Look du jour:  http://tweetphoto.com/17732032 God bless winter!,20963470,the deity; including use in religious reference and as exclamation/emphasis,religion,self_description,false,
God,11871333047,2010-04-09,"Huakakaka RT @didonkaditya: it's alright, I'm okay I think God can explain I'm relieved, I'm relaxed I'll get over it, yeah.... T_T",84333863,the deity; including use in religious reference and as exclamation/emphasis,religion,commenting,false,
God,11871334168,2010-04-09,"Wen r u gona b in lag anyhoo? RT  @SlimSwagnific: @bianca_u nuttn much darling... Looking unto God, my only helper... I'm good, how u dey?",81135700,the deity; including use in religious reference and as exclamation/emphasis,religion,commenting,false,
God,12137012096,2010-04-14,Done with business! Thank god it's easyy,56681904,the deity; including use in religious reference and as exclamation/emphasis,religion,reaction,false,
God,12137012654,2010-04-14,Oh my goshness!!!! Let me just let god run through my fingers on my piano!!!,108673855,the deity; including use in religious reference and as exclamation/emphasis,religion,commenting,false,
God,12137012871,2010-04-14,"""God bless"" Richard Dawkins.  http://huff.to/cTCRLJ  Go get those assholes!",14454737,the deity; including use in religious reference and as exclamation/emphasis,religion,self_description,false,
God,12137012934,2010-04-14,RT @vicedaughter: @tj_bussey what u tryna say TAVARES?!?!&lt;--HALLELUJAH...GLORY TO GOD! #thatsall,21270246,the deity; including use in religious reference and as exclamation/emphasis,religion,commenting,false,
God,12137013216,2010-04-14,"RT @ragin_cajun7 PSA: GET OFF OF WIZ KHALIFA'S DICK!!!!!! &lt;&lt; jus cause niggas smoke a little weed think he's God or sumthin, i mean he aight",112906107,the deity; including use in religious reference and as exclamation/emphasis,religion,commenting,false,
God,12137013250,2010-04-14,"where my girls at? @TamekaTCOnline @xscapesightings @lnp03 (my white girl voice) like oh my God, like I am like so excited, like it's time!!",43427770,the deity; including use in religious reference and as exclamation/emphasis,religion,commenting,false,
God,12137013660,2010-04-14,"RT @MR23451: ""I WENT THRU WHAT I WENT THRU CAUSE GOD WANTED ME TO GO THRU IT"" A.I. I LOVE THAT QUOTE!!!",39656825,the deity; including use in religious reference and as exclamation/emphasis,religion,commenting,false,
God,12137014051,2010-04-14,@majestiikk God daddy ya twitcon is cuntttt! Workkk! Ily :],99806013,the deity; including use in religious reference and as exclamation/emphasis,religion,commenting,false,
God,12137014133,2010-04-14,RT @MrMil_LaFlare    I wnt a lady friend/lil boo thang/side chic/ etc jus can't none of em be blk chics lmao &lt;o god,28253295,the deity; including use in religious reference and as exclamation/emphasis,religion,commenting,false,
God,12137014537,2010-04-14,@VAUGHN_THE_GOD AYO PUT NIGGAS ON 2 DAT TOPIC,89575141,the deity; including use in religious reference and as exclamation/emphasis,religion,commenting,false,
God,12186255680,2010-04-14,It's amazing to be surrounded by so many pastors who love the gospel and love their communities. Praise God for faithful men and examples!,19893209,the deity; including use in religious reference and as exclamation/emphasis,religion,self_description,false,
God,12186255897,2010-04-14,"@Yzziix god knows, but he's turning into a twat and is starting to creep onto the 'needs to be shot' list :/",127509353,the deity; including use in religious reference and as exclamation/emphasis,religion,reaction,false,
God,12186256285,2010-04-14,"back from the lane. elated. magnificent debut for rose, bale came good. team was awesome. gomes, dear god i love you. campbell who? #coys",22849907,the deity; including use in religious reference and as exclamation/emphasis,religion,reaction,false,
God,12186256524,2010-04-14,Mr Ibu asking God why he got a Wizard as a son,117763544,the deity; including use in religious reference and as exclamation/emphasis,religion,commenting,false,
God,12186256664,2010-04-14,"is thankful for God, because I could not possibly be so many things to so many people if it were really me doing it.",25378348,the deity; including use in religious reference and as exclamation/emphasis,religion,commenting,false,
God,12186256903,2010-04-14,O U MISSED WHEN I SAID :I STUDIED HIM CUZ I WAS A FAN...BUT IM A FAN OF GOD 1ST.....O OK! THANKS NO HYPOCRISY JUST A LITTLE ENLIGHTENED...,31017287,the deity; including use in religious reference and as exclamation/emphasis,religion,commenting,false,
God,12186257036,2010-04-14,"RT @SupaSal: Oh My God. http://bit.ly/aoCpTE (@Clipzy feel free to look, remember I'm a 32C!!)",81295648,the deity; including use in religious reference and as exclamation/emphasis,religion,article_sharing,false,
God,12186259606,2010-04-14,god bless spring!!! http://twitpic.com/1fmhya,15570289,the deity; including use in religious reference and as exclamation/emphasis,religion,self_description,false,
God,12186260143,2010-04-14,"#GOD #JESUS #truth Proverbs22:16 If you make gifts to rich people or oppress the poor to get rich, you will become poor yourself.",103948714,the deity; including use in religious reference and as exclamation/emphasis,religion,commenting,false,
God,12186260195,2010-04-14,michael jackson is god :),46746484,the deity; including use in religious reference and as exclamation/emphasis,religion,commenting,false,
God,13140741056,2010-04-30,"Re: Thor, God of Thunder... CAST!: http://screenrant.com/thor-chris-hemsworth-image-kofi-57273/Ladies and Gents i ... http://bit.ly/dBvt2Y",70286371,the deity; including use in religious reference and as exclamation/emphasis,religion,article_sharing,false,
God,13140742235,2010-04-30,RT @liddyvoetberg: Every word of God is pure; He is a shield to those who put their trust in Him - Proverbs 30:5 {countdown: 23 days!!!},54300997,the deity; including use in religious reference and as exclamation/emphasis,religion,commenting,false,
God,13140742282,2010-04-30,They're on #86. Mine is #107. Thank God this Novocaine hasn't wore off yet. I just want my meds!!!,22495687,the deity; including use in religious reference and as exclamation/emphasis,religion,reaction,false,
God,13140742622,2010-04-30,"Just out of class tired as hell, but thank god for the good friends I kno they really help out in a time of need",61232298,the deity; including use in religious reference and as exclamation/emphasis,religion,reaction,false,
God,13140743887,2010-04-30,"Welcome MAY #maywish be wise , always thankful god and became a great month ♡",69865678,the deity; including use in religious reference and as exclamation/emphasis,religion,commenting,false,
God,13140744233,2010-04-30,Dear God thanks for give me the best mom in this world =),28341108,the deity; including use in religious reference and as exclamation/emphasis,religion,reaction,false,
God,13140745417,2010-04-30,You down with O.P.P. Yeah you know me!!Informer!!!God I Love It!!Z95 Eat to the Beat hahahaha luv it,32964238,the deity; including use in religious reference and as exclamation/emphasis,religion,commenting,false,
God,13140745541,2010-04-30,huuuuuh moving and packing on the hottest day of the year!!! man where the snow at lol? JK God don't take me seriously,114602761,the deity; including use in religious reference and as exclamation/emphasis,religion,commenting,true,Irony audit: Explicit JK / overt irony. | Irony audit: Overt self-canceling irony: 'JK God don't take me seriously'.
God,13140746418,2010-04-30,Ahead of schedule and next to Red Lobster at 12? Proof God exists!,71382392,the deity; including use in religious reference and as exclamation/emphasis,religion,commenting,false,
God,13140746530,2010-04-30,"RT @eellis13 God damn, I just love Steampunk, http://i.imgur.com/yRfCx.jpg Can you blame me though?",46931845,the deity; including use in religious reference and as exclamation/emphasis,religion,commenting,false,
God,13960362290,2010-05-14,@Stumplicious God I hate Cyrus.,27523934,the deity; including use in religious reference and as exclamation/emphasis,religion,commenting,false,
God,13960362948,2010-05-14,God morgen twitrere :o),121710200,the deity; including use in religious reference and as exclamation/emphasis,religion,commenting,false,
God,13960363693,2010-05-14,@jennifer_winget  Hi Jenny wazzup.yaar u also use iphone then download i2i chat its a beautiful app try it n den tell me ok love u god bless,112358789,the deity; including use in religious reference and as exclamation/emphasis,religion,self_description,false,
God,13960365638,2010-05-14,At orchard with kuan bing and jun hao. Thank God I have something to do after gym.,75783909,the deity; including use in religious reference and as exclamation/emphasis,religion,reaction,false,
God,13960365887,2010-05-14,"God , I love you , I will not complain ☺",81108560,the deity; including use in religious reference and as exclamation/emphasis,religion,commenting,false,
God,13960366781,2010-05-14,"Church presents seminar on salvation: Members of the Israelite Church of God In Jesus Christ, Kansas City Division... http://bit.ly/asO0Pa",48987868,the deity; including use in religious reference and as exclamation/emphasis,religion,article_sharing,false,
God,13960367026,2010-05-14,Thank God Its Friday,117061341,the deity; including use in religious reference and as exclamation/emphasis,religion,reaction,false,
God,13960368407,2010-05-14,Dnt feel so sleepy dis morning! I than God for dat!!!!,93146290,the deity; including use in religious reference and as exclamation/emphasis,religion,commenting,false,
God,14163573231,2010-05-17,"Thank You, God because You gave me a beautiful family ♥  http://myloc.me/79QQp",84793599,the deity; including use in religious reference and as exclamation/emphasis,religion,self_description,false,Devotional gratitude statement.
God,14163573690,2010-05-17,"If God wanted us to have a President, He would have sent us a candidate.
		-- Jerry Dreshfield",47366442,the deity; including use in religious reference and as exclamation/emphasis,religion,commenting,false,
God,14163573923,2010-05-17,"People may let u down..GoD is faithful! Let Go,Let God. Put him 1st, watch the manifestation! HARVEST SEASON",28652242,the deity; including use in religious reference and as exclamation/emphasis,religion,commenting,false,
God,14163574689,2010-05-17,"Have a good day pooohRT @BasedLegendTrix: work 8-4 ,god bless",59360836,the deity; including use in religious reference and as exclamation/emphasis,religion,self_description,false,
God,14163576103,2010-05-17,"RT @I_M_ErinBranham: ""Like...a flower plucked before it blossoms, our attempts 2 rush God's timing can spoil the beauty of His plan 4 ou ...",15559005,the deity; including use in religious reference and as exclamation/emphasis,religion,commenting,false,
God,14163578585,2010-05-17,@GrahamBandage @Cornettofairy ...touched by the hand of God. #fabulousnewordersongs,133716284,the deity; including use in religious reference and as exclamation/emphasis,religion,commenting,false,
God,14163579699,2010-05-17,@TheVittoria23 God never helps anyone.,30674552,the deity; including use in religious reference and as exclamation/emphasis,religion,commenting,false,
God,14163581752,2010-05-17,"Join us tonight for the last Theology on Tap of the season in #Toronto, with Gregory Beath speaking on ""Risking God"" http://bit.ly/d6o02M",26570060,the deity; including use in religious reference and as exclamation/emphasis,religion,article_sharing,false,
God,14163581893,2010-05-17,Ask for God's comfort and mercy in the lives of the grieving wife & child of a Christian businessman murdered in Iraq. http://bit.ly/bNXFRT,72593514,the deity; including use in religious reference and as exclamation/emphasis,religion,article_sharing,false,
God,14163582017,2010-05-17,Thank lord god is good all the time!!!! Preapring my seed for the rain!!!! Good morning tweople!!,35899910,the deity; including use in religious reference and as exclamation/emphasis,religion,self_description,false,
God,15375043015,2010-06-03,"Bad black dog day, thank god for the highs they make days like this worth sticking around for. Dave",61962323,the deity; including use in religious reference and as exclamation/emphasis,religion,reaction,false,
God,15375043414,2010-06-03,God must love stupid people. He made SO many,72752127,the deity; including use in religious reference and as exclamation/emphasis,religion,commenting,false,
God,15375044278,2010-06-03,"""God gave me you for the ups and downs...""",15044402,the deity; including use in religious reference and as exclamation/emphasis,religion,commenting,false,
God,15375044537,2010-06-03,"Pelosi must have gone INSANE over the Holiday weekend..video of her & ""word"" made me so angry..she would not know the word of God if bit her",51617774,the deity; including use in religious reference and as exclamation/emphasis,religion,commenting,false,
God,15375045160,2010-06-03,My day is just about over thank GOD!,151185804,the deity; including use in religious reference and as exclamation/emphasis,religion,reaction,false,
God,15375045490,2010-06-03,"Yippyyy RT @ihatequotes: When you let God write your love story, you are guaranteed a happy ending. -@TheSingleWoman #ihatequotes",60811234,the deity; including use in religious reference and as exclamation/emphasis,religion,commenting,false,
God,15375045502,2010-06-03,Thank god for @Missinfo updates on the show tonight...I don't have to wait 7 hours because of the time difference...,15247616,the deity; including use in religious reference and as exclamation/emphasis,religion,reaction,false,
God,15375045652,2010-06-03,If its a girl thn she'll be my bff... If its a boy thn I'll marry him ;) RT @rosatifanda: What if God was one of us?,82888027,the deity; including use in religious reference and as exclamation/emphasis,religion,commenting,false,
God,15375045781,2010-06-03,Dude..give up..lemme have ya girl..for god sakes every artical of clothing youre wearing has a flour de lis on it..lose the attire,38536051,the deity; including use in religious reference and as exclamation/emphasis,religion,commenting,false,
God,15375046071,2010-06-03,"What God put on my heart today: cleanse yourself (me) from anger.. Had several encounters ""ok God! I hear you!!!!"" lol",27033012,the deity; including use in religious reference and as exclamation/emphasis,religion,commenting,false,
God,16085917013,2010-06-13,"Join me today at 3pm. God is up to something Don't miss it  Living Water Christian Center7730 Marlboro PikeForestville, Maryland 20747-4410",148868811,the deity; including use in religious reference and as exclamation/emphasis,religion,commenting,false,
God,16085918036,2010-06-13,I love my life. God is AWESOME and has more in store for me :),28512185,the deity; including use in religious reference and as exclamation/emphasis,religion,self_description,false,Devotional gratitude/testimony.
God,16085919622,2010-06-13,God sister almost here. We bout to be the three amigas for a few weeks n club.,129247084,the deity; including use in religious reference and as exclamation/emphasis,religion,commenting,false,
God,16085921095,2010-06-13,"GOD, i love Sundays 8)",26069130,the deity; including use in religious reference and as exclamation/emphasis,religion,commenting,false,
God,16085921588,2010-06-13,"Faith is not believing that GOD can, but that GOD will!",80769143,the deity; including use in religious reference and as exclamation/emphasis,religion,commenting,false,
God,16085922603,2010-06-13,"Sunday loungin. Many blessins sent from heaven, thankin God to be alive.",134340811,the deity; including use in religious reference and as exclamation/emphasis,religion,commenting,false,
God,16085922979,2010-06-13,"☺ RT @ihq: Take problems as God's ways to improve you. Remember, it takes a ton of pressure to make a diamond!",61455634,the deity; including use in religious reference and as exclamation/emphasis,religion,commenting,false,
God,16085923415,2010-06-13,Thank God @DeanneAvelle dragged me to the hairdresser this morning,129030914,the deity; including use in religious reference and as exclamation/emphasis,religion,reaction,false,
God,16085924597,2010-06-13,oh God Rupert Grint you knew what people need at the end of the work!! xD (@WarwickADavis)http://yfrog.com/15r2ihj,48356421,the deity; including use in religious reference and as exclamation/emphasis,religion,reaction,false,
God,16085924672,2010-06-13,HEY GOD why did ya show her to me without the strength to say... Something ... And,42057286,the deity; including use in religious reference and as exclamation/emphasis,religion,commenting,false,
God,17592241429,2010-07-02,I'm up now. Thank you God again,29137906,the deity; including use in religious reference and as exclamation/emphasis,religion,commenting,false,
God,17592241873,2010-07-02,"@marielbautista, @jilldimalanta, cousins, friends and loved ones. haha! God bless!",101423277,the deity; including use in religious reference and as exclamation/emphasis,religion,self_description,false,
God,17592242208,2010-07-02,"Is your Fourth of July Celebration going to include God? is it just family grilling out, going to the lake, seeing fireworks?",16437306,the deity; including use in religious reference and as exclamation/emphasis,religion,commenting,false,
God,17592243429,2010-07-02,@Sir_Scribbles scribbles wasssup!!!!!pls I hope for d love of God u aint supportin ghana:P,133675385,the deity; including use in religious reference and as exclamation/emphasis,religion,commenting,false,
God,17592247260,2010-07-02,Whose ready for a kickass 4th of July. The ape is ready to have some fun. God Bless America,156650843,the deity; including use in religious reference and as exclamation/emphasis,religion,self_description,false,
God,17592248281,2010-07-02,Chris Tomlin - How Great Is Our God http://yes.com/~HA8y,29176556,the deity; including use in religious reference and as exclamation/emphasis,religion,commenting,false,
God,17592249999,2010-07-02,"Waiting 4 C.A. Pcc result...very eager 4 it, but god knows when it will b declared...",120527256,the deity; including use in religious reference and as exclamation/emphasis,religion,reaction,false,
God,17592252373,2010-07-02,Third Day - Mountain Of God http://yes.com/~Jwwo,29176210,the deity; including use in religious reference and as exclamation/emphasis,religion,commenting,false,
God,18260891612,2010-07-11,I bless God for this beautiful day!,153114822,the deity; including use in religious reference and as exclamation/emphasis,religion,self_description,false,Devotional blessing statement.
God,18260892783,2010-07-11,thanks God :),49051008,the deity; including use in religious reference and as exclamation/emphasis,religion,commenting,false,
God,18260897870,2010-07-11,God is giving me and opportunity and here I am thinking about other things . This is my time to outshine .,91377636,the deity; including use in religious reference and as exclamation/emphasis,religion,commenting,false,
God,18260898448,2010-07-11,"God, the wind out there is unbelieveable!",35489233,the deity; including use in religious reference and as exclamation/emphasis,religion,commenting,false,
God,18260899997,2010-07-11,Sentamu #synod: 'Lawyer to Jesus: Now that u know u r son of God start behaving like him.',18282606,the deity; including use in religious reference and as exclamation/emphasis,religion,commenting,false,
God,18260900229,2010-07-11,@TheMormonEffect ha god doesnt want u. There are thousands of us and millions who agree with us. More than ull ever have bitch,129380433,the deity; including use in religious reference and as exclamation/emphasis,religion,commenting,false,
God,18260901232,2010-07-11,@ishox lol... Na so u go dey say! May GOD 4give u sha!,15771245,the deity; including use in religious reference and as exclamation/emphasis,religion,commenting,false,
God,18260902320,2010-07-11,All I want to do is play God of War . . .,13012262,the deity; including use in religious reference and as exclamation/emphasis,religion,commenting,false,
God,18260904866,2010-07-11,God relieves anxiety! - http://tinyurl.com/2cmqzb7,44374569,the deity; including use in religious reference and as exclamation/emphasis,religion,commenting,false,
God,18260905430,2010-07-11,thanks god i didnt missed the second @Pink behind the music on MTV it will be on 1:40 tonight,40443123,the deity; including use in religious reference and as exclamation/emphasis,religion,commenting,false,
God,19096120867,2010-07-21,god I'm bored here. I'mma go home soon..,35449909,the deity; including use in religious reference and as exclamation/emphasis,religion,reaction,false,Short affective outburst.
God,19096121779,2010-07-21,"RT @joelosteenmin: Release your cares, hurts and unforgiveness-make room to receive the blessings God has for you. Release and Receive:  ...",133029413,the deity; including use in religious reference and as exclamation/emphasis,religion,commenting,false,
God,19096122749,2010-07-21,"God, I know the rules. They're, like, written on the inside of my eyeballs, all right? #savesarah #tscc",55956662,the deity; including use in religious reference and as exclamation/emphasis,religion,commenting,false,
God,19096123871,2010-07-21,Haha my emmy is the cutest! God bless her heart,58047435,the deity; including use in religious reference and as exclamation/emphasis,religion,self_description,false,
God,19096124105,2010-07-21,The Brotherhood Singers plan to be on this lineup. Only God can make that happen.... http://fb.me/F9xwb85b,30362680,the deity; including use in religious reference and as exclamation/emphasis,religion,article_sharing,false,
God,19096124438,2010-07-21,"RT @Creflo_Dollar: Spiritual warfare is normal for God's champions, but you are destined to win!",109661604,the deity; including use in religious reference and as exclamation/emphasis,religion,commenting,false,
God,19096124905,2010-07-21,"RT @V3nom_YoungExec: RT @chineylee: When you realize God is all you have, you realize, God is all you needed in the first place. #realtalk",32937198,the deity; including use in religious reference and as exclamation/emphasis,religion,commenting,false,
God,19096125894,2010-07-21,RT @anthonyayers: God is good. It's gonna be alright.,15302311,the deity; including use in religious reference and as exclamation/emphasis,religion,commenting,false,
God,19096126041,2010-07-21,"""The only people who get better are the people who understand that their right standing before God doesn't depend on them getting better""",19121810,the deity; including use in religious reference and as exclamation/emphasis,religion,commenting,false,
God,19390999628,2010-07-24,Good morning TwiSyon..hav'a fluffy weekend all..God bless us ;),23584476,the deity; including use in religious reference and as exclamation/emphasis,religion,self_description,false,
God,19391000659,2010-07-24,God bless me and us (†),109211209,the deity; including use in religious reference and as exclamation/emphasis,religion,self_description,false,
God,19391000847,2010-07-24,"On the bus 4 the wkend in IN. Looking fwd 2 singing! Sure have missed it, feels like my heart is ready 2 bust 2 testify 2 God's goodness!",18693206,the deity; including use in religious reference and as exclamation/emphasis,religion,commenting,false,
God,19391001413,2010-07-24,"@heidimontag must mean u and @spencerpratt are actually do thank god 
good choice ur better without him",170089424,the deity; including use in religious reference and as exclamation/emphasis,religion,reaction,false,
God,19391001991,2010-07-24,Listening to my girl @megcmiller lead worship for @wearetransit. My heart's soaring in praise & thanksgiving for God's touch on her life.#fb,15462138,the deity; including use in religious reference and as exclamation/emphasis,religion,commenting,false,
God,19391002990,2010-07-24,The ministry session with DL & Co. was amazing!!! Thank u God!!!! What's to come mind-blowing!!!! #speechless,112310382,the deity; including use in religious reference and as exclamation/emphasis,religion,commenting,false,
God,19391003264,2010-07-24,"Thank God, I was born and grow up in Jakarta. Not in any other place.",31149687,the deity; including use in religious reference and as exclamation/emphasis,religion,reaction,false,
God,19391003964,2010-07-24,"@Shea_Arah i aint say nothin cause i have made fun of too many ppl already in my life & God is fed up & if i did, one day i would wake up",60181227,the deity; including use in religious reference and as exclamation/emphasis,religion,commenting,false,
God,19391004360,2010-07-24,@tawannanewton let GOD use you in that ole worship and praise,32721084,the deity; including use in religious reference and as exclamation/emphasis,religion,commenting,false,
God,19391005841,2010-07-24,"Lol hella high w/ the God fam & on that #WeezyHype .. "" I'm singleeeeee """,108078190,the deity; including use in religious reference and as exclamation/emphasis,religion,commenting,false,
God,19702108392,2010-07-28,God Please Guide me with all of This Wealth....,146562384,the deity; including use in religious reference and as exclamation/emphasis,religion,commenting,false,
God,19702110695,2010-07-28,For everyone born of God overcomes the world,118083728,the deity; including use in religious reference and as exclamation/emphasis,religion,commenting,false,
God,19702111157,2010-07-28,@106park hey you guys sittn here waiting to see who holding down number 1 and 2 and trey songz better be 1 of the two..god bless,163190822,the deity; including use in religious reference and as exclamation/emphasis,religion,self_description,false,
God,19702113481,2010-07-28,RT @yawnne: Happy birthday @echiepanda semoga semakin semakin yaaa.God Bless :),70695945,the deity; including use in religious reference and as exclamation/emphasis,religion,self_description,false,
God,19702114025,2010-07-28,Today was a good day. I thank god for positive energy received !,18444397,the deity; including use in religious reference and as exclamation/emphasis,religion,reaction,false,
God,19702116316,2010-07-28,good god i want to throw something at her. #daxiang,15559045,the deity; including use in religious reference and as exclamation/emphasis,religion,commenting,false,
God,19702116495,2010-07-28,About to do god knows what but im out of the house :),94726296,the deity; including use in religious reference and as exclamation/emphasis,religion,reaction,false,
God,19702117254,2010-07-28,"RT @JoelOs: The great news is that God knows everything about you, both good and bad, and He still loves you and values you unconditionally.",50633278,the deity; including use in religious reference and as exclamation/emphasis,religion,commenting,false,
God,19702118230,2010-07-28,"RT @IAmSteveWhyte: There are some that you know God brought them your way, appreciate them.",23803825,the deity; including use in religious reference and as exclamation/emphasis,religion,commenting,false,
God,19702118882,2010-07-28,"RT @JustAnt1 RT @iContips ...#Nowplaying @4everBrandy-""Nothing""The woman is a GOD among vocalist&lt;-----#TRUTH My favorite Brandy song EVER!",36578186,the deity; including use in religious reference and as exclamation/emphasis,religion,commenting,false,
God,20371739433,2010-08-05,RT @Kevinwoo91: GOOD MORNING EVERYONE~! Getting ready for schedule. Have a beautiful day~ GOD BLESS ^^,33170818,the deity; including use in religious reference and as exclamation/emphasis,religion,self_description,false,
God,20371740459,2010-08-05,"RT @worldprayr: "" The heavens declare the glory of God; the skies proclaim the work of His hands."" ~ Psalm 19:1",60291730,the deity; including use in religious reference and as exclamation/emphasis,religion,commenting,false,
God,20371740637,2010-08-05,@buchinwangwu hey u! yes he is a great Man! Happy bday to u!!! God bless u and many more years on earth!!! amen!!!,106672705,the deity; including use in religious reference and as exclamation/emphasis,religion,self_description,false,
God,20371741564,2010-08-05,@Louismele thanks!! God this is so nerve racking!,56061065,the deity; including use in religious reference and as exclamation/emphasis,religion,commenting,false,
God,20371742164,2010-08-05,for god's sake dear.... just say yes! just say there's nothing holding you back... (8) (221),47690301,the deity; including use in religious reference and as exclamation/emphasis,religion,commenting,false,
God,20371742338,2010-08-05,"RT @irmaviaa: God, please give me a true friend. #yanglagiguerasa",87859902,the deity; including use in religious reference and as exclamation/emphasis,religion,commenting,false,
God,20371743468,2010-08-05,GOd damn it i have the hiccups... -_-,91289666,the deity; including use in religious reference and as exclamation/emphasis,religion,commenting,false,
God,20371743580,2010-08-05,"RT @jinuSEAN3000: YG baby YG baby Now it's official that we have YG babycongrats to YG,he became a father today lovely baby God bless",54415079,the deity; including use in religious reference and as exclamation/emphasis,religion,self_description,false,
God,20371743628,2010-08-05,@OludamiAkinloye no a part of my life that constantly saddens me but I know God will renew my strength and give me a new song IJN amen,118033154,the deity; including use in religious reference and as exclamation/emphasis,religion,commenting,false,
God,20371744000,2010-08-05,@JGKeygan God why do we put ourselves down like this? Why are we always so hyper critical of ourselves? *sigh*,110023621,the deity; including use in religious reference and as exclamation/emphasis,religion,commenting,false,
God,21273193577,2010-08-16,Be an encourager for your church by having Third Millennium visit your church to tell what God is doing around the... http://fb.me/Hkv1VGEy,82975344,the deity; including use in religious reference and as exclamation/emphasis,religion,advertising_spam,false,Church/organizational event-style promotion.
God,21273193601,2010-08-16,I don't need a reminder on why I don't have kids. I have a God child #imgood,26878072,the deity; including use in religious reference and as exclamation/emphasis,religion,commenting,false,
God,21273194111,2010-08-16,RT @GoodBlackMan252: #TipOfTheDay: Don't be so stuck in your own world that u miss out on God's blessing that's right in front of your face,97828495,the deity; including use in religious reference and as exclamation/emphasis,religion,commenting,false,
God,21273194174,2010-08-16,Oh my god.  More engagements in my Facebook feed.,15813733,the deity; including use in religious reference and as exclamation/emphasis,religion,reaction,false,
God,21273195312,2010-08-16,"Oh my god! Computers, showers, cell phone service! This is all so new to me! I gotta readjust! That heat kicked my ass!",121954429,the deity; including use in religious reference and as exclamation/emphasis,religion,reaction,false,
God,21273195359,2010-08-16,"Do you have a vision? If you don't, ask God to give you one. http://www.moreinyou.org/",79861324,the deity; including use in religious reference and as exclamation/emphasis,religion,commenting,false,
God,21273195892,2010-08-16,Remember what you do does matter and have a long-term effect on u but as long as u keep God in center of ya life. U Good :),44576459,the deity; including use in religious reference and as exclamation/emphasis,religion,commenting,false,
God,21273196683,2010-08-16,"RT @Stewie_Griffinn: And then God created Saturn... And he liked it, so he put a ring on it.",40140392,the deity; including use in religious reference and as exclamation/emphasis,religion,commenting,false,
God,21273197528,2010-08-16,They've delayed practice because of the heat. Thank god. But now it's gna be a long night practicing,92867463,the deity; including use in religious reference and as exclamation/emphasis,religion,reaction,false,
God,21273197536,2010-08-16,says God Bless sa mga meh Exams :) http://plurk.com/p/6yfpnl,65016262,the deity; including use in religious reference and as exclamation/emphasis,religion,self_description,false,
God,21532624002,2010-08-19,"Now is the time to stop my tweets & get to sleep! Whoever you are, wherever you are, sleep well & may your God go with you. Night :-)",20616646,the deity; including use in religious reference and as exclamation/emphasis,religion,commenting,false,
God,21532624296,2010-08-19,Oh god i laughed to hard just now,175255154,the deity; including use in religious reference and as exclamation/emphasis,religion,reaction,false,
God,21532624429,2010-08-19,RT @FinestofRoyalty: Why do MOST people talk about their relationship with GOD and hardly ANY talk about their relationship with JESUS w ...,21034904,the deity; including use in religious reference and as exclamation/emphasis,religion,commenting,false,
God,21532624453,2010-08-19,"I need this final more than ANYTHING!!! God, u hearing me?",41246859,the deity; including use in religious reference and as exclamation/emphasis,religion,commenting,false,
God,21532625132,2010-08-19,Our God is risen and raining and we're elevating the glory if our God and King everybody rise and sing.,153282182,the deity; including use in religious reference and as exclamation/emphasis,religion,commenting,false,
God,21532626967,2010-08-19,MSNBC goes nuts over Obama meeting deadline for troop withdrawel in Iraq. Of COurse not one god damn word about Bush,19077055,the deity; including use in religious reference and as exclamation/emphasis,religion,commenting,false,
God,21532627214,2010-08-19,RT @TheeReno: ＲＥＴＷＥＥＴ ＩＦ you believe in GOD.,154677094,the deity; including use in religious reference and as exclamation/emphasis,religion,commenting,false,
God,21532629492,2010-08-19,"Before me,even behind me,god is,and all is Well.~~~",111268832,the deity; including use in religious reference and as exclamation/emphasis,religion,commenting,false,
God,21532629638,2010-08-19,Gentoo Forums :: View topic - howto make dell printer: hi i cant find a god howto for my dell p1500 printer i have... http://bit.ly/bTbpaS,22531833,the deity; including use in religious reference and as exclamation/emphasis,religion,article_sharing,false,
God,21532630906,2010-08-19,@letsjumpthesun You're alive. Thank God I got a great phone... Thanks for keeping yourself alive.,150343570,the deity; including use in religious reference and as exclamation/emphasis,religion,reaction,false,
God,22390228132,2010-08-28,Great production but the problems with America are Spiritual & GOD is the Change we need! 5 min - http://www.youtube.com/watch?v=JVAhr4hZDJE,39579903,the deity; including use in religious reference and as exclamation/emphasis,religion,commenting,false,"Main message is the speaker's statement, not article sharing."
God,22390228282,2010-08-28,help me God¡¡,177504432,the deity; including use in religious reference and as exclamation/emphasis,religion,commenting,false,
God,22390228527,2010-08-28,MAN WHAT EVER THE CASE IS..JUST KNOW GOD IS ABLE.!,30148790,the deity; including use in religious reference and as exclamation/emphasis,religion,commenting,false,
God,22390228600,2010-08-28,@CaptainComics  Or God just wanted to see how many people would drink something that looks and smells like urine.,28296000,the deity; including use in religious reference and as exclamation/emphasis,religion,commenting,false,
God,22390228791,2010-08-28,"@chefMICHAELsmth I ALWAYS SAW YOUR SHOWS HERE IN PANAMA.  GOOD CULINARY PROGRAMS.  I ALSO HAVE MY OWN TV SHOW, I ADMIRE YOU
GOD BLESS YOU",184179409,the deity; including use in religious reference and as exclamation/emphasis,religion,self_description,false,
God,22390229725,2010-08-28,"@TCOT_Talk  ""America Today Begins to turn back to God""beck  The problem is that beck and his followers not Christ like in their views",116271255,the deity; including use in religious reference and as exclamation/emphasis,religion,commenting,false,
God,22390231073,2010-08-28,Da fuc ia.Winding Brook. Thank God for GPS,19526323,the deity; including use in religious reference and as exclamation/emphasis,religion,reaction,false,
God,22390231617,2010-08-28,Love that disney is suing justin beiber for using JB thank god someone put him in his place. One and only JB baby and that's my Jonas boys.,28659162,the deity; including use in religious reference and as exclamation/emphasis,religion,reaction,false,
God,22390233092,2010-08-28,A lot of amazing things happening....God is the ultimate provider,89964685,the deity; including use in religious reference and as exclamation/emphasis,religion,commenting,false,
God,22390233138,2010-08-28,"Because when you say how you feel in love, and with scripture, God's gets the glory and no one has hurt feelings.",130366103,the deity; including use in religious reference and as exclamation/emphasis,religion,commenting,false,
God,22714532203,2010-09-01,"RT @TonyGaskins: U can get experience from life, you can get knowledge from a book, but Wisdom is a Gift only from God.",30952247,the deity; including use in religious reference and as exclamation/emphasis,religion,commenting,false,
God,22714532318,2010-09-01,Im Listening to my favorite song ever rite now if u ever feel like u wanna ask god y? listen to this song!,67175626,the deity; including use in religious reference and as exclamation/emphasis,religion,commenting,false,
God,22714532396,2010-09-01,@HI4me Morning ...Hope all is well with you ..May God's Blessings make you Rich and add no Sorrow with it!,89204499,the deity; including use in religious reference and as exclamation/emphasis,religion,commenting,false,
God,22714532715,2010-09-01,@lebonetse GOD loves you 2 sir,185585129,the deity; including use in religious reference and as exclamation/emphasis,religion,commenting,false,
God,22714532762,2010-09-01,"Beggars can't be choosers, When God throws blessings youre way youre vision best be clear enough to see it.",28271929,the deity; including use in religious reference and as exclamation/emphasis,religion,commenting,false,
God,22714532855,2010-09-01,Im deaf in my left ear now. God doesnt want me surviving the first week of college.,68241997,the deity; including use in religious reference and as exclamation/emphasis,religion,commenting,false,
God,22714532983,2010-09-01,@Josiestweet Hi Josie what you doing letting John out with Sammy? God help us all:-) xx,126747402,the deity; including use in religious reference and as exclamation/emphasis,religion,commenting,false,
God,22714535481,2010-09-01,Oh my god in council office to sort out student shizzzle and it looks like the set of jeremy kyle!,25832607,the deity; including use in religious reference and as exclamation/emphasis,religion,reaction,false,
God,22714535709,2010-09-01,Thanking God for wakin me up to see another day,121584671,the deity; including use in religious reference and as exclamation/emphasis,religion,commenting,false,
God,22714538554,2010-09-01,"@dwoodyd ""Livin on the top"" #np andBLESSING MY SOUL this morning!!! The Devil is DEFEATED and GOD is EXHALTED!!! Luh u nugk.....lolol",38340968,the deity; including use in religious reference and as exclamation/emphasis,religion,commenting,false,
God,23907914325,2010-09-08,It’s impossible to please God apart from faith. Belief = DO! http://read.ly/Heb11.6.MSG,15492482,the deity; including use in religious reference and as exclamation/emphasis,religion,commenting,false,
God,23907915475,2010-09-08,UP YAWNS FACE WASHED BRUSHIN TEETH FEELIN SO PRETTY AND GOD FEELS LIKE HE JUS HAS BEEN RAININ N MY SPIRIT SN NO ONE CAN TAKE MY JOY!,42548254,the deity; including use in religious reference and as exclamation/emphasis,religion,commenting,false,
God,23907917518,2010-09-08,Good Morning and God Bless,24238455,the deity; including use in religious reference and as exclamation/emphasis,religion,self_description,false,
God,23907917736,2010-09-08,"""Don't forgot to pray,because GOD has a miracle in our life."" http://myloc.me/bDYQj: ""Don't forgot to pray,because... http://bit.ly/dyLTZp",31083739,the deity; including use in religious reference and as exclamation/emphasis,religion,article_sharing,false,
God,23907920549,2010-09-08,"Thank god, he sent me an angel with kind hearted. @Rasyidkrm",31594251,the deity; including use in religious reference and as exclamation/emphasis,religion,reaction,false,
God,23907921097,2010-09-08,"RT @MarriageMentor: RT @ChurchOnline: ""I believe in the Big Bang theory - God Spoke, and BANG it happened"" - Dr. Tom Mullins",41801831,the deity; including use in religious reference and as exclamation/emphasis,religion,commenting,false,
God,23907921203,2010-09-08,Thank u god for waking me up!,111963241,the deity; including use in religious reference and as exclamation/emphasis,religion,commenting,false,
God,23907923400,2010-09-08,@llamasoft_ox a tea god is probably about as far as I'll go in terms of faith,20233026,the deity; including use in religious reference and as exclamation/emphasis,religion,commenting,false,
God,23907923740,2010-09-08,@Daniiellex_x same ere. God work is such a bore. How's college?,24519125,the deity; including use in religious reference and as exclamation/emphasis,religion,commenting,false,
God,23907924505,2010-09-08,RT @SiM0N_SaYS: Man ... I had a real crazy dream ... Thank God for another day .,55672388,the deity; including use in religious reference and as exclamation/emphasis,religion,reaction,false,
God,24904187553,2010-09-19,Sorry to burst ur bubble homie God is real!,41172912,the deity; including use in religious reference and as exclamation/emphasis,religion,commenting,false,
God,24904188487,2010-09-19,Had a really good convo with @MrsTonybaby today and I knw God doesn't put anymore on u than u can bare! And my time & her's is coming Watch!,33247400,the deity; including use in religious reference and as exclamation/emphasis,religion,commenting,false,
God,24904188899,2010-09-19,Oh my god u could totaly c his fucking tracks,114054328,the deity; including use in religious reference and as exclamation/emphasis,religion,reaction,false,
God,24904189312,2010-09-19,"RT @jryankarsten: thx God for everything, for anything that happened to me http://myloc.me/c9Z9l",50912703,the deity; including use in religious reference and as exclamation/emphasis,religion,commenting,false,
God,24904189329,2010-09-19,RT @MulahTruth: The journey is ROUGH but it's worth it when you're walking with GOD.,83970328,the deity; including use in religious reference and as exclamation/emphasis,religion,commenting,false,
God,24904189500,2010-09-19,oh God please show me the way☹,77453766,the deity; including use in religious reference and as exclamation/emphasis,religion,reaction,false,
God,24904189553,2010-09-19,@Maheshbhupathi Congrats Mahesh. God Bless Ya!,101706077,the deity; including use in religious reference and as exclamation/emphasis,religion,self_description,false,
God,24904189567,2010-09-19,God I'm so fucken retarted :( imisshim..,176671279,the deity; including use in religious reference and as exclamation/emphasis,religion,commenting,false,
God,24904189957,2010-09-19,"God I pray u watch over my family, friends and my motivators",90505857,the deity; including use in religious reference and as exclamation/emphasis,religion,commenting,false,
God,24904190736,2010-09-19,Jus made it 2 the studio GOD is GOOD! bout to pull a 12hr shift -B.Rob,147427864,the deity; including use in religious reference and as exclamation/emphasis,religion,commenting,false,
God,25012172387,2010-09-20,GOD is in control of my life 10000000%......,26187820,the deity; including use in religious reference and as exclamation/emphasis,religion,commenting,false,
God,25012173337,2010-09-20,"If God brought you to it, he will bring you through it..",141625802,the deity; including use in religious reference and as exclamation/emphasis,religion,commenting,false,
God,25012173790,2010-09-20,"RT @greggarbo: i'm realizing more everyday how great, complete, perfect, and never-ending God's love is",44756491,the deity; including use in religious reference and as exclamation/emphasis,religion,commenting,false,
God,25012175366,2010-09-20,God created Lionel Messi to show Cristiano Ronaldo how to play football!,95973723,the deity; including use in religious reference and as exclamation/emphasis,religion,commenting,false,
God,25012176150,2010-09-20,"Dear God, Forgive me as am bout to break on of the rules in the ten commandments "" thu shall not kill""",32203271,the deity; including use in religious reference and as exclamation/emphasis,religion,reaction,false,
God,25012176536,2010-09-20,Surviving flip and wrap at the same time makes you feel like a brickbreaker god,22408224,the deity; including use in religious reference and as exclamation/emphasis,religion,commenting,false,
God,25012176973,2010-09-20,Where was the sun for the gnr yesterday. Shocking behaviour by god. Shocking.,86909964,the deity; including use in religious reference and as exclamation/emphasis,religion,commenting,false,
God,25012177237,2010-09-20,"RT @PastorChrisLive: ..straightening out certain things in the spirit, related to our immediate future as individuals, families or minis ...",38139569,the deity; including use in religious reference and as exclamation/emphasis,religion,commenting,false,
God,25012178285,2010-09-20,So happy my girl @michelleplatnum is coming out of Hospital...God Bless ya Michelle x,26396461,the deity; including use in religious reference and as exclamation/emphasis,religion,self_description,false,
God,25012180729,2010-09-20,its about 4 something in the morning. texting my babe! god i missed him!,89550792,the deity; including use in religious reference and as exclamation/emphasis,religion,commenting,false,
God,25381520000,2010-09-24,Trust no one but God,107983696,the deity; including use in religious reference and as exclamation/emphasis,religion,commenting,false,
God,25381520073,2010-09-24,RT @IntellectSwag @iamIanKelly #sincewebeinghonest imma fuck somebody #C4 weekend&lt;--- YES GOD i &lt;-- #EPICFAIL!,47298984,the deity; including use in religious reference and as exclamation/emphasis,religion,commenting,false,
God,25381520260,2010-09-24,What hath God wrought?,194476405,the deity; including use in religious reference and as exclamation/emphasis,religion,commenting,false,
God,25381521149,2010-09-24,Oh god now his brakes going bad what the fuck,56501793,the deity; including use in religious reference and as exclamation/emphasis,religion,reaction,false,
God,25381521285,2010-09-24,"nature or flesh... #rebukeit RT @itsmyron @Ludimc @DivaEG Fear of God, or no fear of God men are visual by nature.",32139456,the deity; including use in religious reference and as exclamation/emphasis,religion,commenting,false,
God,25381521370,2010-09-24,"Bahaa, #LiesGirlsTell ""I don't use photoshop"" oh God @Chant3l I don't take the BEST pics but I look DAMN GOOD in person",185085994,the deity; including use in religious reference and as exclamation/emphasis,religion,reaction,false,
God,25381521863,2010-09-24,@Skinnnnnner_TW Oh. My. God. DoctorWho exhibition?! Man wish i could goo! Luckyy xx,93450815,the deity; including use in religious reference and as exclamation/emphasis,religion,commenting,false,
God,25381522040,2010-09-24,"Tonight was a hard night to stay up and do #renew40, but God's Word is a masterpiece and God is worthy to be praised. @BrentwoodChurch",16660941,the deity; including use in religious reference and as exclamation/emphasis,religion,commenting,false,
God,25381522147,2010-09-24,No matter what comes my way to the most high I pray I will neva lose my way..god bless,30582938,the deity; including use in religious reference and as exclamation/emphasis,religion,self_description,false,
God,25381522217,2010-09-24,"God please grant me the serenity2 accept the things I cannot change,
the courage2change the things I can & the wisdom to know the
difference",31249298,the deity; including use in religious reference and as exclamation/emphasis,religion,commenting,false,
God,25396830694,2010-09-24,"RT @esglaude: ""One needs occasionally to stand aside from the hum and rush of human interests and passions to hear the voices of God."" A ...",121021425,the deity; including use in religious reference and as exclamation/emphasis,religion,commenting,false,
God,25396831696,2010-09-24,OH GOD MY HEART BREAKS SAW TIFFANY CRIED WHILE SINGING DEAR.MOM T^T,124400485,the deity; including use in religious reference and as exclamation/emphasis,religion,reaction,false,
God,25396832799,2010-09-24,Seed not sown never sprouts. The fertility of the soil is God's business; the faithfulness in sowing is ours.,20698184,the deity; including use in religious reference and as exclamation/emphasis,religion,commenting,false,
God,25396834082,2010-09-24,"RT @TheLoveStories: Disappointments are not failures, just God's way of saying..., ""I've got something better."" -@retweetislove #TLS",22591863,the deity; including use in religious reference and as exclamation/emphasis,religion,commenting,false,
God,25396834171,2010-09-24,I fear God I dnt Fear Thugss,117475093,the deity; including use in religious reference and as exclamation/emphasis,religion,commenting,false,
God,25396838116,2010-09-24,Oh no! Car bruk down! Thnk God a nuh mine!,104688809,the deity; including use in religious reference and as exclamation/emphasis,religion,commenting,false,
God,25396838840,2010-09-24,I may not believe in magic but I do believe in God & miracles ARE real.,21322763,the deity; including use in religious reference and as exclamation/emphasis,religion,commenting,false,
God,25396840741,2010-09-24,"@CBS19Weather ""Hey, I just read 'em. Talk to God if you don't like the way they were written!""...and",20171636,the deity; including use in religious reference and as exclamation/emphasis,religion,commenting,false,
God,25396841200,2010-09-24,God damn 401 why so much traffic .,98381313,the deity; including use in religious reference and as exclamation/emphasis,religion,commenting,false,
God,25396841462,2010-09-24,I don't know what makes me continue to like this.God please help me!!! I know that you know what is best for me T.T,117052434,the deity; including use in religious reference and as exclamation/emphasis,religion,commenting,false,
God,26486957559,2010-10-05,RT @LittlecBeadles: GOD is GOOD! Shawty has been found and is coming home tomorrow safe and sound. I love love love ya'll. Thanks for he ...,164069171,the deity; including use in religious reference and as exclamation/emphasis,religion,commenting,false,
God,26486957634,2010-10-05,Every word of God is PURE: He is a shield unto them that put their trust in Him! Prov 30:5  ;),186983517,the deity; including use in religious reference and as exclamation/emphasis,religion,commenting,false,
God,26486957638,2010-10-05,The Logos of God « H.I.M. Grace and Truth http://t.co/Ui2zfdA via @Digg,119880082,the deity; including use in religious reference and as exclamation/emphasis,religion,commenting,false,
God,26486958376,2010-10-05,God what is going on right now?!?!?!,21582628,the deity; including use in religious reference and as exclamation/emphasis,religion,commenting,false,
God,26486959183,2010-10-05,"How u cheat on God? Won't he kno?RT @ryankelly81: RT @bereolaesque: LADIES' TIP:If hes not faithful to God,he probably wont be faithful to u",23711312,the deity; including use in religious reference and as exclamation/emphasis,religion,commenting,false,
God,26486959452,2010-10-05,Corinthians I 15:57 But thanks be to God! He gives us the victory through our Lord Jesus Christ.,106775389,the deity; including use in religious reference and as exclamation/emphasis,religion,self_description,false,
God,26486960327,2010-10-05,"Oh my god, I've just bought 3 @glamourkills collab tees. I couldn't choose JUST one. Hah!",77237356,the deity; including use in religious reference and as exclamation/emphasis,religion,reaction,false,
God,26486964317,2010-10-05,“Friends are God's way of apologizing to us for our families.”,26992443,the deity; including use in religious reference and as exclamation/emphasis,religion,commenting,false,
God,26486965829,2010-10-05,Oh my jesus ! @Uhh_wah lookin like a new man ! Thank god,131340914,the deity; including use in religious reference and as exclamation/emphasis,religion,reaction,false,
God,26486965904,2010-10-05,"RT @Rjacleonise: Everything happens for a reason, whether it's good or bad, believe that it's always the best from God. Be thankfull!",140101205,the deity; including use in religious reference and as exclamation/emphasis,religion,commenting,false,
God,26536748186,2010-10-06,Glee's version of 'If God Was One Of Us' is on replay &lt;3,69216260,the deity; including use in religious reference and as exclamation/emphasis,religion,commenting,false,
God,26536748983,2010-10-06,RT @FaithChildMusic: You cant run from God forever!,112886962,the deity; including use in religious reference and as exclamation/emphasis,religion,commenting,false,
God,26536749798,2010-10-06,Lebayy pipit iiihh.. RT @ardiphytz: And now : low back pain attack! are You going to take me now God??? Why oh why..,102683942,the deity; including use in religious reference and as exclamation/emphasis,religion,commenting,false,
God,26536750465,2010-10-06,arghhhhhyyy; thank god dads writing me a note for swimming tomorrow D:,163726251,the deity; including use in religious reference and as exclamation/emphasis,religion,reaction,false,
God,26536750884,2010-10-06,"RT @fathana_inggina: Hahahaha +100 :p RT @DamnItsTrue: Roses are red, Violets are blue. God made me pretty, what the hell happened to you.",53634765,the deity; including use in religious reference and as exclamation/emphasis,religion,commenting,false,
God,26536752129,2010-10-06,RT @ihatequotes: Learn to be alone without feeling lonely. Survive with your own life. Trust your self and God! ... http://tmi.me/20mWG,91970302,the deity; including use in religious reference and as exclamation/emphasis,religion,commenting,false,
God,26536752535,2010-10-06,"RT @Quote4Me: Understand how beautifully God has added one more day in your life - Not because you need it, But because someone else nee ...",61613814,the deity; including use in religious reference and as exclamation/emphasis,religion,commenting,false,
God,26536753013,2010-10-06,RT @JosephPrince: do u knw tat God delights in u taking freely from Him becoz it shows tat u value & appreciate His Son’s sacrifice?,156791542,the deity; including use in religious reference and as exclamation/emphasis,religion,commenting,false,
God,26536754429,2010-10-06,"LOLRT @DamnItsTrue: Roses are red, Violets are blue. God made me pretty, what the hell happened to you. #DamnItsTrue",113336126,the deity; including use in religious reference and as exclamation/emphasis,religion,commenting,false,
God,26536754957,2010-10-06,"I hate this god damn filthy, backwater pimple of a city.",51388007,the deity; including use in religious reference and as exclamation/emphasis,religion,commenting,false,
God,28056077789,2010-10-21,"Bakkies Botha: ""God's grace is big. If someone like Bakkies Botha is good enough for Him, then everyone is good enough for Him!”",29672000,the deity; including use in religious reference and as exclamation/emphasis,religion,commenting,false,
God,28056078736,2010-10-21,Thank you God :) thank you for giving me the talents to get accepted into GHP!,136394009,the deity; including use in religious reference and as exclamation/emphasis,religion,commenting,false,
God,28056081677,2010-10-21,"@MLD_Artist im good mates with god, u never knw;)",144621659,the deity; including use in religious reference and as exclamation/emphasis,religion,commenting,false,
God,28056082488,2010-10-21,I've been reading Jeremiah and I'm praying for God to speak to me like He did Jeremiah with clear instructions for my steps :),90788187,the deity; including use in religious reference and as exclamation/emphasis,religion,commenting,false,
God,28056084150,2010-10-21,I uploaded a YouTube video -- God Want it Today ! http://youtu.be/oeSHuln9HLY?a,164246715,the deity; including use in religious reference and as exclamation/emphasis,religion,commenting,false,
God,28056084722,2010-10-21,Thanking God for another Birthday,154348470,the deity; including use in religious reference and as exclamation/emphasis,religion,commenting,false,
God,28056085127,2010-10-21,this is God engineering,79811693,the deity; including use in religious reference and as exclamation/emphasis,religion,commenting,false,
God,28056085238,2010-10-21,@NathanFillion Dear God. It's a browncoat skynet! Shiny!,658203,the deity; including use in religious reference and as exclamation/emphasis,religion,reaction,false,
God,28056085595,2010-10-21,"God help @analia420 and all idiotic, moron decisions she makes! What a MAROON!! :-)",18209860,the deity; including use in religious reference and as exclamation/emphasis,religion,commenting,false,
God,28056085778,2010-10-21,thankin God every step of the way,95795560,the deity; including use in religious reference and as exclamation/emphasis,religion,commenting,false,
God,29073183542,2010-10-29,FML...DEAR GOD PLZ RESTRAIN ME B4 I LOSE IT...,173829358,the deity; including use in religious reference and as exclamation/emphasis,religion,reaction,false,
God,29073184005,2010-10-29,Rise and Shine! Wake up everyone! Thank God 4 Another Day! Enjoy It!,56840070,the deity; including use in religious reference and as exclamation/emphasis,religion,reaction,false,
God,29073185453,2010-10-29,"And I will pray to a big god
As I kneel in the big church",53141311,the deity; including use in religious reference and as exclamation/emphasis,religion,commenting,false,
God,29073185459,2010-10-29,Oh My God! Seobaby!,80812830,the deity; including use in religious reference and as exclamation/emphasis,religion,reaction,false,
God,29073186511,2010-10-29,"#nowplaying Send My Love To The Dance Floor, I'll See You In Hell Cobra Starship GOD I MISS THEM",165350890,the deity; including use in religious reference and as exclamation/emphasis,religion,commenting,false,
God,29073186647,2010-10-29,God Bless @BrandonFlowers for inspiring me everyday with the beautiful music you make...,180016243,the deity; including use in religious reference and as exclamation/emphasis,religion,self_description,false,
God,29073187204,2010-10-29,"RT @minjoo: OH MY GOD, MOMMY I'M GAY. :(( #hoot009mubank",43240743,the deity; including use in religious reference and as exclamation/emphasis,religion,reaction,false,
God,29073187367,2010-10-29,Eternal life is to know God. -John 17:3 Good morning friends! Starting my day with my Bible. :),24632931,the deity; including use in religious reference and as exclamation/emphasis,religion,commenting,false,
God,29073187449,2010-10-29,"i Love God So so much :( i wz js cryin tlkn 2 the Girls bout how God Gots my bk, n there 4 me, n js Loving Me! I chose him 1St",170607192,the deity; including use in religious reference and as exclamation/emphasis,religion,self_description,false,
God,29073187864,2010-10-29,"Man says to God: ""God, why did you make woman so beautiful?""
God says: ""So you would love her.""
""But God,"" the (cont) http://tl.gd/6n5nul",14380925,the deity; including use in religious reference and as exclamation/emphasis,religion,commenting,false,
God,477874112962560,2010-11-05,"In 6 years time you'll pass a computer aptitude test. For God's sake, take the job they offer. #tweetyour16yearoldself",3432051,the deity; including use in religious reference and as exclamation/emphasis,religion,commenting,false,
God,477876541464576,2010-11-05,God loves to answer your prayer. So why don't we pray?#Pray4Indonesia,137024774,the deity; including use in religious reference and as exclamation/emphasis,religion,commenting,false,
God,477885676658688,2010-11-05,Lucks booRT @blakbeautybalo: Fnx husby..RT @Zizu100: GOOD LUCK...RT @blakbeautybalo: Wish me luck y'all.. Got a test in a bit.. GOD help me.,141604093,the deity; including use in religious reference and as exclamation/emphasis,religion,commenting,false,
God,477888595886080,2010-11-05,"RT @CCCHEYEN: RT ""@ohteenquotes: Thank God It's Friday!  #ohteenquotes""",78663357,the deity; including use in religious reference and as exclamation/emphasis,religion,reaction,false,
God,477892333019136,2010-11-05,Lista de Musica para un Viernes Genial: Thanks God is Friday: http://bit.ly/9yG227 #musica #spotify #bailar,18746024,the deity; including use in religious reference and as exclamation/emphasis,religion,music_discussion,false,"Playlist/music-share use, not religion article sharing."
God,477900243468288,2010-11-05,Hari yang Busuuukkkk... Thank GOD its friday... http://y.ahoo.it/EdUbS3Hl,54816026,the deity; including use in religious reference and as exclamation/emphasis,religion,reaction,false,
God,477905373110272,2010-11-05,@Crispotron oh god! mmeeeeeeeeooooooowwwwwwwwwwww!,15491720,the deity; including use in religious reference and as exclamation/emphasis,religion,reaction,false,
God,477906996301824,2010-11-05,GOD knows I’ve never felt this way. Just being with u takes me sky high... So high!,160418440,the deity; including use in religious reference and as exclamation/emphasis,religion,reaction,false,
God,477907004690433,2010-11-05,Wat a stressful week !! Thank God it over.,170824464,the deity; including use in religious reference and as exclamation/emphasis,religion,reaction,false,
God,477919159787520,2010-11-05,Ih ko gitu kaaa? RT @arramaulana: It's f*cking day RT @bungaldia: THANK GOD IT'S FRIDAY!!! :D,68925647,the deity; including use in religious reference and as exclamation/emphasis,religion,reaction,false,
God,704898207326209,2010-11-06,Worldwide interdenominational Christ following fellowship made up of those who love God & people @ http://bit.ly/cZ5hBu #jesustweeters,30106482,the deity; including use in religious reference and as exclamation/emphasis,religion,advertising_spam,false,Organizational promotional posting.
God,704899734044672,2010-11-06,#inhighschool .. i used to write gbtt(God bless this test) on every test.. just did it today on my midterm :),39313107,the deity; including use in religious reference and as exclamation/emphasis,religion,self_description,false,
God,704900681961472,2010-11-06,¡MrCaponeE OH MY GOD YOUR IN MY AREA  ..... I KNOW EXACTLY WHERE YOUR GOING .....BUT I AM NOT IN THE AREA RIGHT NOW ....,188528527,the deity; including use in religious reference and as exclamation/emphasis,religion,reaction,false,
God,704901323694080,2010-11-06,"@JillianRoseReed its God's way of saying ""don't eat at McDonalds""...",186584969,the deity; including use in religious reference and as exclamation/emphasis,religion,commenting,false,
God,704905073397760,2010-11-06,"RT @angiep213: RT @willmckinley: George W. Bush tells Oprah he's ""through with politics."" Turns out God truly does bless America. Howeve ...",84731445,the deity; including use in religious reference and as exclamation/emphasis,religion,commenting,false,
God,704905786425344,2010-11-06,"I need a lot of prayers to the Living God, right now. Don't ask. Just pray.",13978432,the deity; including use in religious reference and as exclamation/emphasis,religion,commenting,false,
God,704910035259392,2010-11-06,@a7xmexico TOTAL NIGHTMARE!!!!!!! GOD SAVE US! SAVE US ALL!,172183027,the deity; including use in religious reference and as exclamation/emphasis,religion,reaction,false,
God,704911402606592,2010-11-06,I hate my life.  Everyone else I work with is out drinking and im working. God is this some type of cruel punishment.,30159634,the deity; including use in religious reference and as exclamation/emphasis,religion,commenting,false,
God,704912568619009,2010-11-06,"@JohnRegan410 No doubt, will see u tomorrow, God Blesss",15205909,the deity; including use in religious reference and as exclamation/emphasis,religion,self_description,false,
God,704916452544512,2010-11-06,Rajon Rondo is having a very good season. God bless him.,42715831,the deity; including use in religious reference and as exclamation/emphasis,religion,self_description,false,
God,2654216938070016,2010-11-11,You not lying. Seen ppl that i went to school wit never thought in million years they would know Ron. He was a child of God.  @ThaRealKi,64440694,the deity; including use in religious reference and as exclamation/emphasis,religion,commenting,false,
God,2654220704555009,2010-11-11,@BarbieBadYazz they just told me I could go home.  thank god lol.  how was your night.,36608379,the deity; including use in religious reference and as exclamation/emphasis,religion,reaction,false,
God,2654221371445248,2010-11-11,"RT @RickWarren: God said ""Let's make man in our image"" Today we foolishly try to make God into our image. ""My ways arent your ways""Isa55:8",40686471,the deity; including use in religious reference and as exclamation/emphasis,religion,commenting,false,
God,2654221736353793,2010-11-11,"To all Veterans , Thank You for what you've done for freedom ,
God Bless, All Gave Some , Some Gave All .",199369361,the deity; including use in religious reference and as exclamation/emphasis,religion,self_description,false,
God,2654228807946240,2010-11-11,GOD DAMMN DIABETESS.....up to the toilet constantly today #highbloodssucks,28565732,the deity; including use in religious reference and as exclamation/emphasis,religion,commenting,false,
God,2654229697138688,2010-11-11,Happy Veterans Day. God bless the grateful men & women that risk thier lives everyday for us. And bless the ones who have died for us.,211783634,the deity; including use in religious reference and as exclamation/emphasis,religion,self_description,false,
God,2654237112672256,2010-11-11,"In God's economy,the years of loneliness & pain given to serving & obeying Him are always gloriously worth it.. -Eric Ludy (o^_^o)",44081916,the deity; including use in religious reference and as exclamation/emphasis,religion,commenting,false,
God,2654239646027776,2010-11-11,"alright, goodnight followers. god bless you all &lt;3",31469259,the deity; including use in religious reference and as exclamation/emphasis,religion,self_description,false,
God,2654241319559168,2010-11-11,"RT @ihatequotes: God is good, God is here, and God listens! #ihatequotes™",76948687,the deity; including use in religious reference and as exclamation/emphasis,religion,commenting,false,
God,3133158224564224,2010-11-12,"Just gave me a strength god, to face my problem...",61249590,the deity; including use in religious reference and as exclamation/emphasis,religion,commenting,false,
God,3133158753050624,2010-11-12,God damn people stalk my twitter my facebook shit I can't get away I'm get texted about shit,91047312,the deity; including use in religious reference and as exclamation/emphasis,religion,commenting,false,
God,3133159629651968,2010-11-12,"Malicious intent will never prosper,how long do u think God will let u continue to harm his people.",28442098,the deity; including use in religious reference and as exclamation/emphasis,religion,commenting,false,
God,3133161064108032,2010-11-12,"All the Promises of God are yeah, yeah and Amen through Christ Jesus..From Promise, to Hope, to Faith, to Grace, to Glory to Preservation.",131608106,the deity; including use in religious reference and as exclamation/emphasis,religion,commenting,false,
God,3133162343366656,2010-11-12,Another walk break- oh God!,95562125,the deity; including use in religious reference and as exclamation/emphasis,religion,reaction,false,
God,3133164662816768,2010-11-12,Photo: god i love the Barakat http://tumblr.com/x7cpotzv6,184768996,the deity; including use in religious reference and as exclamation/emphasis,religion,commenting,false,
God,3133166294409216,2010-11-12,"RT @Crystaaallion #thingsblackgirlsdo Graduate from college, start careers all without kids by the age of 22 @LadeeBailey &lt;&lt; BLESSN FROM GOD",196222443,the deity; including use in religious reference and as exclamation/emphasis,religion,commenting,false,
God,3133167166824448,2010-11-12,RT @jamesmacdonald: Learn 2 stand committed n b faithful 2 God even when foundations r shifting. Listen to the Podcast: http://tiny.cc/5lt2i,209737792,the deity; including use in religious reference and as exclamation/emphasis,religion,commenting,false,
God,8213361451864068,2010-11-26,God is so good no matter what the devil throws my way....ill trust u God!!!!,140114523,the deity; including use in religious reference and as exclamation/emphasis,religion,commenting,false,
God,8213362794037249,2010-11-26,"Thanks man RT @Maknun2412: God be wiv her ""@mcnun: My avatar is dedicated to u my late daughter...somtyms I just ... http://tmi.me/3zg6v",63115813,the deity; including use in religious reference and as exclamation/emphasis,religion,commenting,false,
God,8213369790136321,2010-11-26,"@karlalarla haha oh god, I bet mine are so cheesy!",184041327,the deity; including use in religious reference and as exclamation/emphasis,religion,reaction,false,
God,8213377503469569,2010-11-26,"Congrats to @AntwanDavisEST on his union 2day, may god bless you an your family",27957469,the deity; including use in religious reference and as exclamation/emphasis,religion,self_description,false,
God,8213378669477888,2010-11-26,"""Shady and Nicki Minaj youu might find the sight quite odd but dont ask Whyy bitch as Whyy god!"" : ).",136073353,the deity; including use in religious reference and as exclamation/emphasis,religion,commenting,false,
God,8213383727808512,2010-11-26,Oooh my god I've lost my twitter account RT @threeframes: All That Jazz (1979) http://tumblr.com/xjxrzm9yk,209991600,the deity; including use in religious reference and as exclamation/emphasis,religion,reaction,false,
God,8213389729857536,2010-11-26,@duhitsbautista god I read it laughed and almost fell down the stairs,170514995,the deity; including use in religious reference and as exclamation/emphasis,religion,commenting,false,
God,8213391072043009,2010-11-26,@GodsCockUps Haha - you know it! (Well of course cos ur GOD),107170798,the deity; including use in religious reference and as exclamation/emphasis,religion,commenting,false,
God,8213392250642432,2010-11-26,"RT @RickWarren: Theology should determine your morality,not vice-versa. If u get it backwards you create a false God who excuses your sin.",129089858,the deity; including use in religious reference and as exclamation/emphasis,religion,commenting,false,
God,8312510910308352,2010-11-27,"@lazornothing praying for you, brother. Hang in there. GOD loves you and so do we.",54784450,the deity; including use in religious reference and as exclamation/emphasis,religion,commenting,false,
God,8312511682052096,2010-11-27,' next to her i look like a God!',212105507,the deity; including use in religious reference and as exclamation/emphasis,religion,commenting,false,
God,8312511736586240,2010-11-27,@RashanAli Nice meeting you @Brunswick Lanes. I enjoyed myself & the live radio interview you gave me! Thanks! Follow back! God bless you!,114034105,the deity; including use in religious reference and as exclamation/emphasis,religion,self_description,false,
God,8312519718346752,2010-11-27,RT @QUAN865: God gave us Real eyez (To Realize) Real liez,61418549,the deity; including use in religious reference and as exclamation/emphasis,religion,commenting,false,
God,8312521458982912,2010-11-27,Photo: God i LOVE her!! http://tumblr.com/x4vs1oceg,139449895,the deity; including use in religious reference and as exclamation/emphasis,religion,commenting,false,
God,8312527125483520,2010-11-27,@nickjonas May God always guide you Nick. I admire Thee.,159150335,the deity; including use in religious reference and as exclamation/emphasis,religion,commenting,false,
God,8312527943376896,2010-11-27,She jus laughed thank God hahahahaha oops sorry mommy :(,18651938,the deity; including use in religious reference and as exclamation/emphasis,religion,reaction,false,
God,8312529553989632,2010-11-27,"Just made it home. No markings visible on A19. Plenty of brake pumping, prayer offering and driving into skids. Thanks to god of gingers.",199655723,the deity; including use in religious reference and as exclamation/emphasis,religion,commenting,false,
God,8312531604996096,2010-11-27,Oh My God My Arteries. http://www.seriouseats.com/2010/01/photo-of-the-day-the-cherpumple-pie-cake-charles-phoenix.html,11273352,the deity; including use in religious reference and as exclamation/emphasis,religion,humor,true,"Comic food-linked exclamation, not article sharing."
God,8312538454302721,2010-11-27,@damondugger  you just HAD to be godly and take all the mystery out of it didn't you?? Lol. Bless you man of God. Thanks4the admonishment.,40582692,the deity; including use in religious reference and as exclamation/emphasis,religion,self_description,false,
God,11853861820043264,2010-12-06,@RichxNice86 LMAO the God MC,16299148,the deity; including use in religious reference and as exclamation/emphasis,religion,commenting,false,
God,11853871399837696,2010-12-06,"Oh god this picture is like, how do I coloured in skin :( #howdoiusedmarkers",20631103,the deity; including use in religious reference and as exclamation/emphasis,religion,reaction,false,
God,11853871991230464,2010-12-06,@thisiseca My god. They've taken over your soul.,23040663,the deity; including use in religious reference and as exclamation/emphasis,religion,reaction,false,
God,11853872406466560,2010-12-06,God damn you Obama the only change you have made is fucking up the way I drive from Greensboro to Winston,27344381,the deity; including use in religious reference and as exclamation/emphasis,religion,reaction,false,
God,11853872909778944,2010-12-06,"dying facing books till next two three years. oh my god, i cant believe this. tired tired. my first time. eii eii.",17383878,the deity; including use in religious reference and as exclamation/emphasis,religion,reaction,false,
God,11853875388620800,2010-12-06,god it amazing the amount of time i was on here i could have finished my laundry!! LMAO: http://yearbook.com/a/tn38l,79262367,the deity; including use in religious reference and as exclamation/emphasis,religion,commenting,false,
God,11853876621742080,2010-12-06,"@PreciousGirl_ Thank God! Now eat and go to bed, bb *smiles*",206150797,the deity; including use in religious reference and as exclamation/emphasis,religion,reaction,false,
God,11853877494161408,2010-12-06,"@adomahava and I'm like..... WHYYYYY!?!??!?!?!??! tumblr god, why are you doing this to us?!?!?!",27015392,the deity; including use in religious reference and as exclamation/emphasis,religion,commenting,false,
God,11853880308539392,2010-12-06,Don't forsake the assembly of the righteous RT @TonyBakercomedy: #IadmitIt I don't like goin to church.  But I love GOD,116298091,the deity; including use in religious reference and as exclamation/emphasis,religion,self_description,false,
God,14600455699038208,2010-12-14,wishes everyone a safe and a happy holidays. May God bless you and your family and may our Lord's birth renew our... http://fb.me/OtNjg6X9,65598779,the deity; including use in religious reference and as exclamation/emphasis,religion,commenting,false,Holiday blessing statement with incidental link.
God,14600456936366080,2010-12-14,Oyahme a yhe - alles is god,68457459,the deity; including use in religious reference and as exclamation/emphasis,religion,commenting,false,
God,14600458978988032,2010-12-14,After mad hours of studying and bullshittin I'm goin to bed..with God family& my love on my mind,30468510,the deity; including use in religious reference and as exclamation/emphasis,religion,commenting,false,
God,14600462938415104,2010-12-14,"If god could make my wish come true, that would be help me do my hw Plz!!",171460235,the deity; including use in religious reference and as exclamation/emphasis,religion,commenting,false,
God,14600463034880000,2010-12-14,"Oh man, something in me tells me I'll be losing power again tonight. Thank GOD I got those photobook orders in a few minutes ago!",11191152,the deity; including use in religious reference and as exclamation/emphasis,religion,reaction,false,
God,14600464200892416,2010-12-14,@TheoPaphitis aww y no god sleep?x,93287517,the deity; including use in religious reference and as exclamation/emphasis,religion,commenting,false,
God,14600466004451328,2010-12-14,@elledub_1920 that's crazy....lol...head is a gift from god... If more men and women  got it daily the world would be a better place,22546749,the deity; including use in religious reference and as exclamation/emphasis,religion,commenting,false,
God,14600470186168320,2010-12-14,#MilitaryMon Thank You So Very Much! & God Bless You. @texasstar09 (Mil•Wife•Army•Infantry) @Tex_nTheCity (Mil•Wife)  #SOT #GBOT,26714962,the deity; including use in religious reference and as exclamation/emphasis,religion,self_description,false,
God,14600477622673408,2010-12-14,"God has conspired to not let me watch HP7 in cinemas with people, gotta do it alone I guess D':",85016953,the deity; including use in religious reference and as exclamation/emphasis,religion,self_description,false,
God,14600478373445632,2010-12-14,@OfficialVernonK Really buttery mash with minimal/NO lumps  and thick gravy is a god send!,25099751,the deity; including use in religious reference and as exclamation/emphasis,religion,commenting,false,
God,18395460829970432,2010-12-24,"Ha, oh god",63568778,the deity; including use in religious reference and as exclamation/emphasis,religion,reaction,false,
God,18395462444777472,2010-12-24,"Christmas brings God's immense love: The entire message is as follows: ""We celebrate once again the Feast of Chr... http://bit.ly/fEHMYR",55838130,the deity; including use in religious reference and as exclamation/emphasis,religion,article_sharing,false,
God,18395471428980736,2010-12-24,RING! ON MY FINGER! OH MY GOD!,18570156,the deity; including use in religious reference and as exclamation/emphasis,religion,reaction,false,
God,18395475669426176,2010-12-24,just found out the BEST NEWS EVER ! God is sooooo good !,57238133,the deity; including use in religious reference and as exclamation/emphasis,religion,self_description,false,
God,18395477074509824,2010-12-24,Dear God. I believe that Your plans are better than my dreams. And You always give everything which better than I think.,85913368,the deity; including use in religious reference and as exclamation/emphasis,religion,reaction,false,
God,18395477766569984,2010-12-24,RT @quicorafa: @AriannyCeleste Merry Christmas from all the troops serving overseas. &lt;Merry xmas to all the troops! God bless!!,22745779,the deity; including use in religious reference and as exclamation/emphasis,religion,self_description,false,
God,18395478018232320,2010-12-24,@TayIorJames @QuinnJames @JimJamScott Language Oh my fucking god Taylor! you seriously ugh! I have always put my family first!,121290204,the deity; including use in religious reference and as exclamation/emphasis,religion,commenting,false,
God,18395480157327360,2010-12-24,Thank you God for giving me the ability to have retail therapy,34752566,the deity; including use in religious reference and as exclamation/emphasis,religion,commenting,false,
God,18395481180733440,2010-12-24,@ShawnKCastille THANK YOU BRUH BRUH KEEP THEM BLESSING FLOWING IN TO MY CUP GOD BLESS YOU AND YOURS FOR THE HOLIDAYS,57406425,the deity; including use in religious reference and as exclamation/emphasis,religion,self_description,false,
